FeatureType,irradiation,AC_POWER,module_temperature,humidity,tariff_per_kwh,subsidy_percent,installation_cost,maintenance_cost,annual_generation,degradation_rate,payback_period,roi
Residential,0.05,-3.44,-7.19,-22.86,-1.39,-11.04,-320039.48,-1975.88,-4494.49,0.07,17.95,5.57
Residential,-0.15,-1.95,-13.22,30.86,-1.33,8.96,-100103.84,-3633.92,-3063.87,0.17,19.88,5.03
Residential,0.77,-4.35,-6.72,-17.21,1.02,8.96,-337330.52,1733.78,-4404.25,0.16,12.42,8.05
Residential,-1.0,-0.37,-10.31,-26.04,-1.36,-11.04,82191.16,-1565.65,-1298.01,-0.04,20.58,4.86
Residential,-0.13,3.38,-9.46,-17.63,-1.22,8.96,192871.61,460.9,7566.8,-0.1,8.36,11.96
Residential,0.64,4.3,-8.26,-21.9,0.75,8.96,343344.53,163.28,8189.26,0.07,7.22,13.85
Residential,-0.24,2.3,-9.5,26.78,1.93,8.96,-23200.3,4593.61,1167.05,0.02,7.3,13.7
Residential,-0.96,2.71,6.62,-18.72,1.09,-1.04,729729.59,4083.42,1394.56,0.2,21.1,4.74
Residential,0.68,-2.28,12.64,3.21,-1.13,8.96,-45063.08,-672.6,-1739.85,-0.15,17.33,5.77
Residential,0.38,1.47,-7.32,22.97,-0.61,-1.04,199854.05,1050.99,6398.24,0.01,8.41,11.89
Residential,-1.05,-4.04,-14.76,-17.72,0.69,8.96,-279342.29,1912.01,-4143.58,0.19,16.18,6.18
Residential,0.87,-4.17,3.85,-16.54,-0.37,-11.04,-398701.56,931.61,-5418.87,0.14,25.0,1.29
Residential,-1.09,0.93,-18.19,8.25,-0.63,-1.04,27189.69,1349.79,-3345.32,-0.03,25.0,2.86
Residential,-0.67,-1.54,-15.96,3.59,0.81,-1.04,52116.66,-2077.65,-1954.53,-0.2,15.48,6.46
Residential,-1.1,4.92,-16.61,-2.58,1.11,-1.04,1150927.68,-474.51,4282.57,0.01,18.9,5.29
Residential,-0.66,1.29,-15.25,-17.63,-2.12,-1.04,257735.36,4008.83,-413.47,-0.14,25.0,2.98
Residential,0.2,1.85,8.21,-20.19,0.22,-1.04,-18871.87,-1711.34,-244.8,0.14,10.37,9.64
Residential,-0.96,0.55,-4.41,23.88,1.05,-1.04,126440.5,2461.78,-2347.81,0.16,22.08,4.53
Residential,-0.71,-2.28,7.35,27.61,0.9,-11.04,-88438.45,659.29,-1230.33,0.19,10.19,9.81
Residential,0.36,-1.24,13.09,-24.18,1.49,8.96,-92808.93,-922.07,-1406.89,-0.13,9.27,10.79
Residential,-1.01,-2.74,-8.9,25.66,1.72,8.96,-334794.44,-3356.82,-5192.36,-0.07,13.18,7.59
Residential,-0.5,-3.11,-11.84,-16.11,0.88,-11.04,-330593.72,-2185.16,-3877.25,-0.17,7.45,13.42
Residential,0.77,-1.06,0.9,-8.16,-0.45,-1.04,-262223.99,-1885.75,-2842.18,0.07,9.59,10.43
Residential,0.61,-3.04,-8.48,14.6,1.04,-1.04,-334919.98,1692.8,-1664.02,0.09,3.98,25.15
Residential,-0.82,1.14,-7.38,-8.34,0.24,8.96,102419.64,528.82,-2905.87,-0.04,25.0,3.71
Residential,-0.62,3.86,-2.49,-15.87,1.41,-1.04,151527.02,-2060.68,311.04,-0.02,11.05,9.05
Residential,0.69,1.25,-8.2,-11.68,1.63,-1.04,227935.57,-2735.61,2448.58,0.17,9.0,11.11
Residential,-0.06,-2.44,-4.48,27.33,1.76,8.96,-211907.64,-911.03,-2159.84,0.13,7.29,13.71
Residential,0.34,-3.17,2.52,-0.07,1.47,-1.04,-265477.61,124.71,-4909.78,-0.09,23.26,4.3
Residential,0.48,3.19,0.79,-20.06,2.53,8.96,78873.63,625.97,-429.82,0.05,10.13,9.87
Residential,-1.05,-2.72,-9.21,-22.59,-1.26,-1.04,-107906.88,1917.46,-3353.17,-0.15,25.0,3.18
Residential,-0.82,0.2,-3.2,-13.28,-1.95,-1.04,-108341.56,-1664.45,-1825.3,0.14,17.21,5.81
Residential,-0.62,0.21,-4.99,20.72,1.43,8.96,6901.86,1623.68,-2673.85,-0.13,17.86,5.6
Residential,-0.46,1.03,7.56,-19.1,-0.3,-1.04,477383.26,-2734.5,3852.04,0.11,13.61,7.35
Residential,-0.19,0.36,-3.69,-11.98,-0.3,-1.04,265413.94,3599.26,-204.37,-0.08,21.01,4.76
Residential,0.89,-4.84,5.16,24.31,1.22,-1.04,-364295.97,1700.41,-5218.01,-0.14,25.0,3.93
Residential,0.78,0.27,2.74,10.81,2.09,-1.04,131665.49,-762.76,740.22,-0.14,9.43,10.6
Residential,0.68,3.99,1.94,24.9,2.35,8.96,738393.57,-1363.67,6580.04,-0.11,9.87,10.13
Residential,0.34,2.73,5.7,-30.7,-0.56,-1.04,294349.32,-2299.94,2108.39,0.01,13.97,7.16
Residential,-0.51,-3.74,-11.55,22.94,-1.24,8.96,-279466.59,1422.0,-3854.99,0.1,20.92,4.78
Residential,0.91,-2.01,14.82,-12.61,-2.58,-11.04,-142778.33,-2069.04,929.21,-0.13,10.44,9.58
Residential,-0.4,1.15,-9.97,22.22,-2.31,8.96,33949.35,-4156.97,-1455.65,0.1,21.41,4.67
Residential,0.11,2.29,3.99,-23.18,0.57,8.96,96959.11,-1686.9,1422.51,0.15,9.64,10.37
Residential,0.6,-0.34,0.59,-26.5,-1.37,-1.04,-118309.98,-2266.9,2529.55,-0.19,6.99,14.3
Residential,0.51,2.72,9.01,-5.98,-2.36,-1.04,315790.11,-378.0,10075.6,0.03,10.32,9.69
Residential,-0.88,-3.05,-0.01,3.47,0.29,8.96,-199893.15,2624.91,-2151.86,0.12,10.73,9.32
Residential,0.76,0.61,4.03,3.18,0.02,-11.04,29605.98,1866.44,-511.08,0.02,13.64,7.33
Residential,0.97,0.54,1.15,-32.66,-1.6,-1.04,-24373.27,-3645.02,-285.51,-0.17,13.33,7.5
Residential,0.64,-0.25,16.12,-27.36,2.08,8.96,-103346.76,2591.28,-57.66,0.09,6.92,14.45
Residential,0.98,2.95,8.48,25.13,-2.15,-11.04,290665.25,3006.31,2038.26,0.15,21.69,4.61
Residential,0.5,-3.82,11.29,25.53,1.79,-11.04,-340867.48,-1851.92,-3582.48,0.02,5.44,18.37
Residential,-1.04,1.84,-15.39,-21.66,-2.05,-1.04,62896.29,607.4,-2847.77,0.07,25.0,2.41
Residential,-0.69,-1.35,-3.56,-4.84,-1.02,8.96,-212872.85,1546.64,-3691.02,-0.19,24.27,4.12
Residential,0.25,-1.53,1.34,0.55,-0.02,-1.04,-104483.57,-4072.46,2783.85,-0.06,5.5,18.18
Residential,0.89,-0.47,17.73,-2.67,-0.78,-1.04,-198704.83,-666.89,1206.13,-0.09,5.95,16.81
Residential,-0.33,-4.7,-13.64,-4.35,-1.67,-1.04,-321072.93,-2297.82,-4944.27,-0.19,25.0,3.69
Residential,0.65,-0.82,0.11,32.81,-0.04,8.96,-74407.43,1599.58,1002.86,0.13,8.32,12.02
Residential,0.95,4.25,-6.8,-9.49,2.55,8.96,698863.79,-3636.95,6906.89,0.18,8.95,11.17
Residential,-0.72,-4.06,0.71,34.56,0.9,-1.04,-327330.25,57.26,-4643.09,0.07,14.12,7.08
Residential,-0.67,-1.82,-14.85,-24.23,-0.38,8.96,-223083.19,-3306.3,-2759.53,0.09,10.32,9.69
Residential,1.16,0.31,15.95,-26.24,-2.11,8.96,58656.35,-1658.12,2693.95,-0.0,12.14,8.24
Residential,0.9,-1.69,-4.2,-3.93,-0.03,8.96,-206449.11,2134.46,2007.61,-0.11,4.83,20.72
Residential,0.66,-0.48,-4.28,-23.81,1.84,-11.04,66741.49,-738.27,555.17,-0.1,8.91,11.22
Residential,0.54,-4.81,-6.77,31.33,1.72,-1.04,-432549.48,377.73,-5493.51,0.16,15.6,6.41
Residential,-0.39,-4.0,-3.74,15.97,1.08,8.96,-323346.02,-1419.8,-4851.01,-0.18,14.37,6.96
Residential,0.95,1.96,6.16,35.07,-1.84,8.96,228301.65,-1630.99,4604.96,-0.19,12.38,8.08
Residential,0.44,3.39,6.74,-5.17,1.95,-1.04,224603.59,1100.21,923.72,0.18,11.11,9.0
Residential,0.87,-0.73,-6.73,-14.39,-0.27,8.96,-221251.46,1021.39,-1340.11,-0.0,8.29,12.06
Residential,0.23,3.52,1.77,-27.85,-2.18,8.96,119480.74,3413.72,432.26,-0.19,22.47,4.45
Residential,0.7,0.5,1.94,22.04,-1.97,8.96,230822.96,-1957.58,4858.87,-0.05,12.38,8.08
Residential,0.47,-1.43,-6.22,-17.03,-1.72,-11.04,-70757.86,-627.66,-1901.79,-0.13,19.34,5.17
Residential,-0.33,2.3,-6.0,15.64,-1.46,8.96,-9080.99,968.79,3537.0,-0.16,8.87,11.28
Residential,-0.47,-4.03,6.3,12.84,-1.96,-1.04,-425798.63,-674.04,-5295.17,-0.08,25.0,2.37
Residential,0.49,3.96,0.54,11.81,2.44,-1.04,157862.46,-936.58,5444.87,0.06,5.59,17.89
Residential,-0.29,-1.61,-7.13,-8.08,0.04,-1.04,-119697.49,-3508.96,-3261.37,-0.19,15.92,6.28
Residential,-0.46,3.95,-15.3,17.82,-1.36,-1.04,401472.39,856.27,3623.53,0.01,16.29,6.14
Residential,1.16,-2.0,17.63,-17.83,-1.1,-11.04,-211377.38,2653.15,-4337.69,0.07,25.0,2.02
Residential,-0.85,-1.95,-13.1,-8.07,2.66,-1.04,66711.73,213.21,-780.16,0.16,10.34,9.67
Residential,-1.14,3.09,2.27,11.15,0.15,8.96,111798.72,2434.65,-673.72,0.16,16.34,6.12
Residential,1.1,3.41,-2.14,-32.93,-1.24,-11.04,161992.75,-1889.82,5740.77,0.11,8.98,11.13
Residential,1.07,1.37,1.65,6.87,1.91,-1.04,62575.07,-238.74,2600.43,-0.12,6.73,14.85
Residential,0.62,-1.86,13.47,32.05,-0.59,8.96,-103590.77,1214.19,-2703.34,0.01,19.46,5.14
Residential,-0.08,-4.68,-1.69,25.47,-2.72,8.96,-421422.48,-848.33,-5784.24,-0.17,25.0,0.0
Residential,1.11,-0.97,8.69,-28.49,0.95,-1.04,107256.76,-2622.59,-204.26,-0.01,11.7,8.55
Residential,0.37,0.21,-9.17,-30.54,-1.83,8.96,-23150.37,-912.31,356.1,0.08,13.66,7.32
Residential,0.87,-4.9,-6.93,-18.94,2.33,-11.04,-401065.69,-270.28,-5536.9,0.1,18.98,5.27
Residential,-1.2,2.78,-2.58,-5.95,1.32,-11.04,35493.04,1653.93,-2605.65,-0.07,18.87,5.3
Residential,-1.25,3.57,-17.94,18.13,1.07,-1.04,155095.97,-1437.09,-24.06,-0.08,12.39,8.07
Residential,-0.05,-3.65,-2.6,8.84,0.85,8.96,-262246.26,-2648.97,-4100.79,-0.16,12.12,8.25
Residential,1.18,-2.09,7.79,-13.44,-1.51,8.96,-177287.93,-330.89,-3110.53,0.16,20.37,4.91
Residential,-0.32,-1.7,-14.0,26.55,2.55,-1.04,-178832.66,472.16,-3533.08,-0.18,12.17,8.22
Residential,0.15,4.1,-5.01,11.7,-2.45,-1.04,607228.47,2297.5,8669.96,-0.09,16.56,6.04
Residential,-0.26,5.03,2.7,-30.76,-2.41,8.96,563069.7,-3013.98,12073.92,0.2,11.79,8.48
Residential,1.01,2.74,2.96,31.75,2.58,-1.04,225972.05,5708.26,5393.28,0.14,6.51,15.35
Residential,0.65,-4.54,8.22,-24.14,-2.16,-1.04,-418253.42,2516.68,-4650.15,0.16,25.0,1.95
Residential,0.56,4.68,-7.41,0.69,-1.65,-11.04,270786.66,-1794.58,766.27,-0.08,19.96,5.01
Residential,-1.04,4.78,-12.2,-13.92,0.5,8.96,800771.4,1531.37,6822.38,0.17,13.12,7.62
Residential,0.56,-2.94,11.12,-34.44,2.38,8.96,-335595.33,-406.54,-3011.58,0.1,4.53,22.09
Residential,0.9,1.83,15.25,-23.73,-0.28,8.96,172333.46,-1484.43,236.57,0.2,14.84,6.74
Residential,-1.21,-0.32,2.93,22.87,-2.36,8.96,-26528.05,-2078.53,-2918.85,0.16,25.0,3.16
Residential,1.08,4.23,16.69,-24.6,-2.26,8.96,10348.65,-134.78,5992.47,-0.1,8.4,11.91
Residential,0.55,2.31,-5.89,-3.31,-1.06,-1.04,139774.0,2311.62,-1109.71,0.04,23.7,4.22
Residential,1.07,-2.51,4.0,24.07,-1.55,-1.04,-159798.67,1396.06,-2937.54,0.16,22.99,4.35
Residential,1.13,-4.77,3.6,-34.21,-1.63,-1.04,-406290.22,-654.37,-5438.04,-0.18,25.0,1.5
Residential,0.48,2.09,-3.67,-12.29,-1.68,-1.04,488793.4,1851.33,4697.63,-0.14,17.36,5.76
Residential,0.69,2.77,5.24,3.07,-0.64,8.96,242548.51,1428.89,5334.42,-0.09,9.93,10.07
Residential,1.2,-0.24,12.02,26.37,-2.22,-1.04,115627.61,-2086.49,176.83,-0.01,19.38,5.16
Residential,-0.52,3.04,-8.76,5.41,0.16,-1.04,102276.68,1967.77,2348.87,0.1,9.76,10.25
Residential,0.7,-3.22,12.08,8.33,2.05,8.96,-291319.19,1801.21,-3757.27,-0.07,9.39,10.65
Residential,0.33,2.23,11.71,13.88,1.84,-1.04,-188256.08,155.36,960.57,0.14,4.45,22.47
Residential,-0.8,-1.29,-8.02,20.12,0.82,-1.04,13792.03,-1480.93,-1455.89,0.15,12.99,7.7
Residential,0.11,0.35,2.72,-3.26,0.63,8.96,-190078.66,-2505.83,-25.45,-0.01,5.73,17.45
Residential,0.57,-2.0,12.02,3.25,2.4,-1.04,-217524.1,-3831.03,-1803.04,-0.12,5.64,17.72
Residential,0.11,-1.23,0.29,-10.0,0.59,8.96,-49520.99,2286.66,508.23,-0.16,8.8,11.37
Residential,-0.72,2.31,-9.11,-27.81,1.38,-1.04,323719.76,1828.05,1994.2,0.1,11.9,8.4
Residential,0.29,-0.98,6.47,-6.76,-2.56,-1.04,39867.6,3025.54,3125.43,0.19,13.91,7.19
Residential,-0.07,-3.91,-9.37,-27.65,2.31,-1.04,-327463.44,2740.79,-4103.52,0.15,9.17,10.9
Residential,-0.0,-0.98,10.07,-27.54,-0.29,8.96,64263.21,12.04,134.02,0.1,13.0,7.69
Residential,1.15,0.25,4.11,-26.27,0.83,-1.04,54264.36,3370.39,140.2,0.05,11.55,8.66
Residential,-1.1,-3.91,5.7,-34.52,-2.36,8.96,-336624.21,-4390.78,-4309.51,0.09,13.89,7.2
Residential,0.88,3.56,8.98,-21.94,2.14,-11.04,433724.51,679.75,5325.13,0.08,8.54,11.71
Residential,-0.1,0.21,6.75,12.44,-2.33,-1.04,-155385.59,3432.1,-3085.49,0.12,25.0,2.47
Residential,-1.1,1.14,-16.52,32.82,-1.21,-1.04,105307.54,-26.98,175.23,-0.05,16.42,6.09
Residential,0.02,3.32,-1.54,3.26,-0.02,-11.04,259961.17,3172.33,6301.72,-0.2,8.64,11.58
Residential,-1.15,-4.8,3.86,25.44,1.75,8.96,-381545.03,-3223.14,-5756.46,-0.12,17.57,5.69
Residential,0.5,2.73,-3.05,-14.95,-0.38,-11.04,112280.74,1180.63,8727.22,0.09,5.9,16.94
Residential,0.39,3.11,5.34,2.78,-0.62,8.96,-42647.23,-3689.45,2355.17,-0.1,7.44,13.44
Residential,1.08,3.06,12.68,-26.67,-0.22,-11.04,398448.72,2567.45,13117.09,0.15,6.65,15.04
Residential,-0.53,-3.82,3.62,28.83,-2.47,-1.04,-386997.68,-729.78,-5372.26,-0.14,25.0,0.5
Residential,-0.76,3.91,-16.51,9.08,-2.25,8.96,365081.39,-1287.42,534.8,-0.02,25.0,3.7
Residential,1.13,-3.9,-4.16,8.79,-2.57,-1.04,-377930.89,-3003.01,-4785.34,0.03,16.86,5.93
Residential,-1.0,-2.57,-8.98,33.94,-2.34,8.96,-273005.45,1483.95,-4290.69,-0.09,25.0,1.89
Residential,0.94,3.11,-2.44,-34.16,1.61,-1.04,49818.52,1859.4,7784.4,0.14,4.32,23.16
Residential,0.97,-3.95,7.73,35.15,-0.89,-11.04,-380931.77,2853.17,-4243.76,-0.01,16.31,6.13
Residential,0.69,-4.19,15.41,16.36,-0.96,8.96,-271371.56,-1375.06,-4030.97,-0.17,17.12,5.84
Residential,-0.31,-1.52,7.42,25.91,-0.03,-1.04,-14401.11,-713.62,-1923.59,-0.19,15.9,6.29
Residential,0.77,3.39,0.93,24.7,-0.6,8.96,77113.86,494.85,8372.4,-0.19,5.84,17.11
Residential,-0.89,-4.31,-2.61,-20.09,-1.46,8.96,-388618.12,-2178.3,-5544.76,0.14,25.0,2.74
Residential,0.65,1.39,-1.42,3.35,0.38,8.96,47294.49,-195.21,-1178.25,-0.18,14.45,6.92
Residential,-0.67,1.73,-6.79,17.37,0.56,-1.04,-159219.36,3304.35,-1821.82,-0.14,10.99,9.1
Residential,-0.46,2.98,-4.13,-10.87,1.38,-1.04,-138963.42,888.88,1702.56,-0.02,5.06,19.76
Residential,0.14,-1.98,3.95,32.59,0.91,-1.04,-331549.5,-3542.49,-3204.33,-0.18,5.37,18.63
Residential,-1.13,2.61,-2.28,3.54,1.22,-1.04,-5804.34,-463.88,-2513.53,0.11,15.85,6.31
Residential,-0.03,3.39,-12.66,-6.78,-2.11,8.96,266298.54,3148.43,203.66,-0.08,25.0,3.5
Residential,1.23,-1.23,13.8,16.81,-1.51,-11.04,10975.38,-3735.36,2600.07,-0.01,9.47,10.56
Residential,-1.17,-0.81,-14.6,7.97,2.07,-1.04,-120869.6,-3282.19,-1311.64,-0.2,7.42,13.48
Residential,-0.21,2.37,4.76,-20.71,-1.25,8.96,280551.13,-1349.61,1884.01,0.13,16.18,6.18
Residential,0.92,2.1,-0.47,15.21,-1.8,-11.04,282435.34,579.18,7721.5,0.13,10.49,9.53
Residential,0.13,2.39,-4.9,-31.9,-2.6,-1.04,146528.07,-2273.6,2445.65,0.05,16.08,6.22
Residential,0.42,0.76,3.16,-12.6,1.4,-1.04,-170235.58,2153.09,2321.28,0.16,4.3,23.27
Residential,-0.97,4.48,-8.31,4.89,-1.31,8.96,525408.54,-2619.17,1716.49,0.06,21.6,4.63
Residential,-0.15,-2.11,-2.05,-26.8,-0.29,8.96,-299170.59,-3635.0,-3732.99,0.01,9.58,10.44
Residential,-0.35,1.56,9.52,-15.23,1.09,-1.04,-144078.7,-1845.16,-1190.24,0.15,7.88,12.69
Residential,0.72,3.14,6.04,-19.58,-1.66,-11.04,87471.63,-1706.12,8302.21,-0.05,7.02,14.24
Residential,-0.81,-0.92,-1.67,23.79,-1.31,-1.04,-165163.68,1775.85,-4155.09,0.1,25.0,2.2
Residential,-0.68,0.17,-13.13,31.79,-2.14,8.96,-125849.58,-1977.87,-1693.61,-0.17,16.34,6.12
Residential,0.66,-3.57,5.31,5.23,-2.54,-11.04,-303055.03,-4383.41,-4462.98,0.03,19.88,5.03
Residential,0.56,-3.4,-3.01,-32.24,-0.85,8.96,-314592.87,-714.5,-2953.14,-0.03,8.49,11.78
Residential,1.04,-4.62,8.5,2.48,2.48,-1.04,-415197.09,-2320.19,-4232.21,0.11,3.34,29.95
Residential,0.07,-0.05,7.66,-31.08,-1.39,-11.04,-63479.18,234.76,-235.6,0.01,13.04,7.67
Residential,-0.1,1.87,-11.14,19.27,2.24,-1.04,-108248.57,4543.05,334.22,-0.12,6.48,15.44
Residential,-0.57,-3.21,5.18,-4.11,-1.7,-1.04,-239724.47,88.78,-3939.19,0.04,25.0,3.76
Residential,0.67,2.9,-2.34,20.52,-0.98,8.96,445874.39,1880.03,9419.17,-0.19,9.86,10.14
Residential,1.05,-3.65,-5.66,9.0,-2.53,-1.04,-404094.89,-4185.72,-3959.53,-0.03,6.75,14.82
Residential,0.27,1.04,-2.92,17.91,2.01,-11.04,112235.12,-2674.99,4654.38,-0.05,5.73,17.44
Residential,0.88,0.21,0.31,-6.29,-0.66,-11.04,-90804.38,-397.78,-640.38,-0.15,11.2,8.93
Residential,0.63,-4.93,5.99,-22.74,1.48,-11.04,-405648.89,-1240.0,-5045.33,-0.0,9.44,10.59
Residential,-0.41,-4.09,-13.45,6.12,1.76,-11.04,-414688.33,325.23,-5132.25,0.16,11.24,8.9
Residential,-0.6,0.26,-9.68,-29.87,0.41,-1.04,17315.12,-3525.36,69.04,-0.08,9.96,10.04
Residential,-0.88,-4.92,-8.8,-31.3,0.73,-1.04,-458640.48,61.85,-5560.98,-0.02,19.38,5.16
Residential,-0.79,-4.74,5.95,-0.4,0.53,-1.04,-392397.39,-4873.35,-4815.02,0.18,5.99,16.69
Residential,-0.82,4.34,0.82,-34.61,-1.11,-1.04,492687.52,-1703.44,1028.68,-0.15,22.57,4.43
Residential,-0.11,-4.31,-6.57,-3.54,1.84,8.96,-384190.07,-2090.93,-4572.3,0.01,5.69,17.57
Residential,1.01,-3.73,17.54,-19.77,-0.89,8.96,-337620.62,-3535.17,-4548.0,0.12,12.35,8.1
Residential,0.08,3.31,-2.09,-33.69,-0.12,-1.04,63747.85,1308.64,6432.9,0.06,6.2,16.14
Residential,-1.21,-1.29,-11.54,2.5,1.84,-1.04,-162513.01,-879.81,-3922.47,0.16,15.77,6.34
Residential,-0.55,-4.49,-2.79,12.42,-1.82,8.96,-404749.84,-3455.36,-4174.23,-0.03,5.97,16.76
Residential,-0.3,1.05,-2.41,7.24,-0.88,-1.04,72555.64,-712.96,-1168.9,0.16,18.45,5.42
Residential,1.09,-1.26,3.44,-8.61,2.52,8.96,-60488.72,-705.63,1604.63,-0.02,5.42,18.45
Residential,0.2,1.9,12.62,-14.31,-2.73,-1.04,-101866.95,-2227.06,2437.51,-0.03,9.89,10.11
Residential,-1.21,-2.44,-9.52,30.9,-0.48,-1.04,-150886.54,67.95,-3016.29,-0.06,17.42,5.74
Residential,0.99,0.21,-0.55,33.72,-1.68,-1.04,296597.04,-953.2,6962.14,-0.08,10.83,9.23
Residential,-0.75,0.82,-11.5,22.08,-0.02,-1.04,165156.91,1985.89,400.63,0.19,14.84,6.74
Residential,0.86,1.98,-2.35,22.43,-2.45,-11.04,8664.55,-7.05,3945.54,-0.09,10.7,9.35
Residential,0.32,0.71,-9.63,-33.4,0.83,8.96,3830.24,74.52,-1803.74,0.18,14.39,6.95
Residential,0.11,0.79,12.6,-7.88,-2.05,-11.04,304873.87,-12.51,2723.31,-0.19,18.21,5.49
Residential,1.16,4.75,5.1,-8.78,1.06,-11.04,539081.25,-1622.92,11323.09,0.04,6.95,14.38
Residential,-0.95,-4.01,-3.78,20.82,-1.48,-1.04,-392173.86,-3033.0,-5655.19,-0.12,25.0,3.07
Residential,0.88,-3.46,12.36,2.63,2.18,-1.04,-252833.58,-2635.49,-4190.71,0.02,11.01,9.08
Residential,-0.02,-2.78,9.23,12.87,0.45,-1.04,-299177.79,-2184.29,-4712.7,-0.12,15.7,6.37
Residential,-0.7,-3.13,-15.69,-33.23,2.31,-1.04,-357027.58,822.1,-4492.47,0.02,8.2,12.19
Residential,0.87,-3.23,-7.2,-23.17,0.85,-1.04,-206492.8,-2107.2,-3241.91,-0.18,11.17,8.95
Residential,-0.84,4.2,-6.09,21.7,-1.47,-1.04,89616.79,1128.6,-1365.62,-0.14,24.15,4.14
Residential,-0.24,-4.09,7.15,15.2,2.67,-1.04,-350434.94,763.43,-4740.06,0.05,9.88,10.12
Residential,-0.53,3.03,1.72,-19.1,-0.83,-1.04,127160.34,-1435.04,4608.88,-0.2,8.82,11.34
Residential,0.56,3.34,-6.14,34.46,-2.04,-1.04,44481.61,3142.95,7665.43,0.15,7.86,12.73
Residential,-1.03,-2.17,4.59,-19.25,1.9,-1.04,-180924.52,2681.54,-3848.14,0.18,17.27,5.79
Residential,0.05,-0.51,8.57,-0.88,0.78,8.96,-91175.63,-4613.67,-1254.22,0.05,9.04,11.06
Residential,-0.56,2.71,-10.4,1.66,1.75,-1.04,155387.12,447.92,-1462.98,-0.13,15.6,6.41
Residential,0.3,-3.34,7.31,11.71,0.02,-1.04,-258774.76,-2980.87,-3625.5,0.03,11.22,8.91
Residential,-1.19,2.76,-3.89,-34.48,-0.26,-1.04,-77262.91,3960.84,131.91,-0.18,10.52,9.51
Residential,-0.96,0.38,-7.69,-13.11,2.14,-11.04,357533.18,-2059.75,1208.42,0.17,11.86,8.43
Residential,0.54,-3.4,0.19,-18.33,-1.9,-1.04,-355516.5,-2462.4,-3107.99,-0.02,7.45,13.43
Residential,0.68,-0.24,-2.07,-31.24,-2.67,-1.04,39260.13,2735.66,-1468.37,-0.06,25.0,2.88
Residential,0.09,2.07,-0.57,12.46,-1.98,8.96,41255.17,-3921.4,-2290.61,-0.04,24.81,4.03
Residential,-0.1,-1.45,-4.37,-22.04,-0.89,8.96,-153827.3,3959.58,-2345.42,0.07,18.42,5.43
Residential,-0.58,-4.24,-13.16,-31.91,2.73,-1.04,-376845.48,-4489.81,-5197.05,-0.0,7.16,13.96
Residential,0.17,-0.09,-0.73,-2.73,-1.94,8.96,-144755.27,1271.63,-2630.87,-0.15,23.58,4.24
Residential,-0.97,-2.93,-2.42,-14.45,0.22,8.96,-183477.88,33.16,-2543.56,-0.02,11.7,8.55
Residential,0.08,2.87,9.17,-12.29,2.36,8.96,226033.53,3163.37,1564.91,0.09,9.98,10.02
Residential,0.2,-3.42,3.25,25.67,-1.03,8.96,-369952.44,-4426.89,-4412.91,0.09,8.16,12.26
Residential,0.4,-2.06,-7.61,14.43,0.7,8.96,-167322.41,-362.88,-2536.41,0.07,11.24,8.9
Residential,-0.63,-0.95,-6.19,-14.16,1.64,-1.04,-125230.57,-117.71,-2551.97,-0.01,11.33,8.83
Residential,-0.9,-4.24,-7.34,-4.57,-0.12,-1.04,-357931.41,-3972.18,-4588.28,0.06,8.91,11.22
Residential,1.21,-1.17,3.21,7.79,-1.99,-1.04,-152525.62,-1383.74,-397.15,0.02,11.29,8.86
Residential,-0.78,0.19,-4.87,18.64,0.01,-1.04,136805.33,2980.03,-514.02,0.09,17.15,5.83
Residential,-1.08,2.19,1.94,-29.8,0.69,-11.04,70426.01,731.78,-1510.22,0.12,15.95,6.27
Residential,-0.41,1.51,-3.12,-4.27,0.46,-11.04,524240.46,-728.11,5369.9,0.07,11.38,8.79
Residential,0.85,3.26,8.7,-28.68,-1.29,-1.04,592560.1,1060.61,5200.02,0.1,16.75,5.97
Residential,0.92,2.74,12.35,-31.39,-0.36,-1.04,211173.83,-1930.71,1479.36,-0.19,13.14,7.61
Residential,0.38,-2.68,-5.41,6.04,1.0,-1.04,14549.36,2706.89,-379.47,0.06,11.29,8.86
Residential,-0.45,1.63,0.38,-31.11,2.68,-1.04,-153095.43,-79.86,-310.37,0.05,5.54,18.05
Residential,0.77,-1.24,14.21,-14.33,1.52,8.96,-170904.65,-925.14,-2830.18,0.14,10.56,9.47
Residential,0.07,0.55,12.5,-11.61,1.73,8.96,213223.65,1636.35,1898.68,0.1,9.89,10.11
Residential,-0.07,-4.17,-10.02,-16.85,-2.28,-11.04,-340043.78,-790.32,-5212.66,0.15,25.0,1.18
Residential,0.34,-2.86,7.71,-25.67,2.35,-1.04,-276251.66,-1771.75,-3674.8,0.13,7.97,12.55
Residential,-0.36,1.55,-2.87,32.1,-1.31,-1.04,164305.56,2675.44,597.98,-0.19,18.55,5.39
Residential,0.29,-4.76,12.61,22.42,-0.81,8.96,-373049.25,-576.43,-5378.02,0.15,25.0,2.5
Residential,-0.9,-3.21,-9.0,0.74,1.61,-1.04,-340620.01,-2167.08,-4691.13,-0.07,9.63,10.38
Residential,-1.1,-3.01,-5.01,9.77,2.12,-1.04,-173830.2,1128.59,-3422.44,-0.0,12.89,7.76
Residential,0.08,3.44,2.87,-15.13,0.15,-11.04,351248.48,-922.39,209.16,-0.04,18.05,5.54
Residential,0.18,-0.79,9.45,26.55,1.15,-1.04,17869.5,4417.74,1615.36,-0.01,8.26,12.1
Residential,-1.03,-1.84,-2.28,-15.06,1.14,-1.04,-221032.29,212.92,-4634.44,-0.03,23.87,4.19
Residential,0.14,1.9,-8.21,15.7,-1.1,-11.04,427950.4,809.19,5196.02,-0.13,13.62,7.34
Residential,-0.17,3.98,9.53,6.46,1.0,-1.04,336349.54,2464.08,5199.62,0.19,9.03,11.08
Residential,1.14,-1.27,19.12,14.43,0.69,8.96,164840.95,2270.18,514.59,-0.03,13.09,7.64
Residential,0.11,0.05,-3.15,9.58,-1.75,8.96,-136695.13,-2620.16,1749.27,0.12,7.79,12.84
Residential,-0.96,-3.92,-0.03,32.06,-2.51,-1.04,-274351.58,-3387.48,-4197.29,-0.0,22.47,4.45
Residential,-0.12,2.23,4.19,9.52,0.89,-1.04,311167.7,129.66,1392.85,0.09,13.19,7.58
Residential,-0.82,1.37,-12.42,26.07,0.32,-1.04,-26285.99,-164.43,1389.05,-0.2,8.06,12.4
Residential,-0.65,3.11,-10.01,22.54,-0.91,-1.04,174344.6,1581.62,-1257.53,0.15,24.45,4.09
Residential,0.87,0.51,11.7,-12.97,-2.19,-1.04,-51354.83,2742.98,1342.49,-0.1,13.28,7.53
Residential,1.03,-4.75,4.71,-9.46,1.16,8.96,-380958.82,-1395.08,-4189.67,-0.07,5.49,18.2
Residential,0.84,0.22,1.19,14.63,-1.48,8.96,-267819.53,-603.75,-915.75,-0.1,7.3,13.69
Residential,0.54,-3.98,2.66,31.72,-0.74,-1.04,-342668.81,2241.91,-5003.7,0.16,25.0,1.66
Residential,0.01,-0.62,6.74,28.21,-2.52,8.96,-318453.12,1087.2,-3150.15,-0.13,16.45,6.08
Residential,-0.91,3.54,2.65,-13.07,1.38,-11.04,246897.72,3556.01,3834.38,0.2,8.86,11.29
Residential,0.49,-0.56,-1.14,-10.32,-2.75,-1.04,94261.54,3312.22,134.64,-0.12,25.0,3.71
Residential,-1.02,3.99,-0.72,34.46,-2.08,-11.04,466541.18,352.03,5449.92,-0.05,16.72,5.98
Residential,1.19,-3.76,8.8,23.7,0.68,-11.04,-321729.35,-3103.51,-3661.2,0.06,7.13,14.03
Residential,0.41,-1.64,5.79,7.79,-0.98,-1.04,-217660.34,-1653.26,1256.07,-0.19,5.56,17.98
Residential,-0.68,1.71,-15.84,-12.25,-1.43,-1.04,155980.05,-4029.3,-720.7,-0.02,19.38,5.16
Residential,0.77,-1.24,5.82,8.48,2.19,-1.04,-13572.58,816.57,2500.99,0.09,5.72,17.47
Residential,-0.13,4.04,-2.38,12.36,0.88,8.96,370844.82,1543.88,-366.62,0.03,19.42,5.15
Residential,0.78,-0.29,0.97,-13.59,-0.73,8.96,-145508.66,203.0,-2021.27,-0.08,13.64,7.33
Residential,-0.94,-3.89,3.75,14.43,1.86,-11.04,-389915.5,-2860.37,-5562.72,-0.13,14.6,6.85
Residential,1.24,-1.85,5.65,4.82,-0.08,-11.04,-64481.75,2644.72,1778.04,0.2,7.83,12.77
Residential,-0.3,-0.44,-1.38,-26.74,-2.29,-1.04,-100740.77,1038.84,-3584.03,-0.02,25.0,2.12
Residential,-0.88,-2.5,4.67,14.21,1.55,8.96,-182203.57,-1550.41,-3544.66,0.04,12.66,7.9
Residential,0.2,-4.28,2.48,22.58,-0.5,-1.04,-374963.07,2105.11,-5528.82,-0.03,25.0,0.0
Residential,-0.03,-2.64,-7.68,22.15,-2.66,-1.04,-289913.95,2738.74,-5083.91,-0.06,25.0,0.0
Residential,1.18,-4.03,14.88,31.92,-1.12,-1.04,-293048.13,-2822.45,-4331.79,0.15,16.39,6.1
Residential,-0.74,-4.53,-11.13,-7.94,2.08,-1.04,-427996.23,2034.11,-5892.81,-0.12,25.0,0.0
Residential,-0.73,1.97,6.84,23.27,-2.54,-1.04,285176.52,215.01,1672.65,0.05,23.04,4.34
Residential,1.21,-2.09,17.22,2.77,-2.07,8.96,-53213.29,-1183.91,-77.24,0.13,14.35,6.97
Residential,0.48,-4.81,6.33,25.81,1.64,-1.04,-449868.47,901.78,-5728.42,-0.09,25.0,1.9
Residential,0.87,-4.14,-7.26,-26.06,-0.32,-11.04,-333903.2,-2170.76,-4019.75,-0.02,9.52,10.5
Residential,0.91,-2.53,15.22,17.22,-0.22,-11.04,-224957.53,-2521.31,68.32,-0.07,5.58,17.91
Residential,-0.93,-3.87,-14.77,4.36,0.73,-1.04,-366148.19,544.17,-4432.45,-0.0,9.39,10.65
Residential,0.83,2.3,1.18,-1.85,0.85,-1.04,-9735.73,-1892.62,8349.87,-0.2,3.91,25.6
Residential,0.62,-0.69,9.93,11.34,-0.53,8.96,168189.91,1037.1,2451.37,0.13,11.82,8.46
Residential,-0.33,-4.26,-2.82,17.54,-1.89,-1.04,-403305.86,28.28,-5808.57,0.09,25.0,0.0
Residential,-0.81,-4.29,-0.41,14.59,-1.55,8.96,-268502.44,-1736.07,-4684.52,0.09,25.0,3.28
Residential,-0.62,-4.72,-11.94,12.97,-1.9,8.96,-379918.91,2524.71,-5370.78,-0.11,25.0,0.0
Residential,0.2,-0.69,-7.5,-21.88,-0.68,-1.04,10891.93,2790.06,-1941.95,-0.0,21.98,4.55
Residential,0.24,4.33,-9.89,30.2,-0.36,-11.04,365784.44,603.04,1616.76,-0.16,16.67,6.0
Residential,-1.23,-2.97,-10.79,17.46,-0.46,-11.04,-294164.85,-3747.08,-3891.95,0.05,10.76,9.29
Residential,-0.68,-1.0,-5.68,27.29,-1.18,8.96,-296519.05,721.61,-3622.28,-0.15,15.17,6.59
Residential,1.1,-1.57,-4.2,18.45,-1.56,8.96,152276.51,3007.11,1090.27,0.05,17.86,5.6
Residential,-0.21,4.85,10.06,22.56,0.34,-1.04,798110.93,2912.65,5434.39,-0.16,15.34,6.52
Residential,-1.18,-2.31,-15.29,22.46,0.68,-1.04,-55936.72,2729.22,-2675.57,0.19,18.35,5.45
Residential,0.43,-1.35,8.6,-10.07,2.69,-1.04,-256049.29,-3910.39,-2991.27,-0.08,6.23,16.06
Residential,0.89,2.12,-5.73,2.02,0.44,-1.04,22238.98,519.28,-638.43,-0.04,12.44,8.04
Residential,0.17,-4.85,-9.2,26.51,-1.14,8.96,-360262.06,740.33,-4760.42,-0.09,24.33,4.11
Residential,-0.3,-3.3,-8.74,-25.93,-0.58,8.96,-366651.78,-3816.29,-5395.48,-0.01,17.42,5.74
Residential,0.16,2.62,8.45,16.1,-0.08,-1.04,138102.0,2770.46,1354.69,-0.13,12.53,7.98
Residential,-1.01,-0.82,3.02,-24.49,0.24,8.96,-306513.35,3651.14,-4115.64,0.14,17.99,5.56
Residential,-0.3,2.75,1.13,-19.7,0.3,-1.04,661438.56,-1437.95,8325.05,0.11,10.43,9.59
Residential,0.69,1.14,-6.25,24.76,-2.09,-1.04,576653.28,4154.04,5391.28,-0.08,20.2,4.95
Residential,-0.97,-3.18,6.17,-26.86,1.07,-1.04,-197469.49,-494.3,-4687.82,-0.13,25.0,3.87
Residential,0.14,-0.91,1.88,22.19,-2.62,-1.04,-249998.36,-3159.33,-2868.53,-0.2,15.24,6.56
Residential,-0.14,-2.42,10.52,34.49,-0.16,8.96,-137129.33,1985.45,-3653.42,-0.04,25.0,3.9
Residential,-0.79,0.05,-0.28,-20.77,-0.87,8.96,89875.98,4084.94,573.24,0.09,15.62,6.4
Residential,-0.67,2.34,-0.24,29.2,0.64,-1.04,531038.31,-1325.7,2562.9,-0.02,14.75,6.78
Residential,0.88,0.14,7.75,22.02,-0.94,-1.04,50300.41,-1958.83,-171.2,0.19,14.18,7.05
Residential,-0.53,2.2,-11.1,-27.36,-0.49,-1.04,44716.23,-3855.26,-1313.57,-0.17,15.27,6.55
Residential,-0.73,2.64,-15.15,-32.9,-0.59,-1.04,221135.23,-1487.57,-339.6,0.02,18.52,5.4
Residential,0.41,-4.91,-6.48,19.14,-0.96,-11.04,-432511.31,-1940.36,-5349.05,-0.08,18.25,5.48
Residential,0.85,2.06,13.39,-18.53,-2.09,-1.04,-1992.61,4794.43,-977.35,0.1,25.0,3.89
Residential,0.36,-3.6,-4.96,10.17,1.32,-1.04,-293078.99,375.6,-3600.84,0.1,8.98,11.13
Residential,-0.29,4.6,4.26,14.7,0.24,-1.04,217913.14,5505.62,6720.27,0.05,7.75,12.9
Residential,-0.77,-2.92,-17.17,19.45,0.49,-1.04,-207241.56,-1065.31,-4641.56,-0.15,25.0,3.93
Residential,-0.5,1.17,8.86,-3.02,0.27,-1.04,235233.48,1037.17,4277.68,-0.08,9.39,10.65
Residential,-1.02,-4.87,1.97,9.71,0.14,8.96,-370114.38,60.49,-5796.92,-0.19,25.0,0.0
Residential,1.16,-4.29,-0.08,17.11,0.95,-1.04,-353536.91,-2536.73,-3612.63,0.02,5.4,18.52
Residential,1.09,4.81,8.66,33.9,2.2,-1.04,48944.23,-877.49,3682.2,-0.02,5.6,17.87
Residential,-0.47,4.77,-10.72,-32.36,1.68,-1.04,209766.97,2147.33,2276.19,-0.18,9.51,10.52
Residential,0.99,-1.67,1.62,0.05,-0.22,8.96,-110758.12,-1107.11,-2344.24,0.08,14.27,7.01
Residential,-0.84,3.73,-0.71,-32.8,-2.54,8.96,582061.83,1864.32,4606.63,0.02,23.42,4.27
Residential,0.76,-3.23,10.62,-24.55,0.96,8.96,-214551.55,198.41,-2420.15,0.13,8.98,11.14
Residential,-0.27,-1.07,-4.67,29.18,2.29,8.96,-223631.95,-1486.09,-1624.39,-0.04,5.65,17.69
Residential,0.35,0.48,-0.15,-16.66,0.34,-1.04,-45636.0,-944.82,1139.1,0.1,7.85,12.74
Residential,1.12,0.02,-1.51,-26.6,-0.48,-11.04,212210.49,-3217.68,2429.16,-0.01,11.64,8.59
Residential,0.87,-0.83,16.97,-12.81,-0.9,-1.04,47882.35,1034.75,-2084.71,-0.07,23.87,4.19
Residential,1.02,-4.16,13.26,-20.87,-2.61,8.96,-365125.51,1780.86,-5384.34,0.1,25.0,0.0
Residential,-0.68,0.12,5.63,35.26,1.48,8.96,84916.28,-1232.33,571.98,0.11,9.52,10.5
Residential,1.04,1.65,17.06,-24.53,-0.23,-1.04,-36660.25,-2287.7,2472.82,-0.19,7.18,13.93
Residential,1.09,2.54,2.34,-4.59,1.37,-1.04,8796.27,2357.88,6327.33,-0.07,4.61,21.68
Residential,-0.82,0.5,-14.79,-4.89,2.21,-1.04,-149874.48,2076.25,854.01,-0.12,5.07,19.72
Residential,0.39,2.58,3.24,24.0,-0.23,8.96,-17540.91,-2285.27,1093.91,0.09,8.94,11.19
Residential,-0.79,-4.07,-13.44,2.89,0.85,8.96,-235827.35,-1437.57,-4830.96,-0.01,23.64,4.23
Residential,-0.87,3.09,-16.4,33.42,1.49,8.96,471705.53,3587.56,3440.35,0.14,11.99,8.34
Residential,0.72,-0.97,-7.91,12.93,1.07,-1.04,-234586.05,2550.51,-2528.6,0.04,9.17,10.91
Residential,0.27,-3.32,-7.47,-33.51,0.13,-1.04,-261449.99,2601.75,-3376.38,0.04,13.57,7.37
Residential,-0.69,2.02,-16.38,4.76,-0.66,8.96,579833.74,-1249.62,1989.64,0.17,20.2,4.95
Residential,0.24,0.31,-4.48,-0.17,0.56,8.96,103769.39,3630.56,3069.7,-0.2,8.66,11.55
Residential,-0.04,-0.57,-5.5,22.43,0.22,-1.04,-137576.22,2621.83,-2341.04,-0.14,14.2,7.04
Residential,0.23,-1.6,-9.13,-22.03,1.94,8.96,67281.95,1909.56,600.31,-0.08,9.15,10.93
Residential,-0.83,-3.48,-5.08,-8.89,2.54,-1.04,-283921.86,1805.34,-4406.08,0.04,13.28,7.53
Residential,1.03,1.78,9.07,-7.26,-1.08,-1.04,419364.81,2828.95,6982.16,-0.19,11.82,8.46
Residential,-0.56,2.12,-8.47,-34.28,0.8,8.96,-169311.78,1816.94,-2672.51,-0.09,12.5,8.0
Residential,-0.52,3.99,1.34,19.54,0.94,-11.04,78685.62,5571.48,201.33,0.05,12.35,8.1
Residential,-0.92,-2.69,-3.78,-30.64,1.48,-1.04,-204900.71,1217.82,-4635.93,-0.11,25.0,3.81
Residential,0.57,-3.25,-5.07,-33.96,-0.9,-1.04,-205172.29,-1926.8,-2031.09,0.09,10.54,9.49
Residential,0.46,3.15,-0.09,20.72,-2.39,-1.04,234523.25,2319.04,13379.59,0.05,7.91,12.65
Residential,0.01,-1.03,4.99,-13.69,0.98,-1.04,-99964.07,-725.14,-447.7,0.03,8.08,12.37
Residential,1.14,2.33,3.35,14.04,-1.19,-1.04,-135670.71,-1588.31,460.99,-0.14,8.65,11.56
Residential,0.4,-4.5,4.93,-24.45,0.21,-1.04,-360147.12,-463.8,-4839.95,-0.16,14.14,7.07
Residential,0.77,2.8,16.31,8.89,0.44,-1.04,395091.02,466.92,8080.26,0.09,8.1,12.35
Residential,0.3,3.76,11.74,-2.92,2.73,-1.04,179219.74,1539.55,4163.34,0.16,6.46,15.48
Residential,-0.19,2.53,-6.33,-17.1,-1.41,-1.04,-8435.4,1478.81,-847.55,-0.03,17.64,5.67
Residential,-0.23,2.73,10.19,-17.04,1.6,8.96,376762.91,3179.45,-429.84,0.05,18.52,5.4
Residential,-0.02,3.11,-11.75,14.61,-1.26,-11.04,188672.53,-3035.1,-210.39,0.16,18.62,5.37
Residential,0.59,2.61,2.48,-11.36,-0.35,8.96,393099.56,3888.26,5570.79,0.2,11.6,8.62
Residential,1.16,2.84,3.77,-6.22,0.21,-1.04,-64876.63,4453.04,1259.12,-0.07,8.35,11.98
Residential,0.97,-1.14,-2.42,22.08,2.71,-11.04,-33959.08,2773.18,-2517.62,-0.03,13.51,7.4
Residential,0.39,0.34,3.31,-1.05,-2.16,-1.04,-232891.75,3872.2,-103.78,-0.0,10.16,9.84
Residential,1.25,-3.74,18.96,8.41,-0.94,-1.04,-382236.75,-851.59,-4155.86,-0.12,8.35,11.98
Residential,0.41,-2.22,14.76,19.51,0.62,-11.04,-125267.62,-1677.86,-3048.25,-0.06,14.45,6.92
Residential,0.9,0.54,-4.83,-10.43,-0.12,8.96,25704.45,70.72,952.91,0.08,10.31,9.7
Residential,0.89,-2.58,17.62,-11.64,0.43,-1.04,-149337.05,1816.13,283.93,0.19,7.05,14.18
Residential,0.15,0.04,-2.29,29.14,-0.58,-1.04,5300.85,667.81,-1546.61,0.05,17.51,5.71
Residential,0.41,-3.04,12.16,17.54,1.39,-1.04,-184738.73,-2079.59,-4427.32,-0.07,18.94,5.28
Residential,0.12,1.07,12.11,-25.98,0.13,-11.04,39349.51,-710.17,-2285.35,-0.06,19.08,5.24
Residential,0.4,-1.37,4.96,10.26,-1.43,-1.04,-204539.84,2913.57,-3136.6,0.05,23.58,4.24
Residential,-0.09,-1.28,-8.85,9.73,-0.88,-1.04,17884.03,2465.09,7.2,-0.18,14.45,6.92
Residential,-0.03,1.32,-8.41,17.82,-0.11,8.96,36795.76,-3623.36,4890.22,-0.08,6.33,15.81
Residential,-0.7,2.9,-13.94,2.91,-0.95,-1.04,22871.05,3389.43,-284.25,-0.04,16.16,6.19
Residential,0.4,-0.11,0.93,-6.55,-0.14,-1.04,-318325.6,3240.32,-1664.14,0.16,5.76,17.35
Residential,0.07,1.95,2.22,13.38,-1.6,8.96,142572.54,-544.0,8944.09,0.09,7.4,13.51
Residential,-0.69,3.79,-11.37,-0.16,2.19,-1.04,285886.37,-1080.7,4621.71,-0.0,7.44,13.44
Residential,-1.02,3.22,-16.35,-32.94,-1.87,-1.04,823154.76,3473.86,4746.73,-0.08,25.0,3.99
Residential,-0.78,-0.94,-17.19,-25.16,2.63,-11.04,-143045.6,1342.96,-3115.12,-0.14,11.9,8.4
Residential,-0.79,0.75,-0.01,-7.79,-1.58,-1.04,412970.46,2999.83,-170.71,0.06,25.0,3.11
Residential,0.16,3.1,-3.76,-3.56,1.44,8.96,193178.07,433.07,4535.74,-0.04,7.3,13.7
Residential,0.81,0.77,1.99,7.22,-1.24,-1.04,-79717.39,4144.3,139.66,-0.19,12.79,7.82
Residential,-0.36,0.04,-1.72,-14.46,-1.92,8.96,48545.86,-3028.62,979.02,0.1,13.81,7.24
Residential,0.85,-3.54,8.68,33.33,-2.22,8.96,-310683.22,1589.38,-2790.46,0.11,13.72,7.29
Residential,1.19,-0.9,17.15,-14.96,2.34,-11.04,-202974.26,3099.39,-3191.31,0.19,11.15,8.97
Residential,1.24,0.15,0.31,-26.47,-1.52,-1.04,-129371.75,-3113.51,365.83,-0.19,9.15,10.93
Residential,-0.77,-3.08,-15.38,-0.67,0.36,8.96,-211564.83,-83.77,-3465.44,0.01,14.25,7.02
Residential,1.12,-1.56,14.89,-17.13,-2.44,-1.04,-223276.18,-1322.23,-2452.89,0.1,16.16,6.19
Residential,-1.08,-3.74,-18.32,-32.11,1.78,8.96,-254757.64,-2811.06,-4848.07,-0.13,16.72,5.98
Residential,0.13,2.0,6.52,-10.07,-0.18,-1.04,388138.65,143.56,6657.6,-0.15,9.76,10.25
Residential,-1.14,4.72,-15.86,1.26,-1.71,8.96,727168.04,-179.63,5620.28,0.13,19.31,5.18
Residential,-0.3,1.3,-10.9,2.37,2.17,-1.04,-100968.79,475.41,-2207.61,0.17,10.46,9.56
Residential,1.18,-1.84,17.84,-28.68,-0.47,-1.04,-246814.81,-4114.54,1124.72,0.1,4.37,22.9
Residential,0.95,0.35,-4.19,13.69,-2.54,8.96,8240.4,1637.48,2253.16,-0.08,14.01,7.14
Residential,-0.44,3.94,-1.01,18.19,-2.18,-1.04,-126092.41,-1883.23,29.52,0.18,11.61,8.61
Residential,-0.44,0.97,-3.03,-10.44,0.9,8.96,-174380.58,-3534.64,-257.96,0.2,5.94,16.83
Residential,1.2,3.83,7.3,0.61,-0.51,-1.04,374247.52,3490.84,5064.77,-0.18,12.17,8.22
Residential,0.22,1.16,3.37,2.88,0.54,-1.04,344864.25,2887.76,3270.73,-0.0,11.93,8.38
Residential,0.03,4.35,-7.29,-3.97,-2.46,-11.04,630001.54,1977.52,6241.04,-0.13,20.53,4.87
Residential,0.92,-3.14,-0.32,33.65,-2.08,8.96,-327292.94,-3508.85,-1618.85,0.12,6.05,16.52
Residential,-0.97,-4.69,-18.17,25.38,-1.5,8.96,-362387.1,-3002.44,-4983.35,-0.02,17.01,5.88
Residential,-0.99,-1.65,6.03,27.24,-2.63,8.96,45186.71,-349.57,-931.89,0.05,25.0,3.98
Residential,0.4,-4.86,14.81,-12.34,-1.73,-1.04,-449921.84,-97.09,-5700.58,0.08,25.0,0.0
Residential,1.09,-0.52,18.15,6.6,0.41,-1.04,43581.26,1698.86,776.1,0.06,10.46,9.56
Residential,1.09,4.34,2.25,12.39,-1.33,-11.04,357042.24,3482.44,8499.95,0.04,10.31,9.7
Residential,-1.16,-2.95,-6.69,17.71,1.14,-1.04,-152366.06,-1388.59,-3549.75,-0.04,14.97,6.68
Residential,-1.04,0.45,-4.98,-19.7,-2.14,8.96,6358.27,3526.16,999.5,-0.1,16.23,6.16
Residential,-0.19,4.32,-6.86,-4.92,-0.54,-11.04,792920.29,2839.52,8617.15,0.2,13.5,7.41
Residential,-0.07,3.45,5.34,-28.96,-2.29,-11.04,382613.56,3120.71,-999.7,0.07,25.0,2.18
Residential,0.98,-4.18,9.77,-16.86,-1.88,-1.04,-340213.86,1792.96,-4639.03,0.16,25.0,2.04
Residential,-0.93,2.59,-2.82,27.42,-0.44,-1.04,229165.76,-1419.97,-568.36,-0.17,19.08,5.24
Residential,-0.09,-0.92,8.7,34.56,-2.55,8.96,-211641.69,1916.74,-3810.54,-0.19,25.0,1.96
Residential,-1.22,0.4,-6.03,6.18,-0.93,-1.04,193214.79,1649.37,423.94,-0.08,17.99,5.56
Residential,0.32,-4.5,0.76,-12.43,-1.0,-1.04,-296035.01,1044.93,-3997.8,0.13,18.76,5.33
Residential,0.72,1.91,-4.18,22.48,-2.53,8.96,-56792.52,771.59,9050.61,0.1,6.12,16.33
Residential,-0.61,0.61,-3.83,-23.14,-1.33,-11.04,-126606.3,-2636.41,-108.72,0.08,9.74,10.27
Residential,-0.42,-4.6,-4.12,-3.04,1.48,8.96,-416968.58,-4453.67,-5568.65,-0.1,6.84,14.63
Residential,-0.22,2.6,1.33,-1.0,-2.42,8.96,475551.19,-1560.7,5339.24,0.19,17.73,5.64
Residential,-0.62,-1.73,-8.1,-26.58,-1.91,-1.04,-194565.45,-3071.22,-2194.92,0.1,13.33,7.5
Residential,0.29,-4.83,13.81,-30.29,1.58,8.96,-435758.16,1372.97,-5325.74,-0.2,11.12,8.99
Residential,0.66,4.5,11.2,5.17,2.54,-1.04,709805.98,-867.1,7013.76,-0.01,9.17,10.91
Residential,1.16,0.22,6.11,-3.09,-0.37,-1.04,-278074.13,1657.67,-1761.17,0.02,7.39,13.53
Residential,0.14,1.86,0.96,-32.66,1.78,8.96,-126125.26,2789.88,-790.28,-0.1,7.79,12.83
Residential,-0.56,0.57,3.3,-22.99,0.04,-1.04,-76728.07,-4079.82,-2332.7,0.06,13.39,7.47
Residential,1.07,-4.41,2.34,15.44,0.3,-1.04,-319090.85,683.48,-5223.13,0.13,25.0,2.49
Residential,-1.09,0.2,-13.74,-17.37,-2.58,8.96,-184585.05,1022.76,-2465.75,0.16,23.36,4.28
Residential,0.06,-1.28,-3.82,-19.94,-0.8,-1.04,-114089.81,2048.05,-3989.6,-0.08,25.0,2.47
Residential,-0.68,-4.38,-13.3,22.68,0.17,8.96,-355519.91,150.08,-5297.92,0.19,25.0,3.12
Residential,-0.99,-3.91,-16.23,0.84,-1.77,-11.04,-210100.91,-3286.97,-4229.69,0.12,25.0,3.94
Residential,-1.02,3.65,3.07,-6.18,0.07,-11.04,544674.28,2816.5,1673.53,-0.15,19.53,5.12
Residential,-0.09,-3.29,-11.5,7.28,2.29,-11.04,-353484.38,-1444.33,-4730.71,0.01,8.6,11.63
Residential,1.0,-4.37,1.42,-31.24,-0.13,8.96,-319659.81,1416.53,-4462.24,0.09,19.01,5.26
Residential,0.01,-2.8,-5.66,7.55,-1.16,8.96,-232938.17,1314.69,-3974.39,0.02,25.0,3.66
Residential,0.32,-2.92,-4.88,29.81,1.85,-11.04,-123922.49,-897.97,-2236.04,-0.17,9.89,10.11
Residential,0.11,0.38,-0.99,-13.62,-0.88,8.96,-151431.82,-1138.26,-2002.01,0.06,12.97,7.71
Residential,0.44,-3.1,-1.59,-26.49,-1.76,-1.04,-222050.42,-2227.51,-4119.94,0.12,25.0,3.96
Residential,0.31,-0.04,13.24,-13.93,1.39,-1.04,-94228.0,-1955.4,1678.31,-0.16,5.52,18.12
Residential,-0.64,1.63,-13.44,-27.37,2.72,8.96,-4455.54,642.95,2681.47,-0.06,5.38,18.6
Residential,-1.07,0.98,-9.64,-20.07,-0.83,-1.04,-68492.99,-282.35,-2246.63,0.12,17.99,5.56
Residential,-1.02,1.51,-11.43,-21.81,1.4,-11.04,333234.63,2214.28,1753.24,0.15,12.48,8.01
Residential,0.83,-2.73,9.09,-32.64,0.64,-1.04,-223679.46,1743.98,-3166.79,0.01,12.58,7.95
Residential,0.02,0.27,4.25,12.52,-1.33,-1.04,213686.53,-2811.11,3872.79,0.08,11.59,8.63
Residential,0.65,4.33,-7.69,1.86,1.86,-1.04,381653.86,2729.96,8042.08,-0.07,6.8,14.71
Residential,-0.73,1.28,4.49,-16.67,1.31,8.96,230574.18,249.82,-2019.45,-0.2,21.14,4.73
Residential,-0.61,-2.79,-10.11,30.28,0.59,-1.04,-275959.11,-2364.35,-4367.01,0.19,13.79,7.25
Residential,0.72,2.09,11.02,-18.16,2.36,8.96,324264.88,-766.97,6978.57,0.1,6.31,15.85
Residential,1.17,-1.88,19.43,-30.67,-1.24,-1.04,-282604.03,100.28,-82.85,-0.0,5.6,17.87
Residential,-0.42,-2.07,-13.33,29.18,2.16,8.96,-159152.09,-2250.98,-2813.86,-0.04,9.63,10.38
Residential,-0.01,0.32,7.53,32.17,2.27,-1.04,200088.44,1491.84,2066.34,0.03,8.87,11.27
Residential,-0.16,-2.28,-9.85,4.89,-1.2,-1.04,-130398.27,-2387.49,-2121.64,0.06,14.39,6.95
Residential,0.43,1.56,10.76,13.49,-0.85,8.96,30002.31,-663.69,7102.8,0.11,6.04,16.57
Residential,-1.03,-0.35,-16.76,-15.37,-2.72,8.96,72141.78,-480.09,424.1,0.08,20.62,4.85
Residential,1.22,-4.13,14.96,4.64,2.51,-11.04,-406358.46,-3511.97,-5277.19,0.19,7.91,12.65
Residential,1.23,2.35,18.24,1.73,-2.15,8.96,614361.32,2569.16,11623.69,0.06,12.82,7.8
Residential,0.69,-1.27,3.65,30.37,-0.62,-1.04,-130959.19,-2700.6,1600.2,-0.2,6.59,15.18
Residential,0.09,1.02,9.2,-25.43,1.99,-1.04,-9940.28,1658.1,-1169.4,-0.09,10.73,9.32
Residential,-1.16,4.67,-14.24,23.93,0.88,-1.04,111584.47,-205.8,-2273.33,-0.19,19.69,5.08
Residential,-0.92,0.52,-9.71,23.54,1.04,8.96,240734.29,3050.54,2649.19,-0.16,10.45,9.57
Residential,0.53,3.06,2.99,27.4,-1.11,8.96,241921.44,1728.98,966.38,-0.05,18.35,5.45
Residential,-0.12,-3.3,2.45,32.92,-0.51,8.96,-308813.4,777.27,-4705.18,-0.09,25.0,3.74
Residential,0.5,-4.72,-3.59,-18.96,-1.85,-1.04,-384754.67,-1758.44,-5380.33,0.16,25.0,2.65
Residential,-1.03,2.78,-0.13,-1.03,-2.37,-1.04,-93579.8,3967.43,859.71,-0.02,14.2,7.04
Residential,0.97,-1.78,9.51,-20.31,0.02,-1.04,-117001.61,1829.79,-2004.22,-0.15,13.7,7.3
Residential,-0.88,2.95,-14.07,-11.38,-0.11,8.96,307435.99,-263.05,3783.24,-0.08,11.33,8.83
Residential,-1.1,-2.83,-17.84,14.65,-2.71,8.96,-343090.52,2961.51,-5027.11,-0.18,25.0,0.0
Residential,0.94,3.04,4.16,26.86,0.79,-11.04,682763.99,-4718.7,9402.29,0.11,9.02,11.09
Residential,-0.78,0.27,6.06,25.92,0.11,8.96,-57450.19,1945.46,-2606.99,-0.08,19.12,5.23
Residential,0.7,1.82,7.29,-8.71,0.44,-1.04,688994.52,2872.51,4259.99,-0.03,15.48,6.46
Residential,0.71,4.43,7.74,-14.83,-0.43,-1.04,267282.69,-3951.23,3272.73,-0.12,11.25,8.89
Residential,-0.45,3.28,-7.57,13.4,-2.04,8.96,277152.36,3748.42,5140.15,0.03,14.49,6.9
Residential,-0.05,-1.56,4.12,16.09,2.3,-1.04,167857.64,3041.98,2719.58,0.18,7.92,12.62
Residential,0.28,3.04,0.08,13.74,-2.61,-1.04,-236920.34,1399.15,-749.35,0.12,11.76,8.5
Residential,0.19,-4.26,4.77,27.54,-2.21,8.96,-422914.7,2202.27,-5115.06,0.14,25.0,0.0
Residential,0.67,-3.22,8.38,24.47,-1.55,8.96,-338164.22,3340.88,-4817.96,0.02,25.0,0.53
Residential,1.03,-0.68,2.78,-6.11,0.25,-1.04,-152474.22,2318.54,-1231.27,0.19,9.85,10.15
Residential,0.7,0.31,10.91,0.52,-1.31,-1.04,4435.93,2613.3,4422.56,-0.06,8.3,12.05
Residential,0.74,-1.7,-3.73,-2.51,0.5,8.96,92939.95,-3517.28,2216.55,0.17,8.5,11.77
Residential,0.09,-0.22,6.34,11.37,-0.59,8.96,179347.98,2745.0,1445.86,0.03,14.43,6.93
Residential,-0.34,-2.62,-9.38,-11.99,-1.17,-1.04,-243356.03,146.47,-3341.64,0.02,16.5,6.06
Residential,0.47,4.91,8.89,-22.62,-1.55,8.96,183996.64,278.29,5602.73,0.13,10.3,9.71
Residential,0.27,-4.3,-9.59,-32.28,1.66,-1.04,-375776.82,-372.5,-4170.94,-0.14,5.69,17.58
Residential,-0.8,2.24,-3.02,16.85,-0.05,-1.04,364054.55,-745.7,-102.58,0.11,20.0,5.0
Residential,-0.15,-0.4,-11.99,-7.44,2.51,8.96,-111656.24,551.53,927.28,-0.19,5.3,18.87
Residential,0.35,-3.79,9.02,-14.15,-0.56,-1.04,-303610.13,338.06,-3724.33,-0.04,12.74,7.85
Residential,-1.21,-3.63,-5.04,-21.96,1.53,-1.04,-343488.96,-1541.59,-5407.15,0.07,20.41,4.9
Residential,0.32,-0.44,2.85,23.63,-0.53,-11.04,158114.88,-3168.29,725.59,-0.02,13.48,7.42
Residential,-0.83,-4.59,-13.79,-23.96,2.58,8.96,-368387.37,79.14,-5975.94,-0.14,25.0,0.18
Residential,0.81,2.8,17.27,33.35,2.59,-1.04,709580.68,1405.98,6750.4,-0.09,9.48,10.55
Residential,0.27,-0.37,9.17,17.3,0.48,-11.04,-5042.93,1210.73,405.04,-0.02,9.84,10.16
Residential,-1.19,4.46,-19.0,-14.54,-1.23,-1.04,315435.02,-1164.04,-1120.79,0.12,25.0,3.59
Residential,-1.0,3.36,4.13,-7.69,-2.09,-1.04,495444.58,-1620.75,2390.57,-0.09,22.99,4.35
Residential,0.23,-1.52,9.89,-6.44,1.8,8.96,-255057.56,-2907.72,-3383.13,-0.06,8.13,12.3
Residential,-0.77,4.72,-3.8,8.89,-1.2,-1.04,300982.98,8.67,-1267.15,-0.2,25.0,3.41
Residential,-1.19,4.9,-12.85,-19.09,0.56,-1.04,61031.44,-2493.33,1826.43,0.17,8.47,11.81
Residential,-1.03,-3.7,-6.06,8.44,2.17,-1.04,-312275.5,2115.34,-5041.15,-0.1,23.26,4.3
Residential,-0.58,-4.01,7.67,25.72,2.12,8.96,-388456.32,2511.91,-4272.51,0.08,5.88,17.0
Residential,1.24,-3.94,13.68,33.33,-1.0,-1.04,-290399.95,-3859.28,-3895.41,0.05,12.05,8.3
Residential,-0.23,-0.41,0.61,5.86,0.18,8.96,-192009.39,3659.43,-3206.02,0.15,17.7,5.65
Residential,0.76,-2.63,0.98,4.86,1.75,-11.04,-331384.23,-3347.38,-2840.54,-0.1,4.35,23.01
Residential,0.62,3.43,-1.98,12.71,-0.45,8.96,301334.61,2486.06,770.52,-0.17,18.45,5.42
Residential,-0.83,2.55,-4.9,5.2,-1.89,-11.04,-236916.23,2366.92,-222.54,0.13,8.96,11.16
Residential,-0.63,-1.9,2.88,-6.32,0.65,-1.04,-145567.32,-2216.48,-2495.64,-0.14,11.22,8.91
Residential,-0.54,0.58,-7.02,-20.89,0.92,-1.04,113517.27,2021.32,519.66,-0.0,11.56,8.65
Residential,1.08,2.86,16.22,-4.7,-0.87,-1.04,344632.62,-1255.69,8695.69,-0.18,8.74,11.44
Residential,1.09,-4.25,17.88,-8.97,2.69,8.96,-298017.37,-3241.63,-4655.6,0.02,10.13,9.87
Residential,-0.29,1.17,2.32,28.76,1.15,-1.04,297397.46,1113.04,1396.17,0.08,12.71,7.87
Residential,0.55,-0.57,13.4,-34.56,-2.01,-1.04,99711.35,-1972.96,624.14,-0.08,16.81,5.95
Residential,-0.84,-3.73,-6.58,-25.58,0.31,-11.04,-294684.94,-2661.89,-4082.99,0.07,11.0,9.09
Residential,-0.73,0.34,5.82,19.92,-0.53,-11.04,-75494.47,2453.38,-3435.72,-0.02,25.0,3.26
Residential,-0.72,1.31,3.37,2.9,-1.29,-1.04,-18713.65,-2034.99,-285.6,0.15,13.35,7.49
Residential,1.05,-2.15,11.89,31.65,1.66,-11.04,-199145.82,-3334.07,-2219.59,-0.0,7.35,13.6
Residential,-0.1,-2.29,0.09,-21.93,-0.41,-11.04,-244158.14,1695.12,-1708.16,0.12,8.67,11.53
Residential,-0.02,4.95,6.93,20.13,0.68,-1.04,245261.72,2018.0,9583.81,0.08,5.91,16.91
Residential,-0.42,0.46,0.97,13.27,-2.58,-11.04,-179340.58,-2087.79,-1202.55,0.16,13.62,7.34
Residential,0.95,1.98,3.16,-33.93,-2.59,-1.04,1430.33,-1844.51,835.51,0.12,15.43,6.48
Residential,-0.5,2.19,-1.65,2.87,1.98,-1.04,271876.21,-1393.04,749.0,-0.15,11.67,8.57
Residential,-1.02,-1.67,4.06,16.15,1.54,-1.04,-34290.35,1759.88,-122.22,-0.14,8.79,11.38
Residential,1.06,2.48,-2.38,15.74,-0.21,-1.04,569179.9,2083.01,7239.92,-0.01,11.59,8.63
Residential,-0.63,4.93,6.61,-14.3,-2.28,-1.04,739948.94,489.29,3158.13,-0.11,25.0,3.47
Residential,-0.78,4.91,3.85,-29.2,1.34,-11.04,962287.31,2471.28,4749.39,0.08,16.03,6.24
Residential,-0.14,1.84,0.54,34.12,-0.68,-1.04,109399.61,2066.41,-421.75,-0.13,17.76,5.63
Residential,0.67,-0.12,12.65,22.37,1.97,-1.04,-191028.27,-228.63,-1645.99,0.11,6.9,14.49
Residential,-0.23,-3.47,9.01,-5.01,0.3,-1.04,-247288.62,-948.66,-2480.22,0.01,8.44,11.85
Residential,0.62,-3.26,-0.23,34.03,0.93,-11.04,-322527.46,2314.15,-4058.61,0.14,11.57,8.64
Residential,-0.3,2.98,-8.41,-1.59,0.16,-11.04,243358.16,1923.46,4097.11,-0.15,9.95,10.05
Residential,0.44,2.31,4.47,23.89,2.5,-11.04,137367.8,1935.06,1234.14,-0.01,8.81,11.35
Residential,-0.45,-0.34,-14.67,-12.61,-0.47,-1.04,-194495.21,3210.25,122.72,-0.14,7.5,13.33
Residential,0.21,2.35,5.8,-3.94,-1.69,-11.04,274760.54,-107.34,-495.23,-0.03,25.0,3.77
Residential,-1.11,-4.63,-10.88,-2.78,-2.39,-11.04,-390734.13,-884.86,-5814.59,-0.07,25.0,0.0
Residential,0.21,1.52,1.08,-5.81,-1.39,8.96,606258.49,-483.3,7647.24,0.11,13.77,7.26
Residential,-0.59,-1.64,-15.91,-27.14,-0.62,8.96,-277041.09,-2087.77,-3007.93,-0.09,9.59,10.43
Residential,-0.52,-0.67,-5.62,33.0,2.19,8.96,54668.32,2321.59,2048.87,-0.02,7.1,14.08
Residential,-0.28,-0.46,-7.9,25.11,-2.29,8.96,-138954.86,2853.8,-1429.32,-0.04,19.72,5.07
Residential,-1.18,-1.17,-13.48,10.98,1.92,-1.04,-37293.58,-1110.93,-3526.11,0.03,18.38,5.44
Residential,0.53,-2.57,13.85,28.54,-0.45,-1.04,-219970.36,-2028.44,-4729.32,0.19,25.0,3.51
Residential,0.82,-4.87,10.84,23.06,-1.48,-11.04,-413384.99,-2487.34,-5849.49,-0.18,25.0,0.86
Residential,-0.72,4.73,-7.28,-34.01,1.4,8.96,552555.86,-1057.59,2251.38,0.15,14.2,7.04
Residential,1.12,1.57,9.51,-4.6,0.65,-11.04,140040.43,-1760.72,5833.0,-0.03,6.46,15.49
Residential,0.65,-0.02,15.68,14.32,-2.72,-11.04,-11398.58,-3066.11,2511.02,0.05,11.93,8.38
Residential,0.25,1.33,10.18,9.5,1.65,-1.04,-27235.02,3858.82,-126.13,-0.1,9.19,10.88
Residential,-0.04,-4.68,-0.74,-16.62,-1.64,8.96,-425583.43,2149.21,-5763.17,0.09,25.0,0.0
Residential,0.6,1.8,11.56,-11.38,-1.51,-11.04,191345.97,-2751.85,2690.57,0.18,13.16,7.6
Residential,-0.2,-4.84,-0.82,13.25,2.54,8.96,-407877.19,-4005.84,-4960.96,0.01,4.19,23.85
Residential,0.93,2.83,-0.81,7.35,-0.71,-1.04,491711.82,3391.09,5555.54,0.01,13.68,7.31
Residential,-0.59,4.06,8.61,-19.84,1.42,8.96,201653.38,2960.87,5240.91,-0.15,7.13,14.03
Residential,-0.27,-0.21,-6.27,-34.05,-1.06,-11.04,-140462.13,477.63,-1005.8,0.18,11.64,8.59
Residential,-0.47,-2.02,-1.52,23.1,-1.81,-11.04,-189500.28,-77.4,-4158.73,-0.16,25.0,2.6
Residential,-0.13,-0.35,-10.79,29.17,-0.01,8.96,-15441.32,2694.05,-2984.18,-0.16,25.0,3.87
Residential,-0.13,4.12,2.43,15.36,0.1,-1.04,19736.81,-1110.66,2074.04,0.02,8.27,12.09
Residential,-0.25,-1.78,3.6,-25.86,-2.55,-1.04,68486.82,-2567.8,-464.7,0.11,21.23,4.71
Residential,0.46,-1.71,-3.04,-6.88,-2.35,-11.04,-11617.34,-1019.78,372.39,-0.04,15.67,6.38
Residential,-0.31,1.62,-10.13,22.96,0.75,-1.04,39587.76,4308.01,-1982.03,-0.05,19.01,5.26
Residential,-0.31,-2.99,-10.3,18.22,0.81,-11.04,-241243.59,-3733.23,-3166.18,0.13,8.88,11.26
Residential,-1.15,2.01,-15.39,20.95,-0.35,8.96,126906.26,1822.89,2521.38,-0.11,10.78,9.28
Residential,-0.75,0.91,-2.28,14.66,-1.8,8.96,-74466.9,3300.72,302.16,-0.07,13.93,7.18
Residential,-1.18,-2.78,-9.64,-27.74,-2.45,-1.04,-353790.44,702.81,-4932.06,0.15,25.0,0.98
Residential,0.5,4.14,-5.88,-26.3,-0.13,-11.04,195143.19,-2572.26,3822.81,-0.19,9.35,10.69
Residential,0.86,4.82,-1.65,23.98,0.4,-1.04,735015.79,3966.68,12077.09,-0.16,9.03,11.07
Residential,0.84,-2.02,-5.74,-14.64,2.11,-1.04,-102932.86,97.19,-1656.41,-0.01,9.04,11.06
Residential,-0.73,0.67,-14.25,-1.34,0.27,-1.04,-23463.23,361.25,-387.86,0.05,10.99,9.1
Residential,0.85,-4.0,12.57,-19.64,-2.52,-1.04,-370672.32,-4529.27,-4689.33,-0.07,13.11,7.63
Residential,0.16,2.6,7.7,18.21,-2.16,-1.04,-159597.1,3748.92,-567.44,0.18,14.77,6.77
Residential,-0.98,-3.79,-4.16,-2.83,2.5,8.96,-217064.07,-2440.47,-4939.86,0.19,19.65,5.09
Residential,-0.28,-0.27,-8.27,-33.41,2.73,-1.04,-32720.88,-645.19,-2881.24,0.13,13.62,7.34
Residential,-0.69,2.89,-0.44,12.03,-2.14,8.96,235907.67,262.2,3914.95,-0.12,14.84,6.74
Residential,-1.18,0.71,-2.37,-7.36,0.11,-11.04,-215555.3,-3174.34,-4004.67,-0.0,15.48,6.46
Residential,-1.21,4.95,-18.42,-1.05,-1.57,8.96,416341.58,1364.63,2457.5,0.08,20.08,4.98
Residential,-0.2,-4.76,-11.54,2.98,-2.75,-11.04,-403801.06,-3326.35,-5331.78,-0.11,25.0,3.32
Residential,0.27,2.26,6.6,34.69,2.42,-1.04,207321.03,5548.27,5210.55,0.02,6.56,15.25
Residential,-0.5,-1.25,4.83,-25.14,0.69,8.96,-22859.47,2840.23,-2963.21,-0.16,22.17,4.51
Residential,0.37,-3.58,14.15,-20.12,1.52,8.96,-226592.96,-1543.15,-2773.33,-0.0,8.25,12.12
Residential,-1.05,0.72,-4.89,26.4,-2.61,-11.04,8491.39,62.72,-1784.91,-0.02,25.0,3.39
Residential,-0.56,2.57,-3.25,11.49,-1.04,-1.04,354880.36,1021.94,1362.7,0.11,19.38,5.16
Residential,-0.01,1.45,-0.43,-15.72,2.53,-11.04,-9180.88,-1830.65,3659.48,0.06,4.75,21.04
Residential,-1.04,2.75,5.3,-0.99,-0.47,-1.04,418472.42,-2069.36,2277.54,0.1,15.75,6.35
Residential,0.25,-2.22,-5.98,-2.95,1.33,8.96,-113846.46,-2554.88,-3342.25,0.11,14.39,6.95
Residential,0.12,2.48,0.59,1.43,2.27,-1.04,474863.04,-993.13,4922.49,-0.11,8.98,11.13
Residential,-1.11,0.18,4.54,-17.81,-2.15,8.96,56414.49,708.32,-1626.93,0.01,25.0,3.54
Residential,0.55,3.99,8.49,-22.86,1.0,8.96,145089.03,-1392.92,3512.74,0.19,7.76,12.89
Residential,-0.53,3.46,5.5,11.6,-1.85,-11.04,500017.46,-1553.0,3139.56,-0.03,20.12,4.97
Residential,0.08,0.57,8.33,11.95,-2.54,-1.04,-16032.37,-1136.77,-1853.19,-0.17,25.0,3.84
Residential,-0.46,-3.39,0.27,32.94,-1.09,-1.04,-397589.68,2421.7,-3811.07,0.11,8.53,11.73
Residential,-1.17,-3.58,-0.92,18.62,1.49,-11.04,-184745.88,2640.73,-3417.56,0.17,14.68,6.81
Residential,-0.15,-3.81,-11.88,-22.6,2.17,-1.04,-316630.2,1040.65,-4174.19,0.01,9.46,10.57
Residential,-0.89,0.92,6.48,-25.04,1.53,8.96,108921.0,-3643.48,227.35,0.16,9.99,10.01
Residential,-0.65,-4.96,-12.92,5.09,2.64,-1.04,-393875.36,101.64,-5578.33,0.2,18.35,5.45
Residential,0.76,-3.87,8.63,20.65,-2.22,-1.04,-370700.19,-1569.99,-5074.83,0.12,25.0,3.17
Residential,-0.46,-2.36,-8.44,-2.91,-2.03,-1.04,-259784.46,1111.97,-2260.54,0.11,13.48,7.42
Residential,0.36,2.7,-4.7,33.32,1.52,-1.04,217648.26,136.9,3837.89,-0.06,8.01,12.49
Residential,0.59,0.15,15.94,11.62,1.07,-11.04,252174.93,2198.47,4114.96,0.02,8.87,11.27
Residential,0.88,2.57,16.05,-24.1,-0.4,-1.04,302679.84,2436.43,148.84,-0.19,20.37,4.91
Residential,-0.63,-0.86,-11.03,28.53,1.49,-1.04,-222520.46,-2918.77,-2535.0,0.16,7.52,13.29
Residential,0.01,-3.5,9.58,-33.34,1.38,8.96,-255444.24,-4194.25,-4933.98,-0.15,16.78,5.96
Residential,-0.0,1.08,7.28,15.06,-2.39,8.96,166883.67,4270.04,3305.43,0.15,16.78,5.96
Residential,-0.31,3.53,8.86,-18.23,2.19,8.96,575028.35,-848.44,5117.06,0.14,9.86,10.14
Residential,-0.55,4.59,8.34,23.05,-2.42,8.96,58751.72,1287.89,610.86,-0.06,19.19,5.21
Residential,-0.53,-2.64,-15.6,-4.51,-2.37,-1.04,-249778.35,-3637.09,-4665.02,0.11,25.0,3.17
Residential,0.46,-3.84,1.22,12.91,2.6,-1.04,-348357.88,-1382.71,-3653.88,0.19,4.85,20.63
Residential,-0.43,0.07,6.07,-28.26,-0.95,8.96,256691.94,2000.47,2423.22,-0.06,14.84,6.74
Residential,-0.21,-1.97,-13.63,-22.93,-0.89,8.96,-118827.62,-4424.47,-4100.72,0.17,24.45,4.09
Residential,0.54,-2.19,-8.99,34.18,-2.29,-11.04,-72805.48,-485.25,-746.41,0.04,16.86,5.93
Residential,-0.34,1.97,-10.57,-20.88,0.68,8.96,519872.78,3011.64,1457.93,-0.05,17.95,5.57
Residential,0.35,-3.85,3.17,10.46,0.99,-1.04,-359959.96,-197.78,-5156.75,0.13,17.54,5.7
Residential,0.58,4.05,13.32,-22.94,2.28,-1.04,524786.96,6132.07,9707.7,0.07,6.91,14.47
Residential,-1.12,1.46,-1.58,-3.45,-0.88,-1.04,353301.95,-63.12,-1247.84,0.13,25.0,3.42
Residential,-0.26,-4.8,2.75,-2.6,0.86,-11.04,-477433.97,-565.93,-6027.91,-0.01,25.0,0.0
Residential,-1.19,4.21,-2.04,27.66,-0.71,-11.04,307612.44,146.33,-1253.74,-0.14,25.0,3.71
Residential,-0.39,-2.53,-14.01,33.43,-1.41,-11.04,-211960.73,1429.41,-3220.89,-0.1,20.92,4.78
Residential,1.02,0.59,15.07,-5.5,0.9,-1.04,-898.03,-224.57,3867.0,-0.16,5.85,17.08
Residential,0.58,4.93,7.01,-0.96,-0.0,-1.04,108153.77,4221.95,7660.55,0.07,6.17,16.21
Residential,-0.67,-1.41,-7.04,15.74,2.6,-1.04,92783.87,-1787.95,-1134.43,-0.05,11.25,8.89
Residential,-0.51,4.19,4.32,8.4,0.93,-1.04,343889.22,2806.85,6820.24,0.07,8.03,12.46
Residential,1.14,-1.4,2.44,-34.63,-2.38,-1.04,-113402.07,46.33,-2646.97,-0.12,25.0,3.69
Residential,0.09,-2.14,-5.58,31.5,-1.49,8.96,-52658.16,-2348.38,-804.21,-0.17,13.99,7.15
Residential,-0.8,-3.55,0.08,-0.26,-1.25,-1.04,-368361.48,1704.72,-4253.79,-0.1,15.8,6.33
Residential,-0.7,3.62,-1.27,-18.1,1.98,8.96,405138.7,5090.38,-347.46,0.03,18.66,5.36
Residential,-0.32,-4.89,-4.76,32.34,-2.31,-1.04,-403764.85,-4397.41,-5265.52,0.16,14.73,6.79
Residential,0.58,-3.61,8.65,20.11,1.6,8.96,-350710.75,-1830.17,-4800.34,-0.05,9.86,10.14
Residential,0.9,-2.8,-3.31,8.59,-2.34,-11.04,-296478.58,363.18,-3907.07,0.04,25.0,3.91
Residential,0.66,4.63,2.37,18.22,-1.72,-1.04,618524.36,-221.14,10656.62,-0.11,12.11,8.26
Residential,0.58,1.31,3.43,-31.94,1.68,-1.04,304818.51,-3279.93,3972.55,0.05,8.4,11.9
Residential,-1.14,-4.49,-2.17,-9.66,-1.96,-1.04,-333354.75,-2695.95,-4881.88,0.17,23.81,4.2
Residential,0.75,-4.47,0.14,-34.17,1.39,-1.04,-308123.72,2557.44,-4632.11,0.11,18.73,5.34
Residential,1.13,3.44,18.72,-31.2,2.41,-1.04,286335.46,542.69,15096.64,0.19,3.71,26.98
Residential,-0.22,1.05,-7.3,-28.81,1.92,-1.04,82930.43,683.09,-1760.76,0.18,14.56,6.87
Residential,1.22,1.14,3.37,-12.06,2.23,-1.04,280465.26,4241.3,6623.45,0.1,6.49,15.42
Residential,-0.08,4.98,-2.0,6.41,-0.81,8.96,607504.38,-966.06,3944.07,-0.08,17.09,5.85
Residential,-0.91,-3.07,1.55,-1.8,2.18,-1.04,-249991.57,-1225.39,-4401.52,-0.14,13.53,7.39
Residential,1.18,0.3,15.85,22.41,0.85,-1.04,47717.44,-282.96,2644.01,-0.14,7.43,13.45
Residential,0.93,-1.08,2.25,5.8,-0.61,8.96,33883.03,-2224.07,1642.7,-0.16,9.83,10.17
Residential,0.1,2.27,-11.44,14.84,-0.47,-1.04,520241.71,-3472.53,4109.34,-0.2,14.08,7.1
Residential,1.04,-3.53,18.37,-20.87,-1.45,-1.04,-330692.23,-2415.5,-4651.24,0.01,17.99,5.56
Residential,-0.61,-1.87,3.13,11.77,-2.2,-11.04,-274677.32,1018.43,-3053.62,-0.08,17.95,5.57
Residential,-0.86,-2.61,-1.81,-26.81,-1.62,8.96,-267478.23,-689.67,-4499.62,-0.19,25.0,3.19
Residential,-0.92,-3.92,-4.17,-8.14,-0.28,8.96,-343404.87,-797.04,-5145.13,-0.04,25.0,3.94
Residential,0.42,4.95,4.52,4.9,1.63,-1.04,408568.37,2645.94,5529.4,0.03,8.83,11.33
Residential,0.73,2.58,1.24,22.67,0.59,-11.04,53415.66,1760.62,1907.01,0.08,8.83,11.33
Residential,-0.92,0.05,-3.27,21.19,-0.84,-1.04,-50639.19,1862.52,-1902.87,0.16,18.76,5.33
Residential,0.33,-3.64,2.96,-12.09,1.4,-1.04,-382097.71,-2640.15,-4859.84,0.06,7.25,13.79
Residential,-1.21,1.98,-7.94,-14.88,1.1,-11.04,114005.13,4351.96,2279.63,0.16,9.1,10.99
Residential,0.66,-1.47,-8.38,-8.6,0.2,8.96,-172148.06,-3046.62,-1863.94,0.03,9.12,10.96
Residential,-0.79,-1.47,-16.86,3.47,-2.34,-1.04,-28040.33,569.61,-3443.25,0.07,25.0,1.99
Residential,0.74,-3.32,14.45,-33.34,2.42,8.96,-270709.77,-2457.23,-1780.23,-0.16,4.55,21.98
Residential,0.96,4.16,11.49,32.49,0.9,-1.04,850335.55,-262.28,6827.49,-0.09,12.69,7.88
Residential,-1.19,-3.1,-2.28,-15.35,-0.55,8.96,-301351.78,1062.87,-4367.57,0.04,21.19,4.72
Residential,0.73,2.91,10.65,14.19,-1.83,-11.04,438666.39,-34.75,10357.29,0.09,10.54,9.49
Residential,-0.69,1.51,-16.12,-22.72,-0.84,8.96,-140956.66,1510.8,-1989.88,0.05,14.84,6.74
Residential,0.48,1.13,7.57,27.25,-2.75,-1.04,342032.15,3004.4,936.63,0.11,25.0,3.06
Residential,0.56,3.36,2.01,33.33,0.99,-1.04,165646.01,1622.62,4820.13,-0.03,7.31,13.68
Residential,0.21,3.73,-7.92,-22.12,1.42,-11.04,260768.59,248.51,3553.61,-0.16,8.89,11.25
Residential,0.13,1.36,-8.19,1.94,-1.02,-1.04,115668.25,3315.26,-1615.49,-0.13,25.0,3.72
Residential,-0.42,0.36,4.87,5.7,1.03,8.96,-45813.91,-2667.45,-3211.45,-0.13,17.01,5.88
Residential,-0.83,-1.87,-14.5,-22.15,0.08,-1.04,-286681.73,1760.33,-3534.5,-0.19,12.29,8.14
Residential,1.02,-3.2,1.54,11.88,-0.74,8.96,-218315.51,-3160.19,-1888.94,0.15,8.96,11.16
Residential,0.25,2.53,8.01,26.78,-0.48,-11.04,344213.02,2431.68,385.35,0.18,20.88,4.79
Residential,0.46,-3.44,5.53,-3.61,-2.14,-11.04,-277395.4,721.61,-4338.23,-0.01,25.0,2.46
Residential,0.41,-3.04,8.79,-10.44,0.82,-11.04,-238107.85,-2809.84,-4223.24,-0.06,14.31,6.99
Residential,-1.15,3.77,3.16,-29.53,-1.72,-1.04,556446.88,-1338.95,827.61,0.17,25.0,3.55
Residential,0.22,-1.8,-5.56,-0.16,-1.08,-11.04,-104930.73,-1184.33,-97.06,-0.14,10.28,9.73
Residential,0.28,-3.44,13.86,15.58,-1.47,-1.04,-236369.32,-2815.09,-2121.98,-0.07,10.21,9.79
Residential,-0.34,-4.69,-2.27,18.51,2.13,-11.04,-446268.96,2896.81,-5736.3,-0.1,25.0,0.0
Residential,0.85,1.25,-6.8,4.8,-1.04,8.96,132549.26,3259.78,2656.39,0.06,12.45,8.03
Residential,0.71,0.12,10.55,15.61,-1.63,-1.04,89851.83,1331.73,699.83,-0.0,16.58,6.03
Residential,-0.36,-3.41,-12.97,16.64,-2.21,-1.04,-210665.4,-1110.88,-3172.52,0.08,20.96,4.77
Residential,1.12,-4.95,0.99,-1.29,-1.9,-1.04,-416777.52,-659.92,-5604.17,0.18,25.0,0.0
Residential,-1.2,-2.87,-4.48,-9.83,-2.51,-1.04,-310251.12,-2248.56,-5259.84,-0.04,25.0,1.53
Residential,0.97,-1.51,14.79,16.95,0.17,-1.04,-11120.83,-1106.16,1897.72,-0.07,7.84,12.76
Residential,0.33,-1.09,7.28,-34.22,-1.57,8.96,-95522.01,91.65,-2934.45,-0.05,25.0,3.93
Residential,-0.25,4.79,0.82,-19.54,0.91,-11.04,616654.4,-3977.49,5437.68,0.01,11.25,8.89
Residential,-0.53,1.17,7.86,29.14,1.82,-1.04,183915.93,4976.49,-432.58,0.14,14.45,6.92
Residential,1.12,3.25,13.27,14.3,-2.75,-11.04,248325.58,-1325.56,799.68,-0.09,25.0,3.98
Residential,-0.73,-4.56,-7.29,10.64,-1.97,-11.04,-419299.69,-2736.13,-5722.99,0.18,25.0,1.59
Residential,0.2,2.28,-0.55,-1.26,-1.07,-1.04,318968.3,-322.6,657.37,0.03,20.08,4.98
Residential,-0.72,-1.39,5.68,-22.87,-0.19,-1.04,1744.91,-2405.87,-589.22,0.04,12.08,8.28
Residential,1.0,4.54,13.37,-11.34,-0.34,-1.04,812035.21,62.36,5701.4,-0.07,16.21,6.17
Residential,-0.41,-1.96,-3.41,-9.91,2.17,8.96,-169417.17,2670.42,-3455.12,0.05,14.14,7.07
Residential,0.44,0.28,1.95,30.05,-0.64,8.96,60878.23,3289.8,46.12,0.12,15.27,6.55
Residential,-0.03,4.86,-5.96,0.6,-2.35,-11.04,761635.56,-2783.34,4731.83,-0.12,23.53,4.25
Residential,-0.5,-1.77,-3.81,18.98,1.22,-1.04,-103849.64,-850.13,-1648.48,0.2,9.86,10.14
Residential,-0.68,3.88,-4.55,-20.8,2.47,8.96,112287.59,-1795.43,2079.76,-0.12,7.22,13.86
Residential,-0.81,-1.63,-13.69,16.52,-0.78,-11.04,-154883.86,3189.96,-3935.54,0.07,25.0,2.55
Residential,1.02,4.28,12.72,34.4,1.19,-11.04,535518.78,-3011.33,9512.02,-0.18,7.53,13.28
Residential,1.19,1.81,11.75,-6.41,-2.22,-1.04,76564.38,3131.57,11733.69,-0.13,6.54,15.28
Residential,-0.61,3.49,-5.52,-30.56,1.87,-11.04,216920.53,-861.02,803.05,-0.06,10.94,9.14
Residential,1.11,0.09,-1.97,-22.14,1.82,-1.04,-19258.01,-58.97,150.07,0.17,8.08,12.37
Residential,-0.32,-1.96,7.2,-18.82,-1.12,8.96,-164810.98,1145.03,-3222.28,-0.07,22.47,4.45
Residential,-0.05,0.93,7.98,-9.14,-1.47,-1.04,320534.91,3747.81,2917.55,-0.11,17.42,5.74
Residential,0.36,-2.69,9.21,7.8,-1.61,8.96,-299364.85,-259.53,-2897.05,0.14,11.17,8.95
Residential,-0.04,-3.13,-11.36,32.4,-1.18,-11.04,-226667.84,-182.76,-4833.62,0.01,25.0,1.99
Residential,-0.86,4.99,-6.09,27.54,-2.21,-1.04,615786.77,1511.59,5633.47,0.12,20.04,4.99
Residential,0.78,0.91,2.46,-12.07,1.74,-1.04,-68520.72,207.9,1687.5,0.12,5.83,17.16
Residential,-0.74,-1.96,-5.55,-16.32,2.74,-1.04,-244516.53,-1858.91,-3402.5,0.2,7.97,12.55
Residential,-0.2,-1.68,-3.58,-30.89,2.63,-1.04,-141005.26,-1822.82,-3570.36,0.14,12.59,7.94
Residential,-1.1,-4.58,2.17,-8.76,2.24,8.96,-454655.58,-4487.18,-5729.35,-0.06,5.29,18.89
Residential,-1.02,3.87,-13.22,1.17,1.41,8.96,195545.51,-1078.51,-82.12,-0.11,12.84,7.79
Residential,-0.49,1.05,8.35,3.14,0.24,8.96,141058.67,2282.76,-353.63,0.08,15.8,6.33
Residential,1.19,1.24,-1.42,11.43,-0.97,-1.04,49304.33,2050.62,4742.29,-0.06,8.18,12.23
Residential,0.88,1.04,3.68,-19.27,-0.94,8.96,-149671.23,-2551.62,2170.51,-0.07,6.12,16.33
Residential,0.61,2.63,3.22,-18.57,-1.12,8.96,-165604.99,2279.09,1248.89,0.1,7.58,13.19
Residential,-1.08,-2.55,-1.88,-30.89,-0.72,-1.04,-150113.85,2087.64,-4690.75,-0.15,25.0,1.36
Residential,0.55,-3.47,-3.71,-17.24,-2.32,8.96,-276961.26,731.76,-3461.07,0.03,22.17,4.51
Residential,-0.91,1.75,-5.21,3.17,1.04,8.96,-36324.41,4195.97,3233.67,-0.16,6.03,16.58
Residential,-0.99,1.77,-14.48,-29.61,2.46,8.96,225066.1,725.25,1390.63,0.02,9.75,10.26
Residential,0.8,-4.16,7.48,24.66,-0.75,8.96,-303668.2,1713.3,-3367.54,0.07,12.36,8.09
Residential,0.33,1.19,-8.71,-18.82,2.18,-11.04,71691.5,4700.67,19.67,0.04,10.4,9.62
Residential,-0.08,-3.74,-6.93,12.32,2.69,-11.04,-318804.56,-802.06,-3847.8,0.09,6.66,15.02
Residential,1.09,-1.43,4.03,19.16,-0.03,-1.04,-232181.28,780.09,-1445.18,0.2,7.73,12.94
Residential,0.84,-1.98,7.51,27.71,1.03,-11.04,12666.71,-63.68,1786.45,-0.1,7.55,13.25
Residential,0.94,-4.7,4.49,-24.36,0.84,-1.04,-401960.75,-2166.53,-5630.39,0.17,17.83,5.61
Residential,0.63,3.19,-2.2,31.18,-1.11,8.96,-16656.34,-221.22,-1413.25,0.01,17.33,5.77
Residential,-0.21,-4.47,-6.02,-24.23,-0.03,8.96,-351754.83,859.41,-4953.43,-0.12,23.15,4.32
Residential,0.96,-3.0,-0.7,-18.65,-1.79,-1.04,-95050.22,-2883.69,-2587.45,-0.17,19.96,5.01
Residential,0.61,3.54,4.6,19.35,-0.9,-1.04,212378.92,3701.86,7628.25,0.03,8.42,11.87
Residential,-0.29,-4.79,-0.94,-0.14,-2.29,-1.04,-402252.68,-3632.92,-5798.53,-0.08,25.0,1.99
Residential,-0.21,-2.94,1.19,-21.09,-1.28,8.96,-310036.61,-1759.85,-2109.45,0.12,7.0,14.29
Residential,-0.13,4.27,-11.07,-19.08,-0.86,-1.04,183279.12,-3232.15,6154.94,-0.1,8.26,12.11
Residential,0.83,-4.58,4.93,-18.9,-2.38,8.96,-439334.55,36.03,-5534.26,0.13,25.0,0.0
Residential,0.11,-2.06,2.38,-5.01,-0.63,-11.04,-147839.81,754.69,-2610.28,0.08,16.29,6.14
Residential,-1.24,1.38,-1.59,-26.62,-0.86,-1.04,122442.45,5232.74,1800.08,0.16,13.91,7.19
Residential,0.74,4.75,-3.63,20.96,-1.06,8.96,503144.14,-1307.82,13763.99,-0.13,7.99,12.51
Residential,-1.25,0.86,-4.95,15.88,1.95,-1.04,-76660.14,-1717.11,-3813.52,-0.0,18.21,5.49
Residential,-0.87,-4.25,-5.56,1.66,-2.07,-1.04,-271344.32,-1379.19,-5112.07,0.2,25.0,1.49
Residential,0.07,-1.09,9.26,-4.59,2.2,-1.04,-129640.93,-597.25,-4177.32,-0.13,19.19,5.21
Residential,-1.1,1.59,-13.84,-34.43,2.6,-1.04,32019.6,2614.08,-3037.25,0.18,18.76,5.33
Residential,-0.68,1.95,-11.9,18.69,1.78,-1.04,107478.24,3488.25,-645.82,-0.0,12.95,7.72
Residential,0.04,-2.07,-5.13,-1.46,1.17,-11.04,-116856.53,2765.69,-2261.64,0.02,12.59,7.94
Residential,-0.25,-1.99,-8.92,13.35,2.69,8.96,-365353.04,-3374.05,-4524.8,0.14,5.62,17.79
Residential,-0.66,-4.73,-15.02,25.35,1.13,-1.04,-437277.95,-4809.84,-5589.51,0.17,7.39,13.53
Residential,-1.15,0.6,-8.66,14.05,0.48,-1.04,56202.07,-1784.9,759.71,-0.17,9.93,10.07
Residential,1.08,-4.57,-5.08,-30.86,1.88,8.96,-366040.66,-2015.63,-4690.53,0.16,7.48,13.37
Residential,0.82,0.1,3.51,20.45,-1.78,8.96,19967.76,2167.55,-1887.67,-0.09,25.0,3.59
Residential,0.59,3.44,-6.13,5.14,0.55,-11.04,363659.84,-1699.89,2542.85,0.18,12.39,8.07
Residential,0.4,0.19,8.11,-34.63,2.42,-1.04,-316080.75,-685.99,-3401.72,-0.05,5.88,17.02
Residential,-0.62,-0.04,-2.46,-3.83,2.61,-1.04,-253535.65,4176.47,-3401.97,-0.11,9.94,10.06
Residential,0.73,-0.74,14.71,17.1,0.01,-1.04,-137568.78,1103.21,-3352.63,0.09,20.04,4.99
Residential,0.45,2.27,10.25,0.1,-1.54,-1.04,-206255.73,4819.26,-985.99,0.15,12.35,8.1
Residential,0.94,2.72,14.99,19.12,-1.65,-11.04,391083.09,2128.53,6744.5,-0.17,12.89,7.76
Residential,-0.93,1.82,6.76,13.84,0.61,8.96,250008.96,2376.01,-697.71,0.06,18.83,5.31
Residential,0.59,3.64,0.99,-9.33,1.59,-1.04,215677.07,664.31,5682.99,0.08,6.69,14.95
Residential,0.35,-3.95,-7.81,18.8,0.58,-1.04,-217555.94,1471.65,-3205.69,-0.17,13.05,7.66
Residential,1.23,2.01,8.42,-10.79,-0.68,-11.04,-213479.76,-2143.88,-699.75,0.02,7.28,13.74
Residential,0.52,0.14,-2.01,-29.59,0.99,8.96,102817.81,-1495.65,-598.74,-0.14,12.66,7.9
Residential,-1.24,-0.7,-8.57,30.71,1.59,-11.04,-56906.73,602.03,-866.85,-0.1,9.29,10.77
Residential,-0.9,4.75,-17.21,25.38,-2.11,-11.04,-17418.82,-2702.72,-696.29,-0.11,16.72,5.98
Residential,0.42,-0.79,-2.39,-13.25,-1.63,-11.04,555.26,-3997.73,445.93,0.19,12.47,8.02
Residential,-0.46,-3.66,-0.1,-0.25,-0.59,-1.04,-345799.87,-2382.78,-5203.57,-0.18,21.65,4.62
Residential,-0.56,1.49,-9.54,34.29,0.48,-1.04,53788.27,-1769.34,2301.76,-0.0,8.06,12.41
Residential,-0.55,0.5,-12.89,21.4,-0.77,8.96,-186820.07,4841.61,-2085.95,0.02,15.29,6.54
Residential,-0.47,-4.35,-13.21,4.86,-1.53,8.96,-418492.15,-1341.76,-5960.69,-0.15,25.0,0.0
Residential,0.05,-1.51,7.23,25.14,-0.09,-1.04,-195508.15,229.53,-1935.39,0.16,10.01,9.99
Residential,0.16,0.43,7.85,-15.87,1.34,-1.04,48047.78,2057.01,-178.88,-0.15,10.92,9.16
Residential,0.08,-1.78,-3.55,-17.96,0.95,-1.04,-36911.91,3341.39,-411.1,0.11,10.37,9.64
Residential,-0.01,0.81,7.71,4.18,1.32,-1.04,276762.99,3623.62,4957.45,-0.0,8.31,12.04
Residential,0.99,3.69,-4.82,-14.19,2.56,-11.04,237528.25,2731.21,1867.52,0.05,9.46,10.57
Residential,1.01,-4.27,12.73,23.77,-0.56,-1.04,-393462.52,-4274.21,-5263.5,0.03,10.63,9.41
Residential,-0.4,-1.8,-0.4,34.19,-2.09,-1.04,84811.66,-3496.24,-1587.26,0.02,23.75,4.21
Residential,-0.66,-1.32,-9.02,-21.24,0.26,-11.04,-97645.62,-3711.0,-2400.77,-0.07,12.64,7.91
Residential,0.01,1.97,10.07,3.98,-2.63,-1.04,115066.82,-3295.64,2430.02,0.01,14.97,6.68
Residential,1.14,-3.69,15.53,22.8,-1.33,-11.04,-324872.46,-1484.38,-2304.75,0.11,6.84,14.62
Residential,-0.78,4.95,3.7,-15.39,1.91,8.96,555115.98,-68.79,1915.87,-0.17,14.16,7.06
Residential,1.08,1.27,-2.06,32.39,-0.73,-1.04,502807.66,-1839.55,1983.14,0.01,18.73,5.34
Residential,-0.1,4.0,1.73,0.36,1.57,8.96,738757.58,1692.57,2381.5,0.08,16.84,5.94
Residential,0.48,-3.75,13.37,32.54,-1.12,-1.04,-410769.16,-375.92,-5384.76,0.11,25.0,2.55
Residential,0.4,2.33,3.55,-31.33,0.87,8.96,-185513.34,2424.51,-1129.12,-0.16,7.81,12.8
Residential,-0.32,-1.23,0.06,-6.55,1.53,-1.04,-24170.12,172.78,-2588.74,0.07,15.22,6.57
Residential,1.0,1.25,16.76,-18.35,-1.51,-1.04,-132517.67,-849.33,3581.9,0.07,6.29,15.9
Residential,-0.14,0.35,2.23,-1.53,0.14,8.96,390075.49,-2567.09,560.67,0.1,17.33,5.77
Residential,-0.07,0.89,0.88,-21.22,1.63,-11.04,-126386.45,-57.07,955.82,-0.12,5.56,17.97
Residential,0.5,-0.32,-1.43,10.9,-1.32,-11.04,-119437.65,-2388.39,5293.75,-0.09,5.2,19.23
Residential,-1.09,-2.95,2.46,-29.77,0.19,-1.04,-318552.1,-3311.58,-4685.53,0.13,12.9,7.75
Residential,1.19,1.14,4.04,-11.96,-0.45,8.96,295716.94,900.95,8414.7,0.08,8.01,12.49
Residential,-1.17,2.63,-9.13,-22.96,1.03,-1.04,347374.03,1003.55,845.17,-0.02,14.88,6.72
Residential,0.97,3.19,10.3,26.03,-1.35,8.96,416669.96,1877.44,9050.11,-0.06,10.46,9.56
Residential,0.21,0.87,4.95,-17.44,-1.4,-1.04,309884.02,2642.48,1964.2,0.16,18.76,5.33
Residential,0.87,3.93,9.62,-6.91,2.11,-1.04,914819.44,-843.41,11194.6,0.09,8.55,11.7
Residential,-0.17,-2.73,-6.76,24.03,0.24,-1.04,-46970.69,-2279.47,-3419.02,-0.1,20.92,4.78
Residential,-0.88,-1.22,6.51,-9.69,-1.26,8.96,-91463.97,1669.23,-3599.02,0.11,25.0,2.72
Residential,-0.22,4.69,-6.95,31.23,1.05,8.96,240926.23,3086.2,3523.48,0.09,9.43,10.6
Residential,0.48,-2.15,-1.91,-6.2,2.27,8.96,-59384.48,-3905.28,-861.12,0.06,7.74,12.92
Residential,0.16,-4.95,-10.59,21.75,2.62,8.96,-471157.64,-4335.13,-5640.72,0.12,3.74,26.72
Residential,0.42,3.06,-0.59,33.51,-2.34,-1.04,573687.52,-1210.98,5682.9,0.06,18.76,5.33
Residential,0.1,4.11,-0.52,27.12,-1.05,-1.04,685971.15,1177.97,10149.68,-0.03,11.92,8.39
Residential,0.57,3.48,-2.55,-10.36,1.42,-11.04,840920.76,5178.85,8421.36,0.02,10.98,9.11
Residential,-1.2,1.58,3.79,-33.47,2.32,8.96,-154651.13,-753.26,-2140.14,-0.1,8.32,12.02
Residential,1.07,3.17,12.9,28.22,-1.55,8.96,410237.38,3247.29,11950.64,-0.01,9.09,11.0
Residential,0.33,1.29,-7.96,18.31,-1.91,-1.04,-67884.05,-2209.84,2011.5,-0.06,9.49,10.54
Residential,-0.4,-2.84,7.8,-7.88,-1.59,-1.04,-203282.33,2546.44,-1999.1,0.06,15.17,6.59
Residential,0.21,-2.91,2.48,-18.4,2.08,-1.04,-231752.47,2597.78,-2854.09,0.01,8.9,11.24
Residential,-0.45,1.72,-10.06,2.24,2.37,-1.04,112622.21,701.34,903.18,-0.03,8.83,11.32
Residential,-0.86,4.13,0.64,-21.96,0.35,8.96,24309.86,2397.32,4731.28,-0.17,6.32,15.83
Residential,-0.25,4.38,10.07,18.99,1.18,8.96,166225.47,4154.19,5513.55,-0.14,6.88,14.54
Residential,0.18,0.04,11.66,-22.28,-2.16,-1.04,-108439.16,-2085.54,-2192.27,0.13,19.53,5.12
Residential,0.85,-2.93,3.4,19.73,0.78,8.96,-252047.84,1658.36,-1599.55,-0.16,6.61,15.12
Residential,1.09,-1.42,-3.73,-23.57,0.82,8.96,-231481.11,-1823.57,-1749.85,-0.05,6.73,14.85
Residential,-0.42,-0.7,-7.76,5.41,0.09,-1.04,-262844.72,4498.08,-3135.91,-0.08,13.7,7.3
Residential,-0.73,-2.59,2.96,31.34,0.39,8.96,-288893.52,1322.29,-3201.42,-0.04,9.57,10.45
Residential,0.15,0.44,-2.95,22.47,1.27,-1.04,-47263.11,-601.45,-198.43,0.03,8.53,11.72
Residential,-0.71,3.13,-3.46,28.21,-0.84,-1.04,450605.78,-812.13,5428.72,-0.13,12.76,7.84
Residential,-0.45,2.97,-7.5,-20.69,-1.33,-1.04,415157.16,-1106.67,850.83,-0.16,22.52,4.44
Residential,-0.84,-0.42,-8.36,-2.63,1.34,-1.04,-16690.21,3139.68,-2778.2,-0.15,18.98,5.27
Residential,0.37,-1.52,-3.03,15.23,-1.4,-1.04,-61396.38,-3523.19,-2284.29,-0.09,17.89,5.59
Residential,-0.62,0.36,4.64,8.14,1.37,-1.04,-74352.51,-1326.38,-2824.42,0.18,14.06,7.11
Residential,0.02,-4.82,-9.42,-4.36,1.56,-1.04,-463264.46,-4327.83,-5528.58,0.06,5.24,19.07
Residential,0.25,0.8,3.69,-30.95,1.31,-11.04,-28842.13,259.7,490.36,0.05,8.04,12.44
Residential,0.46,-1.11,-4.35,31.99,-0.37,-1.04,-58138.17,-604.83,-1709.36,-0.12,14.49,6.9
Residential,0.64,-3.79,8.33,24.38,1.87,-1.04,-396729.26,-1771.02,-4665.75,-0.15,5.5,18.17
Residential,0.02,-1.8,9.41,-32.97,-0.9,-1.04,-236137.98,3287.76,-965.85,-0.0,8.74,11.44
Residential,0.06,1.51,-2.84,-18.91,0.51,-1.04,-28717.37,1005.99,143.79,-0.13,9.66,10.35
Residential,1.08,-3.25,15.51,28.12,2.14,8.96,-279658.31,-1862.2,-2663.02,-0.18,5.69,17.56
Residential,-0.34,-0.29,6.59,-9.09,0.41,-1.04,-61392.95,-1634.17,-1624.87,-0.08,12.02,8.32
Residential,1.03,-0.84,2.37,1.37,1.14,-11.04,-24922.02,4321.58,132.25,-0.15,9.57,10.45
Residential,0.73,-3.95,-6.48,30.77,-0.33,-1.04,-279683.53,211.78,-2009.95,-0.06,7.35,13.6
Residential,-0.45,-0.23,3.6,-2.75,2.24,8.96,-170153.01,-3449.69,-2416.4,0.08,7.97,12.55
Residential,0.99,-3.98,16.58,13.09,0.2,-1.04,-400859.4,-2007.84,-5072.1,-0.13,9.8,10.2
Residential,1.23,0.36,6.71,26.85,0.37,8.96,-80913.26,1267.02,2717.04,-0.01,6.06,16.51
Residential,-0.48,0.49,0.79,13.56,2.14,-1.04,-278742.6,-1209.58,-1965.68,-0.05,4.85,20.61
Residential,0.7,4.9,14.02,-23.1,-2.23,-1.04,539277.26,-2327.24,4667.56,-0.02,19.05,5.25
Residential,-0.19,-3.11,8.41,-26.55,2.61,-1.04,-71297.24,1609.63,-1197.32,0.06,8.64,11.57
Residential,-0.97,2.48,5.89,-17.93,-1.64,-1.04,66030.33,1970.05,-2589.83,-0.04,25.0,2.7
Residential,0.21,2.89,13.17,-9.89,0.9,-1.04,346211.39,400.23,-351.57,-0.03,18.25,5.48
Residential,0.41,3.62,-4.67,13.54,0.21,8.96,436083.34,-2136.55,6660.8,-0.13,9.5,10.53
Residential,1.07,-2.69,10.94,-7.72,-1.5,8.96,-190422.38,17.94,-3197.1,0.12,20.62,4.85
Residential,-0.59,-2.07,4.92,-12.54,0.52,8.96,-256216.88,1206.01,-4751.21,-0.06,25.0,3.39
Residential,0.91,-0.64,5.28,9.42,-0.96,8.96,89187.29,1467.53,-1334.1,0.01,21.74,4.6
Residential,0.07,2.84,0.87,15.79,-0.58,-1.04,139687.07,1567.4,8004.03,0.19,6.75,14.81
Residential,0.44,1.8,4.78,22.22,0.98,8.96,-178966.08,362.86,-699.56,0.1,6.82,14.66
Residential,0.75,4.77,-4.47,-19.1,-1.49,8.96,417819.16,-3369.81,-9.03,-0.09,25.0,3.98
Residential,-0.45,-4.66,-9.54,30.05,-2.7,-11.04,-396045.02,-3943.49,-5014.4,-0.09,18.08,5.53
Residential,-0.67,1.53,-9.06,-27.64,-1.06,-11.04,404197.47,1369.61,5407.79,0.02,13.02,7.68
Residential,1.16,3.07,1.55,25.29,0.79,8.96,238879.48,3579.05,9343.07,-0.07,5.95,16.82
Residential,0.34,-4.49,-1.0,14.66,0.84,8.96,-372877.0,1124.66,-5059.63,0.13,17.64,5.67
Residential,1.13,0.52,-3.67,21.24,-1.67,-1.04,-17870.67,-281.07,526.78,-0.03,13.23,7.56
Residential,-0.11,-4.21,-8.49,7.43,-2.55,-11.04,-410301.72,-3187.07,-5567.38,0.02,25.0,2.27
Residential,0.2,-0.3,-6.28,32.32,0.7,-1.04,-201339.27,1317.63,-475.76,-0.2,6.42,15.57
Residential,0.11,3.35,-2.56,24.38,-0.56,-1.04,457822.14,2032.35,7655.74,0.18,10.58,9.45
Residential,-0.6,-0.39,-15.49,16.12,1.17,-1.04,-70381.87,3208.96,-1971.2,0.2,13.3,7.52
Residential,0.35,2.57,0.53,30.72,-0.69,-1.04,504624.67,550.45,4750.11,-0.07,14.31,6.99
Residential,-0.08,0.83,-5.61,16.73,-1.16,-1.04,23336.13,4395.64,996.26,0.15,13.7,7.3
Residential,0.68,4.47,-3.97,-21.23,-1.28,-11.04,323646.27,-1551.23,1845.97,0.03,17.21,5.81
Residential,0.53,0.94,7.27,20.54,-1.04,-1.04,-157676.26,599.39,-31.12,-0.2,9.07,11.03
Residential,-0.55,-3.62,-5.62,-19.27,1.84,-1.04,-257437.99,-1770.41,-4699.74,-0.12,15.97,6.26
Residential,0.74,3.54,14.96,26.1,0.58,8.96,411204.64,-731.65,6495.41,-0.06,9.02,11.09
Residential,-0.6,1.98,-12.24,-33.8,-1.11,-1.04,236594.85,5222.89,3108.94,0.19,14.56,6.87
Residential,-1.06,-3.15,3.0,1.6,0.12,8.96,-149705.12,-2268.52,-4474.35,-0.1,25.0,3.75
Residential,-0.02,-1.78,-5.94,-10.96,-2.43,-1.04,-184543.7,2307.89,-200.63,0.13,12.63,7.92
Residential,-0.98,4.69,-6.2,-16.92,1.99,-1.04,339002.27,3843.48,5152.1,-0.02,8.15,12.27
Residential,-0.78,-1.06,2.33,-18.76,-1.27,-1.04,7654.78,510.19,-1865.44,-0.09,21.88,4.57
Residential,0.13,2.08,6.62,-10.88,1.96,8.96,-89572.89,3136.62,247.43,-0.17,6.99,14.31
Residential,-0.71,4.91,-2.93,4.53,1.29,8.96,156836.92,2541.31,2421.25,0.14,9.1,10.99
Residential,-0.67,2.26,-0.25,2.96,2.59,-1.04,314955.42,-1528.06,-1720.2,0.02,17.89,5.59
Residential,0.19,2.64,-9.34,-23.38,-0.55,-1.04,41900.25,-128.44,-120.86,0.08,13.57,7.37
Residential,1.07,-0.19,7.2,20.42,0.51,8.96,-26208.01,-1591.46,3302.73,-0.12,6.08,16.44
Residential,-1.07,2.18,-17.96,2.73,2.38,-1.04,601206.04,1026.78,2248.57,-0.01,13.64,7.33
Residential,0.74,-3.02,-0.85,-9.53,1.05,-11.04,-241103.8,2138.21,-2216.58,0.06,7.99,12.51
Residential,-0.62,4.49,-12.02,-21.59,1.82,-1.04,430747.52,2708.35,6493.9,0.14,8.14,12.28
Residential,0.03,-1.28,2.48,25.54,1.11,-1.04,-137627.9,-726.16,-1833.46,-0.18,9.51,10.51
Residential,0.05,-0.56,5.9,12.78,1.7,-1.04,-161832.39,-2273.62,-1221.68,0.01,6.86,14.57
Residential,0.95,2.39,8.84,-12.6,0.91,-1.04,-18184.87,3757.44,-259.09,-0.14,10.68,9.36
Residential,-0.81,4.93,4.91,-29.48,0.57,8.96,229322.94,-710.88,-214.72,-0.06,15.58,6.42
Residential,1.23,1.27,10.51,-3.63,-0.44,-1.04,-35926.13,-3326.38,-113.76,-0.02,10.4,9.62
Residential,0.76,2.44,-0.13,34.4,2.54,-1.04,70174.43,1122.29,638.55,-0.11,8.41,11.89
Residential,0.29,-2.03,-2.0,-3.12,-0.21,-1.04,-298155.93,1496.73,-3304.2,-0.17,10.79,9.27
Residential,0.58,1.6,13.77,30.64,2.09,-11.04,307103.78,-886.21,5302.55,-0.09,7.29,13.72
Residential,0.17,1.67,6.56,20.77,-0.93,-1.04,388924.84,7.59,3703.22,-0.15,14.49,6.9
Residential,1.12,-1.45,14.7,32.67,-1.11,-11.04,-159629.41,2644.18,1459.19,-0.12,7.54,13.26
Residential,-0.22,4.63,0.15,5.52,-1.75,-1.04,30281.15,4660.16,7447.92,-0.02,7.47,13.38
Residential,-1.05,1.43,-0.75,-2.02,-1.44,8.96,35190.53,-2564.13,-2241.13,0.04,23.04,4.34
Residential,-1.05,2.14,2.74,-27.3,-0.22,-1.04,88932.84,4390.42,-660.35,-0.17,17.73,5.64
Residential,0.83,-4.85,5.57,24.45,-1.87,-1.04,-461222.74,1323.46,-5545.22,-0.02,25.0,0.0
Residential,0.37,-2.43,2.45,-17.54,0.97,8.96,-214291.94,-4401.59,-1700.28,0.01,6.53,15.31
Residential,0.72,0.55,-4.26,-5.98,1.74,8.96,130380.26,2315.42,4211.45,-0.03,6.71,14.9
Residential,0.72,3.03,15.16,-32.48,1.88,8.96,-42861.75,4524.86,751.31,0.04,7.48,13.37
Residential,0.21,0.8,-7.98,20.86,1.98,-1.04,-80925.72,3455.49,3473.61,-0.02,4.62,21.66
Residential,-0.29,-2.93,-4.89,12.52,-2.37,-11.04,-276741.19,-666.47,-4016.24,0.19,25.0,3.73
Residential,0.09,3.33,0.24,-30.25,-1.47,-1.04,-162334.06,1092.7,-285.28,0.05,10.4,9.62
Residential,-0.86,0.13,4.49,15.07,0.56,-1.04,-141427.02,3590.56,-1622.05,0.15,11.11,9.0
Residential,0.25,1.47,2.68,-29.24,0.96,-1.04,374175.82,2544.93,1566.39,0.04,14.37,6.96
Residential,-0.17,2.02,7.71,4.8,-1.6,-1.04,98473.47,4069.31,6124.58,-0.17,9.16,10.92
Residential,1.15,0.46,17.45,13.87,1.43,-1.04,-85553.75,16.67,2237.2,-0.13,5.39,18.55
Residential,0.97,2.45,-6.65,2.65,-1.84,8.96,-53893.63,210.76,4335.98,-0.0,7.82,12.79
Residential,-1.05,0.83,5.48,-23.35,-1.76,8.96,-57688.17,-1160.89,-1121.22,0.12,16.29,6.14
Residential,-0.34,-3.08,0.76,15.61,-0.69,-1.04,-320017.43,4.85,-4197.66,-0.13,15.22,6.57
Residential,0.45,-4.86,13.91,24.13,-1.5,8.96,-420384.81,804.34,-5692.58,-0.04,25.0,0.0
Residential,1.2,0.59,16.43,-3.82,-0.82,-11.04,300203.19,-2856.93,5928.68,0.01,9.91,10.09
Residential,0.51,4.46,3.21,3.36,-2.01,-1.04,-9417.39,283.11,2793.74,-0.03,10.68,9.36
Residential,0.74,1.67,1.73,10.17,0.51,-11.04,89763.19,480.39,8054.07,-0.05,5.19,19.27
Residential,-0.65,-3.02,-13.94,23.82,-1.78,-1.04,-312513.95,-2032.44,-4262.14,-0.02,17.83,5.61
Residential,-0.41,-1.54,-5.32,15.25,-0.07,-1.04,-105256.67,2613.42,-1561.29,0.04,13.14,7.61
Residential,-0.98,4.72,-4.83,8.1,2.29,-1.04,561014.03,299.09,9729.75,-0.15,6.87,14.56
Residential,-1.1,2.32,-4.8,-31.48,-2.36,-11.04,453548.52,-980.55,2256.97,-0.08,24.1,4.15
Residential,0.53,-3.78,-0.18,-7.68,-0.51,-1.04,-347062.88,1714.66,-5098.15,0.07,25.0,1.95
Residential,0.03,-0.42,11.54,-30.35,-1.96,-11.04,-240041.12,-1580.77,-1418.71,0.07,9.94,10.06
Residential,0.79,-1.03,4.77,-28.3,-0.96,-1.04,-285028.64,-3560.77,-182.33,0.03,4.81,20.78
Residential,0.08,-1.25,12.94,28.04,0.07,-11.04,-303505.16,1460.28,-4421.03,0.04,19.34,5.17
Residential,-0.29,-1.59,4.07,-26.85,0.47,8.96,87268.81,730.72,-994.27,-0.06,15.15,6.6
Residential,-0.93,1.58,-12.27,7.85,-1.51,8.96,235452.96,3362.38,889.97,0.13,20.92,4.78
Residential,-0.52,-1.42,8.3,8.39,-1.66,-11.04,-25030.95,2040.89,-1676.16,-0.19,22.83,4.38
Residential,0.89,1.9,-4.09,-6.63,1.62,-1.04,-17754.8,-2102.45,1976.42,0.2,6.22,16.09
Residential,-0.82,-4.14,-4.36,-25.01,0.85,-1.04,-374497.71,2943.19,-5432.25,-0.01,25.0,0.57
Residential,-0.66,5.0,3.86,-28.64,-0.81,-11.04,408465.16,-422.36,9942.12,0.06,8.67,11.53
Residential,0.75,3.23,-1.09,21.3,-2.27,8.96,-55283.13,-1902.16,3539.65,-0.04,8.9,11.24
Residential,-0.67,1.87,-9.88,-29.17,-0.01,8.96,291990.1,4624.24,1095.37,0.07,16.84,5.94
Residential,-0.92,-0.86,-14.86,-33.38,0.63,8.96,-82073.12,3207.83,-1684.78,0.07,13.04,7.67
Residential,-0.25,1.02,-10.51,12.42,-0.15,-1.04,-16930.49,-357.29,2806.22,0.06,7.36,13.58
Residential,0.56,-0.11,-2.28,30.77,-1.89,8.96,-138465.52,2241.97,-2397.84,-0.1,23.26,4.3
Residential,-0.77,2.95,0.46,-4.79,-0.15,8.96,-14863.58,2441.45,-1212.66,0.13,15.17,6.59
Residential,0.39,-1.3,11.12,-29.43,0.47,8.96,-110941.84,-3973.83,-1006.07,-0.2,8.65,11.56
Residential,0.68,0.15,2.26,-18.35,0.58,-1.04,-76325.05,2314.3,957.11,-0.19,7.68,13.02
Residential,-0.64,-3.58,-7.06,7.78,-1.65,-1.04,-295982.15,-2105.22,-4970.65,0.18,25.0,2.97
Residential,-0.63,3.9,0.01,14.03,0.75,-1.04,288352.52,899.56,3163.57,0.11,10.59,9.44
Residential,-0.97,2.05,-3.5,-8.59,2.49,8.96,532004.81,767.89,7055.55,0.1,7.9,12.66
Residential,-0.6,0.39,-12.92,-2.52,1.32,-1.04,-6217.28,1234.31,-2082.3,0.07,14.62,6.84
Residential,1.0,-2.53,5.72,13.47,2.32,-1.04,-184669.3,130.77,137.39,-0.07,4.83,20.7
Residential,-1.13,-4.17,-15.9,-32.88,2.4,-1.04,-377613.4,1554.0,-4428.14,-0.15,6.63,15.08
Residential,0.14,2.7,-6.55,21.36,1.57,8.96,13508.14,149.68,-470.0,0.03,10.01,9.99
Residential,-0.74,2.05,-1.71,22.04,1.19,-1.04,255980.24,1420.85,769.27,0.04,13.18,7.59
Residential,0.58,2.44,-7.24,2.02,1.66,-11.04,512186.26,2631.51,2974.27,-0.14,12.76,7.84
Residential,0.63,3.31,-0.26,-19.35,-0.48,8.96,357496.64,2482.41,10998.75,0.15,7.45,13.43
Residential,0.06,-4.29,-2.38,4.86,1.6,8.96,-418804.36,-3923.33,-5034.75,-0.15,4.27,23.4
Residential,-1.21,-2.38,-9.46,6.61,-0.28,8.96,-97256.36,481.12,-3021.03,-0.15,20.08,4.98
Residential,-0.04,-4.84,11.27,-1.21,-2.42,-1.04,-431620.75,-2706.6,-5485.54,-0.06,25.0,3.34
Residential,0.24,1.35,10.43,-13.45,-1.0,-1.04,285484.5,-1881.62,6866.7,0.01,9.4,10.64
Residential,-0.79,4.82,-11.43,-3.85,-0.79,8.96,106264.81,-2191.64,-2229.2,0.14,23.53,4.25
Residential,-0.23,-1.27,3.78,-23.3,0.56,8.96,-124441.48,-986.48,-2906.62,0.04,14.37,6.96
Residential,-0.96,0.32,0.37,-2.42,2.28,-1.04,75315.45,567.72,-2894.3,-0.06,18.8,5.32
Residential,-0.61,1.79,-7.13,-29.67,-1.6,-11.04,336860.62,1472.61,2230.39,0.15,18.98,5.27
Residential,-0.3,0.99,9.36,-11.2,0.8,-11.04,-41876.45,1250.69,-884.94,0.09,10.96,9.12
Residential,-0.87,3.73,1.33,26.04,0.14,8.96,318253.11,-616.73,284.12,0.1,17.27,5.79
Residential,0.34,1.23,-4.59,-7.13,-0.07,-11.04,524389.88,1710.87,4741.46,-0.0,13.44,7.44
Residential,1.01,-0.82,-5.93,6.58,0.36,-1.04,-203445.13,-403.79,-190.94,-0.15,6.11,16.38
Residential,-0.98,-4.6,-17.7,12.62,1.62,-11.04,-322656.59,-3318.5,-4651.25,0.14,9.86,10.14
Residential,-0.86,-2.65,-0.14,-22.26,-1.17,8.96,-234716.29,1078.42,-3737.22,0.15,22.73,4.4
Residential,-1.18,-2.86,-19.34,27.52,-1.64,-1.04,-280650.36,-3172.02,-3374.78,0.02,12.33,8.11
Residential,0.78,-0.68,-2.52,-6.58,-1.8,-1.04,-95013.96,2703.22,-447.42,-0.18,15.06,6.64
Residential,0.48,3.02,12.55,-28.14,1.27,-1.04,404516.33,-1630.43,5014.72,0.17,9.2,10.87
Residential,-1.25,0.31,-19.98,-1.75,2.14,8.96,262358.69,353.18,-323.35,0.09,13.83,7.23
Residential,-0.05,-3.14,9.55,20.16,-2.33,8.96,-313506.03,-2758.34,-4182.78,0.04,18.15,5.51
Residential,0.42,-4.94,-0.62,32.09,-2.12,-11.04,-421741.1,1224.68,-5221.52,-0.08,25.0,0.0
Residential,0.46,3.61,-8.13,20.94,-1.6,-1.04,614353.04,4473.98,11246.71,0.17,11.96,8.36
Residential,-0.95,-1.41,1.29,-17.46,1.06,-1.04,-320854.26,-2573.81,-4397.15,0.02,9.81,10.19
Residential,0.37,2.63,8.09,-17.95,0.82,-1.04,379610.78,-1476.95,1984.01,-0.07,13.05,7.66
Residential,-0.86,3.68,1.38,26.28,-2.51,-1.04,-64490.88,849.18,-1118.15,0.18,21.23,4.71
Residential,0.44,0.88,-9.69,24.09,0.81,8.96,242118.02,-291.36,945.99,0.16,12.85,7.78
Residential,-0.34,-1.39,-1.65,33.03,1.33,-11.04,-188745.77,1049.41,-1119.58,0.16,6.95,14.38
Residential,0.12,-4.92,-7.82,26.1,-1.83,-1.04,-405702.96,-3236.42,-5357.76,0.17,18.28,5.47
Residential,-0.61,-2.12,-14.6,-5.49,-2.0,-1.04,-287786.33,3052.82,-2701.55,0.12,15.92,6.28
Residential,1.12,4.14,0.28,15.04,-2.74,-1.04,168276.31,4372.37,391.29,0.12,25.0,3.3
Residential,0.11,-1.57,6.78,31.83,-0.66,-11.04,-176828.89,-1069.38,-1935.88,0.13,11.27,8.87
Residential,0.01,-2.75,-4.14,-29.56,1.17,8.96,-345361.88,-256.03,-2262.11,0.15,3.95,25.29
Residential,0.65,-2.41,8.51,14.52,1.52,-1.04,-291686.55,-756.03,308.02,-0.07,3.17,31.57
Residential,-1.09,3.84,-11.6,-23.37,2.63,8.96,553659.99,-421.86,4502.6,0.09,9.78,10.22
Residential,-1.24,4.06,-19.92,17.21,-0.55,8.96,135514.42,-723.0,1666.58,0.08,12.03,8.31
Residential,0.75,-2.68,16.13,-2.99,-1.88,-1.04,-34924.34,-4166.35,247.97,0.09,12.41,8.06
Residential,0.21,2.75,3.69,26.23,1.05,8.96,-28984.55,-2429.5,-195.42,-0.08,8.83,11.33
Residential,0.72,3.54,8.27,-7.32,1.79,-11.04,493065.25,3805.71,6188.47,0.15,9.06,11.04
Residential,-0.13,1.31,-5.51,-10.45,-0.54,-1.04,435486.51,-3198.94,3866.91,-0.06,13.39,7.47
Residential,-1.25,1.16,-10.25,11.34,0.58,8.96,-65088.61,-1916.2,-2488.57,0.08,14.31,6.99
Residential,-1.03,3.08,1.66,-25.83,-0.46,8.96,205021.81,-4181.57,112.36,-0.04,15.36,6.51
Residential,0.77,-4.05,-4.94,-19.93,-1.19,-1.04,-394117.1,710.55,-4460.68,-0.16,12.3,8.13
Residential,-0.15,-3.58,7.54,-20.9,1.19,8.96,-349781.27,1828.16,-4392.38,-0.02,10.83,9.23
Residential,-0.25,2.4,-1.37,32.53,-1.53,8.96,109006.27,-979.99,2565.98,0.05,12.17,8.22
Residential,0.95,2.76,12.86,25.18,2.54,-11.04,-42640.79,-2912.35,4101.78,0.13,4.17,23.99
Residential,-0.05,3.68,-5.55,-25.64,0.18,-1.04,295772.37,-1841.49,10594.01,0.18,6.17,16.21
Residential,-0.08,-0.86,0.03,-19.29,-1.2,8.96,78406.12,-672.73,-2506.54,0.09,25.0,3.55
Residential,-0.59,4.68,-7.81,20.06,-0.33,8.96,-8391.98,4421.06,1845.17,0.01,9.55,10.47
Residential,0.3,2.7,-4.52,-18.33,-1.89,-1.04,366875.19,3155.44,10390.79,-0.06,10.18,9.82
Residential,0.08,3.21,3.48,-14.08,1.72,8.96,327275.19,17.49,1140.84,-0.05,12.5,8.0
Residential,-0.2,-0.46,-6.66,18.63,1.36,-1.04,-84769.11,-2698.94,-2872.48,0.11,13.25,7.55
Residential,0.86,1.67,3.47,-8.84,0.61,-1.04,-3802.69,-1391.6,-1571.91,-0.03,13.26,7.54
Residential,-1.13,-4.81,-16.34,14.17,-0.39,-1.04,-379860.34,-745.88,-5517.35,0.04,25.0,2.41
Residential,0.87,-3.18,-0.05,-7.61,1.89,-11.04,-195241.43,147.81,-1071.35,0.01,6.11,16.36
Residential,0.97,-1.64,8.43,4.56,-1.97,-1.04,-262945.62,-2140.58,197.24,-0.09,6.4,15.62
Residential,-0.4,1.53,8.07,9.95,-2.18,-11.04,-24060.58,2.55,-986.68,-0.06,19.84,5.04
Residential,-0.38,-0.59,-0.63,-11.02,2.63,-1.04,195836.07,-91.65,396.99,-0.05,10.46,9.56
Residential,-0.32,-3.16,-6.82,-20.78,0.39,-11.04,-346459.59,-590.74,-4355.17,-0.09,10.3,9.71
Residential,-0.82,-0.91,-9.48,15.06,0.38,-11.04,-44738.9,-2902.17,-427.69,0.15,9.6,10.42
Residential,0.74,1.38,6.75,-0.03,-1.28,-1.04,-8506.49,-2865.73,5257.4,-0.01,6.78,14.74
Residential,1.03,-2.54,17.37,-16.41,-0.73,-11.04,-268393.74,-1474.19,-1855.62,-0.18,7.55,13.25
Residential,-0.67,1.61,6.11,15.04,2.37,-11.04,232665.42,-2497.54,-876.75,-0.15,13.53,7.39
Residential,1.07,2.29,-3.39,33.95,2.13,-1.04,435202.2,5268.6,8451.14,0.13,6.93,14.42
Residential,0.82,4.08,6.45,15.45,0.13,-11.04,48845.48,-3900.18,1778.24,-0.03,8.64,11.58
Residential,-0.25,-3.82,-0.13,-2.4,0.41,-1.04,-409891.6,2366.08,-5436.07,0.06,25.0,0.79
Residential,0.62,1.14,-3.46,7.49,1.68,8.96,79099.03,-2163.73,1232.08,-0.05,8.25,12.12
Residential,-1.04,-2.51,-6.12,-2.24,-1.52,-1.04,-364103.1,-3032.35,-4219.08,0.14,9.78,10.22
Residential,0.61,-3.28,0.69,24.36,-1.31,-1.04,-337738.54,1443.85,-5337.5,0.16,25.0,0.0
Residential,-0.06,1.61,-4.14,29.71,1.84,-1.04,40313.72,2223.45,594.98,-0.12,8.86,11.29
Residential,-1.15,0.28,-13.91,0.71,2.05,8.96,-127661.11,746.14,-3525.21,-0.18,15.46,6.47
Residential,0.59,0.02,1.73,-7.49,-2.35,-1.04,-233866.38,-121.4,527.1,0.12,8.07,12.39
Residential,1.03,4.08,0.73,24.48,1.98,-1.04,272329.06,1102.93,7250.01,0.18,6.12,16.35
Residential,1.04,-1.09,9.27,-14.52,0.04,8.96,-46274.28,1356.84,-2737.51,-0.13,20.24,4.94
Residential,-0.19,-0.23,4.29,18.09,-1.72,-11.04,204255.32,2083.8,616.86,-0.15,21.14,4.73
Residential,0.43,0.75,7.08,-9.79,0.69,8.96,98162.17,1592.94,3491.14,-0.02,7.79,12.84
Residential,0.41,-4.82,-4.83,-7.42,1.61,-11.04,-346571.79,2567.14,-4969.7,-0.11,20.33,4.92
Residential,-1.14,4.08,-11.15,18.43,1.5,-11.04,506478.33,3613.31,2907.53,0.08,13.21,7.57
Residential,-1.13,-0.21,-12.44,-23.94,-0.67,-11.04,-32791.91,3533.02,-710.42,-0.05,14.88,6.72
Residential,0.82,3.64,10.35,-3.87,-0.01,-11.04,110761.25,878.94,9534.69,0.17,5.25,19.04
Residential,0.52,-0.59,4.71,-29.63,0.93,-1.04,47837.68,-417.42,1019.12,-0.19,9.07,11.03
Residential,-1.07,2.7,-16.2,34.67,-1.25,-1.04,-74526.75,2061.06,-2010.33,0.03,20.24,4.94
Residential,-0.66,-0.93,-13.59,28.81,-1.1,-1.04,-81765.3,-3514.44,-1945.61,-0.15,14.79,6.76
Residential,0.66,2.0,10.86,25.68,-1.33,-11.04,438580.76,-848.49,8157.74,0.15,11.01,9.08
Residential,1.03,-3.18,6.95,-25.72,0.44,-11.04,-212215.96,-2667.44,-2529.8,-0.18,9.12,10.97
Residential,-0.14,-4.17,4.62,1.3,-1.8,-1.04,-309535.66,-1644.13,-4279.7,0.13,19.38,5.16
Residential,0.9,4.64,5.97,9.63,-0.42,8.96,620042.64,4039.29,7065.41,0.09,13.04,7.67
Residential,1.07,4.04,11.48,-32.25,-1.7,-1.04,477699.61,4427.25,4298.17,0.14,18.9,5.29
Residential,0.83,2.39,-0.66,32.25,1.5,-1.04,-113675.87,2380.42,-789.46,0.02,8.31,12.04
Residential,-0.31,-3.05,3.12,-20.43,2.25,-1.04,-399515.11,143.15,-4650.99,0.18,5.84,17.12
Residential,0.99,-4.5,-3.05,-28.38,0.71,-11.04,-441537.16,211.69,-5037.59,0.16,9.99,10.01
Residential,-0.72,-0.86,-3.33,12.16,0.6,-1.04,85073.05,-1417.99,-1002.95,-0.11,14.03,7.13
Residential,-0.73,-4.8,7.78,20.24,-0.55,-1.04,-409316.97,-3616.05,-5869.0,-0.07,25.0,3.58
Residential,1.01,-2.03,17.76,-21.69,-1.61,-1.04,-215643.42,-3203.55,-3812.88,-0.17,19.65,5.09
Residential,-1.14,0.53,4.32,4.56,-0.77,-1.04,50728.51,3364.36,-3232.99,-0.09,25.0,2.39
Residential,-0.17,-1.16,3.57,15.38,0.96,-1.04,-196958.03,607.85,-859.18,0.03,6.66,15.01
Residential,-1.22,0.03,-10.99,14.9,2.44,-1.04,-104294.43,1075.23,-3214.37,0.04,14.03,7.13
Residential,0.26,-3.89,-0.11,7.02,-1.4,-11.04,-330703.64,-525.18,-3453.83,-0.09,10.65,9.39
Residential,-0.05,0.84,-1.17,5.96,2.07,-1.04,36420.95,-1464.88,790.61,0.02,7.81,12.8
Residential,0.07,2.61,5.65,-0.95,-1.34,-1.04,555316.97,524.19,6880.38,0.18,13.99,7.15
Residential,-0.63,-1.91,0.14,1.05,0.15,-1.04,-178025.16,-2687.35,-3621.64,-0.07,15.46,6.47
Residential,0.4,1.52,2.02,13.7,1.37,-1.04,35869.64,-2129.96,-9.89,0.01,9.49,10.54
Residential,-1.19,-0.86,-4.02,15.76,-1.77,8.96,35531.47,1545.38,-18.93,0.03,17.7,5.65
Residential,1.1,-2.8,13.77,-5.83,-1.66,8.96,-267556.24,-2247.91,-1127.12,-0.03,7.47,13.39
Residential,-0.56,-4.5,-12.62,-7.33,1.4,8.96,-335319.12,464.87,-5198.28,-0.09,23.09,4.33
Residential,0.55,-3.21,0.09,11.67,-1.96,-1.04,-233333.55,1513.23,-2395.73,0.19,16.03,6.24
Residential,0.09,4.58,-7.3,7.27,-1.9,-1.04,11859.29,3917.61,8845.6,-0.18,6.59,15.17
Residential,-0.51,-0.36,-5.28,-19.71,-2.66,-1.04,-140886.74,2553.71,-3464.58,-0.11,25.0,1.73
Residential,-0.13,-1.81,4.97,-14.17,-2.5,8.96,-64401.0,2797.14,-2125.66,0.13,25.0,3.05
Residential,-1.09,-2.35,-15.48,8.76,-1.86,8.96,-114377.5,-3246.4,-1395.86,-0.03,14.03,7.13
Residential,0.76,2.94,14.21,-15.15,-0.1,8.96,249647.77,-807.04,404.38,0.09,15.97,6.26
Residential,-0.42,1.26,-9.46,10.54,-0.76,8.96,317144.31,2653.88,5207.91,0.17,11.53,8.67
Residential,1.09,-1.07,10.24,-18.8,-0.94,8.96,-19917.46,491.78,2234.88,-0.14,9.09,11.0
Residential,0.12,2.33,9.0,30.55,0.61,-1.04,104872.02,-2843.2,2125.89,0.13,8.73,11.45
Residential,1.17,-2.28,3.21,19.17,-2.44,-1.04,-206871.15,-3219.6,-1786.83,0.19,12.89,7.76
Residential,0.51,0.27,7.09,20.9,2.05,-1.04,-135649.71,1867.85,-1061.41,-0.06,7.58,13.2
Residential,0.01,-1.62,4.79,-9.92,-1.32,-1.04,-271798.92,2932.2,-3548.21,0.19,21.6,4.63
Residential,-0.1,0.29,-13.11,2.45,-2.02,-1.04,-23724.53,-1131.24,-1954.11,0.11,22.99,4.35
Residential,1.17,-1.61,-4.51,31.19,2.67,-11.04,-311680.6,-3482.94,-2766.76,-0.12,4.36,22.92
Residential,1.09,-3.28,1.85,-29.68,-0.56,-1.04,-285194.25,1742.66,-3917.65,-0.15,17.95,5.57
Residential,1.07,4.61,1.94,-18.8,0.72,-1.04,368056.22,-1394.73,87.89,0.06,17.12,5.84
Residential,1.24,-4.37,1.15,9.75,1.93,8.96,-333189.32,-1365.79,-3218.56,0.09,5.06,19.77
Residential,-0.78,-3.7,3.99,25.04,0.82,-1.04,-230791.64,1657.79,-3156.59,0.18,11.72,8.53
Residential,-0.99,-4.05,-8.17,-18.54,0.81,-1.04,-364462.39,-2188.53,-4336.58,0.11,7.12,14.05
Residential,-0.57,-3.78,-3.99,-30.28,-0.69,-11.04,-331409.83,-379.53,-4860.66,0.04,23.81,4.2
Residential,1.02,-0.48,4.08,-11.96,2.16,8.96,-195353.45,-4571.5,-2239.13,-0.04,6.84,14.61
Residential,0.9,-4.83,-1.98,2.45,-1.81,-1.04,-475468.18,3.05,-5577.15,-0.01,25.0,0.0
Residential,-0.93,2.62,-3.62,-2.67,2.69,-1.04,163244.92,-1827.22,1173.62,-0.18,8.61,11.62
Residential,-0.45,1.61,6.08,-3.89,1.6,-11.04,29548.53,-1410.39,3612.85,-0.0,5.78,17.3
Residential,-1.13,-2.6,-4.01,27.74,1.91,-1.04,-220759.65,-4257.45,-5077.15,-0.1,20.04,4.99
Residential,0.41,-1.87,-5.48,24.9,0.5,8.96,-262628.51,2969.25,-3777.1,0.17,15.85,6.31
Residential,-1.1,0.46,-7.17,18.48,-2.68,-1.04,55968.92,2434.08,-393.2,0.19,25.0,3.78
Residential,-1.14,0.93,-0.94,-0.85,-0.77,-1.04,195873.78,-101.66,-1267.84,0.15,23.2,4.31
Residential,-0.3,2.32,7.87,-7.98,1.55,8.96,16298.37,1833.7,4182.62,-0.15,5.55,18.03
Residential,0.73,0.99,16.59,-33.58,2.0,8.96,-46979.81,1603.18,-178.3,0.2,8.09,12.36
Residential,-1.15,2.23,-15.13,20.82,-1.1,-1.04,104136.08,-1001.65,-291.25,-0.2,16.95,5.9
Residential,-0.35,-0.88,-9.63,16.45,1.18,8.96,-39179.17,-1389.04,-320.21,-0.09,8.84,11.31
Residential,-1.19,1.76,-12.47,-15.59,-2.14,-1.04,-19037.07,2613.59,-2763.67,0.06,25.0,2.42
Residential,0.36,4.03,6.35,-25.37,-2.7,-11.04,383005.24,2426.75,9860.94,-0.04,12.8,7.81
Residential,0.36,4.74,-0.68,-12.85,-2.15,-1.04,241204.54,578.6,875.68,0.02,22.52,4.44
Residential,-0.85,0.76,-13.47,5.4,-1.34,-1.04,160430.67,1678.49,-469.58,-0.0,22.03,4.54
Residential,-1.13,-0.29,-1.43,32.09,2.43,-1.04,146432.73,-2766.81,-1932.74,0.1,14.58,6.86
Residential,0.03,0.66,9.1,21.26,-1.8,-1.04,-126233.16,1913.09,-1784.54,0.17,18.73,5.34
Residential,0.62,-0.32,12.0,34.27,2.66,-1.04,138608.3,1691.03,2270.63,-0.07,7.54,13.27
Residential,-0.03,-3.45,-0.44,6.98,2.09,8.96,-309150.09,-945.59,-4429.46,-0.01,10.32,9.69
Residential,0.95,4.35,-1.16,-19.36,-1.31,-11.04,175842.02,1283.97,7809.53,0.04,8.21,12.18
Residential,0.17,3.22,5.98,17.27,2.33,-1.04,23328.45,944.43,5279.88,-0.02,4.58,21.82
Residential,0.93,-2.08,12.33,21.36,-1.52,-1.04,-31896.24,-146.69,349.41,-0.08,12.85,7.78
Residential,-1.12,-1.73,3.11,-16.0,2.04,-1.04,-100064.19,-4113.37,-2996.77,-0.11,11.59,8.63
Residential,1.2,2.26,9.83,15.2,0.15,-11.04,94704.24,-985.98,6860.12,-0.1,5.93,16.85
Residential,0.58,-2.06,0.11,-22.48,1.39,-11.04,-261481.17,-1481.79,-1514.87,-0.03,5.21,19.19
Residential,-0.67,1.9,-5.61,-9.11,1.5,-1.04,70713.07,1120.32,-629.55,0.16,11.89,8.41
Residential,-1.07,4.99,0.25,-15.64,-0.85,8.96,274689.72,2468.07,2428.06,0.18,15.06,6.64
Residential,-0.72,-2.5,-14.22,4.6,-1.4,-1.04,-199501.43,-185.96,-1258.56,-0.2,10.57,9.46
Residential,1.03,-0.22,12.01,-27.22,-1.92,-1.04,-201237.12,-2176.24,-1380.82,0.06,11.15,8.97
Residential,-0.34,-1.19,2.59,28.19,-0.89,-11.04,-5514.78,-312.37,-969.93,0.13,15.36,6.51
Residential,0.09,-2.55,-9.65,-32.71,2.72,-1.04,-258487.13,-2154.1,-1906.06,-0.09,4.84,20.65
Residential,-1.1,-1.3,-11.4,6.6,0.76,-1.04,23673.23,75.62,-3204.96,0.11,23.2,4.31
Residential,-0.63,-3.37,7.17,12.56,1.17,8.96,-126239.68,-1188.65,-3145.68,0.15,14.03,7.13
Residential,0.36,1.81,10.33,8.94,0.19,-1.04,69122.2,749.34,-1162.2,0.1,15.9,6.29
Residential,0.97,-0.65,-2.43,-16.33,-0.28,-1.04,-142066.39,1171.66,-995.72,0.1,10.2,9.8
Residential,0.39,-4.36,-2.2,-22.22,1.0,-11.04,-377099.09,-2920.45,-4155.63,0.17,5.89,16.97
Residential,-0.86,2.96,-11.26,11.56,-0.93,-11.04,52631.34,-919.61,-2466.25,-0.12,24.81,4.03
Residential,-0.91,0.21,-5.77,19.74,0.44,-1.04,-76207.39,706.83,-800.53,0.02,10.31,9.7
Residential,1.19,-0.48,14.67,17.31,-1.09,8.96,-10137.77,760.82,2014.35,-0.2,9.88,10.12
Residential,0.24,-1.92,-10.17,32.23,-0.57,-1.04,-299560.79,-4615.95,-3341.4,0.1,8.25,12.12
Residential,-0.63,-3.66,-8.63,-33.56,-0.29,8.96,-295435.2,-1805.28,-4630.61,0.11,18.15,5.51
Residential,-0.1,-1.1,4.53,-23.17,2.05,8.96,-157845.04,2502.7,-2905.52,-0.13,11.92,8.39
Residential,1.2,3.02,1.07,-29.43,-0.3,-11.04,357958.98,2666.93,12959.08,-0.15,6.48,15.44
Residential,-0.23,1.77,7.4,-22.3,1.23,-1.04,169163.4,3332.1,4933.19,-0.05,7.18,13.92
Residential,-0.65,-2.4,6.17,-3.37,1.47,-11.04,-205763.49,1122.21,-3686.79,-0.02,14.25,7.02
Residential,0.67,-3.82,7.2,24.83,-0.52,8.96,-318073.21,168.96,-2141.23,0.13,6.27,15.95
Residential,-0.67,-1.78,-5.57,-15.65,-1.18,8.96,27176.98,1384.63,-1134.46,-0.01,19.23,5.2
Residential,0.76,-4.83,14.38,-31.16,-2.42,-11.04,-399757.42,-1911.81,-4976.24,0.04,24.51,4.08
Residential,0.27,-3.61,8.96,29.49,-2.06,-11.04,-240771.96,2451.68,-3449.61,-0.06,25.0,3.42
Residential,-1.19,-1.24,-12.37,20.71,-0.5,8.96,105734.43,4043.15,280.91,-0.09,15.75,6.35
Residential,-0.75,5.01,-7.19,-14.06,-1.54,8.96,794992.55,1966.22,9497.29,-0.1,15.04,6.65
Residential,1.03,-0.38,10.44,-6.53,2.11,-1.04,-114136.01,-2578.16,-1499.07,0.06,7.94,12.59
Residential,-0.16,0.92,-10.76,26.16,1.0,-1.04,222047.45,-2748.15,5119.59,0.18,7.37,13.57
Residential,1.1,2.81,-2.64,-24.98,2.24,-1.04,83328.25,5386.69,3146.39,-0.13,6.78,14.76
Residential,0.92,-3.82,6.6,23.96,0.46,-1.04,-348903.43,-4225.96,-3993.08,0.01,6.46,15.48
Residential,0.77,-0.5,0.08,-33.66,-0.06,-1.04,-54391.05,-2168.14,-276.35,-0.07,9.91,10.09
Residential,-0.41,1.34,8.68,-32.93,-1.94,-11.04,-22746.95,-1754.73,-2310.99,0.05,24.15,4.14
Residential,0.32,-2.22,-0.96,8.12,1.61,-1.04,-102672.71,-2349.45,-1587.07,-0.18,8.92,11.21
Residential,-0.23,0.12,-3.67,29.21,-0.03,-1.04,-113382.41,1482.25,1072.08,0.04,7.39,13.54
Residential,1.14,2.13,10.84,-23.13,-0.18,-1.04,595468.37,-3071.96,10001.34,-0.02,9.28,10.78
Residential,-0.33,2.47,-12.44,-15.01,0.25,-1.04,153461.85,2161.48,4883.86,0.03,7.96,12.57
Residential,0.75,1.0,9.16,17.05,-2.16,8.96,-54182.0,2844.58,3053.18,-0.06,10.28,9.73
Residential,-0.4,2.35,-0.67,-0.77,-0.79,-1.04,417410.39,2501.06,6215.31,-0.17,11.9,8.4
Residential,-1.04,-1.37,-11.91,26.49,2.7,-1.04,-69922.63,2434.44,-1874.46,-0.0,10.26,9.75
Residential,-0.67,4.55,-1.04,-23.92,1.8,8.96,-67781.7,3173.33,-1835.81,0.19,11.74,8.52
Residential,0.04,1.78,1.27,18.95,-1.28,-1.04,247261.81,2144.58,3466.46,-0.06,13.76,7.27
Residential,0.99,1.1,4.07,-25.2,2.43,8.96,176894.2,-1104.78,4482.89,0.12,6.28,15.93
Residential,-0.62,-3.74,-16.16,34.58,1.42,-1.04,-223275.66,-1334.66,-4314.51,0.08,16.05,6.23
Residential,0.17,-0.18,-7.93,18.92,1.55,-1.04,-654.05,2646.75,44.43,0.11,9.35,10.7
Residential,0.17,-2.38,-7.18,-0.9,-1.71,-11.04,-250776.16,1063.51,-1399.25,0.2,10.01,9.99
Residential,-0.78,4.1,-10.17,13.77,-2.27,8.96,360358.84,-367.01,1368.69,-0.16,24.39,4.1
Residential,0.13,-3.26,1.58,2.16,-1.69,-1.04,-315545.99,-876.26,-3790.81,0.05,14.64,6.83
Residential,0.59,4.54,7.05,-23.57,-1.64,8.96,135273.98,-1864.05,6123.0,0.03,8.97,11.15
Residential,-1.2,4.36,-2.49,-15.3,1.82,-11.04,375651.71,3493.83,-1717.94,-0.2,24.15,4.14
Residential,-0.57,-1.15,-3.25,18.29,1.47,8.96,-12798.63,-3903.21,-40.02,0.06,8.23,12.15
Residential,-0.09,-0.27,9.64,-20.44,2.63,-11.04,-113966.67,2382.45,-1472.0,0.14,8.33,12.01
Residential,-0.42,2.14,-9.19,0.32,-1.22,8.96,85256.84,70.49,3926.34,-0.07,9.63,10.38
Residential,0.72,-4.68,-3.26,-24.83,-1.03,-11.04,-390726.15,-858.61,-5640.94,0.17,25.0,0.77
Residential,-0.7,3.49,-7.24,10.33,-0.28,-1.04,526563.01,2509.18,7726.69,-0.12,10.87,9.2
Residential,0.6,1.06,9.47,-28.8,0.76,-11.04,-205014.14,-844.98,-1220.01,-0.09,6.91,14.48
Residential,-0.66,4.85,-12.46,26.53,-2.51,8.96,306843.65,-512.88,6701.74,-0.09,13.46,7.43
Residential,0.33,-2.28,-0.72,-28.22,-2.35,-1.04,-85103.3,2307.95,-2113.83,0.04,25.0,3.54
Residential,0.19,-4.84,-10.72,27.14,0.19,-1.04,-404250.87,-1140.07,-5433.24,0.13,18.59,5.38
Residential,-0.43,-0.46,-7.1,-33.88,-2.62,-1.04,-227179.72,-2676.71,-2211.37,0.18,14.27,7.01
Residential,0.14,0.46,6.3,-29.7,1.71,8.96,136482.16,-1051.63,3362.13,0.12,7.15,13.99
Residential,1.22,4.01,11.68,-28.13,2.61,-1.04,-69142.5,4597.54,4545.54,-0.16,4.0,24.99
Residential,0.02,1.18,3.34,-28.74,-0.63,-1.04,29729.54,855.12,-455.7,-0.03,14.71,6.8
Residential,-0.91,2.84,2.24,-23.0,0.94,8.96,770976.38,-274.77,5970.71,0.18,12.72,7.86
Residential,0.28,1.51,1.58,-22.36,1.55,-11.04,128455.47,3141.67,1822.42,0.03,9.15,10.93
Residential,1.23,-2.77,1.67,28.16,-2.69,8.96,-376799.57,1902.88,-4581.03,-0.02,25.0,1.22
Residential,0.47,-0.76,5.1,-1.1,-0.74,-1.04,166215.4,-673.58,1378.19,0.05,13.61,7.35
Residential,-0.1,-2.09,7.35,-4.73,-0.18,8.96,-186427.29,-1746.48,1128.91,-0.05,5.57,17.94
Residential,-0.49,3.88,8.27,1.33,0.81,8.96,913551.47,4008.86,4560.4,-0.13,17.24,5.8
Residential,-0.03,-4.7,0.67,4.68,2.59,-1.04,-381319.12,1272.92,-5580.95,-0.01,25.0,3.35
Residential,0.31,-4.9,10.58,0.33,-2.25,-11.04,-425631.82,5.83,-5686.89,0.13,25.0,0.0
Residential,-0.84,-3.27,-13.55,3.67,0.23,-1.04,-248875.51,-3185.35,-2826.36,-0.15,8.6,11.63
Residential,0.06,-4.06,2.99,-9.89,0.53,-1.04,-318715.08,988.74,-4161.54,0.03,12.39,8.07
Residential,-1.19,4.54,-11.73,-20.35,0.98,-1.04,388205.1,-1462.58,5621.07,-0.09,8.9,11.24
Residential,-0.98,3.3,-0.51,-28.0,-1.4,-1.04,74160.14,3616.65,-1247.08,-0.13,25.0,3.99
Residential,0.03,2.79,-9.94,-19.21,2.25,-11.04,58701.49,-1872.05,631.79,-0.05,8.12,12.31
Residential,0.46,-3.01,4.11,-2.97,1.39,-11.04,-173306.71,-1933.28,-3212.29,-0.01,11.63,8.6
Residential,-0.51,0.93,-2.53,-11.94,2.03,-1.04,31177.13,-1152.4,-694.74,-0.18,9.95,10.05
Residential,0.54,-1.17,-4.5,-0.61,0.57,-1.04,-116478.83,1829.64,-1895.73,0.19,12.11,8.26
Residential,0.46,-1.75,4.56,-30.09,2.5,8.96,-212900.42,1381.53,1085.98,0.18,3.76,26.63
Residential,0.47,1.48,-2.06,0.48,-2.53,-1.04,14620.68,-24.01,1485.74,-0.02,15.04,6.65
Residential,1.15,-0.4,10.81,27.3,1.94,-1.04,-135158.43,770.41,2552.14,-0.17,4.29,23.33
Residential,-0.49,-1.53,-5.12,25.18,1.43,-11.04,26868.68,-1514.6,-1173.1,-0.01,11.57,8.64
Residential,-0.43,4.11,-9.55,11.14,-2.51,-11.04,39404.18,2744.45,-479.59,-0.11,25.0,3.97
Residential,-0.72,-4.27,-10.06,-18.16,2.3,-1.04,-436906.41,-4346.57,-5881.57,-0.03,10.21,9.79
Residential,-0.67,3.52,-10.16,7.21,-2.73,-1.04,84935.81,-599.19,-177.91,0.14,23.53,4.25
Residential,-0.42,0.64,6.71,-3.85,1.69,8.96,-33797.44,836.28,-120.47,0.02,8.47,11.81
Residential,0.7,2.24,3.99,15.75,1.53,-1.04,-148061.88,3473.22,1906.71,0.15,4.89,20.47
Residential,-0.95,-0.26,-3.65,27.0,-0.91,8.96,-62904.93,1839.58,-1875.16,-0.2,18.35,5.45
Residential,-0.03,-0.36,-1.7,22.85,-0.09,-11.04,106401.67,3651.36,3497.61,-0.06,9.15,10.93
Residential,1.05,0.55,10.12,19.86,2.7,-11.04,-40575.42,-706.92,2785.69,-0.05,4.83,20.69
Residential,-0.5,-0.23,3.97,-32.53,-2.3,8.96,212472.6,-939.46,344.83,-0.16,23.31,4.29
Residential,-0.3,3.48,-10.34,7.71,-1.22,-1.04,535933.84,1087.45,3790.85,0.13,18.05,5.54
Residential,0.08,-3.95,-9.07,-1.06,-0.49,-1.04,-414218.35,-957.59,-5025.47,-0.18,11.85,8.44
Residential,0.27,-1.8,-0.96,-6.84,0.43,8.96,-166193.71,3111.11,397.81,-0.17,6.74,14.84
Residential,0.35,-4.22,2.97,-16.71,-1.87,8.96,-382714.59,2642.58,-4920.1,0.06,25.0,0.29
Residential,0.65,0.41,-5.05,-7.67,-1.49,-1.04,75474.93,587.0,2297.41,-0.08,12.17,8.22
Residential,-0.6,-4.45,-0.64,-32.81,-2.28,-11.04,-430502.82,-4681.47,-4386.6,-0.14,7.25,13.8
Residential,0.56,-2.36,7.16,-20.2,-1.35,-1.04,-194799.73,2512.62,-1611.0,0.13,13.07,7.65
Residential,0.31,-4.15,-6.79,23.06,2.45,-1.04,-390587.38,1046.22,-4480.91,0.11,5.68,17.62
Residential,-0.95,-2.54,3.45,-32.44,-1.42,8.96,-201761.16,-93.82,-3639.6,0.19,23.64,4.23
Residential,0.42,-0.33,6.92,16.8,-1.11,-1.04,24739.39,4309.54,5252.09,-0.16,7.88,12.69
Residential,0.05,-0.78,2.88,5.61,-1.26,-1.04,4335.23,1524.59,-16.28,0.13,14.81,6.75
Residential,-1.0,0.99,2.33,-11.54,2.27,-1.04,-43447.4,2845.9,-2087.84,-0.06,12.38,8.08
Residential,0.93,-1.81,16.89,7.47,-1.38,8.96,-118708.4,1874.93,-983.5,-0.02,13.95,7.17
Residential,0.57,-1.55,-5.41,-8.08,1.57,-1.04,-221917.82,-1746.22,-2622.78,0.17,7.94,12.6
Residential,-0.79,-4.74,-14.61,-16.33,-1.95,8.96,-435229.05,-4481.54,-5732.05,-0.05,15.11,6.62
Residential,-0.75,2.39,5.55,-13.09,0.99,-1.04,-22384.44,2192.59,7002.75,-0.15,4.28,23.38
Residential,0.18,-2.71,-3.9,30.25,2.57,-11.04,-38794.5,604.73,-2547.6,-0.02,12.85,7.78
Residential,1.22,4.56,12.83,-19.82,2.18,-1.04,915084.96,361.15,15496.44,-0.0,6.83,14.64
Residential,-0.18,-3.74,2.51,13.84,-2.37,8.96,-354768.15,-4645.66,-5341.49,-0.16,24.45,4.09
Residential,-0.45,-1.21,-4.19,5.72,0.49,-1.04,-98248.03,2321.18,-738.96,-0.12,9.95,10.05
Residential,0.65,1.81,-6.14,21.74,-0.53,8.96,16519.68,-121.27,7343.8,-0.02,5.51,18.16
Residential,-0.28,1.76,8.14,24.08,-2.16,8.96,213337.32,-1523.71,1602.46,0.03,18.32,5.46
Residential,-0.51,0.48,-6.46,-18.39,-1.51,8.96,386889.18,-269.98,1675.7,-0.0,20.49,4.88
Residential,-0.33,-0.32,6.09,-28.68,-2.04,8.96,54042.82,2293.97,1783.61,0.07,14.77,6.77
Residential,1.04,-0.54,15.36,15.08,2.68,-11.04,218214.44,1685.06,2669.42,-0.17,8.1,12.34
Residential,-1.24,-3.79,-13.35,-20.04,2.57,-1.04,-291384.36,2191.76,-4459.67,0.19,13.57,7.37
Residential,0.16,2.84,-5.35,-18.54,-1.29,8.96,126160.95,24.5,1000.05,0.16,15.13,6.61
Residential,-1.21,-1.54,-1.87,14.99,1.15,-11.04,123460.28,2490.62,-1037.01,0.01,15.41,6.49
Residential,-1.07,-2.47,3.48,32.92,2.45,-1.04,-244417.81,866.99,-4126.24,0.07,12.92,7.74
Residential,0.04,1.26,-6.66,-21.28,-1.07,-1.04,183404.9,-3618.63,2953.37,-0.05,11.49,8.7
Residential,0.75,1.21,-4.7,10.55,-1.96,-11.04,-258014.14,71.5,-1073.93,-0.0,9.08,11.01
Residential,0.24,-2.7,4.89,-20.88,-0.75,-11.04,-226644.22,1445.22,-2139.83,0.16,11.2,8.93
Residential,1.1,-1.45,10.98,-18.12,1.28,-1.04,-305776.47,2192.95,-534.08,0.01,3.7,27.02
Residential,-0.42,-2.98,-3.69,29.46,-1.91,8.96,-300134.0,556.87,-4511.55,-0.12,25.0,2.66
Residential,0.45,-0.98,3.95,13.06,-0.66,-1.04,-68160.36,-610.32,448.0,-0.13,9.73,10.28
Residential,-0.14,1.24,2.0,-12.26,0.54,8.96,-62433.27,1000.52,-521.57,-0.16,10.02,9.98
Residential,0.11,-2.86,9.68,34.88,2.02,8.96,-160324.0,3117.51,-2748.87,0.19,11.49,8.7
Residential,-0.18,-0.4,8.54,2.29,2.03,-1.04,-34583.9,-2616.32,-2678.51,-0.07,13.07,7.65
Residential,0.42,-4.22,9.57,-21.62,-1.49,8.96,-349268.41,-1850.26,-4458.97,0.2,14.64,6.83
Residential,-0.75,1.57,-10.91,-4.2,0.72,-1.04,174167.21,3643.66,5962.63,0.09,7.08,14.12
Residential,0.67,1.48,9.73,-22.02,-2.13,-11.04,577554.29,-2038.46,10028.67,0.19,12.87,7.77
Residential,-0.63,4.3,-14.71,-33.28,1.26,-1.04,688128.51,-3136.1,6184.21,-0.04,10.89,9.18
Residential,0.91,1.09,11.81,-16.37,-0.85,-11.04,-61504.69,-790.64,5125.52,0.12,5.81,17.21
Residential,0.44,1.17,0.42,-24.23,-0.96,-11.04,144235.16,-3682.23,877.65,0.14,13.68,7.31
Residential,1.11,-3.16,-0.32,14.4,-2.11,-11.04,-185380.27,2176.71,-2920.45,-0.18,25.0,3.76
Residential,0.79,4.6,10.97,24.64,2.57,-11.04,799185.24,-3195.45,14433.96,0.09,6.21,16.11
Residential,0.17,-2.43,4.87,-9.03,-1.82,-1.04,-266880.06,1884.16,-3094.81,-0.12,18.18,5.5
Residential,1.25,-4.47,-2.06,-0.86,2.49,8.96,-419851.0,685.56,-4261.33,0.01,3.09,32.33
Residential,-0.47,-2.67,-4.53,0.75,0.93,-1.04,-159813.5,-2374.83,-1841.06,0.1,8.7,11.5
Residential,-0.04,1.91,-1.89,-19.34,2.59,8.96,140115.92,3263.25,4909.72,-0.12,5.83,17.16
Residential,0.46,-2.24,1.68,30.84,-0.06,8.96,-154646.52,638.76,-3373.36,-0.14,18.9,5.29
Residential,-0.79,-4.18,-13.4,3.9,0.64,-1.04,-433630.96,-947.72,-5630.51,0.03,21.51,4.65
Residential,0.67,1.83,-4.21,-17.07,-0.06,-11.04,458979.59,3664.28,5972.22,0.1,11.47,8.72
Residential,-0.08,-1.72,7.47,27.87,-1.6,-1.04,-97996.38,-3699.57,-740.35,0.09,12.02,8.32
Residential,0.22,1.94,8.22,-0.16,2.64,-11.04,651869.26,3183.47,5989.35,0.18,9.68,10.33
Residential,-0.22,-4.14,-4.21,-33.22,1.54,-11.04,-291759.62,-2626.95,-4573.53,0.14,12.11,8.26
Residential,-0.97,2.55,-5.05,18.98,-0.24,8.96,198799.61,3260.39,2117.63,0.07,12.84,7.79
Residential,0.42,3.09,0.72,-24.0,-1.6,8.96,205665.79,3345.02,-577.27,-0.14,25.0,3.65
Residential,1.13,-0.97,11.95,17.76,-2.26,-1.04,254428.55,-1255.99,3988.14,0.18,15.04,6.65
Residential,0.8,-3.76,-4.62,18.49,-0.64,-1.04,-351794.14,-2741.2,-3791.68,0.02,7.58,13.19
Residential,-0.9,-1.36,4.83,0.4,-0.4,-1.04,-9111.47,-1274.0,521.61,-0.05,10.41,9.61
Residential,1.12,-3.32,8.16,31.9,-2.07,-1.04,-151974.79,1005.39,-1568.45,0.14,16.67,6.0
Residential,0.75,3.82,-4.26,18.1,0.72,8.96,289676.37,-2282.03,13421.51,0.17,4.85,20.61
Residential,0.93,1.42,13.71,-32.32,2.53,-11.04,-96462.61,-728.26,3664.86,-0.14,3.89,25.71
Residential,-1.07,2.69,3.07,-26.67,-0.55,-1.04,7602.39,2723.87,-489.33,-0.18,14.75,6.78
Residential,-0.0,1.99,9.05,23.05,-0.42,-1.04,287838.1,3326.06,1303.02,-0.01,16.92,5.91
Residential,0.19,2.8,5.5,-25.63,-2.27,-1.04,576988.89,2531.7,11318.15,-0.09,12.94,7.73
Residential,-0.98,-3.66,5.17,-7.63,-1.28,8.96,-371586.26,-1989.63,-5139.86,0.03,20.88,4.79
Residential,-0.58,2.85,-15.77,-17.01,0.43,8.96,33867.02,3289.1,3707.73,-0.14,7.16,13.96
Residential,-1.22,-4.01,-7.98,19.2,1.14,-1.04,-394011.92,-3309.65,-5602.26,-0.08,13.25,7.55
Residential,-1.15,-0.45,4.46,-33.58,-2.31,-1.04,-251035.71,1849.28,-1562.14,-0.19,12.8,7.81
Residential,1.12,-2.56,13.44,3.38,1.07,8.96,-17121.1,1795.48,-1417.32,-0.08,12.72,7.86
Residential,0.84,1.75,-2.78,-34.65,-0.51,8.96,123932.06,-2175.56,2537.3,0.19,10.24,9.77
Residential,-0.06,4.31,6.25,-2.32,-0.0,8.96,501607.75,914.47,2828.72,-0.09,15.75,6.35
Residential,-0.46,0.99,0.14,22.05,1.66,8.96,37674.0,2193.89,-1471.87,-0.14,13.42,7.45
Residential,0.06,4.33,-1.05,-28.33,0.23,-1.04,451927.83,-138.01,2126.01,-0.15,15.46,6.47
Residential,0.3,1.58,-5.63,-11.16,-0.24,-11.04,389025.77,2895.84,5531.2,-0.07,11.24,8.9
Residential,-0.14,-2.6,-12.34,-26.48,-0.81,8.96,-244387.84,-1707.26,-2577.69,0.1,10.34,9.67
Residential,-1.18,3.27,0.54,-6.38,-1.26,-1.04,21000.32,3805.38,-2107.56,0.05,25.0,3.49
Residential,1.2,-0.73,14.26,-26.03,-0.74,-11.04,-333931.21,-607.9,-3421.5,-0.17,8.76,11.42
Residential,-0.62,3.23,-11.25,-3.42,0.55,-1.04,12468.53,4001.07,-500.48,-0.19,12.76,7.84
Residential,-0.35,-3.88,9.62,-17.45,2.06,-1.04,-300853.53,-3427.65,-5183.48,0.1,15.55,6.43
Residential,0.17,0.08,-3.42,-19.76,2.48,-11.04,-37881.43,-1667.64,-1197.88,0.1,8.87,11.27
Residential,0.79,-2.0,7.96,6.71,1.45,-1.04,-201851.76,692.43,-4180.05,0.09,18.42,5.43
Residential,0.15,-2.46,3.01,0.64,-2.27,-1.04,-260891.23,2669.29,-2826.0,-0.02,20.7,4.83
Residential,0.82,2.46,-0.81,-13.62,-0.2,8.96,-139336.38,-857.29,884.35,-0.01,6.89,14.52
Residential,0.1,0.27,-3.21,13.26,0.61,-11.04,-205991.01,1809.02,-779.27,0.14,6.88,14.54
Residential,0.74,0.38,-5.78,1.59,1.06,-1.04,15670.78,-3595.54,-129.23,-0.17,9.39,10.65
Residential,-1.06,4.35,0.01,-15.4,-2.27,-1.04,481645.29,181.0,5121.11,-0.11,18.21,5.49
Residential,0.75,1.66,15.91,8.8,-1.66,8.96,198048.71,1118.53,154.86,0.08,21.79,4.59
Residential,0.45,-1.69,9.7,19.31,-2.17,-1.04,-136932.39,-1141.37,-3923.95,0.18,25.0,2.6
Residential,-0.91,-0.23,-0.14,22.46,1.77,8.96,-242034.37,2585.59,-2170.11,0.05,7.16,13.97
Residential,-0.16,-2.33,8.88,21.13,-0.38,-1.04,-262981.74,-1997.83,-1940.39,-0.02,7.3,13.69
Residential,0.44,-4.2,-4.54,-16.96,-2.23,-1.04,-336676.59,-1349.72,-3869.08,-0.01,14.68,6.81
Residential,0.05,4.94,12.36,18.28,-2.59,-1.04,573529.63,-675.83,3898.37,0.03,23.92,4.18
Residential,-0.92,0.2,-14.84,16.4,-0.59,-1.04,-100099.21,-1323.96,626.62,0.04,8.45,11.83
Residential,-1.12,3.0,-11.64,32.9,0.66,-1.04,117129.84,3501.76,-2316.46,-0.03,23.92,4.18
Residential,0.79,-3.47,8.77,-7.32,0.63,-11.04,-250297.76,562.69,-3863.86,0.04,14.45,6.92
Residential,0.19,0.12,-3.13,5.34,2.54,-1.04,277345.29,-402.21,2577.45,-0.07,8.82,11.34
Residential,-0.18,1.53,8.85,-3.42,-0.76,-1.04,540882.16,1063.19,1352.95,-0.05,22.62,4.42
Residential,-0.32,-1.22,-10.85,-13.68,2.51,8.96,-268012.5,-2192.57,-2814.66,0.03,5.99,16.7
Residential,-0.3,-3.43,-8.34,-13.04,-0.44,-11.04,-253206.05,-139.24,-3237.82,-0.05,12.59,7.94
Residential,-0.73,-1.94,-3.4,30.64,1.84,8.96,-175760.72,667.79,-3261.18,-0.08,12.25,8.16
Residential,0.56,1.23,5.17,29.26,-0.48,-1.04,26161.67,3313.72,2975.62,-0.12,8.89,11.25
Residential,0.68,4.6,4.48,1.81,1.72,8.96,225396.92,-184.91,11900.02,0.14,4.32,23.15
Residential,0.06,-1.7,-9.42,3.99,1.18,-1.04,-89169.09,-4512.46,-2720.05,-0.04,12.09,8.27
Residential,-0.95,-2.86,-0.12,12.44,-2.49,-1.04,-318790.44,-3328.37,-4230.99,-0.14,17.64,5.67
Residential,-1.11,-2.74,-10.83,-13.91,-1.35,8.96,-320166.24,2301.03,-3957.52,-0.05,20.49,4.88
Residential,0.16,3.63,-4.24,17.17,-0.48,-1.04,445596.05,4629.08,3850.51,0.08,15.17,6.59
Residential,-1.12,1.76,-11.71,2.12,-1.09,-11.04,15659.45,2494.7,525.1,0.08,13.66,7.32
Residential,-0.55,-3.61,1.25,-33.76,-1.31,8.96,-229985.04,-1084.52,-4647.58,0.14,25.0,2.77
Residential,0.99,2.02,9.71,-22.27,-2.68,8.96,206920.38,2153.52,4218.28,-0.02,16.37,6.11
Residential,-0.39,3.15,-3.3,-6.97,-0.37,-11.04,483601.03,1259.57,892.49,-0.04,21.46,4.66
Residential,-0.86,1.13,-6.75,16.99,2.01,8.96,125692.05,-3702.44,657.81,0.14,9.12,10.97
Residential,0.51,-0.82,-3.95,-1.11,-1.62,8.96,-305799.41,-1290.13,274.47,0.03,4.76,20.99
Residential,0.55,-2.27,-3.12,-31.61,-2.38,8.96,-241485.94,-511.56,-2741.23,-0.1,17.18,5.82
Residential,-0.32,2.1,4.02,22.47,1.31,-1.04,-10335.95,-103.45,4310.12,0.02,5.21,19.18
Residential,0.9,2.75,9.96,12.05,0.88,8.96,201473.53,-2311.08,2021.13,-0.06,10.06,9.94
Residential,-0.65,3.46,-0.86,-33.45,-2.7,-1.04,509732.98,-2385.87,5836.89,-0.16,18.48,5.41
Residential,-0.52,0.73,5.15,5.24,-2.53,-1.04,102671.0,2230.31,251.93,0.05,23.75,4.21
Residential,0.4,3.3,3.92,-25.09,-0.29,-1.04,-3389.03,4585.87,-721.02,0.01,15.29,6.54
Residential,-0.87,4.45,-17.58,-22.41,-0.6,-1.04,482303.85,-1547.48,5095.43,0.11,12.95,7.72
Residential,-1.21,4.76,-17.03,10.48,1.39,-11.04,631236.47,5435.01,1694.94,-0.07,18.21,5.49
Residential,0.31,-4.35,6.09,-12.3,0.1,8.96,-309703.33,-4719.31,-4496.0,-0.2,11.14,8.98
Residential,-0.27,-4.65,0.36,28.37,-1.5,8.96,-409473.08,-4656.64,-5525.17,-0.12,12.3,8.13
Residential,0.46,-1.56,-8.39,-10.27,-0.82,-1.04,-42570.72,2483.41,-892.19,-0.01,15.08,6.63
Residential,-0.25,-2.81,-7.99,-14.42,-2.37,8.96,-264686.07,2896.76,-1827.74,-0.0,14.22,7.03
Residential,-0.97,3.05,-9.11,-9.9,-0.01,8.96,197239.04,-1291.87,7400.18,0.17,6.87,14.56
Residential,-0.41,-4.51,-9.74,-0.99,2.71,-1.04,-346012.03,-4482.36,-4623.89,-0.17,6.63,15.09
Residential,0.15,-4.36,-2.82,-5.9,2.71,-1.04,-341488.78,-647.33,-4898.43,-0.17,10.73,9.32
Residential,0.66,-1.08,8.61,15.65,0.24,-11.04,-156700.7,-2492.26,-2719.55,0.05,12.15,8.23
Residential,0.96,-0.48,17.32,30.38,2.16,-1.04,-81547.84,1860.26,-2340.58,0.1,11.92,8.39
Residential,1.03,-3.01,3.87,28.51,2.55,-11.04,-299164.98,2317.65,-3371.97,0.13,7.17,13.95
Residential,-0.34,2.9,-5.68,13.56,1.36,8.96,478758.94,1595.42,5469.96,-0.09,9.8,10.2
Residential,0.1,2.49,12.53,-8.9,0.82,-11.04,17118.19,-25.62,-14.71,0.12,10.26,9.75
Residential,-0.14,-3.13,-7.2,25.73,-0.87,-1.04,-152959.94,-2658.55,-2584.56,-0.15,14.14,7.07
Residential,1.1,-3.31,17.92,20.54,0.77,-11.04,-316934.07,-3472.03,-2821.28,0.14,5.41,18.5
Residential,0.51,-3.54,-5.28,-34.38,2.12,8.96,-379107.75,-2126.77,-4231.77,0.18,4.79,20.89
Residential,0.88,-1.29,3.6,15.36,0.79,8.96,-66075.39,-1911.9,-1451.9,0.18,10.74,9.31
Residential,0.82,-1.49,13.99,15.59,-2.53,-1.04,-177248.96,-3880.65,-661.47,-0.15,11.26,8.88
Residential,0.4,1.98,-0.18,-13.6,2.17,-1.04,297894.39,4305.12,4772.67,0.12,7.89,12.68
Residential,0.62,2.81,1.51,15.84,0.03,8.96,-18220.03,892.17,5834.24,0.06,5.36,18.64
Residential,-0.58,4.19,-0.4,-4.97,0.34,-1.04,-28969.02,390.19,-1771.4,-0.07,14.47,6.91
Residential,-1.12,4.23,-13.99,-7.59,-0.42,8.96,813096.9,1463.17,6815.13,0.02,15.2,6.58
Residential,0.09,-2.3,12.85,6.86,-1.2,-1.04,-216824.49,-1420.97,-3418.12,0.06,17.18,5.82
Residential,-0.86,-1.82,-17.52,-32.47,-2.02,-11.04,-221675.38,-1398.74,-3582.07,0.07,22.27,4.49
Residential,-0.69,2.63,-8.7,-32.24,2.34,-1.04,275701.34,-1747.05,2250.61,0.13,9.19,10.88
Residential,-0.36,-3.78,-11.4,-34.27,-0.0,-1.04,-324374.2,2711.68,-5040.07,-0.12,25.0,1.79
Residential,1.09,1.15,11.51,23.44,2.72,-11.04,-115606.6,-3456.4,5706.71,0.18,2.92,34.23
Residential,-0.24,-2.62,4.93,-33.04,-2.26,-1.04,-267782.23,-3552.72,-3119.71,-0.13,13.51,7.4
Residential,1.17,1.41,11.76,0.67,0.63,-1.04,48587.74,1842.9,-772.25,-0.07,13.53,7.39
Residential,0.65,4.18,11.78,-18.5,-0.14,8.96,7770.72,-1856.42,551.93,-0.1,10.17,9.83
Residential,-0.75,2.36,-10.23,19.92,-1.44,-11.04,107199.25,2541.61,-1268.31,-0.11,25.0,3.89
Residential,-0.52,2.53,8.57,0.63,-0.06,-11.04,-3526.02,-966.64,4215.83,0.07,6.37,15.69
Residential,-1.1,0.29,-1.79,2.74,-0.7,-11.04,10635.26,2482.8,-594.14,0.17,15.5,6.45
Residential,0.46,1.3,-6.59,16.89,-2.21,8.96,52296.77,1501.16,7289.95,-0.17,8.32,12.02
Residential,0.85,-2.07,1.35,17.46,-0.74,8.96,-145048.68,1378.66,-156.9,-0.1,9.33,10.72
Residential,-0.36,-3.93,-4.95,27.29,2.59,-11.04,-365640.38,-2039.42,-4324.47,-0.0,5.81,17.22
Residential,0.22,4.13,11.34,-13.97,-0.66,8.96,280094.17,-713.31,3899.47,0.16,11.7,8.55
Residential,-0.83,-3.7,-6.12,8.81,0.73,-11.04,-262062.74,1770.11,-4364.48,-0.02,20.37,4.91
Residential,-0.51,0.46,0.47,-0.61,2.61,8.96,394081.01,-1175.22,4260.32,0.13,8.4,11.9
Residential,-0.03,-0.5,-10.27,-32.32,-1.17,-1.04,356738.02,-889.17,782.32,0.04,20.75,4.82
Residential,1.13,2.63,19.15,4.22,0.51,-11.04,462260.45,-586.36,5027.78,0.02,10.95,9.13
Residential,0.96,1.23,2.92,33.4,0.92,8.96,-82354.86,1387.71,4259.17,-0.19,4.73,21.16
Residential,0.62,0.42,8.21,-0.94,-2.3,8.96,-175476.22,-612.01,3723.91,0.14,6.4,15.63
Residential,-0.52,-4.55,-5.62,-0.01,1.91,-1.04,-423840.58,1915.36,-5222.54,0.16,12.69,7.88
Residential,0.7,3.07,-5.03,-14.1,1.28,-11.04,593908.96,-1584.77,6263.01,0.2,10.06,9.94
Residential,0.11,-0.29,-11.45,-23.1,2.71,-1.04,-30812.76,2273.47,1000.0,-0.02,6.46,15.49
Residential,0.72,-3.12,15.22,0.83,-1.31,8.96,-204661.1,-1070.17,-2857.85,0.02,15.27,6.55
Residential,-0.79,-1.01,-16.45,3.32,1.81,-1.04,85697.89,667.67,-3623.2,-0.07,25.0,3.69
Residential,0.41,-1.53,-3.1,23.04,2.24,-1.04,-27730.51,-2213.45,-3028.27,-0.11,14.53,6.88
Residential,-0.39,-2.84,-7.08,-19.94,-1.72,-11.04,-79171.26,-1791.11,-2174.0,0.14,19.27,5.19
Residential,-0.47,3.83,-9.66,-23.42,-0.41,8.96,386389.35,4403.53,2119.88,-0.11,17.33,5.77
Residential,1.04,-0.42,8.67,-19.82,-1.45,-11.04,-15569.82,-2562.71,2002.83,0.03,9.74,10.27
Residential,0.57,-2.65,12.9,-16.22,2.47,8.96,-121249.01,339.29,-1348.61,0.04,7.72,12.96
Residential,0.84,-0.56,11.75,-12.84,0.13,-11.04,-123811.43,-380.21,-619.1,0.07,8.91,11.22
Residential,-0.95,4.78,-11.56,30.31,-0.58,-1.04,247135.06,-2530.13,8164.24,0.13,7.51,13.31
Residential,-1.08,3.6,-1.14,-11.02,0.1,-1.04,269840.31,324.38,-1526.16,0.17,23.81,4.2
Residential,0.83,3.52,9.33,28.06,0.6,-1.04,223602.36,3100.38,8060.64,-0.17,6.51,15.36
Residential,0.83,1.32,-2.14,-0.52,0.12,-1.04,234882.02,2430.27,2040.11,-0.15,12.71,7.87
Residential,0.89,3.29,-0.92,-27.96,1.83,-1.04,311725.12,1482.37,9192.82,-0.08,5.72,17.48
Residential,-1.12,-1.13,-1.21,24.61,1.89,-1.04,-132903.47,-107.18,-2485.34,0.1,10.5,9.52
Residential,0.94,2.04,4.51,20.21,-0.19,8.96,420317.81,-3839.69,8400.11,-0.14,8.55,11.7
Residential,0.13,3.02,-6.44,-31.69,-0.26,8.96,69269.49,2251.68,288.16,-0.13,13.44,7.44
Residential,1.04,-0.95,-5.84,35.05,0.19,-1.04,-41473.11,-2046.94,1979.65,0.17,7.11,14.07
Residential,1.08,-1.24,4.73,1.94,-1.92,-11.04,-168438.58,-2889.78,243.94,0.17,8.98,11.13
Residential,-0.36,5.0,-11.04,-29.83,0.52,8.96,922099.22,1193.28,8662.52,-0.17,12.45,8.03
Residential,0.25,1.52,7.55,-16.22,0.45,-11.04,280974.77,-3250.99,3831.27,-0.12,9.63,10.38
Residential,0.88,0.08,-3.77,-28.02,-2.15,-1.04,-70786.2,-3454.54,-2148.28,-0.18,19.8,5.05
Residential,1.01,-4.64,-5.5,12.88,-0.45,-11.04,-358725.43,-1986.85,-3750.71,-0.05,7.31,13.68
Residential,-0.4,4.71,-11.93,30.7,1.55,-1.04,182705.34,-2112.87,359.62,0.02,11.31,8.84
Residential,0.19,-2.57,11.05,19.11,-2.71,-11.04,-257607.49,-4134.79,-4107.49,0.19,22.68,4.41
Residential,-0.3,-2.78,-9.04,30.04,-2.73,-1.04,-115218.97,724.9,-969.65,0.09,18.98,5.27
Residential,0.52,1.52,3.27,26.15,-1.21,-1.04,69360.41,-2780.43,3803.4,-0.07,9.01,11.1
Residential,0.69,-3.67,1.72,-8.7,1.1,-1.04,-307629.9,-3499.49,-4482.96,-0.14,10.49,9.53
Residential,-0.96,-3.68,1.6,24.31,0.19,8.96,-385951.97,1480.38,-4725.49,-0.17,12.63,7.92
Residential,-0.76,1.18,-12.89,8.25,2.57,8.96,144910.66,-3933.21,221.75,-0.12,9.41,10.63
Residential,-0.19,-1.62,-12.3,9.74,-2.09,8.96,128819.63,-2934.45,-125.11,0.07,19.72,5.07
Residential,0.54,2.78,1.99,-3.38,-2.25,-1.04,475999.66,-3289.83,5697.41,0.02,16.08,6.22
Residential,-0.14,2.77,6.63,-20.25,1.72,-1.04,175021.33,1945.58,2181.58,-0.02,9.05,11.05
Residential,-0.89,3.51,-4.23,-26.22,1.29,-11.04,242054.55,-3977.65,-82.66,-0.07,13.21,7.57
Residential,-0.97,-0.18,-1.55,21.82,-0.78,-11.04,133675.86,3161.18,-2290.28,0.11,25.0,3.11
Residential,-0.8,2.98,-13.27,-8.87,1.81,-1.04,248148.68,-3481.76,2094.29,0.14,9.36,10.68
Residential,0.49,3.5,4.06,-24.87,-1.03,-11.04,447312.84,-361.8,9639.29,-0.17,9.59,10.43
Residential,-0.25,2.14,-2.91,-28.04,2.06,8.96,56215.23,-1551.24,1609.2,-0.11,7.26,13.78
Residential,1.0,3.76,12.17,26.74,1.59,-11.04,201967.02,1892.68,11190.65,-0.14,4.47,22.35
Residential,-0.3,-2.92,-0.54,-22.61,2.34,-1.04,-271655.64,1641.67,-3692.44,0.08,9.61,10.41
Residential,1.23,4.5,-3.17,33.01,0.92,-11.04,225940.2,-683.39,232.92,0.1,13.7,7.3
Residential,0.53,2.04,10.6,26.49,0.79,-1.04,-17329.78,1932.05,2844.73,0.16,6.61,15.13
Residential,-0.7,1.42,-1.49,-32.98,2.7,-11.04,132882.12,-1502.01,-108.41,-0.1,9.96,10.04
Residential,-0.59,-4.31,-2.34,15.34,2.51,-1.04,-319108.55,-905.74,-4712.48,0.02,11.01,9.08
Residential,0.68,4.45,9.1,14.44,0.9,-1.04,206412.43,-1352.65,5085.58,0.2,7.43,13.46
Residential,-1.15,-4.51,-10.66,30.88,0.68,-1.04,-410392.72,2120.73,-5401.6,-0.06,25.0,2.06
Residential,1.14,0.87,9.31,6.9,-1.17,8.96,185631.54,-2857.68,2671.14,-0.04,12.27,8.15
Residential,-0.58,-4.26,1.69,-34.25,2.33,-1.04,-328829.19,-3669.99,-4412.2,0.19,7.39,13.54
Residential,-0.31,1.23,-9.72,18.92,-1.43,-1.04,-2649.03,-553.05,-1797.85,-0.13,20.75,4.82
Residential,0.44,-3.56,-2.7,-31.59,0.05,-1.04,-279258.36,-1146.03,-2773.68,0.08,8.15,12.27
Residential,0.27,2.68,-1.3,29.1,2.12,-1.04,440052.11,2826.23,2467.73,-0.19,11.89,8.41
Residential,1.07,1.74,7.76,-7.57,0.7,-1.04,262775.7,2564.3,5501.1,-0.01,8.32,12.02
Residential,-0.99,-3.46,1.71,32.17,-2.41,-1.04,-238709.31,2899.14,-3394.72,-0.1,25.0,2.82
Residential,-0.54,-2.61,8.92,-16.87,0.32,8.96,-203168.77,-1942.22,-1589.94,0.18,7.79,12.83
Residential,-0.6,4.77,5.68,26.05,0.16,-1.04,72039.75,941.34,143.39,-0.08,12.53,7.98
Residential,0.01,2.97,-5.94,17.95,-0.82,8.96,-72887.98,-244.91,-689.92,-0.03,12.25,8.16
Residential,0.73,0.72,-1.57,20.45,2.34,8.96,114191.74,2169.52,89.77,0.02,10.35,9.66
Residential,1.22,2.86,-2.93,24.21,-0.43,-1.04,265309.91,4642.16,10337.23,0.19,6.98,14.33
Residential,0.43,4.58,-8.54,-15.29,-2.28,-11.04,441876.35,3841.96,6982.96,0.06,15.77,6.34
Residential,-0.04,1.55,-1.59,5.17,-1.75,-11.04,250196.73,-1911.71,2969.44,0.05,14.79,6.76
Residential,-0.16,2.5,5.91,30.98,0.27,-11.04,223227.06,-372.86,3853.74,0.17,9.45,10.58
Residential,-0.19,-1.62,-11.09,9.35,0.16,-1.04,-175041.01,3504.75,-2781.44,-0.2,15.55,6.43
Residential,-0.48,-4.75,-5.33,23.51,0.39,-1.04,-381052.1,-2169.88,-5008.93,0.1,10.37,9.64
Residential,-1.19,-3.98,-4.86,16.17,-1.9,-1.04,-407032.73,-1674.55,-5299.73,-0.1,25.0,3.58
Residential,-0.95,3.03,-14.34,15.15,0.59,8.96,23701.52,4808.11,-914.61,-0.08,14.51,6.89
Residential,-0.92,1.96,4.89,-29.27,0.05,-1.04,414374.7,-1685.04,771.06,0.15,17.79,5.62
Residential,-0.49,-3.58,-5.9,-29.08,-0.09,-1.04,-282542.09,-1305.75,-5512.73,-0.06,25.0,1.65
Residential,-0.92,4.12,-8.44,23.64,0.48,-1.04,1115887.24,-2314.05,4953.76,-0.04,18.48,5.41
Residential,-0.19,4.58,-10.2,11.52,-0.91,-1.04,264959.8,1684.97,-259.57,-0.02,22.57,4.43
Residential,0.19,0.12,4.19,13.85,2.56,-1.04,113423.02,-1561.79,1664.71,-0.1,7.56,13.23
Residential,-0.73,2.55,-11.01,11.54,0.17,-1.04,170731.25,-654.94,-891.96,0.05,17.24,5.8
Residential,-0.88,-0.65,0.34,1.68,1.04,-1.04,-213516.3,-2673.59,-3991.3,-0.08,13.83,7.23
Residential,0.07,3.66,8.53,5.79,-2.58,8.96,635287.15,-2857.48,5055.84,0.03,21.55,4.64
Residential,0.54,2.68,0.99,18.06,-2.27,-1.04,755351.23,-1238.12,8321.16,-0.11,17.61,5.68
Residential,-0.91,-0.63,-17.23,0.69,2.04,-1.04,-28942.51,-385.0,-3668.64,0.05,20.16,4.96
Residential,-0.85,2.48,-13.4,-12.17,-1.6,8.96,658535.89,-2893.18,2743.92,0.15,22.68,4.41
Residential,-1.09,4.47,-3.57,-20.32,2.21,-1.04,439116.75,5107.33,4979.02,-0.07,9.19,10.88
Residential,0.66,-0.17,-5.53,-31.11,-0.38,-1.04,-98325.62,-385.93,-111.48,0.1,9.47,10.56
Residential,-0.86,-1.17,-9.35,-18.53,-1.22,-1.04,60664.24,-426.03,-3084.84,-0.08,25.0,2.94
Residential,-0.54,-0.94,-2.11,-16.55,-0.15,-11.04,97892.72,-3760.52,-404.92,-0.13,13.53,7.39
Residential,1.04,0.55,15.5,10.45,2.38,-1.04,-17461.32,-3016.81,446.12,0.1,6.92,14.46
Residential,0.32,-2.97,-5.42,-7.77,-0.52,8.96,-150552.54,-1680.87,-3143.02,0.19,16.75,5.97
Residential,-0.17,1.63,4.44,-15.72,0.22,8.96,-50867.47,892.06,3979.0,-0.2,5.77,17.34
Residential,-0.56,0.1,-10.56,19.07,-2.44,-11.04,361798.68,2227.0,1215.49,0.07,25.0,3.53
Residential,-0.4,-4.54,-0.31,-27.78,-2.69,8.96,-377159.04,-252.68,-4984.77,0.07,25.0,1.57
Residential,0.54,-4.82,5.59,-0.26,1.42,-1.04,-411545.66,1940.87,-5254.78,0.13,17.73,5.64
Residential,-0.51,0.76,-13.44,-0.28,-0.7,8.96,-75802.8,-1594.12,1610.1,0.02,7.93,12.61
Residential,-0.03,3.05,9.86,9.85,-0.83,-11.04,459516.92,3689.77,6076.44,-0.13,12.92,7.74
Residential,1.24,4.8,19.12,19.08,-0.93,8.96,418896.33,-1587.05,2973.69,-0.18,15.8,6.33
Residential,-0.47,-4.06,-9.13,3.15,-0.45,-1.04,-381905.43,-3287.57,-4157.52,0.08,6.17,16.21
Residential,1.13,-2.23,9.57,34.49,0.29,-11.04,-241083.7,1314.48,-2725.88,0.14,10.33,9.68
Residential,-0.97,2.62,-10.52,-5.81,0.5,-1.04,495439.79,2797.53,5946.35,0.16,10.87,9.2
Residential,-0.25,0.61,-12.76,28.07,-1.82,8.96,37626.97,-3078.35,-1200.28,0.15,19.19,5.21
Residential,0.53,-3.27,11.5,30.02,1.17,-11.04,-262412.36,-3850.77,-4234.37,-0.09,11.51,8.69
Residential,1.12,-3.93,18.33,-6.98,2.0,-1.04,-402132.36,666.59,-5041.15,0.02,9.12,10.96
Residential,0.19,-4.06,11.73,24.9,0.46,8.96,-404063.67,-2538.04,-4583.68,0.16,5.24,19.1
Residential,1.14,0.35,-5.66,19.96,0.72,-1.04,-63103.91,1148.67,-159.71,-0.02,9.14,10.94
Residential,0.86,-1.34,6.13,-17.8,-0.21,-11.04,-170107.69,2965.71,-666.79,-0.19,9.06,11.04
Residential,1.16,-0.38,-4.68,5.13,-1.74,-1.04,-5333.65,3346.17,2801.44,-0.08,10.89,9.18
Residential,-0.51,-2.83,-10.59,4.65,1.94,-1.04,-316340.01,-32.21,-4319.18,-0.2,10.01,9.99
Residential,-1.04,-1.54,1.54,-12.91,0.41,-1.04,-154587.22,2159.75,-2679.49,0.03,14.29,7.0
Residential,-0.57,-0.39,6.72,35.26,-1.18,-11.04,8997.7,-2277.6,-3658.19,-0.15,25.0,2.95
Residential,-0.62,-3.1,6.06,-8.01,2.5,8.96,-358233.83,-2924.14,-4747.9,-0.13,7.22,13.85
Residential,0.85,-3.06,9.2,-7.79,2.53,-11.04,-350073.6,2239.09,-3017.55,0.08,4.35,22.98
Residential,0.83,2.33,-4.68,-10.15,-0.58,-1.04,94532.05,47.64,3741.56,-0.04,8.93,11.2
Residential,0.4,-0.86,-5.1,27.89,2.62,8.96,-57313.63,3710.1,483.04,-0.08,6.79,14.73
Residential,-0.95,1.66,-0.33,-11.56,0.81,-1.04,330347.96,483.32,-97.41,-0.04,17.33,5.77
Residential,0.4,3.64,4.41,-15.11,0.15,-1.04,629081.17,3042.92,6838.31,0.18,12.12,8.25
Residential,0.2,-1.76,9.62,-34.2,1.83,-1.04,-128316.96,-2203.35,-2598.32,-0.13,10.38,9.63
Residential,-1.04,-2.33,-1.59,20.87,-0.3,8.96,-177484.07,682.64,-2356.31,-0.19,12.72,7.86
Residential,0.92,-4.73,1.31,-14.2,2.23,-1.04,-433493.81,-4433.71,-5929.39,0.15,11.44,8.74
Residential,-0.96,2.77,2.77,11.51,-1.35,-11.04,261736.86,2954.64,2306.62,-0.09,16.75,5.97
Residential,0.57,1.21,-5.94,-19.43,0.17,-1.04,223175.05,3755.22,2829.87,-0.04,11.45,8.73
Residential,-1.18,-3.21,-0.2,-7.52,0.53,-1.04,-235681.77,982.13,-4032.74,0.12,17.83,5.61
Residential,0.93,2.21,-2.3,8.82,1.35,8.96,525010.09,3865.54,9884.94,-0.17,7.51,13.31
Residential,0.74,2.18,10.77,6.03,-1.04,8.96,195292.77,1247.23,7694.58,0.12,8.12,12.31
Residential,0.71,1.34,16.17,19.6,2.29,-11.04,-32383.42,-1894.7,492.63,-0.11,6.83,14.65
Residential,-0.04,0.68,-5.01,26.73,-0.82,-1.04,-33494.68,-3167.66,-1963.91,-0.05,16.1,6.21
Residential,-0.32,4.69,-0.35,16.79,0.22,-1.04,707962.84,5801.44,5175.58,-0.08,15.41,6.49
Residential,0.9,-0.2,9.13,-31.72,1.0,8.96,-265552.27,-2101.94,-2514.14,-0.14,6.76,14.8
Residential,-0.2,-2.07,0.6,-18.38,-1.44,-11.04,-242215.11,-1280.31,-3259.63,0.19,15.43,6.48
Residential,0.23,-2.42,-1.81,1.74,-1.18,8.96,-309981.22,885.69,-4130.24,0.08,19.65,5.09
Residential,0.08,-1.29,12.03,-8.3,0.75,-11.04,68548.35,2336.3,-1055.37,0.17,14.86,6.73
Residential,-0.76,1.49,4.81,14.78,-2.22,-11.04,-105245.35,128.27,-159.23,-0.1,13.85,7.22
Residential,-0.62,2.42,-5.9,13.87,0.65,8.96,49408.38,-2042.88,-2495.22,-0.11,18.12,5.52
Residential,-0.16,4.74,10.21,-30.35,-1.47,8.96,519863.94,-2430.0,2315.46,0.11,20.62,4.85
Residential,-0.98,4.35,-15.48,10.02,-1.03,8.96,-108544.77,3001.25,-2155.55,-0.14,19.31,5.18
Residential,0.44,3.75,-2.63,14.37,0.9,-1.04,640612.21,5156.19,8499.88,0.16,9.89,10.11
Residential,1.1,-4.22,-4.42,-13.97,0.22,-1.04,-323521.84,-827.31,-3518.15,0.05,8.06,12.41
Residential,0.14,1.28,-7.89,-24.65,1.91,-11.04,63002.89,5352.99,1701.87,0.17,8.18,12.23
Residential,0.05,-0.59,-10.56,-16.15,-2.49,-11.04,20466.67,1469.1,1509.85,-0.16,15.72,6.36
Residential,-0.25,-0.06,-4.44,33.88,-2.65,-1.04,113748.09,-3092.37,-273.38,-0.03,22.32,4.48
Residential,-1.11,-0.98,-8.34,-33.69,1.82,-1.04,-152118.61,-1716.1,-1400.82,0.15,7.33,13.64
Residential,0.35,3.61,11.48,-25.65,1.24,-1.04,225405.85,932.78,9191.6,0.08,5.44,18.38
Residential,-1.08,-0.73,-12.09,0.59,2.57,-1.04,-48118.42,3087.85,-3013.46,-0.15,15.95,6.27
Residential,-0.75,2.5,-8.62,18.48,1.66,8.96,448187.77,-1666.67,-1859.64,0.05,24.1,4.15
Residential,0.04,0.46,12.08,-1.19,-1.55,8.96,59559.7,2181.69,-1616.69,-0.17,25.0,3.82
Residential,-1.14,3.55,-4.34,23.06,-0.76,-11.04,480385.9,-431.06,851.89,-0.11,22.17,4.51
Residential,0.52,1.12,14.02,21.87,-1.37,8.96,114342.77,1062.95,892.96,0.09,15.75,6.35
Residential,-0.05,-0.16,-4.14,12.05,2.0,-1.04,-91432.67,751.49,-2884.91,-0.13,13.55,7.38
Residential,-0.31,-0.15,0.13,19.07,2.08,-11.04,28331.99,-559.55,59.82,-0.1,8.72,11.47
Residential,0.5,0.09,10.62,-21.54,-1.06,-1.04,145260.47,3468.34,499.18,0.13,17.79,5.62
Residential,-0.39,-2.64,3.32,-15.6,1.36,-1.04,-247221.78,-1304.63,-4827.54,0.19,20.75,4.82
Residential,0.21,-4.12,-0.32,0.48,1.11,-11.04,-380042.64,2081.52,-5153.02,0.06,24.51,4.08
Residential,0.17,4.81,6.88,-31.14,1.07,-1.04,437347.26,-1904.81,11625.57,-0.04,6.12,16.33
Residential,-1.11,-4.81,-9.49,-26.38,1.66,8.96,-373212.45,2505.47,-5344.09,0.01,25.0,2.92
Residential,0.4,-4.75,-7.05,-17.59,2.14,8.96,-411035.79,-27.38,-5363.53,0.12,9.81,10.19
Residential,-0.46,-0.71,-7.18,-6.85,-2.35,-1.04,-126397.06,1000.01,774.68,-0.17,11.75,8.51
Residential,0.81,3.19,-5.51,12.62,1.34,8.96,152750.54,1863.94,3712.98,0.17,7.67,13.04
Residential,0.15,-4.75,9.47,22.24,-1.57,8.96,-385637.94,-4288.67,-4783.91,-0.03,9.64,10.37
Residential,1.05,0.43,17.85,-17.07,-2.17,-1.04,-65686.98,1188.4,6582.49,-0.0,6.72,14.87
Residential,-1.13,-3.55,2.77,-6.43,-1.0,-1.04,-324491.0,-4420.77,-3430.49,0.01,7.87,12.71
Residential,-0.84,-2.45,-2.91,0.09,2.13,-11.04,-280026.33,130.83,-3307.42,0.06,7.53,13.28
Residential,1.07,-2.48,5.84,-3.81,-0.61,-11.04,-297509.84,-297.32,-1542.53,0.2,6.1,16.4
Residential,-0.9,-4.93,5.65,-9.0,0.4,8.96,-457821.7,2193.97,-6190.64,0.06,25.0,0.0
Residential,-0.57,4.84,6.59,31.58,0.15,-1.04,309325.45,3504.81,-1903.88,-0.19,25.0,3.25
Residential,-0.06,3.68,4.65,-25.17,-1.75,-1.04,551723.63,-279.03,7782.4,0.08,13.89,7.2
Residential,-0.79,1.41,-12.84,23.05,-1.81,8.96,131982.21,-1352.77,2218.81,0.19,13.85,7.22
Residential,-0.65,-2.06,7.67,-24.14,1.66,8.96,-173925.94,426.82,-3009.55,0.13,11.44,8.74
Residential,-0.27,-1.42,-10.13,1.6,-0.36,-1.04,-287085.16,-235.83,-2643.84,-0.18,8.4,11.91
Residential,-0.35,4.54,2.7,-10.07,2.66,8.96,543226.03,1483.0,1722.67,-0.19,13.44,7.44
Residential,0.2,-1.78,6.61,-13.11,0.04,-1.04,22152.73,2567.3,-612.88,-0.01,13.95,7.17
Residential,0.73,-1.07,7.84,-1.95,0.12,-11.04,38683.48,-1646.08,-558.04,-0.14,12.59,7.94
Residential,0.73,0.58,1.95,3.7,1.08,8.96,71094.92,4354.17,4001.1,-0.01,6.9,14.5
Residential,0.4,-3.21,-8.78,27.73,-2.09,8.96,-218498.15,1505.85,-2937.35,0.11,22.12,4.52
Residential,0.5,3.82,-1.79,19.18,0.3,8.96,695325.39,3042.83,11586.77,-0.04,9.05,11.05
Residential,0.98,1.45,13.96,13.38,2.71,-1.04,-30563.94,-3772.05,1164.09,0.04,5.8,17.24
Residential,0.98,0.13,-3.7,30.29,-1.95,-1.04,66163.53,2776.49,2186.03,-0.17,14.14,7.07
Residential,0.02,3.68,2.32,-17.78,2.59,-1.04,582592.19,-2109.76,8061.18,0.04,7.47,13.39
Residential,0.87,-0.08,12.71,-31.93,-0.09,8.96,-67156.17,-3686.67,-1438.58,0.07,11.55,8.66
Residential,-0.7,0.75,-4.63,-24.05,-0.62,8.96,37238.44,1729.89,4722.61,-0.04,7.49,13.35
Residential,0.75,-2.5,4.93,-1.52,1.65,8.96,-178456.13,1572.95,-2270.37,-0.04,9.3,10.75
Residential,0.8,-3.01,10.59,-7.18,1.92,-11.04,-231896.29,-3158.27,-2764.71,0.17,7.26,13.78
Residential,-0.57,-3.1,-10.61,2.51,-1.76,8.96,-212398.48,-3699.87,-3017.98,0.13,14.79,6.76
Residential,0.97,2.35,-4.08,3.92,2.42,8.96,683403.3,-1180.5,5755.62,0.08,10.02,9.98
Residential,0.68,-1.28,8.13,21.74,-2.69,-1.04,-213867.77,-1321.24,-1781.63,0.04,14.79,6.76
Residential,0.58,-0.14,0.19,16.57,-0.63,-1.04,206150.78,-2434.89,4400.82,-0.2,9.72,10.29
Residential,0.24,-3.03,-4.22,32.58,2.72,-1.04,-343930.29,-4116.28,-4574.31,0.03,6.68,14.96
Residential,0.41,-3.95,-2.41,-23.54,-0.73,-1.04,-362110.74,-328.28,-3635.32,0.12,7.74,12.92
Residential,-0.23,4.68,-5.44,-28.14,-2.6,-1.04,296603.03,3834.29,2483.05,-0.14,23.64,4.23
Residential,-1.1,-4.4,-12.02,-34.58,0.07,8.96,-383811.73,2076.84,-5183.45,0.03,25.0,2.71
Residential,-0.1,2.12,11.29,-17.11,0.76,8.96,247644.32,1060.3,-1539.74,-0.08,21.32,4.69
Residential,0.88,-0.47,1.55,17.06,2.51,-11.04,-103771.31,2495.17,-3606.81,0.12,17.42,5.74
Residential,-0.22,0.06,8.24,-33.44,-0.23,8.96,15965.62,-3985.47,2090.62,-0.15,8.19,12.21
Residential,-0.45,-1.7,3.68,-17.27,1.58,8.96,-232224.4,-2474.05,-1292.43,0.01,5.41,18.48
Residential,0.26,-4.89,9.2,-18.45,-0.29,8.96,-393168.05,-758.15,-5054.59,-0.13,13.59,7.36
Residential,-0.7,-1.05,-10.48,-28.31,-1.95,-11.04,-307222.85,2026.99,-3658.21,-0.1,21.6,4.63
Residential,0.56,4.79,6.5,12.99,1.88,8.96,192296.88,2423.6,6981.96,0.14,5.7,17.55
Residential,-0.24,2.8,7.05,14.71,-2.09,-11.04,253537.51,2834.21,8839.39,-0.07,10.18,9.82
Residential,-0.7,1.93,-2.93,-33.62,-0.14,-11.04,584387.54,1667.5,3834.23,-0.01,15.8,6.33
Residential,0.4,-1.15,9.09,12.2,0.33,8.96,-27941.81,3396.42,2094.18,0.16,7.77,12.87
Residential,0.03,-1.72,12.42,1.19,-0.52,-1.04,-143195.42,-1349.72,-791.6,0.04,9.42,10.62
Residential,0.3,-4.68,10.98,-21.08,-0.86,8.96,-340211.99,-3449.18,-4226.9,-0.02,10.14,9.86
Residential,0.96,-3.1,-4.74,17.54,-2.57,-1.04,-385547.56,-3714.24,-4446.45,0.18,10.75,9.3
Residential,0.19,4.72,7.75,29.35,-1.5,8.96,1021204.88,4233.8,14284.07,0.14,13.55,7.38
Residential,0.84,3.41,-7.13,-26.25,2.04,-1.04,314333.34,3771.23,10507.21,-0.17,5.23,19.11
Residential,1.06,-4.68,10.75,22.97,1.45,-1.04,-324528.15,1954.73,-4225.97,0.07,11.19,8.94
Residential,1.09,4.36,-0.21,-3.55,-2.35,-1.04,445045.29,-278.69,11051.95,-0.1,11.3,8.85
Residential,-0.39,-3.49,-11.24,-1.39,0.33,-1.04,-423952.95,2263.22,-4518.2,0.09,8.08,12.37
Residential,1.12,0.46,17.94,-33.76,-1.08,-1.04,40262.75,3333.36,69.68,0.05,15.97,6.26
Residential,-0.09,-2.38,0.13,-27.95,2.56,-11.04,-243218.31,-2360.62,-4485.29,0.02,13.0,7.69
Residential,0.86,1.27,1.84,21.5,-1.55,8.96,189042.17,-1468.53,-314.54,0.15,21.01,4.76
Residential,-0.93,1.1,-9.98,34.37,1.18,-11.04,-144326.36,-1608.24,-1275.62,0.13,7.96,12.56
Residential,-0.63,0.91,-11.99,-1.62,-0.84,8.96,204949.14,2010.97,-660.02,0.05,22.37,4.47
Residential,0.88,1.96,1.53,18.61,0.84,-1.04,313312.94,-2705.43,1860.75,-0.09,11.96,8.36
Residential,-0.81,-1.2,-2.92,-11.17,1.22,-1.04,-71263.43,-3476.8,-2836.03,-0.0,13.46,7.43
Residential,0.66,0.03,11.63,15.77,-0.77,-1.04,-179555.93,888.66,-2000.3,-0.13,12.58,7.95
Residential,1.07,-3.4,2.76,2.04,-2.02,-1.04,-387474.49,-446.51,-2937.48,0.12,5.93,16.86
Residential,0.47,0.4,-8.57,23.91,-0.85,-1.04,-81950.88,2835.19,-708.6,0.12,13.37,7.48
Residential,0.51,2.32,0.96,30.37,0.65,-1.04,841870.28,3447.37,12119.5,-0.1,9.44,10.59
Residential,-0.31,2.23,7.19,-17.51,1.78,-11.04,149077.51,-700.98,3862.33,-0.18,6.9,14.49
Residential,1.11,-4.9,13.51,-15.14,-0.89,-1.04,-438211.1,-3169.52,-5300.48,-0.0,10.03,9.97
Residential,-1.22,-0.8,-13.19,-2.27,-2.57,8.96,167317.59,-2526.86,-1186.04,0.08,25.0,3.42
Residential,0.98,-1.95,0.61,-13.85,2.05,-1.04,-228555.27,762.93,-483.13,0.08,4.75,21.05
Residential,0.03,1.29,0.94,-29.54,0.03,-11.04,185320.92,4144.89,-466.07,-0.07,18.9,5.29
Residential,-0.87,4.44,0.2,-24.77,-1.99,-1.04,81983.82,2171.76,-6.02,0.19,20.79,4.81
Residential,-0.07,-4.1,0.03,12.13,2.49,-1.04,-389508.38,-2868.5,-4584.34,0.15,4.69,21.34
Residential,-0.2,-2.81,-7.39,13.54,1.07,-1.04,-359381.93,428.49,-4217.2,-0.09,8.03,12.45
Residential,1.03,4.92,2.61,15.88,1.04,8.96,303190.84,3889.02,4548.23,-0.08,9.32,10.73
Residential,1.11,-0.56,8.71,33.86,-0.03,8.96,-54791.97,261.04,2901.71,0.16,6.61,15.12
Residential,0.29,-3.15,-3.38,15.32,1.37,-1.04,-247124.27,-1515.85,-4121.41,-0.0,13.0,7.69
Residential,-1.03,2.11,-2.93,-15.78,-1.16,8.96,459655.22,-1568.75,-766.68,0.04,25.0,3.35
Residential,0.04,4.76,-11.6,18.21,0.58,-1.04,234551.56,950.72,9845.1,-0.04,5.75,17.38
Residential,-1.02,0.15,-4.65,-16.79,0.63,8.96,-76407.29,-1545.3,-674.8,-0.06,9.24,10.82
Residential,-1.06,-0.23,-0.79,-31.15,1.98,-1.04,47223.01,2761.97,308.84,-0.15,9.33,10.72
Residential,0.23,2.92,7.13,31.07,0.31,8.96,-76050.91,-1783.92,-1578.53,0.14,11.59,8.63
Residential,0.93,3.59,5.09,0.31,-2.6,-11.04,454609.39,2213.78,5662.71,-0.18,18.94,5.28
Residential,0.66,-3.38,2.88,-16.69,0.36,-11.04,-255532.9,3193.72,-3943.82,-0.2,19.23,5.2
Residential,0.53,1.38,-1.94,-11.87,-0.0,8.96,354994.42,996.3,3197.61,0.11,12.84,7.79
Residential,0.28,-2.57,7.09,-20.6,-1.29,-11.04,-296366.47,-1903.57,-3632.19,0.02,12.67,7.89
Residential,0.56,-3.35,0.21,-13.02,2.72,-11.04,-263429.67,2320.45,-2975.56,0.14,7.29,13.72
Residential,1.12,1.3,11.36,-21.49,-1.12,-1.04,-114433.58,3618.38,-1108.8,-0.05,14.73,6.79
Residential,-1.22,4.4,-10.4,-17.2,2.17,8.96,746796.54,-878.06,2191.43,-0.08,15.6,6.41
Residential,-1.14,3.97,-12.87,29.46,2.27,-1.04,625898.34,1123.11,1573.88,-0.0,15.43,6.48
Residential,0.34,0.26,7.79,2.78,-1.19,-1.04,-319841.3,3086.94,-3084.23,-0.07,12.17,8.22
Residential,-0.44,2.68,4.91,26.38,1.19,-1.04,-163537.77,-2086.16,2071.01,-0.16,4.38,22.84
Residential,0.83,2.16,4.59,13.84,1.42,-1.04,505699.48,2743.07,13391.56,0.17,5.9,16.94
Residential,0.61,-2.94,7.58,-28.76,-0.97,-11.04,-281522.07,2056.85,-4453.57,-0.15,25.0,2.87
Residential,0.39,0.76,7.54,-17.88,0.55,-1.04,-46139.29,-757.95,76.22,0.02,8.98,11.13
Residential,0.69,1.28,-7.95,19.76,-2.57,8.96,16873.29,-2364.26,868.63,0.19,15.53,6.44
Residential,-0.33,2.78,-9.86,0.11,-0.26,-1.04,30158.93,869.75,1505.48,0.07,9.99,10.01
Residential,0.22,1.31,-0.39,-23.87,1.52,8.96,265704.98,3081.47,870.71,0.18,12.95,7.72
Residential,0.64,0.26,13.06,-4.4,2.29,8.96,-148303.94,3672.51,1810.2,-0.1,4.51,22.17
Residential,0.32,4.15,7.91,34.48,-0.36,-1.04,580349.72,687.1,5182.53,-0.03,14.06,7.11
Residential,0.45,1.43,11.1,28.39,-2.69,-11.04,105703.79,2318.12,10926.87,0.19,8.01,12.49
Residential,-0.47,0.29,-12.45,-22.94,1.12,8.96,-122101.72,3455.15,244.43,-0.05,7.2,13.88
Residential,-0.32,4.09,6.16,12.27,-2.04,-11.04,233102.32,-186.96,7590.21,-0.03,10.29,9.72
Residential,-0.77,4.11,-3.21,13.4,0.44,-1.04,362383.08,1216.79,2334.08,-0.0,13.48,7.42
Residential,-1.19,0.84,-9.78,10.51,0.47,-1.04,27703.25,3055.24,-1164.58,0.14,15.04,6.65
Residential,0.01,-1.53,4.22,-24.0,0.54,-1.04,-48523.77,-208.57,-1924.15,-0.15,13.66,7.32
Residential,-1.07,-2.01,-14.88,20.13,2.55,-1.04,-156185.7,-2313.9,-3810.89,0.09,13.09,7.64
Residential,-0.15,3.86,8.06,13.57,0.32,-11.04,279753.85,-2253.77,3930.36,0.02,9.82,10.18
Residential,0.29,3.19,6.88,-0.44,1.46,-11.04,382005.82,3257.69,10555.72,0.01,6.05,16.53
Residential,-0.28,4.81,5.79,-7.49,2.72,8.96,229944.86,-3332.06,6948.53,-0.11,5.25,19.03
Residential,-0.48,4.87,1.09,-27.22,-2.21,-11.04,534933.77,602.16,8235.4,-0.03,14.71,6.8
Residential,0.07,-4.51,11.85,9.15,0.1,-1.04,-351855.21,-3732.16,-4305.09,0.12,7.92,12.63
Residential,0.54,0.37,-0.66,-8.58,-0.69,-1.04,42874.21,-411.76,3128.71,-0.06,8.76,11.41
Residential,-0.95,4.04,4.47,-19.13,-0.57,-1.04,728169.68,347.28,4872.16,-0.16,17.01,5.88
Residential,0.48,-1.82,6.4,-22.72,-0.91,-11.04,-139764.92,-3976.82,-190.24,-0.14,8.49,11.78
Residential,1.06,2.61,16.52,-33.61,-1.96,8.96,-95792.56,2017.27,1731.23,-0.15,10.33,9.68
Residential,-0.7,3.27,4.96,-26.1,-1.48,-1.04,191784.6,5505.78,1980.41,0.18,17.36,5.76
Residential,0.51,-3.46,3.68,4.61,-1.04,-11.04,-229568.0,-1937.65,-3706.33,0.14,17.21,5.81
Residential,-0.4,-4.0,-14.1,-17.5,1.39,8.96,-337192.62,-4378.58,-4370.4,-0.15,7.35,13.6
Residential,0.97,-3.33,14.49,24.41,-0.28,8.96,-369606.63,-2128.81,-3984.46,-0.16,6.83,14.65
Residential,-0.95,-0.38,3.82,31.93,0.16,8.96,-37890.78,257.26,-1486.97,0.03,13.57,7.37
Residential,1.08,-3.56,8.52,-12.4,1.29,8.96,-260600.55,2260.53,-1100.0,0.01,5.33,18.77
Residential,-0.52,-0.49,1.93,-14.94,-2.32,-11.04,23523.51,3188.32,521.68,-0.02,19.01,5.26
Residential,0.86,-0.49,1.98,14.71,1.98,-1.04,149064.17,-3232.39,4142.63,-0.19,6.38,15.67
Residential,-0.9,-0.05,-12.23,-30.27,-1.63,-11.04,178621.19,-1237.72,1584.21,0.16,15.7,6.37
Residential,0.15,-3.53,2.28,23.6,1.12,-11.04,-235382.01,1801.56,-3368.66,0.14,12.02,8.32
Residential,-0.43,4.04,-7.91,-5.45,1.17,-11.04,445606.98,-178.13,2704.16,0.02,12.56,7.96
Residential,0.6,1.6,3.45,0.25,-0.38,-1.04,427757.59,2349.06,8421.34,-0.06,9.43,10.61
Residential,0.4,0.34,-0.83,7.72,-0.45,8.96,43454.47,2404.29,-967.26,-0.12,17.09,5.85
Residential,-1.09,-1.7,-4.11,1.96,0.78,-11.04,-215711.3,-839.96,-2670.36,0.01,9.51,10.51
Residential,-0.14,-3.76,4.72,-11.27,1.27,8.96,-252176.83,2981.16,-4406.78,-0.02,22.08,4.53
Residential,0.08,2.55,-9.53,-3.79,-1.31,8.96,211691.84,-198.29,4913.98,0.15,10.85,9.22
Residential,-0.56,1.36,-4.05,30.49,-0.9,-1.04,579085.24,321.57,1574.76,0.12,22.99,4.35
Residential,0.02,-2.21,-4.07,3.77,1.03,-11.04,-142879.89,-3646.29,-1911.42,-0.17,8.88,11.26
Residential,0.13,0.7,-2.83,-5.26,-1.54,8.96,14501.6,687.62,-3122.63,0.04,25.0,2.71
Residential,0.06,-4.07,4.65,-17.39,0.36,-1.04,-333279.27,-2444.35,-5039.9,0.09,16.13,6.2
Residential,-1.2,-0.66,-14.47,21.48,2.54,-1.04,-117937.59,-416.6,-3544.74,0.11,14.29,7.0
Residential,0.88,1.2,4.97,28.06,0.51,-1.04,-32140.68,-1064.29,6646.58,0.12,4.44,22.51
Residential,-1.06,-4.46,-9.55,31.86,-1.51,-11.04,-370505.27,-586.56,-5668.03,-0.02,25.0,0.0
Residential,-1.21,3.94,-5.64,-21.35,0.81,8.96,757015.13,2376.87,3413.11,0.15,16.89,5.92
Residential,-1.07,3.54,2.0,-19.38,-2.51,-1.04,-25582.24,4416.06,-2711.85,-0.06,25.0,1.78
Residential,0.86,-4.51,4.73,1.23,-0.14,8.96,-368227.12,-1734.55,-3779.89,-0.05,6.29,15.9
Residential,-0.57,-4.1,5.7,-4.56,-0.69,8.96,-393240.58,-3752.26,-5510.39,0.12,15.38,6.5
Residential,0.93,-4.37,9.61,-8.98,-1.77,-11.04,-348926.44,493.5,-4792.55,-0.17,25.0,2.76
Residential,-1.17,-2.57,-4.32,-25.49,1.33,-1.04,-111820.93,2474.09,-3931.01,0.12,24.57,4.07
Residential,1.2,-3.97,3.09,-22.31,-2.62,8.96,-325627.97,-4210.9,-4268.46,-0.15,16.08,6.22
Residential,0.99,4.56,-1.45,27.41,2.66,-1.04,400955.25,-2283.98,10175.36,-0.15,5.33,18.75
Residential,-0.67,-3.31,4.99,-13.06,-1.16,-1.04,-252759.47,-104.56,-3466.99,-0.14,16.39,6.1
Residential,-0.9,0.36,-0.14,10.05,-1.67,8.96,-73055.89,-2484.6,-1231.96,0.06,14.97,6.68
Residential,-0.86,1.0,-13.45,-15.33,2.03,-1.04,-55277.61,-1818.79,68.99,-0.11,7.12,14.04
Residential,-0.2,1.03,2.84,5.59,2.54,-1.04,-149998.95,-4118.6,674.29,-0.15,4.56,21.91
Residential,-0.26,3.25,-4.95,-9.69,1.42,-11.04,699650.58,-466.13,7910.88,0.18,9.69,10.32
Residential,-0.11,-0.85,-7.13,18.58,-2.07,-1.04,24952.1,-4070.84,-938.27,-0.1,18.05,5.54
Residential,-0.84,-1.3,-2.99,9.4,0.1,-11.04,-211516.55,2262.04,-3334.96,0.02,16.26,6.15
Residential,0.92,4.62,7.06,6.73,1.98,-1.04,37197.85,-4040.36,11458.75,-0.04,3.06,32.7
Residential,0.22,0.08,-7.8,3.38,-1.55,8.96,79272.85,-2144.13,1033.14,0.17,13.81,7.24
Residential,-0.66,0.03,-9.99,22.03,0.63,-1.04,-10770.53,2219.55,-2702.02,-0.01,20.28,4.93
Residential,-0.77,-2.6,-16.9,-14.03,-2.29,-1.04,-287480.09,-3181.75,-4318.36,0.09,21.6,4.63
Residential,-0.63,-3.62,-2.07,-22.17,-0.79,-1.04,-353543.67,-2206.24,-3550.25,0.04,7.18,13.92
Residential,0.5,2.13,13.42,14.91,-0.58,-1.04,21012.85,-1494.88,2644.24,0.08,8.54,11.71
Residential,-0.81,3.42,7.32,-32.08,2.67,8.96,-26090.16,2066.07,687.07,0.06,6.85,14.6
Residential,0.03,3.97,6.68,22.49,-1.31,-1.04,706239.37,-2926.14,7382.94,0.15,14.66,6.82
Residential,0.62,0.11,12.72,22.44,-1.98,-1.04,290969.18,2946.77,4636.66,-0.02,15.11,6.62
Residential,0.66,4.73,-6.49,33.97,-0.01,8.96,534354.56,2293.29,11084.62,-0.12,8.35,11.97
Residential,0.76,-3.13,6.17,4.66,-2.46,-1.04,-210696.73,2240.3,-1283.77,0.04,15.04,6.65
Residential,-0.3,-2.04,-11.48,8.75,-0.02,-11.04,-15304.31,891.83,-2888.14,-0.02,22.68,4.41
Residential,-0.03,-4.95,-8.48,11.25,-0.88,-11.04,-447844.84,-289.2,-5411.6,-0.16,25.0,3.02
Residential,-1.0,3.02,0.37,-25.06,0.36,-11.04,159524.42,-1298.26,2199.87,-0.04,10.06,9.94
Residential,-0.09,1.33,-5.1,33.38,-0.71,8.96,-134044.54,3307.41,-1893.86,-0.0,15.55,6.43
Residential,0.46,4.21,10.92,-26.75,2.03,8.96,467395.62,1106.53,9546.01,0.17,6.54,15.3
Residential,0.63,-2.41,-1.19,5.13,0.54,-11.04,-299901.16,-2178.45,-2517.15,0.12,5.98,16.73
Residential,-0.99,1.1,-3.54,30.76,1.26,-11.04,27167.13,-2090.02,1269.48,-0.02,7.83,12.77
Residential,0.61,-0.28,-1.4,-21.99,1.16,-1.04,73349.19,4129.71,-80.33,-0.11,12.08,8.28
Residential,-0.56,3.51,0.4,10.06,-2.71,8.96,23805.69,3478.3,-883.04,-0.07,25.0,3.32
Residential,0.65,4.27,3.71,5.41,-1.04,-1.04,563408.31,-3388.37,11172.9,0.06,9.56,10.46
Residential,-0.44,1.64,5.81,-7.15,0.41,-1.04,-59383.3,4082.84,553.95,0.13,9.12,10.97
Residential,-0.45,-3.32,9.29,29.78,1.96,-1.04,-119726.02,-1824.85,-3009.05,0.17,11.99,8.34
Residential,0.47,-1.7,1.6,33.65,-0.94,-1.04,-292881.14,414.72,-2831.78,-0.0,10.09,9.91
Residential,0.93,-0.32,7.77,34.81,0.76,-1.04,-192846.54,-73.49,4486.08,0.14,3.31,30.23
Residential,-0.24,4.65,7.14,-34.16,0.12,-1.04,402319.53,-707.39,4829.68,-0.08,11.0,9.09
Residential,0.21,2.19,-11.23,32.53,-2.06,8.96,21134.22,-3414.02,-1585.33,-0.08,20.96,4.77
Residential,-0.5,3.03,7.04,-5.39,2.38,-11.04,459120.19,3528.24,8102.64,-0.09,7.0,14.28
Residential,0.98,3.89,10.52,-4.93,-2.19,-11.04,69220.15,4030.49,6360.35,-0.01,9.67,10.34
Residential,0.63,1.69,3.34,-32.18,0.88,8.96,210516.62,828.56,-1807.96,-0.03,21.05,4.75
Residential,-1.09,4.99,-3.8,-13.58,-2.5,-11.04,985751.77,2800.18,8316.67,-0.01,23.42,4.27
Residential,0.17,-1.64,-8.67,26.11,0.65,-1.04,-256007.15,-109.17,-3562.0,0.03,11.66,8.58
Residential,-0.74,2.71,-3.96,-30.92,0.65,-1.04,540538.3,-2569.85,1597.86,-0.05,16.42,6.09
Residential,0.78,1.28,11.54,-13.03,-2.35,-1.04,292118.43,-73.25,3952.77,-0.09,16.61,6.02
Residential,0.1,2.27,1.92,-15.51,2.17,-11.04,-75100.13,3326.79,6210.88,-0.06,3.51,28.45
Residential,0.65,1.82,-3.18,27.29,2.0,8.96,247821.61,1903.34,6791.57,-0.0,6.15,16.25
Residential,0.1,3.13,-11.04,-5.75,-0.48,-1.04,261260.89,28.68,3662.12,-0.12,11.48,8.71
Residential,-0.39,2.06,5.93,34.6,2.25,-1.04,179912.32,2604.05,3072.73,-0.15,7.75,12.9
Residential,-0.97,0.73,-11.83,11.95,1.73,8.96,-18664.31,-2446.95,488.66,0.14,7.45,13.43
Residential,-0.57,1.76,7.06,27.57,2.7,-1.04,-7410.29,638.92,-758.64,0.17,8.9,11.23
Residential,-0.72,0.67,3.1,-0.15,1.36,-11.04,273328.68,4099.95,-1150.72,-0.05,20.08,4.98
Residential,1.04,-2.88,16.9,20.29,-2.26,8.96,-299094.99,-4063.25,-2066.57,0.15,8.19,12.21
Residential,-0.76,-2.24,-13.28,-16.42,2.58,-11.04,-301733.86,-552.45,-5093.49,0.16,17.45,5.73
Residential,-0.33,-3.11,10.48,32.17,0.42,-1.04,-103613.65,289.42,-3873.43,0.17,24.88,4.02
Residential,0.61,2.34,-7.91,-19.97,-1.16,-1.04,324233.8,-4467.67,3651.25,0.08,13.0,7.69
Residential,0.56,3.26,-3.68,34.04,0.22,-11.04,64829.46,-2531.36,14.51,0.07,11.57,8.64
Residential,0.94,-3.45,7.59,9.15,-2.06,-11.04,-243427.53,-928.34,-2069.36,-0.06,12.22,8.18
Residential,-1.14,-1.28,-3.48,4.24,-2.72,8.96,-360499.9,2832.65,-3833.0,-0.09,25.0,3.28
Residential,-1.21,3.51,-4.07,-6.74,2.56,8.96,391447.06,245.07,1970.17,-0.1,11.0,9.09
Residential,-0.95,-2.68,-13.46,20.85,1.13,-11.04,-171422.01,-3694.79,-3906.96,-0.09,14.58,6.86
Residential,0.24,3.62,3.7,-10.25,1.45,-1.04,505808.7,-1041.92,6896.07,0.1,8.64,11.57
Residential,1.19,-2.33,13.55,0.72,2.44,-1.04,-212785.76,-3241.21,-1711.51,0.19,5.69,17.59
Residential,-1.03,-1.61,-3.66,-3.89,0.69,-1.04,-265451.44,1739.59,-4338.85,0.04,19.72,5.07
Residential,1.02,4.28,6.38,-15.35,-1.39,-11.04,522193.96,734.43,4436.42,-0.05,17.09,5.85
Residential,0.34,4.32,12.08,-4.34,2.32,8.96,321315.76,5190.75,1676.19,-0.06,11.56,8.65
Residential,0.62,3.27,5.8,15.29,1.44,-11.04,404281.37,-2781.43,6037.79,-0.19,8.16,12.25
Residential,-0.44,3.95,5.36,19.47,-2.34,8.96,678453.59,115.89,3144.28,0.1,25.0,3.63
Residential,-0.52,3.75,7.94,-15.34,-1.44,8.96,122029.95,-2024.82,3128.0,-0.07,11.22,8.91
Residential,0.3,-4.66,10.67,14.99,-0.7,-1.04,-362346.69,-3095.31,-5732.28,0.16,25.0,2.57
Residential,-0.44,-1.17,3.99,-14.47,1.92,-11.04,5365.98,2295.52,-953.53,0.19,10.83,9.23
Residential,1.03,0.19,11.51,-28.55,1.79,8.96,80035.21,3624.56,3649.37,0.03,6.58,15.2
Residential,-1.01,1.17,-11.71,5.46,1.54,-11.04,501801.41,158.31,2900.6,-0.03,12.5,8.0
Residential,1.05,-0.61,8.64,17.89,0.81,-1.04,1769.5,60.26,2035.38,0.03,7.37,13.56
Residential,1.14,-2.37,-2.78,16.88,-1.03,8.96,-161526.99,-2071.08,-190.5,-0.12,8.52,11.74
Residential,-0.01,-4.76,11.6,-20.75,0.9,-1.04,-427298.07,-315.22,-4683.45,0.13,5.92,16.88
Residential,-0.44,-1.97,8.64,12.27,0.5,8.96,-61239.32,1439.57,-1725.28,-0.06,13.37,7.48
Residential,0.07,0.34,10.05,31.56,2.58,8.96,-179894.71,1896.42,-1157.48,0.12,6.28,15.92
Residential,0.15,-3.61,-6.86,-2.33,-1.03,-1.04,-327167.9,-1467.9,-5307.32,0.11,25.0,2.43
Residential,-1.18,3.91,-17.97,12.6,-2.49,8.96,572753.18,2307.44,3384.2,0.18,25.0,3.76
Residential,-0.4,-2.15,-10.95,-20.57,1.64,-1.04,-257803.62,3722.81,-4536.5,0.13,24.1,4.15
Residential,-0.0,2.54,0.88,-30.81,-1.65,-1.04,283202.42,2689.79,7398.04,-0.07,10.78,9.28
Residential,-0.96,-1.81,-15.36,31.12,0.27,-1.04,-161222.93,-2577.29,-3076.3,-0.05,13.26,7.54
Residential,-0.55,-4.74,-6.37,-8.31,-1.56,-1.04,-394716.6,533.73,-5241.57,-0.15,25.0,1.41
Residential,0.43,-0.51,0.55,7.85,-1.76,-1.04,-60895.02,242.22,2095.22,-0.07,9.81,10.19
Residential,0.27,0.91,12.97,-34.24,0.88,-1.04,-127048.35,1399.18,-2244.32,0.19,12.12,8.25
Residential,1.05,1.21,6.56,1.18,0.14,-11.04,8323.6,-2699.47,1058.75,-0.01,8.92,11.21
Residential,-0.06,1.48,-4.06,22.34,-0.91,-1.04,473797.54,-3996.48,3994.04,0.02,14.45,6.92
Residential,-0.42,-1.33,-7.93,25.01,-2.44,-1.04,-41935.99,-1177.88,-2942.24,0.18,25.0,2.96
Residential,0.46,4.59,3.28,26.0,-2.56,8.96,123945.71,-391.68,5601.54,-0.07,11.48,8.71
Residential,-0.1,-0.77,-12.73,-1.66,2.36,-1.04,-167402.44,2714.64,-2447.58,0.03,9.57,10.45
Residential,0.97,-2.8,7.03,21.47,-0.49,8.96,-264547.86,-2744.59,-1405.58,-0.03,6.37,15.7
Residential,-0.22,1.64,-5.32,-26.11,-0.0,-1.04,362587.86,1106.77,2369.13,0.05,14.33,6.98
Residential,0.59,4.29,5.52,-1.04,2.29,-11.04,112147.22,365.08,149.47,-0.01,9.96,10.04
Residential,0.04,-1.35,4.14,23.47,0.71,-1.04,-49039.29,864.56,-3153.0,0.2,20.28,4.93
Residential,1.13,2.54,5.78,8.5,0.25,-1.04,-27819.56,-2059.29,6471.98,0.14,4.67,21.43
Residential,0.13,-4.42,-3.18,24.27,-2.28,-1.04,-270320.87,2085.81,-4080.3,-0.13,25.0,2.17
Residential,-1.13,3.45,3.03,-26.45,1.43,-1.04,12559.82,-520.44,-2046.44,0.13,14.06,7.11
Residential,-0.71,-3.37,-11.56,18.11,-2.06,-1.04,-258079.18,-1340.79,-4419.73,0.09,25.0,3.11
Residential,0.13,0.3,12.0,17.48,0.23,-1.04,-21635.48,1833.68,-2162.44,-0.0,17.57,5.69
Residential,-0.29,-0.48,3.44,-22.21,-1.76,-11.04,-155551.08,3089.13,-2914.15,-0.13,25.0,3.54
Residential,-0.19,2.38,2.01,33.5,-1.49,-11.04,79611.31,-3945.83,1150.85,-0.13,12.85,7.78
Residential,-1.0,-3.58,-6.67,-32.21,-2.44,-1.04,-159831.36,1479.03,-3619.41,0.03,25.0,2.17
Residential,-0.31,-0.29,9.76,15.83,2.42,-1.04,-23777.42,210.47,-1254.26,-0.07,9.72,10.29
Residential,-0.71,3.37,-1.5,-24.0,-2.34,-1.04,168273.3,-352.63,8002.73,-0.19,9.63,10.38
Residential,-0.62,2.42,-8.69,0.58,2.29,8.96,239004.33,-1410.98,-842.3,-0.05,13.99,7.15
Residential,0.56,2.93,13.56,-5.05,0.86,-1.04,556100.16,4329.07,5595.07,0.14,11.53,8.67
Residential,1.15,-1.14,8.84,-26.18,-2.31,-1.04,-180281.75,-1829.67,-2052.2,-0.04,15.82,6.32
Residential,-0.01,-1.26,9.58,-10.06,1.86,8.96,-28225.54,-1333.71,-1059.67,-0.13,9.56,10.46
Residential,1.02,-4.37,-2.89,29.32,-0.85,-1.04,-404649.83,-3098.3,-4699.61,0.13,7.66,13.05
Residential,-0.07,-0.18,-6.88,35.31,-1.61,-11.04,-141154.18,-1341.47,-1421.04,-0.06,13.33,7.5
Residential,-0.79,2.57,-15.32,12.81,2.05,-1.04,-159782.83,-1100.6,-622.82,0.15,6.05,16.53
Residential,-0.06,0.73,-3.11,34.6,0.67,-11.04,-45236.53,1309.33,-642.66,-0.17,10.57,9.46
Residential,-0.29,-1.01,9.76,17.01,0.81,-1.04,-81661.18,479.88,-3498.54,0.11,20.79,4.81
Residential,-0.38,4.38,-9.4,21.68,0.91,-1.04,708200.98,-2353.59,10506.29,0.13,8.64,11.58
Residential,0.04,-4.59,5.95,-2.08,-1.7,-1.04,-465430.79,912.79,-5211.95,-0.02,25.0,1.62
Residential,-0.1,3.08,-4.89,-9.99,-0.0,-11.04,219370.22,-2260.74,8268.8,0.04,6.59,15.17
Residential,-0.83,-1.45,-0.59,-28.69,1.28,-1.04,-234648.85,1990.51,-3660.02,0.19,13.57,7.37
Residential,-0.79,-4.4,2.75,-1.12,-0.22,-1.04,-393749.44,-203.28,-5190.56,0.08,18.66,5.36
Residential,0.29,-1.28,-1.15,-29.65,2.19,-1.04,-177424.91,-21.21,-3867.77,-0.0,14.56,6.87
Residential,-0.84,3.62,-14.65,-18.11,-1.74,8.96,429090.22,382.15,-1057.32,-0.01,25.0,2.68
Residential,-0.96,1.5,3.07,27.48,2.56,-1.04,198958.65,-1591.14,-507.04,0.1,11.99,8.34
Residential,0.9,2.93,-1.51,2.66,2.25,-1.04,363252.04,-1574.88,8804.56,-0.11,5.84,17.12
Residential,0.5,1.51,-6.99,-28.99,0.04,-1.04,-24957.54,372.87,3035.85,0.05,6.92,14.45
Residential,-0.24,-0.04,0.76,6.75,0.97,8.96,-137901.18,-2343.01,-1203.32,-0.06,8.08,12.38
Residential,-0.64,-2.32,2.52,17.55,0.51,-1.04,-321658.63,-3553.29,-4515.98,0.03,10.62,9.42
Residential,0.75,-1.94,9.62,-22.45,1.21,-1.04,-325869.45,-4144.77,-3710.62,-0.0,6.25,16.01
Residential,0.48,0.34,14.29,10.73,-1.17,-11.04,21242.97,1097.47,2286.42,0.05,10.42,9.6
Residential,0.44,-4.17,10.71,-13.9,2.17,-1.04,-344238.88,1782.25,-5026.37,-0.03,17.24,5.8
Residential,-1.06,0.13,-2.77,-30.1,-0.73,-1.04,22190.55,1815.73,-952.18,0.15,16.89,5.92
Residential,0.86,2.5,8.55,-33.05,2.41,8.96,490883.49,4842.69,10001.03,0.05,6.4,15.63
Residential,-0.35,1.01,-1.95,6.84,2.3,8.96,227277.72,-2879.34,3947.39,-0.02,7.1,14.08
Residential,-0.96,0.24,-12.3,-1.65,-1.51,-1.04,321898.2,640.73,2088.48,-0.07,18.28,5.47
Residential,0.45,0.49,9.32,-13.26,-0.24,-1.04,-66102.55,153.01,-1242.47,-0.03,12.79,7.82
Residential,0.64,2.63,14.42,22.84,-1.71,8.96,-34449.81,4049.08,6111.37,0.15,7.17,13.94
Residential,0.23,4.28,-4.67,14.46,-2.42,-1.04,296892.37,-1860.47,2259.87,0.15,19.84,5.04
Residential,-1.13,-4.56,-15.83,-18.12,0.01,-1.04,-413396.77,1652.04,-5933.06,-0.05,25.0,0.0
Residential,1.2,-0.18,-0.38,-29.59,-1.45,-1.04,-285553.55,4402.74,-2767.89,-0.03,15.5,6.45
Residential,-1.01,-3.61,-17.39,4.77,1.7,-1.04,-236630.73,2603.64,-4930.25,0.13,25.0,2.78
Residential,0.99,0.36,2.23,14.26,-0.99,-1.04,6942.43,-3730.99,806.28,-0.14,10.76,9.29
Residential,-0.25,-2.93,-4.17,17.25,0.84,-1.04,-276984.13,903.51,-3771.22,0.06,11.89,8.41
Residential,0.89,-2.68,-1.03,33.42,1.88,8.96,-192695.83,1278.99,-1560.32,-0.08,7.07,14.15
Residential,-0.9,-4.3,-3.87,7.51,-0.83,-1.04,-376845.75,-4006.98,-5616.58,-0.14,21.41,4.67
Residential,0.19,2.59,-6.96,31.12,-2.04,-1.04,385566.17,-2135.63,3979.85,0.04,16.67,6.0
Residential,-1.07,4.29,-8.08,33.03,0.04,8.96,516662.09,312.29,2092.62,-0.08,17.24,5.8
Residential,0.99,2.9,9.73,0.03,-2.56,-11.04,154169.87,2680.87,4598.17,0.18,14.2,7.04
Residential,-1.01,-2.43,-0.68,0.75,0.99,-1.04,-69526.22,-2479.13,-2751.8,0.1,14.08,7.1
Residential,-1.15,-0.91,-8.11,-34.61,-2.55,-1.04,9722.97,1359.78,-1996.59,0.11,25.0,2.96
Residential,-1.01,-2.4,-12.24,-25.71,-0.2,-1.04,-146269.96,7.55,-3048.27,-0.04,16.89,5.92
Residential,-1.13,-2.39,5.3,8.76,-1.7,-1.04,-175081.43,2493.09,-2041.18,-0.18,17.51,5.71
Residential,-1.22,2.61,3.76,-17.63,-2.55,-1.04,-80656.36,-1941.26,-1076.97,-0.16,17.79,5.62
Residential,0.19,-1.18,11.85,34.24,-1.4,-1.04,26326.6,-2836.9,-1192.07,0.05,17.39,5.75
Residential,0.4,4.33,-8.33,-5.3,0.7,8.96,371766.44,746.88,11308.6,-0.04,6.18,16.18
Residential,0.64,0.96,-0.01,-19.9,2.57,-1.04,288356.0,4009.1,5465.35,-0.03,6.95,14.39
Residential,-1.19,-4.03,-10.54,-1.64,-1.31,-1.04,-347778.08,-4048.01,-5320.95,0.04,21.65,4.62
Residential,0.9,0.35,-0.97,11.46,1.87,8.96,-15609.2,2003.85,962.84,0.14,7.39,13.53
Residential,0.9,3.25,10.26,-23.48,-2.44,8.96,203168.74,-1386.36,3691.91,-0.16,14.97,6.68
Residential,-0.47,2.94,-15.01,0.92,0.66,-1.04,203967.49,-489.62,4175.46,0.11,8.41,11.89
Residential,0.57,-4.28,5.03,-8.54,-0.65,8.96,-361289.84,-2939.91,-4812.17,-0.17,12.24,8.17
Residential,-0.54,-1.72,-14.85,4.82,1.64,8.96,-152344.81,-3408.17,-2093.97,-0.19,8.38,11.93
Residential,-1.21,-2.61,-10.26,9.66,1.7,-1.04,-220290.93,-3493.62,-2618.69,0.02,7.43,13.45
Residential,-0.17,-1.93,-9.35,-26.2,-1.22,8.96,-201099.16,33.3,-3468.01,-0.14,20.88,4.79
Residential,-0.4,-0.33,1.4,-12.94,0.52,-11.04,72125.85,2039.39,390.9,-0.1,11.64,8.59
Residential,0.65,-1.89,7.15,-14.33,-0.83,-1.04,69361.67,-2702.04,220.05,-0.16,13.26,7.54
Residential,0.93,-4.11,14.0,31.0,2.33,-1.04,-392917.25,-1474.94,-4936.33,-0.08,6.61,15.13
Residential,-0.96,4.14,-13.33,-9.63,-0.61,-1.04,-68530.89,-120.55,1347.66,0.18,8.5,11.76
Residential,1.09,-2.76,2.57,-28.72,-2.62,-1.04,-246625.5,-860.12,-2352.83,-0.2,15.38,6.5
Residential,0.69,1.08,6.13,6.76,-2.51,-11.04,-165993.63,2262.9,2609.78,0.05,8.54,11.71
Residential,0.88,-2.32,7.42,16.08,-0.57,8.96,-307353.15,2135.38,-3224.92,0.1,11.14,8.98
Residential,0.95,1.23,17.59,33.79,0.06,-1.04,27301.21,651.46,319.62,-0.06,11.25,8.89
Residential,0.37,-3.54,7.78,-7.78,-0.5,-11.04,-316361.67,-1693.68,-4009.74,0.08,11.51,8.69
Residential,-0.83,-1.89,-2.27,-5.29,2.17,8.96,-113114.08,-1689.27,-2280.05,-0.14,9.7,10.31
Residential,0.37,-4.22,2.46,30.38,0.95,-1.04,-392446.58,2202.4,-3513.55,-0.01,4.46,22.43
Residential,0.43,-1.53,0.43,34.61,-1.73,-1.04,-30719.51,3170.04,-1575.0,-0.17,23.64,4.23
Residential,-0.65,0.13,-4.45,-30.96,-0.3,-11.04,-270474.83,-738.58,-1371.87,0.08,6.34,15.78
Residential,-0.9,0.32,6.78,-13.77,1.13,8.96,42446.42,-4238.3,-3336.54,-0.0,19.88,5.03
Residential,-0.89,3.12,6.16,31.32,-0.08,8.96,25933.56,956.24,3392.43,0.13,7.62,13.12
Residential,-0.22,-3.92,-11.27,-18.47,-1.69,-11.04,-373093.25,-1237.48,-4352.55,-0.15,13.61,7.35
Residential,-0.16,-2.1,6.97,16.01,-1.47,-11.04,-293494.92,2785.91,-4400.06,0.08,25.0,2.19
Residential,0.5,-1.97,9.72,-4.25,0.9,-1.04,-205260.38,-1640.46,1105.42,0.1,4.48,22.33
Residential,-1.11,-4.75,-4.63,-0.12,-2.53,8.96,-422806.69,2061.81,-5933.37,-0.0,25.0,0.0
Residential,-0.48,-1.34,-4.62,-12.45,-2.64,-11.04,-117287.02,1142.75,-2136.66,-0.06,25.0,3.79
Residential,-0.43,2.27,-1.04,-5.88,1.15,8.96,190547.85,-1605.86,1197.79,0.03,10.75,9.3
Residential,-1.0,-2.13,-0.09,0.42,-0.88,8.96,-244063.82,487.84,-4459.67,0.05,25.0,3.16
Residential,-0.37,-1.19,6.52,-22.93,2.1,-1.04,66864.39,-1279.08,296.34,0.1,8.91,11.22
Residential,0.68,-4.74,10.87,1.9,2.56,-11.04,-393334.76,2603.48,-5714.21,-0.19,25.0,0.23
Residential,-1.12,2.74,-13.47,11.1,1.49,-1.04,43680.14,3901.98,-1367.78,0.03,14.22,7.03
Residential,-0.59,-2.53,-5.68,-18.88,2.56,8.96,-326639.65,359.96,-3485.01,0.06,5.78,17.3
Residential,0.48,-2.32,-7.15,17.8,-0.22,-1.04,-160225.91,-740.32,-3870.92,-0.15,22.12,4.52
Residential,0.67,2.38,4.92,-25.75,0.92,-1.04,-147828.46,-1836.97,670.9,-0.0,5.77,17.32
Residential,0.85,-4.15,10.31,-4.96,-2.46,-1.04,-404539.12,2501.86,-5269.77,-0.02,25.0,0.0
Residential,-0.93,2.88,1.19,-15.26,-1.0,-1.04,124118.97,2044.99,-965.13,-0.18,21.83,4.58
Residential,0.34,1.32,11.96,30.18,-1.54,-11.04,-119405.19,-348.93,3395.04,-0.03,6.77,14.77
Residential,-0.8,-2.61,-0.85,12.84,-2.21,8.96,-338031.83,-216.06,-3800.02,0.07,15.82,6.32
Residential,1.15,-3.64,5.35,-3.81,0.72,-11.04,-309628.82,1109.86,-4110.35,-0.06,12.36,8.09
Residential,-0.33,2.47,1.03,31.52,1.0,8.96,-3041.0,-1844.54,2599.88,0.04,6.46,15.48
Residential,-0.81,1.8,5.01,-33.64,0.64,-1.04,282830.51,1476.11,1722.46,0.15,12.87,7.77
Residential,-0.5,-0.12,-10.61,0.94,0.93,-1.04,99069.84,-3940.18,735.11,-0.17,9.77,10.24
Residential,0.76,-3.14,13.91,5.14,2.06,8.96,-205632.29,231.32,-3048.61,0.02,9.71,10.3
Residential,-0.04,1.05,-8.17,34.34,-1.16,-11.04,-200452.11,-915.78,-652.06,-0.15,8.59,11.64
Residential,-1.16,4.19,2.98,-31.93,-0.76,-1.04,601283.15,1992.05,3763.5,0.14,18.02,5.55
Residential,1.23,-2.25,15.9,-26.34,2.72,-1.04,-43991.15,-1103.77,-722.18,0.09,7.86,12.73
Residential,1.05,3.14,7.52,32.76,1.24,-1.04,393172.24,1194.49,9363.67,-0.16,6.69,14.94
Residential,0.43,-0.14,-8.29,-5.72,-1.47,8.96,-260957.8,-4157.5,220.51,0.06,5.5,18.17
Residential,0.05,1.71,-6.11,19.76,-0.11,-1.04,-35210.24,1542.73,852.46,0.08,9.46,10.57
Residential,1.06,3.57,6.49,-27.94,0.56,-1.04,-23680.47,303.27,9783.92,-0.09,3.64,27.46
Residential,0.14,3.65,8.55,22.29,-0.15,-1.04,267572.89,1193.66,594.48,0.05,16.75,5.97
Residential,-0.51,3.57,-15.34,-24.58,0.05,-1.04,624359.85,-1694.82,4748.98,-0.01,13.89,7.2
Residential,-0.22,-3.76,-3.82,11.93,1.49,-1.04,-346680.74,-3793.57,-3446.17,0.13,4.74,21.08
Residential,-0.43,-3.39,-0.4,25.78,1.76,-11.04,-344433.72,-935.22,-3656.53,0.14,5.7,17.53
Residential,-0.86,-3.87,6.72,0.76,-1.76,8.96,-223949.41,2408.4,-3140.5,0.09,23.26,4.3
Residential,0.95,-2.36,12.77,18.31,-1.39,-1.04,-268244.44,2080.29,-3535.24,0.11,20.37,4.91
Residential,0.33,-4.91,-3.39,25.74,0.68,-1.04,-402839.98,-2489.32,-5017.51,0.05,7.87,12.7
Residential,-1.11,-0.75,2.26,-0.55,1.46,-1.04,-84355.29,808.42,-4567.65,0.02,25.0,2.86
Residential,-0.44,-1.59,-9.96,-32.73,-1.01,-1.04,-45183.91,-844.79,-3114.35,0.08,25.0,3.91
Residential,0.75,1.17,8.58,8.77,0.96,-1.04,123498.38,2706.06,4063.91,0.05,7.49,13.36
Residential,0.63,3.86,13.99,33.24,1.19,-1.04,289866.62,1139.09,2944.23,-0.01,10.3,9.71
Residential,0.09,4.41,-10.25,-17.33,-0.02,-1.04,627764.46,1990.41,5076.12,0.1,14.31,6.99
Residential,-0.55,2.98,-3.32,-21.58,0.32,8.96,-155531.28,2816.8,367.33,0.07,7.09,14.1
Residential,-0.32,3.82,-7.58,-11.58,-1.94,8.96,314993.98,1366.53,5652.89,-0.13,13.57,7.37
Residential,-0.35,-2.86,5.39,-23.81,-2.28,8.96,-251977.72,1502.16,-2390.16,-0.11,16.23,6.16
Residential,-0.63,-2.04,-2.16,-18.57,1.35,-1.04,-133395.06,-2163.68,-3667.6,0.13,15.58,6.42
Residential,0.87,-0.8,-6.73,-0.26,1.76,-1.04,-80434.44,-2842.23,-137.95,-0.04,7.01,14.27
Residential,0.03,-3.92,-9.28,-33.75,-0.26,-11.04,-348564.45,2249.78,-4545.0,-0.04,19.57,5.11
Residential,0.95,3.6,2.98,12.02,-1.42,8.96,628387.23,5581.62,13846.17,-0.0,10.17,9.83
Residential,0.65,-2.85,5.59,-14.95,0.89,-11.04,-313917.62,3226.01,-4151.1,-0.13,14.29,7.0
Residential,0.79,-0.21,4.12,20.21,-0.03,8.96,-36885.98,-1948.07,-1742.66,-0.09,13.87,7.21
Residential,-0.98,1.74,-10.35,11.54,-0.46,-1.04,354464.43,-3908.82,401.24,-0.0,18.08,5.53
Residential,1.11,3.26,-1.94,-13.82,1.46,-11.04,162531.69,2290.97,4106.18,0.16,7.4,13.51
Residential,1.17,-4.38,17.09,6.48,1.42,8.96,-311470.31,2751.23,-3413.21,0.01,8.22,12.16
Residential,0.17,-2.15,-5.23,29.3,0.55,8.96,-23707.62,1244.7,-2330.88,-0.17,17.01,5.88
Residential,-0.42,1.69,-4.54,33.63,0.57,-11.04,463226.08,3623.99,557.8,0.09,20.04,4.99
Residential,-0.6,3.53,-16.12,1.18,-0.08,-1.04,6554.26,-3944.26,-329.02,-0.07,11.04,9.06
Residential,-0.15,-2.1,-5.08,9.28,-2.51,8.96,-129635.48,-4025.68,-1819.91,-0.2,16.45,6.08
Residential,1.19,2.08,19.1,-3.42,-0.99,-11.04,-54590.19,-3382.11,12627.3,-0.09,3.5,28.55
Residential,-0.63,-2.73,-13.56,10.35,1.71,-1.04,-271226.42,-2171.74,-3510.18,0.17,8.19,12.21
Residential,-0.61,3.16,-3.18,-28.67,0.09,-1.04,639078.94,349.24,5416.39,0.07,13.51,7.4
Residential,0.22,1.27,9.32,-34.24,-0.16,-1.04,112700.45,2648.52,-1353.32,0.17,20.33,4.92
Residential,0.34,1.38,2.26,-16.79,1.83,-1.04,-43142.11,3052.04,6392.95,-0.16,3.89,25.73
Residential,-0.5,-2.73,-1.24,-21.71,2.24,-11.04,-244191.27,-4311.95,-3084.36,-0.02,7.02,14.25
Residential,-0.1,-2.72,-10.92,11.55,-0.65,-11.04,-225734.38,2958.45,-3651.27,-0.07,23.15,4.32
Residential,-0.6,1.16,-12.52,2.96,0.36,-11.04,287317.12,204.91,1860.08,-0.11,12.95,7.72
Residential,-0.54,1.42,2.68,-27.25,-1.6,-1.04,211095.12,-2469.24,2837.49,0.17,13.64,7.33
Residential,0.1,0.23,-3.6,-7.95,-2.18,-11.04,167099.68,1432.11,5028.68,-0.11,12.33,8.11
Residential,0.07,0.4,0.51,-30.64,-2.44,8.96,56555.22,2531.97,-505.29,0.13,25.0,3.94
Residential,1.1,0.16,-2.99,-5.81,-1.23,-11.04,179612.02,2871.15,5802.55,-0.15,9.83,10.17
Residential,1.21,-3.97,1.96,18.86,-1.89,8.96,-397883.94,-2332.52,-3679.54,0.14,5.86,17.06
Residential,0.5,-0.11,0.72,28.85,-0.74,-1.04,-52176.2,-2492.91,-3240.92,-0.04,22.68,4.41
Residential,-0.55,3.29,-4.31,5.83,0.14,-1.04,183408.79,-341.88,11.36,-0.16,15.06,6.64
Residential,1.07,2.84,17.4,-12.23,-1.7,8.96,300899.99,1772.11,5793.0,-0.17,12.59,7.94
Residential,-1.15,-4.44,0.09,-16.92,-2.4,-11.04,-362087.03,962.84,-5101.28,0.15,25.0,0.11
Residential,0.9,4.11,11.5,14.08,-0.27,-1.04,98297.2,263.35,5217.14,-0.15,7.42,13.48
Residential,-0.69,-3.94,2.35,20.74,-0.15,-11.04,-375105.61,-3243.84,-5332.6,0.08,16.47,6.07
Residential,0.75,2.61,7.49,5.05,2.48,8.96,150423.0,1520.6,3268.02,0.18,6.96,14.36
Residential,-0.0,-0.23,-0.5,13.82,-2.6,8.96,-172575.64,-1180.42,285.11,0.12,10.89,9.18
Residential,0.95,1.46,13.87,-13.93,-1.65,-1.04,394810.91,4785.16,8709.12,0.02,11.51,8.69
Residential,-1.03,2.46,-16.21,-2.55,2.7,-1.04,487135.74,5392.3,1204.94,-0.17,14.37,6.96
Residential,-0.19,4.86,-7.54,34.41,-1.52,-1.04,328123.52,3508.8,4484.2,-0.17,14.75,6.78
Residential,-0.33,-4.65,7.84,-1.68,1.59,-1.04,-388335.87,-1699.06,-5390.65,0.11,12.24,8.17
Residential,0.74,-4.86,-6.08,33.88,1.36,8.96,-404418.88,-310.02,-4923.69,-0.13,7.15,13.98
Residential,0.98,-0.89,-1.07,22.34,-2.09,8.96,43383.36,-4016.24,4409.03,-0.09,9.33,10.72
Residential,0.53,4.71,7.94,4.43,0.36,-1.04,252541.82,3685.83,5429.99,-0.11,8.79,11.38
Residential,0.05,-2.08,-3.02,7.09,-0.68,-1.04,-184002.09,-581.76,-3991.36,-0.09,24.33,4.11
Residential,-0.66,4.16,-12.5,-11.77,0.52,8.96,595736.54,5230.26,5001.19,0.17,13.46,7.43
Residential,-1.02,-2.51,-1.65,20.94,-0.42,-1.04,-212201.71,2000.89,-4689.58,0.05,25.0,1.96
Residential,-0.63,-1.88,-12.17,-24.81,1.62,-1.04,-342882.26,1458.77,-4198.83,-0.18,8.94,11.18
Residential,-0.47,2.72,-6.25,33.29,2.37,-11.04,177840.44,2588.63,-482.23,-0.12,12.79,7.82
Residential,0.67,-2.75,9.57,-26.73,1.07,-11.04,-253150.86,-1261.04,-2469.56,-0.01,7.22,13.86
Residential,1.23,-3.5,-3.74,26.25,0.6,-1.04,-246330.99,-4368.38,-3534.25,-0.2,9.84,10.16
Residential,0.13,3.87,-8.72,12.49,-1.06,-1.04,276391.88,2494.18,5803.55,0.06,10.89,9.18
Residential,0.68,1.35,0.31,-24.39,0.59,8.96,312538.13,3879.65,5547.76,-0.15,9.12,10.96
Residential,-1.21,-2.3,-16.67,22.42,-2.73,-1.04,-285406.84,570.08,-4321.8,0.04,25.0,1.94
Residential,1.13,4.35,18.04,10.1,2.04,-1.04,704321.16,669.74,15116.02,-0.1,6.0,16.67
Residential,-0.03,3.0,1.21,10.59,0.42,-1.04,457796.6,4964.95,6495.56,0.11,10.33,9.68
Residential,0.05,-2.22,-0.02,-33.36,1.4,-11.04,-177635.08,-2647.8,-354.08,-0.16,5.7,17.53
Residential,0.44,-3.36,-7.7,18.46,-2.47,8.96,-310638.38,1929.65,-4724.35,-0.11,25.0,0.54
Residential,0.22,-4.71,11.26,3.27,1.35,-1.04,-412668.46,1829.95,-4547.43,0.16,6.72,14.89
Residential,-1.23,-1.15,-14.79,-29.97,-1.35,8.96,-95775.47,279.43,-2612.51,-0.1,21.65,4.62
Residential,0.64,1.8,6.22,21.76,1.77,8.96,-194860.68,1069.53,-405.72,-0.15,5.57,17.96
Residential,-0.55,-4.28,-3.69,30.76,-1.36,8.96,-369169.35,-2530.04,-4425.77,0.06,10.64,9.4
Residential,0.27,4.65,1.7,-14.03,1.01,-1.04,372986.16,-2139.75,6060.29,-0.03,8.33,12.0
Residential,-1.2,-0.62,-1.9,20.41,2.39,-1.04,-150128.0,-3546.53,-1673.09,-0.13,7.02,14.25
Residential,-0.98,0.3,-16.68,-26.81,-2.59,8.96,58479.69,3502.3,811.44,0.07,21.14,4.73
Residential,-0.22,-4.66,-10.6,-13.22,0.46,-1.04,-366914.48,1383.47,-5298.79,0.02,25.0,2.63
Residential,0.14,-0.05,2.63,3.53,-0.11,-1.04,-68771.99,155.23,697.56,0.11,8.67,11.53
Residential,0.05,-2.91,-1.08,-14.01,1.37,-1.04,-366175.68,2369.55,-4867.79,0.12,15.29,6.54
Residential,0.37,-2.78,1.18,-5.61,-0.9,8.96,-141786.16,-395.65,-1427.76,0.16,11.98,8.35
Residential,0.79,-3.74,-1.48,16.15,0.04,8.96,-334460.12,-3994.1,-3084.27,-0.02,5.63,17.77
Residential,-1.15,-2.03,-11.78,16.27,0.57,8.96,-54850.78,-2963.4,-3066.96,-0.06,16.75,5.97
Residential,-0.45,-2.36,-1.6,-33.3,-1.66,8.96,-215605.89,-1369.51,-3521.36,0.05,20.2,4.95
Residential,-0.78,-4.55,-8.88,-32.26,-2.06,8.96,-416752.68,177.53,-5590.96,-0.14,25.0,0.0
Residential,-0.64,-3.82,-1.95,-27.01,-1.07,8.96,-324835.07,2023.58,-4809.91,-0.04,25.0,2.06
Residential,0.92,1.74,13.47,-14.04,-2.52,8.96,-119190.59,1148.08,2694.84,0.08,9.49,10.54
Residential,-0.75,0.36,4.88,21.92,0.41,-1.04,-63603.85,1123.9,212.07,0.11,8.95,11.17
Residential,-0.27,1.76,-4.31,29.58,-2.29,8.96,-62335.3,223.58,-2359.95,-0.02,25.0,3.62
Residential,-0.83,1.09,-0.55,-16.43,1.82,-1.04,52734.58,-1142.54,-251.81,0.06,9.84,10.16
Residential,0.66,1.65,14.48,0.31,-1.29,-1.04,265121.92,-1156.9,11187.38,0.07,7.24,13.82
Residential,0.02,3.43,7.36,-21.9,1.36,8.96,683651.68,3147.23,7404.47,0.11,10.31,9.7
Residential,-0.99,-3.68,-9.72,-19.01,0.26,-1.04,-380243.25,2339.82,-4721.13,0.12,15.13,6.61
Residential,-1.04,3.89,-13.66,8.19,0.81,8.96,185393.58,-607.34,3907.66,0.01,8.22,12.17
Residential,1.02,-0.16,15.71,0.64,-0.51,-1.04,-189196.91,-2078.87,1993.49,-0.01,5.15,19.42
Residential,-0.04,-0.55,-7.24,-31.44,-0.13,-1.04,-148282.55,-1869.38,-1513.13,-0.12,9.94,10.06
Residential,1.11,-0.23,9.58,-17.88,-1.68,-1.04,-38285.87,3175.14,1814.19,0.07,11.4,8.77
Residential,0.86,-0.74,-4.56,26.21,0.81,-1.04,24795.87,-43.07,-1911.51,0.17,15.43,6.48
Residential,-0.45,-1.68,6.36,-34.37,2.63,8.96,-249781.32,-1108.86,-2504.56,0.17,6.09,16.42
Residential,-0.9,-4.63,-1.19,31.64,1.07,-1.04,-323310.58,22.14,-4692.1,0.09,14.56,6.87
Residential,0.18,3.81,7.81,-33.72,-2.52,8.96,535615.81,1502.24,3341.99,0.03,25.0,3.93
Residential,-0.38,3.87,-3.29,-8.1,1.38,-1.04,448247.57,3109.56,88.53,-0.06,18.8,5.32
Residential,-1.09,0.08,-0.82,27.99,0.52,-1.04,74612.99,2514.65,-1193.78,0.19,16.16,6.19
Residential,0.7,-3.57,14.71,-4.73,0.86,-1.04,-269902.25,-1543.35,-2921.1,-0.12,7.76,12.88
Residential,0.47,-4.52,-0.46,30.93,0.64,8.96,-411618.68,-2396.36,-5536.61,0.1,11.64,8.59
Residential,-0.42,-3.38,-5.23,-8.39,1.63,-1.04,-343920.64,-2713.86,-4482.45,-0.08,7.91,12.64
Residential,0.12,-2.02,-9.08,-9.9,-2.15,-1.04,37398.38,1494.72,-1465.89,-0.15,25.0,3.68
Residential,0.65,1.71,4.57,-13.12,0.69,-1.04,330265.56,-3536.54,1380.52,-0.17,13.09,7.64
Residential,-0.75,1.72,5.6,6.92,1.08,-1.04,382624.75,2429.41,498.93,-0.19,16.72,5.98
Residential,0.14,1.59,8.83,-33.63,-1.04,-1.04,170252.29,-3426.51,8160.72,0.13,7.15,13.98
Residential,-0.19,0.05,-4.84,-15.89,2.26,-1.04,182694.41,-4461.52,1233.16,-0.09,8.89,11.25
Residential,-0.86,-0.95,-11.42,-23.64,-1.96,-11.04,144252.07,-786.84,-1386.77,0.17,25.0,3.64
Residential,0.14,-1.58,12.34,19.41,-0.12,-1.04,-168202.54,639.73,-3722.43,-0.14,21.6,4.63
Residential,-1.15,-4.1,-6.92,22.86,-2.18,-1.04,-344706.07,-543.14,-5835.96,-0.18,25.0,0.0
Residential,0.55,0.66,-1.64,-27.93,2.13,-1.04,-105923.65,-2677.34,-1534.07,0.15,8.15,12.27
Residential,-0.44,1.18,3.89,-32.59,1.62,8.96,168287.4,-2579.86,-293.23,-0.17,12.08,8.28
Residential,-0.93,3.84,-5.43,-25.46,-2.38,-1.04,247780.26,-829.48,1940.38,-0.15,19.69,5.08
Residential,1.2,-4.47,17.6,32.76,-0.31,-1.04,-406836.03,2092.06,-4346.99,-0.04,9.23,10.83
Residential,0.51,-4.97,-8.59,34.72,-0.04,8.96,-402631.66,2624.93,-5876.63,-0.11,25.0,0.0
Residential,0.71,-2.37,12.95,-27.01,1.45,8.96,-210306.14,-1641.79,-3275.39,-0.08,10.43,9.59
Residential,-0.86,4.58,0.56,4.17,1.34,8.96,647097.69,4092.2,4497.73,0.18,13.05,7.66
Residential,0.97,0.3,12.17,-25.34,2.25,8.96,-154271.34,-123.95,4215.66,-0.18,3.22,31.01
Residential,1.0,-3.03,12.54,-9.13,2.22,-1.04,-242343.53,3180.94,-2471.16,0.16,7.49,13.36
Residential,-0.07,4.29,-4.2,25.51,2.22,-1.04,461023.92,-2521.87,7101.06,0.14,7.34,13.63
Residential,-0.03,0.37,-9.65,-20.82,-1.27,-1.04,-162533.04,-356.52,391.87,0.08,8.44,11.85
Residential,0.78,-1.63,16.49,0.32,-1.87,-11.04,-193498.44,3028.07,-2375.85,-0.11,20.16,4.96
Residential,-0.9,-2.35,2.31,21.48,-1.07,8.96,-357155.17,201.25,-3529.64,-0.05,8.68,11.52
Residential,0.36,4.9,-9.29,-29.42,-1.36,-1.04,459894.8,4051.63,5253.01,0.02,15.53,6.44
Residential,0.77,-3.59,14.68,-26.19,0.47,-1.04,-280747.64,-3286.91,-3652.17,0.07,9.3,10.75
Residential,-1.0,2.23,-11.55,12.19,1.24,-1.04,593919.64,-495.6,1995.7,0.06,15.7,6.37
Residential,0.38,-0.74,1.83,15.13,-2.56,-1.04,80535.48,-372.43,-266.53,0.14,22.88,4.37
Residential,0.2,3.48,-1.3,-30.91,-2.41,-1.04,91490.37,3009.37,-1628.31,-0.03,25.0,2.67
Residential,-0.65,4.83,7.82,-14.46,-0.02,-1.04,400233.4,-842.51,-1198.66,0.18,25.0,3.91
Residential,0.53,3.44,3.48,-2.46,-1.79,-1.04,-81530.3,1287.69,2691.43,-0.17,8.9,11.24
Residential,-0.93,-4.52,-5.72,6.76,0.27,-1.04,-315254.12,338.96,-4847.56,-0.12,22.27,4.49
Residential,-1.08,-4.03,4.64,15.62,0.73,-1.04,-314616.05,-1031.24,-4676.29,0.14,14.68,6.81
Residential,-0.25,3.25,-4.28,20.32,-1.13,-11.04,237037.65,-84.23,4454.65,-0.1,11.42,8.76
Residential,1.01,-0.44,-0.29,-24.47,1.24,8.96,-79124.88,2898.63,-2148.27,-0.08,13.4,7.46
Residential,-0.09,0.56,-7.93,-11.77,-1.0,-1.04,105299.42,-520.88,2629.66,0.1,10.98,9.11
Residential,0.78,4.73,-3.05,-16.88,1.32,-1.04,137469.22,-625.92,2996.31,-0.1,7.86,12.73
Residential,-1.19,-1.09,-2.41,30.75,-1.1,-1.04,-282860.12,-790.47,-4268.87,0.1,20.41,4.9
Residential,-0.68,3.16,5.01,23.76,1.22,-11.04,76780.47,603.99,-1067.05,0.07,13.5,7.41
Residential,-0.04,4.02,-3.42,-12.36,1.68,8.96,24474.52,-1377.87,9353.67,0.08,3.56,28.07
Residential,0.63,2.82,3.23,-22.42,1.15,-1.04,402161.18,-572.65,6145.94,0.01,8.54,11.71
Residential,1.11,0.17,-3.55,21.86,-0.97,-1.04,-5876.62,-2403.3,-90.74,-0.12,12.39,8.07
Residential,0.58,1.14,3.79,14.46,1.16,-11.04,141302.59,-210.66,4097.49,-0.12,7.22,13.85
Residential,1.03,4.89,13.46,-2.12,-1.54,-1.04,481884.12,893.17,9131.7,0.03,11.44,8.74
Residential,0.76,4.49,1.34,-18.05,2.67,-1.04,504527.06,-593.66,9206.83,0.11,6.41,15.61
Residential,-0.72,-0.35,-1.3,13.98,0.14,-1.04,-47636.34,263.29,-1352.68,0.18,12.9,7.75
Residential,0.57,-4.84,5.26,-28.31,1.41,-1.04,-431245.5,2334.21,-5195.72,-0.06,14.71,6.8
Residential,-1.04,4.74,-2.77,-31.72,1.03,-1.04,56153.27,-1321.67,6708.15,0.12,4.96,20.18
Residential,0.19,1.67,8.07,-13.88,-2.31,8.96,384613.74,252.92,3655.14,0.09,19.23,5.2
Residential,0.57,-1.65,-1.31,-5.73,1.59,-1.04,81614.54,2181.82,736.55,-0.04,9.66,10.35
Residential,-0.93,2.68,-9.23,21.06,0.54,-11.04,391264.71,-1713.81,2680.48,-0.06,12.61,7.93
Residential,1.09,2.01,17.98,-20.49,-0.33,-1.04,260710.33,-1168.96,8393.52,0.11,7.35,13.6
Residential,-0.38,-1.9,-9.23,-13.76,-0.9,-1.04,-276627.83,2304.22,-3661.89,-0.12,18.55,5.39
Residential,1.06,-2.79,12.83,28.94,-0.31,-1.04,-147251.27,-1953.69,-123.7,-0.04,7.82,12.78
Residential,0.97,1.18,4.45,14.78,1.58,8.96,126235.89,-328.2,1128.34,-0.11,9.47,10.56
Residential,-0.56,-3.27,-11.28,-12.8,-1.28,-1.04,-186435.6,-105.33,-3942.23,0.05,25.0,3.51
Residential,0.9,-4.91,-4.05,-27.92,-2.65,8.96,-384638.33,2315.93,-4669.69,-0.1,25.0,0.44
Residential,0.51,-2.81,-4.12,4.65,-1.02,-11.04,-147055.54,-408.62,-879.64,0.01,10.68,9.36
Residential,-0.29,-2.87,-10.87,-22.27,0.91,8.96,-329039.34,89.91,-3119.86,-0.06,6.19,16.16
Residential,0.47,0.32,8.28,22.09,-2.37,-1.04,-60686.35,474.95,-558.48,0.04,17.79,5.62
Residential,0.56,-0.3,-3.42,25.19,-1.09,-1.04,210044.8,-2522.94,4431.55,0.04,10.5,9.52
Residential,0.6,3.72,-2.26,-26.45,-2.28,-1.04,913344.49,2725.47,8848.25,-0.13,20.28,4.93
Residential,-1.21,2.13,4.63,28.68,2.47,-1.04,134589.15,-1591.79,-802.05,-0.05,11.55,8.66
Residential,-0.07,0.12,11.75,30.18,0.62,8.96,-20065.94,-1664.42,-1887.44,-0.1,13.64,7.33
Residential,-0.89,-3.39,0.7,1.24,1.63,8.96,-330713.59,2966.61,-5568.32,-0.15,25.0,0.19
Residential,0.79,4.11,-2.82,6.38,1.19,-1.04,316606.9,3839.37,1016.79,-0.02,14.37,6.96
Residential,-0.93,-3.72,-13.54,-34.55,0.2,8.96,-337595.75,584.83,-5151.21,-0.04,25.0,3.23
Residential,1.18,-0.6,8.74,7.89,-0.74,-11.04,203040.91,216.31,-229.85,-0.12,19.05,5.25
Residential,-1.08,4.36,3.81,1.42,-2.01,-1.04,866539.13,2851.16,4928.36,-0.03,25.0,3.86
Residential,0.67,-0.63,-6.04,4.2,-1.76,-1.04,-79004.23,-732.07,-1802.97,-0.16,18.52,5.4
Residential,0.15,0.23,-0.47,-7.16,2.09,-1.04,-15989.55,-231.34,-1564.54,0.12,10.91,9.17
Residential,0.44,0.18,-1.06,-12.64,0.44,-1.04,-101983.2,-2083.42,-1624.55,-0.14,10.63,9.41
Residential,-1.24,-0.77,-15.02,-28.98,1.64,-11.04,-174135.32,421.6,-1394.55,0.12,7.34,13.63
Residential,-0.51,-4.78,-7.61,8.38,-0.11,-1.04,-383890.13,1037.95,-4771.81,-0.13,13.97,7.16
Residential,-0.92,-3.33,-17.78,15.07,-1.86,-1.04,-329520.37,-4529.14,-4515.78,0.1,14.33,6.98
Residential,-0.65,-4.39,-15.11,19.11,-1.66,-1.04,-382176.16,-3053.78,-5468.59,-0.19,25.0,3.8
Residential,-0.19,0.29,2.52,33.67,-1.12,8.96,54881.01,380.7,310.12,-0.12,14.53,6.88
Residential,-0.79,-3.87,2.61,-13.6,0.57,-1.04,-338978.68,-3498.51,-5210.51,-0.07,15.34,6.52
Residential,0.58,-2.4,-6.5,-26.95,0.15,8.96,-177300.96,109.91,-3313.51,0.17,15.92,6.28
Residential,-0.41,-4.6,0.37,7.81,1.52,8.96,-385796.3,-3075.85,-4261.96,-0.15,4.62,21.65
Residential,-1.21,-3.23,-11.73,-13.09,0.46,-11.04,-123360.13,-3268.81,-4259.28,0.12,22.47,4.45
Residential,-0.75,4.95,-7.77,18.4,-2.15,-11.04,524964.79,3227.71,4394.94,-0.12,21.23,4.71
Residential,-0.5,-4.22,-8.1,26.92,1.22,-11.04,-437482.53,1473.57,-5513.73,-0.15,25.0,2.73
Residential,-0.37,2.62,-12.08,-23.94,1.15,-11.04,107467.39,2675.46,-134.83,0.03,12.58,7.95
Residential,0.85,2.61,-0.14,27.57,-1.05,-1.04,-60893.28,4431.45,1208.17,0.16,10.71,9.34
Residential,-0.97,3.75,5.27,11.39,-1.3,8.96,890857.38,1196.16,6939.74,0.07,18.52,5.4
Residential,-0.94,-4.84,-7.02,-13.01,-0.91,-11.04,-413423.17,-568.69,-5589.54,0.1,25.0,1.11
Residential,0.11,-4.25,-10.41,-13.01,-0.08,-11.04,-417256.96,758.65,-4895.41,0.14,14.16,7.06
Residential,1.04,2.15,4.7,-16.75,-0.51,8.96,185224.06,3861.2,4034.65,-0.07,10.55,9.48
Residential,-0.9,-4.53,-14.12,-21.48,0.24,-1.04,-421298.59,-3413.02,-5767.05,0.18,17.09,5.85
Residential,-0.53,-2.18,-15.57,17.75,0.53,-1.04,-246425.75,804.98,-3458.12,-0.1,12.52,7.99
Residential,0.91,5.0,8.19,-1.32,-2.01,-11.04,38014.89,-3231.84,1365.07,-0.09,13.0,7.69
Residential,0.87,1.69,12.65,29.19,0.39,-1.04,357852.38,-30.6,3376.56,0.01,11.74,8.52
Residential,0.29,-3.25,-9.7,-14.18,-1.29,-11.04,-255883.39,840.27,-2610.96,0.06,12.55,7.97
Residential,-0.82,-2.1,-7.2,-22.95,0.84,-1.04,-168885.73,1564.88,-2945.72,-0.19,13.55,7.38
Residential,-0.35,-1.21,2.46,-13.49,-2.04,-1.04,-177022.67,-1885.87,-3523.85,0.15,24.69,4.05
Residential,-0.01,-1.87,8.99,27.05,1.47,-1.04,-226053.26,-590.25,-4118.86,-0.14,14.81,6.75
Residential,-0.99,3.63,4.8,9.93,-1.14,-11.04,480491.8,6062.75,6199.28,0.13,14.33,6.98
Residential,-0.18,-0.55,-4.32,-7.08,-0.86,8.96,308936.98,2641.21,-390.76,0.17,25.0,3.99
Residential,-0.7,-3.13,6.14,-22.99,-2.68,-1.04,-263833.61,1159.69,-4457.92,0.16,25.0,1.19
Residential,-0.75,-1.37,7.11,4.36,-2.17,-1.04,-173677.48,1385.68,-494.43,0.09,12.5,8.0
Residential,-0.31,2.24,1.85,7.41,1.04,8.96,62894.6,-2158.33,-1568.5,0.1,13.99,7.15
Residential,0.72,1.17,3.47,3.12,-2.73,-1.04,-96301.61,-2863.43,4425.8,-0.19,7.96,12.56
Residential,0.83,3.91,7.74,4.8,0.71,8.96,410388.36,2649.55,11809.35,0.02,6.36,15.73
Residential,0.68,-3.52,-6.27,-18.83,-0.07,-11.04,-336611.57,-3738.08,-4187.4,-0.15,8.7,11.5
Residential,0.69,3.33,12.04,28.57,-1.43,8.96,251551.81,-3333.44,5845.26,-0.09,10.31,9.7
Residential,1.12,-2.85,-4.9,9.41,-0.0,8.96,-162809.71,-3154.4,-1724.48,-0.01,9.37,10.67
Residential,0.94,4.55,-2.9,-24.74,-2.46,8.96,578436.36,-3383.88,8904.19,-0.06,14.6,6.85
Residential,-0.68,-4.07,-3.76,-2.51,-1.96,-1.04,-342194.44,-3279.58,-4461.6,0.09,14.84,6.74
Residential,0.55,0.9,-2.59,31.27,-0.69,8.96,248617.06,1029.88,3283.27,0.18,12.39,8.07
Residential,-0.77,2.24,4.21,-16.89,-0.88,-1.04,828390.44,3675.73,3000.11,-0.0,25.0,3.97
Residential,0.06,2.18,0.67,21.93,0.13,8.96,107037.95,2375.43,8405.71,0.05,5.61,17.84
Residential,1.13,0.26,-2.51,-11.07,0.99,-1.04,-40066.09,-2550.71,2992.76,-0.02,5.64,17.72
Residential,0.03,-0.02,10.4,-20.04,1.21,-1.04,-159960.49,-2606.79,697.51,0.05,5.26,19.01
Residential,-0.64,0.02,0.52,-31.11,-2.43,8.96,210089.81,2081.01,1748.16,-0.14,21.14,4.73
Residential,0.41,3.9,4.81,-18.2,-1.52,-11.04,428072.89,-2494.93,5975.7,-0.06,13.07,7.65
Residential,-0.37,-2.78,-4.81,-20.05,-1.98,-1.04,-118533.07,-2597.53,-1611.66,0.18,15.31,6.53
Residential,-0.33,2.23,-3.03,34.4,1.17,-1.04,641198.52,-1549.0,5935.79,-0.04,10.95,9.13
Residential,-0.98,-1.29,-1.6,21.33,0.92,-11.04,15062.78,2441.8,-2218.46,-0.0,17.61,5.68
Residential,-1.08,0.18,-9.82,20.58,0.07,-11.04,131539.18,1630.86,-1307.68,0.14,19.23,5.2
Residential,0.31,1.01,8.75,16.54,1.68,-1.04,273917.4,289.43,5434.94,0.06,7.32,13.67
Residential,0.2,-3.76,0.25,-5.7,1.6,-1.04,-352888.68,-3886.38,-4516.08,-0.16,6.98,14.33
Residential,-0.09,-0.92,-9.88,22.53,0.98,-11.04,-190410.78,667.7,-236.33,0.07,6.05,16.53
Residential,-0.37,-0.99,1.46,-19.04,-1.81,-11.04,73123.01,3312.98,1929.62,-0.13,14.6,6.85
Residential,0.17,1.81,-9.91,-12.41,1.7,-1.04,525782.92,1104.93,5255.35,0.18,10.01,9.99
Residential,-1.06,0.95,-10.66,-29.75,-2.07,-1.04,65025.98,88.25,-2159.9,0.08,25.0,3.15
Residential,-1.16,4.15,-17.65,20.72,1.94,8.96,432444.43,5415.95,1698.0,-0.06,13.85,7.22
Residential,0.94,0.76,-5.17,-4.4,-2.01,-11.04,-60960.58,-434.19,-1056.33,0.05,17.39,5.75
Residential,-0.45,-3.09,1.34,26.68,-0.46,-11.04,-178170.69,2698.89,-4787.67,-0.02,25.0,1.23
Residential,0.35,-4.01,-6.81,16.36,-2.69,8.96,-248503.72,-2650.4,-4156.01,0.03,25.0,3.47
Residential,0.86,2.02,9.19,-20.51,0.45,-1.04,-33794.62,878.76,5707.67,0.04,4.93,20.3
Residential,-0.1,-2.52,-3.46,-7.42,-1.14,8.96,-281723.69,-1709.68,-3023.04,-0.13,10.62,9.42
Residential,-0.24,3.95,0.55,-2.1,0.09,8.96,-179728.56,3457.79,-575.82,-0.04,8.27,12.09
Residential,0.07,0.49,1.84,-15.17,-1.3,8.96,311575.62,1940.34,3150.46,0.16,15.58,6.42
Residential,-0.64,-2.47,5.38,21.39,-1.87,8.96,-202651.31,-3787.74,-2333.78,-0.0,12.84,7.79
Residential,-0.87,-3.24,-0.94,-7.19,2.13,-1.04,-181825.66,-4165.92,-4246.8,-0.1,14.03,7.13
Residential,0.29,4.63,4.88,-22.68,-1.6,-11.04,181707.48,5360.59,409.6,0.05,23.04,4.34
Residential,-0.07,-0.39,11.94,14.84,2.63,8.96,-84154.2,828.24,-1412.28,-0.01,8.59,11.64
Residential,0.97,3.41,5.43,-8.78,-0.09,-11.04,128625.74,196.13,12382.37,-0.08,4.59,21.79
Residential,-0.93,3.49,-10.95,0.43,-1.61,-1.04,539378.9,35.08,1832.03,0.03,24.27,4.12
Residential,-0.11,0.3,-4.08,0.09,1.62,8.96,-176389.48,1593.07,-1616.69,0.01,7.92,12.62
Residential,0.31,-2.0,-2.04,-26.69,0.82,-1.04,-76691.31,140.52,-164.95,0.02,8.52,11.74
Residential,0.78,2.67,8.07,1.34,0.19,8.96,198641.94,751.52,3618.93,-0.06,9.61,10.41
Residential,-0.04,-0.18,10.91,-10.5,0.44,8.96,190811.29,134.56,-1237.32,0.15,18.73,5.34
Residential,-0.01,1.53,4.22,-6.93,0.33,-1.04,91346.57,2922.95,1097.08,0.1,11.3,8.85
Residential,-0.8,-4.71,3.3,22.06,1.7,8.96,-393312.11,728.2,-5789.21,-0.1,25.0,0.8
Residential,-0.69,-3.94,-13.93,22.21,-2.55,-1.04,-309594.22,1628.12,-3271.76,0.13,20.12,4.97
Residential,0.2,0.06,12.44,2.05,-1.62,-1.04,48524.46,-1816.45,-1541.61,-0.09,21.32,4.69
Residential,1.25,2.29,12.8,5.66,-1.22,-1.04,463806.2,-1004.46,5629.35,0.15,13.55,7.38
Residential,-0.69,-0.34,-0.1,-8.28,2.18,-1.04,-170989.42,2325.5,-2561.02,-0.08,9.91,10.09
Residential,-0.86,4.78,1.41,-18.07,-0.24,-1.04,349556.78,935.91,5258.96,-0.06,10.72,9.33
Residential,0.62,2.72,8.2,-30.64,1.84,-1.04,44084.78,2231.56,3168.62,0.2,6.33,15.79
Residential,-0.15,2.29,0.8,26.25,1.27,-1.04,256077.62,2127.12,2453.46,-0.07,10.46,9.56
Residential,-0.77,-0.8,-13.84,-6.49,2.68,-1.04,-198344.2,-1260.83,-1226.46,0.17,5.51,18.14
Residential,1.24,3.08,2.32,-33.5,-2.67,-1.04,-178200.43,1661.24,1563.89,-0.06,9.77,10.24
Residential,-0.94,-2.35,-6.94,-12.65,-1.38,8.96,-3845.01,1851.99,-2869.79,0.18,25.0,3.01
Residential,-0.04,0.05,-7.24,17.25,-2.01,-1.04,-197345.68,-3848.52,1330.77,0.19,6.87,14.56
Residential,-0.95,3.9,-4.81,-7.98,0.59,8.96,205290.11,1560.98,2753.32,0.14,10.21,9.79
Residential,-0.0,4.46,-6.3,-32.43,1.28,8.96,380190.41,5069.56,10655.14,0.06,6.22,16.08
Residential,0.92,3.79,-3.22,-28.77,-0.28,-1.04,152707.61,-2802.2,12769.66,-0.18,4.7,21.28
Residential,0.19,4.36,4.22,-2.84,2.5,-11.04,467779.38,3645.65,7890.57,-0.0,7.09,14.1
Residential,1.12,0.74,4.19,8.44,0.75,-1.04,31497.91,492.95,2264.21,0.09,7.73,12.93
Residential,0.31,4.92,-7.24,-14.5,-2.08,-1.04,458958.7,4690.78,15694.01,-0.07,8.86,11.29
Residential,-0.17,0.49,-13.35,2.19,0.76,-1.04,-223111.43,-2384.49,-2339.35,-0.18,7.99,12.51
Residential,-0.92,4.8,5.45,-10.56,-1.88,-1.04,68666.01,-1674.12,-2236.31,0.04,25.0,3.54
Residential,0.11,2.2,-10.7,21.91,-2.2,8.96,607010.23,-1719.23,8153.73,-0.16,15.31,6.53
Residential,0.05,2.72,8.18,-20.47,0.71,-1.04,9845.19,3486.95,1337.48,-0.12,8.87,11.27
Residential,-0.28,-0.1,-5.84,25.14,1.6,8.96,237968.46,-2248.05,3505.73,-0.02,8.22,12.17
Residential,0.27,0.82,2.11,-1.97,1.8,-1.04,-18529.89,-348.1,-1863.81,0.19,12.02,8.32
Residential,0.36,-3.32,1.06,-3.42,1.78,-1.04,-363279.17,2990.31,-3980.95,-0.07,7.05,14.18
Residential,-0.79,-4.45,-6.83,-27.39,-1.08,-1.04,-415313.45,888.2,-5467.84,0.17,25.0,0.0
Residential,-1.24,3.55,-3.13,-16.66,-0.93,8.96,197623.03,3693.2,-1660.56,-0.0,25.0,3.23
Residential,0.29,0.14,9.94,-19.78,0.97,8.96,155547.6,-3064.74,1975.4,0.01,9.21,10.86
Residential,-0.84,3.93,-7.05,-29.27,1.13,-1.04,262193.45,3711.11,128.66,0.09,15.6,6.41
Residential,0.07,-0.02,-8.13,-29.06,0.52,8.96,-59734.17,2332.01,-2698.62,-0.08,18.52,5.4
Residential,-1.01,-4.87,-6.77,-34.57,1.02,8.96,-428764.93,-3038.06,-5916.39,-0.19,17.18,5.82
Residential,-0.45,3.67,-12.58,6.44,1.42,8.96,206542.75,4696.48,2998.09,0.17,9.28,10.78
Residential,0.58,-1.68,1.57,-14.34,-0.93,-1.04,-181171.03,-2238.18,-342.02,-0.08,8.01,12.49
Residential,-0.17,3.1,-7.17,1.68,-1.65,-1.04,220873.64,4833.0,10749.95,0.01,7.97,12.55
Residential,-1.12,3.74,-19.27,8.87,1.14,8.96,192074.37,-267.92,-2549.46,-0.01,23.31,4.29
Residential,1.21,1.23,2.82,31.9,0.76,-1.04,102674.45,-2375.74,2716.59,0.15,8.02,12.47
Residential,-0.85,3.13,-15.35,30.32,-1.19,8.96,234364.97,-4352.96,7547.18,0.07,8.34,11.99
Residential,-0.33,0.32,7.99,-32.33,-0.35,-1.04,-23292.81,-2230.99,-679.93,0.06,11.98,8.35
Residential,0.01,2.61,-2.35,-9.5,2.72,-1.04,69106.94,1087.79,1352.22,0.17,7.41,13.5
Residential,0.48,2.72,-0.83,22.3,-1.49,-1.04,255057.55,1401.35,2743.5,0.16,15.58,6.42
Residential,-0.72,-3.82,-11.31,16.66,0.15,8.96,-332453.63,-4181.6,-3052.5,-0.17,5.52,18.11
Residential,-0.34,-4.69,6.69,24.78,-1.9,-1.04,-376074.2,-4195.52,-4849.37,0.12,12.32,8.12
Residential,-0.7,-3.07,4.85,8.66,-0.88,8.96,-201618.26,668.85,-3659.08,-0.17,22.17,4.51
Residential,0.11,2.03,7.12,-10.19,-0.55,-1.04,40621.95,-1758.38,-628.74,0.2,14.2,7.04
Residential,0.04,-3.6,6.62,-20.22,1.77,8.96,-213095.12,1578.43,-2967.24,-0.13,10.05,9.95
Residential,1.12,0.7,8.76,-30.32,1.98,-1.04,35896.61,-439.97,23.38,-0.12,9.03,11.07
Residential,0.9,4.24,16.62,-9.31,2.07,-1.04,202492.23,-3158.89,6069.01,-0.11,5.8,17.23
Residential,-1.16,1.76,0.97,-28.3,-0.5,-11.04,-38870.34,3146.89,-2401.51,-0.03,22.37,4.47
Residential,0.87,-3.99,17.52,13.59,1.5,-1.04,-377065.56,-4243.1,-5003.94,0.05,7.36,13.59
Residential,0.94,0.5,13.19,-2.31,0.63,8.96,-161214.99,69.32,5420.43,0.08,3.45,29.0
Residential,-1.19,-0.62,-7.18,21.27,-1.27,-1.04,-120228.08,-942.18,-4080.21,-0.1,25.0,2.85
Residential,0.62,-1.72,9.2,32.07,1.39,8.96,-120530.72,3657.37,1885.72,0.09,5.44,18.39
Residential,-1.21,-1.54,-18.57,-4.87,-2.66,-1.04,-73514.52,-3701.64,-2533.99,0.12,24.33,4.11
Residential,0.47,-2.51,7.97,17.16,-0.01,8.96,-245571.56,-2342.24,-4077.26,-0.02,15.2,6.58
Residential,-0.05,1.44,4.56,-5.69,0.32,-1.04,-84012.86,1199.67,710.88,-0.07,7.96,12.57
Residential,0.53,2.93,-7.41,23.63,2.33,-11.04,426356.18,-291.65,6127.12,-0.14,7.67,13.03
Residential,0.36,-3.36,-8.85,7.28,0.56,-11.04,-272123.67,-4112.5,-2250.38,-0.05,6.08,16.45
Residential,-1.17,0.68,-18.2,20.1,1.59,-1.04,157708.93,3160.83,1140.25,-0.01,10.53,9.5
Residential,0.68,4.77,12.63,-18.87,2.07,-11.04,280431.13,-1145.43,1667.92,-0.05,10.33,9.68
Residential,0.7,0.52,8.11,-12.81,2.27,8.96,-48966.76,-1457.98,-952.76,0.19,8.47,11.8
Residential,1.01,-3.67,-5.58,20.07,-0.81,8.96,-279325.95,652.11,-2807.89,0.06,10.62,9.42
Residential,-0.68,3.5,1.31,1.56,-0.99,-11.04,180459.74,825.72,-259.43,0.1,19.72,5.07
Residential,-0.94,-0.42,3.91,-24.83,-2.62,-1.04,21581.59,-4537.08,517.23,0.09,15.6,6.41
Residential,-0.5,-4.41,-14.19,16.51,-0.41,-11.04,-360884.64,2503.32,-4660.24,0.13,23.53,4.25
Residential,0.74,2.57,15.01,-24.07,-2.48,8.96,95176.44,3181.87,11346.16,-0.12,7.36,13.58
Residential,-0.77,3.12,4.6,-6.75,0.79,8.96,542176.83,1428.89,3765.93,0.03,13.28,7.53
Residential,0.35,1.78,6.21,22.33,-1.28,-11.04,568918.64,-110.18,7287.59,0.02,13.46,7.43
Residential,-0.43,-1.9,-10.87,-29.79,0.35,-1.04,-213691.6,-2410.22,-2678.6,0.01,9.67,10.34
Residential,0.98,-0.35,2.71,6.47,1.23,-11.04,64774.49,362.53,2003.99,-0.2,7.97,12.54
Residential,0.07,-4.29,8.49,-5.3,0.3,-1.04,-409958.56,-2296.78,-5020.25,-0.19,8.24,12.13
Residential,-0.25,2.94,-2.99,-7.14,1.59,-1.04,796844.66,-1340.4,5381.28,0.17,12.47,8.02
Residential,-0.23,-4.91,-4.28,-34.39,1.44,8.96,-454722.09,-2966.6,-5858.75,-0.16,10.48,9.54
Residential,0.46,1.5,10.01,-21.63,-1.01,8.96,64735.25,-1167.33,3725.81,0.04,8.93,11.2
Residential,0.44,-2.77,-4.27,-16.62,-1.25,8.96,-295782.91,1239.85,-1520.38,0.14,7.41,13.5
Residential,0.75,4.61,1.88,15.42,0.82,-1.04,222406.16,3313.33,10080.53,0.17,5.5,18.19
Residential,1.22,2.49,-0.05,-34.23,-0.16,-1.04,-103990.01,4650.99,2601.61,-0.14,6.65,15.03
Residential,0.03,0.99,-10.95,-10.92,-1.55,-1.04,39003.24,-2314.51,2816.84,0.17,10.14,9.86
Residential,0.63,-3.72,6.07,-29.05,1.46,-1.04,-275659.75,-462.39,-3690.49,-0.11,9.64,10.37
Residential,0.06,2.74,-4.33,-17.73,-1.36,-1.04,-187040.98,3645.83,352.07,-0.04,8.98,11.14
Residential,0.53,3.69,8.56,30.02,-2.31,8.96,319194.62,4747.9,2008.78,-0.17,24.81,4.03
Residential,0.41,3.25,13.3,-29.35,1.87,-1.04,160943.27,2553.96,2656.03,-0.19,8.26,12.1
Residential,0.09,-4.34,2.52,-27.33,1.96,8.96,-390400.37,-858.72,-5410.46,-0.15,13.04,7.67
Residential,1.07,-2.12,9.73,-0.83,-0.82,8.96,-142025.8,218.83,-311.69,0.04,9.51,10.51
Residential,0.93,3.1,12.45,0.21,-1.85,-1.04,625221.82,3977.93,7261.1,0.08,16.84,5.94
Residential,-1.01,-4.82,-1.88,-5.2,2.61,-1.04,-406812.11,-4590.37,-5769.8,0.01,10.04,9.96
Residential,0.45,-3.25,6.33,32.95,-0.04,-11.04,-343041.48,-3102.28,-3850.72,-0.15,7.35,13.6
Residential,0.51,1.72,15.36,-23.77,-1.05,-11.04,-180915.75,3570.89,5960.85,-0.07,4.19,23.85
Residential,0.84,0.42,9.54,18.03,-1.39,8.96,-5768.1,-1157.84,235.18,0.16,13.14,7.61
Residential,0.98,-3.94,10.51,26.88,0.84,8.96,-349730.61,-3110.26,-5285.3,-0.17,15.15,6.6
Residential,0.75,2.63,-1.28,31.04,-0.59,-11.04,131851.34,-1705.99,-551.47,0.05,16.67,6.0
Residential,0.92,0.55,12.24,24.23,0.79,8.96,-216317.9,1183.88,-2675.15,-0.03,10.28,9.73
Residential,-0.28,4.3,-2.28,10.44,-0.47,-1.04,729228.81,6172.85,11532.73,-0.18,10.79,9.27
Residential,0.14,0.5,-2.2,0.66,2.05,-1.04,463446.79,3275.16,4884.07,0.18,9.52,10.5
Residential,-1.02,-1.68,-7.59,7.91,1.13,-1.04,-237268.78,3589.17,-3146.09,-0.17,11.85,8.44
Residential,0.32,-0.28,6.56,-33.59,-1.26,-11.04,23851.94,-4627.05,1386.45,0.13,10.58,9.45
Residential,-0.52,1.6,-2.7,25.18,0.57,8.96,298078.46,-3863.89,1778.43,-0.01,12.06,8.29
Residential,-0.16,3.68,-5.23,-9.18,-0.78,-11.04,292501.1,-4541.75,-791.72,-0.02,21.05,4.75
Residential,0.33,-3.75,-6.57,-8.47,1.29,-1.04,-320351.83,2003.57,-4955.1,-0.04,24.15,4.14
Residential,0.69,3.39,9.02,-7.23,0.32,8.96,384241.87,2360.13,-306.94,-0.1,21.65,4.62
Residential,0.71,-1.2,16.17,12.55,2.52,-1.04,-289781.15,-2239.28,-2834.8,0.12,5.35,18.68
Residential,-0.37,1.61,-7.39,-28.87,-0.13,-1.04,307913.85,-64.95,4134.94,0.11,10.99,9.1
Residential,-0.89,4.1,-1.85,-9.78,-1.18,-1.04,274187.47,1976.23,983.46,0.13,19.49,5.13
Residential,0.96,1.7,2.16,-19.79,-1.79,8.96,-93554.83,-2070.36,-229.19,0.17,12.15,8.23
Residential,-0.89,-0.14,-15.78,21.65,-0.47,-1.04,53249.17,-1988.27,-3252.26,0.08,25.0,3.58
Residential,-0.36,3.35,-7.76,23.13,-2.66,-1.04,160304.13,4468.18,3386.77,-0.08,17.79,5.62
Residential,-0.61,2.91,-1.96,9.66,1.35,-1.04,448127.2,3301.66,257.68,0.04,18.38,5.44
Residential,0.93,-1.57,-0.98,-8.33,2.29,8.96,-122631.05,-875.95,-343.62,0.07,6.3,15.87
Residential,0.59,3.09,7.54,29.09,0.85,-1.04,91735.03,194.66,4791.68,-0.12,6.49,15.42
Residential,0.1,3.2,-10.14,31.33,-1.77,-11.04,101049.43,-1008.79,2723.42,-0.17,12.35,8.1
Residential,0.74,-1.46,2.8,21.64,0.16,-1.04,-249787.41,3923.19,-1601.91,0.15,8.02,12.47
Residential,0.31,-2.23,-3.03,-20.2,0.73,-1.04,-49385.68,-2460.32,-1026.61,0.18,10.19,9.81
Residential,1.02,0.59,5.04,2.87,0.16,-11.04,154667.96,-2027.7,4763.41,0.02,7.75,12.91
Residential,0.47,4.64,4.97,15.66,0.6,-1.04,599163.84,3674.01,5581.58,-0.16,12.39,8.07
Residential,1.12,4.56,6.92,5.27,-1.81,8.96,607373.94,421.48,5206.11,-0.08,18.62,5.37
Residential,-0.35,-4.85,2.46,0.54,0.23,8.96,-378543.11,1803.52,-5008.98,-0.03,21.79,4.59
Residential,0.26,-3.58,9.21,18.09,-1.02,8.96,-327937.44,-4682.12,-2835.66,-0.11,6.32,15.83
Residential,-1.17,4.25,-1.93,-15.09,1.6,-1.04,184449.99,-24.1,-196.08,0.06,12.82,7.8
Residential,-0.64,0.92,6.38,-0.95,0.21,8.96,269027.93,-1979.27,1677.28,-0.06,12.74,7.85
Residential,-0.24,-1.18,-5.56,5.19,2.26,-1.04,-148305.21,-1382.38,-3611.1,0.11,13.33,7.5
Residential,-0.69,-0.73,-10.42,-28.74,-0.48,-1.04,-208360.58,1390.39,-4473.91,0.18,25.0,2.68
Residential,-0.6,3.89,0.79,-10.08,-0.96,-11.04,165589.58,-1609.46,2182.07,0.02,12.45,8.03
Residential,0.98,1.26,-1.6,34.8,-1.43,-1.04,385620.07,-2004.42,3879.45,-0.0,14.97,6.68
Residential,0.64,-0.06,9.94,16.65,-1.53,-1.04,54529.09,978.26,-780.12,-0.0,19.92,5.02
Residential,0.49,-2.78,8.09,6.82,-0.91,-1.04,-218258.0,-3174.99,-1673.78,0.18,8.79,11.38
Residential,-0.04,-1.92,11.48,-19.28,-0.17,-1.04,-161873.26,-3197.3,-2073.86,-0.14,10.45,9.57
Residential,0.39,-4.6,2.03,25.4,1.01,8.96,-383075.44,1631.12,-4580.13,-0.2,9.27,10.79
Residential,-0.68,-0.06,-12.34,0.39,2.04,-1.04,-163153.37,796.8,-2974.74,-0.05,11.26,8.88
Residential,0.2,4.07,0.16,-9.34,2.54,-11.04,55776.01,-2132.39,6976.02,-0.18,4.05,24.72
Residential,0.71,0.77,4.71,-7.24,-1.8,8.96,80631.35,209.48,1981.43,-0.09,13.53,7.39
Residential,-0.22,0.99,-11.44,-33.56,2.47,8.96,-94072.66,-1504.64,685.71,-0.12,5.61,17.82
Residential,0.49,-0.23,-8.28,-18.42,1.48,-1.04,-88206.87,127.13,1327.89,-0.0,6.0,16.67
Residential,-0.0,0.29,-0.51,-15.06,2.14,-1.04,152895.61,1883.79,2540.24,-0.11,7.94,12.6
Residential,0.44,-3.58,5.43,14.06,0.63,-1.04,-263255.52,-2418.93,-3156.5,0.17,8.66,11.55
Residential,-0.73,-2.67,-4.53,1.51,-2.75,-1.04,-118977.7,543.47,-3554.58,-0.19,25.0,2.0
Residential,0.94,-3.62,7.65,-10.62,-0.98,-11.04,-320372.28,-3533.1,-5133.88,-0.1,22.17,4.51
Residential,-0.33,-2.75,4.57,-10.49,-0.91,-1.04,-114875.31,1029.82,-2319.74,0.01,17.57,5.69
Residential,0.09,4.06,6.44,9.37,1.74,-1.04,699341.07,-3323.4,5988.24,0.14,10.54,9.49
Residential,-0.61,-1.89,-16.17,29.71,1.82,-1.04,-214198.31,-2191.19,-3063.88,-0.15,8.92,11.21
Residential,-0.17,-1.92,-0.13,-23.4,-0.01,-1.04,-56458.05,2764.25,-464.95,-0.1,11.52,8.68
Residential,-0.59,0.03,1.69,14.02,0.44,-1.04,-141664.05,2222.92,-3835.3,-0.2,25.0,4.0
Residential,-0.34,3.81,-3.7,23.31,-1.83,-1.04,166849.41,-1235.45,4906.06,-0.03,11.03,9.07
Residential,0.26,-2.03,4.48,-8.91,-1.43,-1.04,-221702.38,1423.42,-1861.48,0.03,12.24,8.17
Residential,0.27,-0.37,3.41,17.32,0.91,-1.04,223111.89,2194.92,5032.14,0.11,7.95,12.58
Residential,-1.06,1.45,2.92,-26.79,0.81,-11.04,-113331.33,-2952.2,-3779.68,-0.17,17.95,5.57
Residential,-0.55,-2.99,-4.99,0.08,1.18,8.96,-316450.85,-1887.74,-4491.29,-0.02,11.0,9.09
Residential,0.76,0.62,9.2,-0.65,-1.71,8.96,-108740.59,957.81,3902.69,0.14,7.01,14.27
Residential,-1.05,-4.42,-0.62,34.23,-2.26,8.96,-404684.23,1965.86,-5207.79,0.05,25.0,0.0
Residential,-1.09,-4.05,1.78,-15.35,-1.28,-1.04,-383696.98,336.61,-5385.0,0.1,25.0,0.95
Residential,-0.7,2.71,-7.36,22.25,-0.43,8.96,-19604.36,-3353.16,4942.27,0.02,5.88,17.0
Residential,0.59,-3.64,-5.21,6.48,-1.79,8.96,-368727.28,927.27,-4352.09,0.04,18.94,5.28
Residential,-0.55,-3.45,3.82,12.59,-0.8,-1.04,-300525.94,1559.9,-3071.17,-0.16,11.03,9.07
Residential,-1.05,3.26,-0.27,8.44,1.63,-1.04,24783.72,4173.23,-560.55,0.13,11.3,8.85
Residential,0.01,1.59,1.96,-15.79,1.49,8.96,97915.96,1466.77,1781.17,0.13,8.58,11.66
Residential,0.17,-3.71,-2.94,19.96,0.95,8.96,-359775.83,1693.21,-4497.55,-0.1,11.22,8.91
Residential,0.16,-2.98,-8.14,-15.34,2.54,8.96,-255416.73,1848.24,-4324.02,0.06,14.56,6.87
Residential,0.65,2.04,0.87,-14.24,0.86,-11.04,525461.19,2542.76,5455.32,-0.1,11.11,9.0
Residential,-0.36,2.61,-5.86,-23.17,-0.83,-1.04,-3603.69,-964.47,-823.55,-0.19,14.49,6.9
Residential,-0.61,0.89,-2.36,17.44,1.74,-1.04,117124.76,3568.24,-645.18,0.07,13.26,7.54
Residential,0.75,4.63,0.83,18.73,-0.94,-11.04,509394.29,989.27,8038.62,0.01,11.43,8.75
Residential,-1.06,2.33,-11.23,1.63,-0.76,8.96,-5369.77,3145.48,-3226.15,0.06,25.0,2.75
Residential,0.3,-4.24,-6.75,-22.86,-2.27,8.96,-365604.26,-4750.99,-4898.05,-0.11,14.43,6.93
Residential,-0.88,-1.09,-0.72,-16.55,-1.88,-1.04,-178576.33,-2141.1,-315.14,0.03,9.69,10.32
Residential,-0.57,-0.25,-1.52,21.27,2.11,-1.04,323540.98,-1694.65,423.85,-0.04,12.84,7.79
Residential,0.92,1.08,-2.01,22.24,-2.61,-1.04,50846.42,3630.66,1582.86,0.01,18.38,5.44
Residential,-0.23,1.44,-12.69,25.75,-2.28,-1.04,-7334.8,315.01,-1613.19,-0.19,25.0,3.98
Residential,0.93,-4.61,3.79,27.97,1.84,8.96,-384883.59,-971.43,-4886.14,0.07,7.75,12.9
Residential,0.19,1.04,-1.87,27.58,-0.64,-1.04,-190918.77,1209.41,610.51,0.04,6.84,14.63
Residential,0.68,-4.55,12.27,14.0,1.01,-11.04,-426552.49,-995.05,-5760.51,0.07,25.0,2.74
Residential,-0.17,1.63,-5.57,25.93,-1.93,8.96,205843.19,2500.98,-1170.39,-0.07,25.0,3.01
Residential,0.49,-4.31,13.82,17.1,0.57,8.96,-341235.68,-2448.83,-4395.73,0.19,9.21,10.86
Residential,-0.51,1.56,-1.09,-28.53,-2.14,8.96,76799.4,-1524.61,-3.2,0.05,18.69,5.35
Residential,0.63,-0.25,-4.06,17.98,2.5,-1.04,-110553.06,2172.51,857.01,-0.03,5.51,18.14
Residential,0.97,3.55,-4.96,2.51,1.84,-1.04,643224.2,2658.26,8584.52,-0.18,8.57,11.67
Residential,-0.71,4.94,-11.52,-32.58,-1.86,-11.04,233191.36,2751.62,4108.12,0.08,14.33,6.98
Residential,1.21,4.25,11.21,13.47,-0.31,8.96,-97807.05,-4085.41,2293.82,-0.13,6.18,16.19
Residential,0.68,-4.68,5.84,0.99,0.79,-11.04,-403419.69,-1118.81,-4805.66,-0.02,8.9,11.23
Residential,0.04,1.63,7.95,-23.05,1.64,8.96,149199.69,694.95,1985.62,0.02,8.83,11.32
Residential,1.19,-4.61,-1.49,-6.92,-1.66,-11.04,-363410.61,-3310.27,-4216.09,0.03,10.4,9.62
Residential,0.64,-0.93,13.58,21.48,1.75,-11.04,-44355.11,-3729.65,-3164.64,0.18,14.71,6.8
Residential,0.66,3.27,13.59,22.36,2.67,-1.04,-78291.03,5148.36,2611.48,-0.06,4.84,20.68
Residential,-0.29,-2.59,-7.41,-17.39,-0.57,-1.04,-194797.34,-1618.91,-3185.71,-0.17,14.84,6.74
Residential,-0.64,-0.15,8.43,9.83,-0.95,-1.04,15128.72,-1214.1,-2973.38,0.18,25.0,3.73
Residential,-1.09,3.62,-9.57,-34.63,-2.31,8.96,365587.7,3612.63,1153.19,0.07,25.0,3.43
Residential,0.65,2.6,5.14,13.15,-0.92,8.96,450403.39,4452.2,3130.07,0.02,17.95,5.57
Residential,0.05,-2.39,5.09,24.98,-0.0,-11.04,-164733.57,1769.57,-1335.78,0.06,9.95,10.05
Residential,0.57,3.5,10.15,-12.41,-1.33,-1.04,141488.38,1667.06,-1113.68,-0.03,24.63,4.06
Residential,0.27,2.98,11.97,23.12,0.13,8.96,538048.39,-1213.34,9438.9,-0.15,8.84,11.31
Residential,0.28,-4.32,-8.06,9.43,1.48,-1.04,-370919.2,-1122.25,-3573.45,-0.15,4.46,22.43
Residential,0.8,-4.66,-5.95,-15.83,-1.83,-11.04,-403936.22,621.85,-5001.67,-0.2,25.0,2.23
Residential,-0.04,-1.77,10.4,15.61,1.78,-1.04,-55781.9,2815.56,-104.25,-0.05,8.24,12.14
Residential,-0.84,1.09,1.63,-3.94,0.91,8.96,-10345.67,810.45,838.27,0.16,8.47,11.81
Residential,0.27,-3.07,11.14,-7.02,1.48,-1.04,-148825.57,1670.96,-3045.99,-0.16,13.59,7.36
Residential,0.01,4.96,6.24,-23.05,-0.93,8.96,575489.99,669.53,5656.84,-0.13,14.73,6.79
Residential,0.11,2.8,0.63,3.94,-1.96,-1.04,367520.06,-809.52,1847.03,0.03,21.19,4.72
Residential,0.77,4.12,-0.76,26.56,-1.81,8.96,308348.48,-4499.34,3205.49,-0.15,14.99,6.67
Residential,1.17,4.53,5.37,-30.93,-1.08,-1.04,717944.25,-2491.82,17034.23,0.06,8.32,12.02
Residential,0.11,-3.85,8.25,1.92,0.23,-1.04,-392082.66,-1329.18,-5085.32,-0.15,11.55,8.66
Residential,0.94,-2.11,13.73,-14.39,1.02,8.96,-135911.22,1051.24,597.3,-0.11,6.31,15.86
Residential,-1.06,-1.94,-5.85,-16.72,0.8,-1.04,-175842.93,2277.32,-2748.9,0.05,12.8,7.81
Residential,0.98,-2.69,8.7,-17.48,-1.55,-11.04,-181840.61,-3393.11,-2691.47,-0.06,14.6,6.85
Residential,0.03,4.18,2.56,-19.81,-2.24,-1.04,408805.33,2669.94,1690.56,0.16,25.0,3.74
Residential,0.89,-2.32,11.02,-5.85,0.91,-11.04,-210591.07,-1501.19,330.13,0.07,4.93,20.3
Residential,0.73,-3.36,14.87,11.96,-2.14,-11.04,-209702.16,-3885.07,-4465.99,0.19,25.0,3.35
Residential,-1.17,0.97,-17.63,-25.6,-2.09,-1.04,-28553.65,1665.9,-2250.08,-0.01,25.0,3.34
Residential,0.37,-0.49,-8.03,31.37,1.93,-1.04,-171512.69,439.58,-1856.3,0.09,7.95,12.58
Residential,-0.79,1.66,-10.61,-28.89,-0.8,-1.04,494531.94,-1417.06,288.37,-0.17,24.15,4.14
Residential,1.02,-1.71,-3.02,9.92,1.59,-11.04,-202753.45,417.28,1289.17,-0.02,4.17,23.98
Residential,0.92,-0.32,-1.07,15.02,2.03,8.96,219663.78,3783.98,-14.24,-0.11,13.35,7.49
Residential,0.19,-0.39,-8.17,-33.94,0.59,8.96,89758.55,-2384.3,2563.99,-0.08,8.16,12.26
Residential,0.4,-1.93,-8.62,10.12,0.26,8.96,70976.17,-1700.59,-531.85,0.02,13.04,7.67
Residential,0.37,3.57,0.81,3.52,0.02,-1.04,-124744.6,-2140.7,2401.84,0.05,5.56,17.99
Residential,0.84,-2.34,5.11,34.72,1.49,8.96,-196560.74,-294.97,-1014.32,0.19,6.27,15.96
Residential,0.13,-3.44,7.23,26.06,-1.76,-1.04,-328021.21,-1284.25,-4192.5,0.16,16.67,6.0
Residential,-0.0,-2.41,3.53,17.68,-2.02,-1.04,-88091.2,2115.4,-1957.4,0.02,23.64,4.23
Residential,0.33,3.67,14.28,-12.75,-1.99,-11.04,134208.14,5502.41,2548.94,-0.13,16.47,6.07
Residential,0.13,-2.67,-1.77,23.33,-1.26,-1.04,-54374.53,-2937.69,-1197.37,-0.13,14.12,7.08
Residential,-0.72,-2.53,-9.25,23.5,2.31,-1.04,-195469.08,-2220.54,-4145.76,0.17,13.74,7.28
Residential,1.12,0.38,-2.01,20.95,-1.69,-11.04,9918.98,-1719.32,2207.03,-0.1,10.7,9.35
Residential,1.1,4.2,-0.43,25.78,0.21,8.96,141022.02,5579.83,2011.99,0.15,11.53,8.67
Residential,-1.24,-2.27,-10.99,13.17,-1.13,-11.04,-71023.48,3154.02,-3670.55,0.1,25.0,2.19
Residential,-1.24,-2.2,-17.32,-3.64,-0.51,-1.04,-168657.82,-140.13,-3429.66,0.03,19.31,5.18
Residential,0.48,0.12,9.4,22.12,0.28,8.96,165466.83,-4208.38,1900.03,-0.03,10.16,9.84
Residential,-0.06,-1.23,8.66,12.13,-1.79,8.96,-196095.77,1588.47,-45.62,-0.09,9.65,10.36
Residential,0.5,2.73,-5.88,35.0,-2.67,8.96,198936.72,1139.6,1095.73,0.18,23.81,4.2
Residential,-1.17,0.75,-16.57,-20.86,0.27,-1.04,11680.43,-3478.22,-1922.36,0.1,14.66,6.82
Residential,-0.27,1.25,-13.76,24.52,1.92,-1.04,86512.13,1932.22,-147.63,-0.13,10.78,9.28
Residential,-0.9,-4.41,3.24,-15.57,0.52,8.96,-395970.39,-4048.28,-5786.48,-0.14,16.37,6.11
Residential,1.06,1.37,-5.22,9.26,1.33,-1.04,-184082.41,-106.42,-203.75,0.05,5.77,17.33
Residential,1.08,0.83,14.1,-8.05,-0.73,-1.04,-26313.32,952.24,3112.69,0.07,7.82,12.78
Residential,0.91,-1.17,17.16,4.68,2.5,-1.04,-65349.84,-2925.2,-2181.0,-0.03,10.01,9.99
Residential,-0.15,-4.77,-7.3,-0.12,0.08,-1.04,-408254.34,-2965.1,-5627.52,-0.14,16.89,5.92
Residential,0.51,-3.97,-4.13,19.17,2.58,-1.04,-439652.81,-3652.43,-5323.82,-0.09,5.12,19.54
Residential,0.17,-3.32,-3.32,34.65,-2.26,-1.04,-266065.28,-3963.66,-3426.18,0.03,14.75,6.78
Residential,1.22,-3.87,14.05,-33.32,0.04,8.96,-369394.54,417.59,-4838.49,-0.14,15.31,6.53
Residential,-0.89,-1.12,-2.56,-24.97,-2.32,-1.04,-365804.12,1870.14,-4643.97,-0.03,25.0,1.57
Residential,-1.02,0.36,-15.61,16.99,-1.01,-1.04,364123.39,-3402.75,349.34,0.17,20.41,4.9
Residential,-0.23,-1.09,1.82,-4.94,2.31,-1.04,40241.18,-2754.29,-1807.78,0.13,11.89,8.41
Residential,1.1,2.0,6.06,24.25,-0.84,-1.04,103896.54,1545.01,125.82,-0.01,16.08,6.22
Residential,0.65,-0.88,12.37,-10.6,-1.62,-1.04,-313105.44,1219.12,-2206.4,-0.01,8.86,11.29
Residential,-0.51,-4.01,-3.69,19.94,-2.54,-1.04,-321879.08,-3120.97,-4235.94,0.04,18.02,5.55
Residential,0.08,0.44,11.02,-3.01,-1.09,8.96,154083.89,1685.05,5198.66,-0.12,9.56,10.46
Residential,0.35,-4.39,0.84,-2.99,2.41,8.96,-388901.7,-1354.38,-4760.9,0.02,5.92,16.88
Residential,-0.88,4.15,5.12,-26.24,0.87,8.96,788293.21,1195.68,2369.7,0.2,19.08,5.24
Residential,-0.22,2.95,-4.1,26.4,-0.63,-1.04,-21292.65,563.5,-137.15,-0.04,12.32,8.12
Residential,1.05,-1.84,3.86,-27.92,1.21,8.96,-242514.61,-1441.93,-3030.21,-0.0,8.75,11.43
Residential,0.3,2.63,10.1,-9.18,1.57,-1.04,147444.16,2850.46,3772.98,-0.08,7.42,13.47
Residential,0.8,3.56,2.71,-7.59,2.18,-11.04,-5309.06,2784.21,158.56,0.03,8.38,11.93
Residential,-1.01,3.36,-0.05,-14.7,0.71,-1.04,208317.43,-615.24,-2546.16,0.04,25.0,3.98
Residential,-1.2,0.08,-13.05,-8.35,-0.06,8.96,-2654.18,-145.33,606.31,0.2,10.11,9.89
Residential,-0.68,3.53,0.38,-14.97,1.7,8.96,510637.94,1683.41,2237.08,0.11,13.66,7.32
Residential,0.6,0.75,-5.05,11.14,1.47,-11.04,-61671.05,-1091.55,3496.15,-0.07,4.87,20.53
Residential,0.55,1.66,5.42,-6.51,2.44,-11.04,20594.63,3882.74,2331.93,0.14,6.35,15.75
Residential,-0.87,-0.43,-14.9,-4.27,-1.66,8.96,-191194.68,453.55,-1953.04,-0.12,14.22,7.03
Residential,-0.03,-4.44,7.71,-10.31,-1.84,-1.04,-349083.59,689.64,-5544.07,-0.11,25.0,0.0
Residential,-0.63,-3.13,-15.98,-19.29,-1.99,-1.04,-251022.06,-4015.65,-3949.52,-0.0,18.32,5.46
Residential,-0.28,-4.44,7.51,2.95,-0.69,-1.04,-383399.05,987.42,-5404.16,0.03,25.0,0.92
Residential,1.13,4.33,5.66,-16.56,2.72,-1.04,-102964.84,-598.92,3514.66,0.14,3.81,26.26
Residential,0.36,1.09,4.44,-3.56,2.59,-1.04,344183.72,-932.8,2994.83,0.07,9.06,11.04
Residential,0.71,-3.01,-4.42,-2.93,-1.95,8.96,-216030.66,-700.66,-3143.84,-0.18,19.49,5.13
Residential,-0.75,0.76,-2.18,-5.1,1.75,-1.04,63268.89,-1827.42,-37.44,0.17,9.64,10.37
Residential,1.05,2.46,2.25,9.71,2.36,-1.04,358371.85,342.43,6615.09,-0.03,6.83,14.64
Residential,-0.09,0.9,0.71,-23.31,0.52,8.96,-79664.6,1775.21,-2790.27,-0.05,17.73,5.64
Residential,0.36,2.9,4.52,-33.81,1.41,-11.04,463165.85,2589.26,4221.58,-0.19,10.92,9.16
Residential,-1.09,3.3,-0.96,-6.44,-0.38,-1.04,149820.38,571.54,4833.99,-0.0,8.57,11.67
Residential,-0.43,-4.68,-4.32,-14.86,-1.61,8.96,-383201.59,-3085.72,-5687.29,0.19,25.0,2.49
Residential,0.53,1.2,6.82,-34.12,1.29,-1.04,54257.74,340.24,765.64,0.16,9.21,10.86
Residential,0.47,-2.0,-4.62,-14.11,-0.41,-11.04,-91136.87,-1862.38,-2125.84,0.15,14.22,7.03
Residential,-0.18,3.73,-0.25,-6.33,-0.86,8.96,898030.59,1051.54,3089.82,-0.15,24.88,4.02
Residential,-0.34,-1.78,-4.35,20.56,-0.66,-11.04,-35873.55,855.89,-2352.81,0.07,20.45,4.89
Residential,-1.14,1.15,-9.93,-6.56,0.98,8.96,152527.73,-3171.52,-2028.69,-0.13,17.79,5.62
Residential,-0.14,-4.71,9.86,10.54,2.41,-11.04,-399120.48,-2765.51,-5100.6,0.16,7.72,12.96
Residential,-0.22,0.47,-6.89,23.35,2.43,-1.04,229045.84,3280.11,2335.27,0.19,8.99,11.12
Residential,0.7,-0.68,7.82,-21.96,-0.66,8.96,-179717.01,-2261.93,-480.26,-0.03,7.87,12.71
Residential,-0.34,-2.83,-7.2,-12.49,-1.34,-11.04,-239558.07,-1676.23,-4300.42,-0.03,24.88,4.02
Residential,1.19,1.75,3.16,-12.65,-0.38,-11.04,160556.4,-1241.68,4767.04,-0.01,8.55,11.69
Residential,-0.23,-2.24,-3.31,27.7,2.25,8.96,-138370.55,1748.79,-2851.74,-0.0,11.75,8.51
Residential,0.24,-3.92,6.16,-27.06,-2.01,-1.04,-309443.36,-4262.29,-2364.9,-0.09,7.77,12.87
Residential,-0.5,-4.56,-14.51,22.61,0.66,-1.04,-417421.3,-64.8,-5501.98,0.15,23.26,4.3
Residential,-1.08,-0.54,-4.98,-13.9,1.8,-1.04,175786.57,-2985.87,237.39,-0.08,10.91,9.17
Residential,1.04,-2.25,-2.56,-4.29,1.13,8.96,-187966.47,-519.85,-2493.47,0.15,9.63,10.38
Residential,-0.83,1.38,-4.58,13.51,0.36,8.96,-164124.71,3489.57,-564.15,0.05,8.31,12.03
Residential,-1.15,2.76,1.31,-27.31,-1.87,-1.04,286796.93,-1373.59,974.08,0.11,20.92,4.78
Residential,-0.25,-1.89,-0.35,12.48,1.21,-11.04,-151756.33,-3396.01,-3419.58,-0.02,12.95,7.72
Residential,1.05,-3.13,15.18,1.77,-0.94,-1.04,-304175.74,-2935.6,-2930.12,-0.15,8.15,12.27
Residential,-0.41,1.97,5.85,-17.72,-2.53,-1.04,158110.89,-3019.63,6155.58,0.13,10.94,9.14
Residential,0.37,-3.64,9.65,-25.96,1.48,-11.04,-236586.24,2759.01,-2688.25,0.18,9.06,11.04
Residential,-0.58,-0.09,5.04,31.68,0.84,-1.04,-223678.2,2117.86,-2438.47,-0.06,9.52,10.5
Residential,0.76,-1.65,-3.14,30.03,-1.81,8.96,-345359.04,-1843.02,-4193.5,0.03,13.87,7.21
Residential,-0.71,-4.89,-0.34,-21.9,0.32,-1.04,-452167.12,1212.49,-5989.35,0.03,25.0,0.0
Residential,-0.66,-3.83,5.48,32.47,-2.48,-1.04,-323363.07,-3343.07,-4486.68,0.05,19.88,5.03
Residential,0.84,-3.34,12.11,-13.4,-0.08,-1.04,-214488.81,-2708.74,-4375.66,0.04,20.04,4.99
Residential,-0.45,0.51,-1.79,18.04,-2.16,8.96,155514.36,-1682.91,-824.96,0.15,24.94,4.01
Residential,-1.08,3.36,-3.29,17.31,-0.49,-1.04,476727.21,2161.79,-961.67,-0.06,25.0,3.17
Residential,0.01,-0.35,1.24,7.38,-0.47,-1.04,-100648.29,-976.08,-2127.42,0.07,14.51,6.89
Residential,-0.6,-3.97,4.95,-30.22,-0.61,-1.04,-357793.44,-276.48,-4103.25,0.01,10.15,9.85
Residential,-0.61,-1.36,7.91,-30.35,-0.13,-1.04,-119354.62,-524.28,-3548.46,0.07,21.46,4.66
Residential,-0.12,-0.64,-10.78,-13.15,1.55,-1.04,20916.46,-836.47,2146.12,-0.07,6.79,14.73
Residential,-0.36,1.03,-10.19,-4.21,0.43,-1.04,136451.11,-1917.01,3569.1,0.07,8.15,12.27
Residential,-0.74,-2.82,0.16,-25.77,2.02,8.96,-184214.67,-2016.39,-4158.11,0.04,15.11,6.62
Residential,0.66,4.98,-8.47,-10.48,-2.4,-1.04,653928.89,3788.44,5247.5,0.13,23.58,4.24
Residential,-0.6,3.11,6.1,-29.17,1.61,8.96,551977.32,841.62,8530.97,-0.09,8.0,12.5
Residential,-0.78,0.41,-1.7,1.49,-1.34,-11.04,460925.8,2910.69,685.67,0.19,25.0,3.67
Residential,-0.39,-3.82,8.85,12.35,1.03,-1.04,-259448.13,-4618.61,-3911.76,-0.1,9.94,10.06
Residential,-1.15,4.76,-3.35,20.39,-1.17,-1.04,532037.89,-3366.78,-1059.78,0.19,25.0,3.1
Residential,0.68,-2.2,15.87,18.68,1.34,-1.04,-122617.39,1206.01,-1412.11,0.02,9.21,10.86
Residential,1.11,2.83,0.8,7.95,1.4,-11.04,114055.67,2192.22,3538.03,0.06,7.3,13.7
Residential,0.96,-3.92,-1.36,-13.3,-0.83,8.96,-314632.73,-1668.72,-3818.94,0.2,11.35,8.81
Residential,1.12,-1.69,1.59,-0.86,0.78,-1.04,-151155.39,565.52,-4427.72,-0.16,25.0,3.45
Residential,0.18,3.92,-8.97,-29.93,0.19,-11.04,99298.85,982.39,-1414.1,-0.14,17.92,5.58
Residential,0.58,3.75,-3.32,-31.29,0.58,-1.04,244743.02,3667.9,6200.26,0.15,7.86,12.73
Residential,0.25,2.88,-1.33,9.24,-0.33,8.96,68417.72,3884.29,-559.69,-0.12,16.78,5.96
Residential,-0.19,-1.09,5.96,-26.9,-1.37,8.96,-226674.39,415.78,-3216.84,-0.07,17.99,5.56
Residential,-1.14,-2.85,-5.74,-21.13,2.1,-11.04,-54091.59,-2601.3,-3047.3,-0.02,13.81,7.24
Residential,-0.14,4.54,-10.95,3.4,-1.41,-1.04,113040.45,1705.0,5230.61,-0.18,9.46,10.57
Residential,0.11,0.72,-5.13,-22.63,0.55,8.96,16890.39,-357.96,-179.79,-0.12,10.88,9.19
Residential,1.04,0.66,13.32,-15.47,-2.76,-11.04,87756.28,707.93,3229.27,-0.16,14.88,6.72
Residential,-0.65,-1.55,-5.64,-6.55,1.22,8.96,-28255.85,-2716.77,-649.45,-0.15,9.3,10.75
Residential,0.36,-4.19,0.41,-29.97,-0.43,8.96,-393133.44,-3084.95,-5088.89,0.01,10.12,9.88
Residential,-0.17,2.8,6.18,-14.88,2.28,8.96,-23426.07,4308.0,1927.2,-0.09,6.24,16.03
Residential,-0.49,-0.84,8.61,21.27,-1.99,-1.04,337304.08,-1891.63,490.32,0.01,24.33,4.11
Residential,1.14,4.66,-3.62,6.59,-0.34,8.96,338630.41,-1469.97,7360.14,-0.06,8.76,11.42
Residential,-0.78,-4.44,3.41,21.7,-2.0,8.96,-337252.47,2446.58,-5132.44,-0.2,25.0,0.0
Residential,-0.1,-4.39,-2.2,-3.02,1.51,-1.04,-255010.87,-4683.9,-3906.02,0.11,9.5,10.53
Residential,-0.64,4.15,5.29,15.14,-1.47,-1.04,551667.96,1831.43,8384.15,0.03,12.94,7.73
Residential,-0.34,4.44,0.84,9.08,0.49,-11.04,225316.16,2790.11,-590.27,-0.09,18.35,5.45
Residential,0.91,0.79,10.72,-32.56,0.93,-1.04,157436.84,-2394.78,2743.74,-0.1,8.57,11.67
Residential,0.67,0.22,1.66,-18.55,-1.35,8.96,-15651.68,-1307.0,-1466.71,-0.05,17.7,5.65
Residential,1.23,-2.22,13.83,-5.68,-0.88,-1.04,-272625.62,21.67,-3037.35,0.05,11.72,8.53
Residential,-0.52,-1.16,-13.33,11.98,0.16,8.96,-123647.47,1424.38,-3328.27,-0.13,20.45,4.89
Residential,-0.26,1.7,-13.49,4.45,-1.08,8.96,125265.59,-17.58,830.17,0.18,14.88,6.72
Residential,-1.03,-0.97,-5.35,-25.07,-0.07,-11.04,-266011.04,11.86,-4050.86,0.13,16.42,6.09
Residential,-0.34,-2.39,-14.28,-28.51,1.28,8.96,-92297.85,3587.32,-2708.03,-0.17,15.85,6.31
Residential,-1.14,2.46,5.23,4.0,-0.29,-1.04,109665.57,3389.17,-3138.87,0.17,25.0,2.54
Residential,0.31,3.51,10.52,-13.95,-0.88,-1.04,335974.33,2247.32,4786.3,-0.11,12.5,8.0
Residential,1.02,0.62,4.67,9.53,2.73,-1.04,280549.92,-1275.49,5123.82,0.18,6.64,15.05
Residential,0.52,-2.63,6.7,-9.67,0.31,-1.04,-270712.47,-3011.76,-1991.7,-0.13,6.17,16.21
Residential,1.1,-2.97,1.24,24.61,0.59,8.96,-291166.77,-2634.52,-3457.34,0.08,8.27,12.09
Residential,0.1,-0.59,7.73,2.14,1.22,8.96,-87684.47,-1562.86,-2549.98,-0.19,12.69,7.88
Residential,-0.23,1.57,-0.74,2.24,-1.83,-1.04,-133386.7,-1874.89,698.63,0.08,9.45,10.58
Residential,-0.18,0.26,6.18,-7.04,-1.31,-1.04,175562.79,3068.24,4608.87,-0.17,11.19,8.94
Residential,1.07,-1.59,-4.01,23.64,1.31,-1.04,15329.34,-3798.28,2431.3,0.08,6.41,15.59
Residential,-0.94,0.87,5.94,12.17,-0.47,-1.04,239168.62,-2141.31,-567.41,-0.01,19.08,5.24
Residential,-0.27,-2.8,-12.21,-1.08,-0.71,8.96,-316783.48,897.52,-4876.4,0.12,25.0,2.85
Residential,-1.07,-4.18,5.8,27.82,-0.27,-1.04,-326415.55,2375.75,-4653.65,0.2,25.0,3.66
Residential,1.09,2.91,12.2,-30.86,-0.04,-1.04,-154628.3,-2152.04,1402.37,0.05,5.8,17.23
Residential,0.69,0.23,14.34,-1.64,-0.8,-1.04,18730.36,1269.83,4444.84,0.16,7.6,13.16
Residential,1.11,-2.75,0.16,-22.21,0.67,-1.04,-123359.68,-191.35,-1036.19,0.09,8.98,11.14
Residential,1.04,1.93,1.65,-33.59,1.33,-11.04,93332.7,2192.18,8965.23,0.02,4.47,22.39
Residential,0.22,1.96,0.14,-8.2,-2.48,-1.04,2453.3,3077.9,-1413.5,-0.11,25.0,3.3
Residential,-1.08,-0.55,-10.59,-32.53,1.44,-1.04,172689.84,2315.53,-2227.14,0.18,21.51,4.65
Residential,0.39,2.55,-1.21,14.97,1.11,8.96,291210.84,-2519.14,6900.98,-0.07,6.93,14.44
Residential,-0.32,-1.08,-8.91,27.46,-1.43,-1.04,-127585.88,1163.84,-901.58,0.05,13.11,7.63
Residential,0.29,3.05,-2.08,18.2,0.79,-11.04,-186721.8,2029.96,2315.58,-0.18,4.4,22.72
Residential,-0.45,-4.32,0.24,-10.37,0.74,-1.04,-340158.37,1013.74,-4949.55,0.02,20.58,4.86
Residential,-0.86,3.27,-2.95,15.99,0.06,8.96,392206.06,575.74,-883.05,-0.01,24.39,4.1
Residential,-0.43,-4.8,-0.53,-31.54,0.08,-1.04,-404289.62,-1613.13,-4900.28,-0.12,8.76,11.41
Residential,-1.11,-1.16,-7.74,9.84,-0.72,-1.04,-178033.79,-1141.02,-648.21,-0.11,8.52,11.74
Residential,-0.26,-0.95,-9.78,28.17,2.36,-1.04,-39701.19,2851.88,-1799.19,-0.15,11.43,8.75
Residential,-0.25,-3.65,-5.11,2.42,1.7,-11.04,-350955.72,329.41,-4589.76,-0.19,9.93,10.07
Residential,-0.8,3.0,-3.25,4.87,2.26,-1.04,66826.88,3276.1,-2091.67,0.2,15.82,6.32
Residential,-0.39,3.63,-10.99,-17.02,-2.76,-11.04,5274.37,5065.63,-847.45,-0.03,25.0,3.09
Residential,-0.23,3.03,-4.37,8.15,1.33,-1.04,459880.28,4432.65,5498.46,0.19,9.91,10.09
Residential,0.53,4.35,-7.75,6.51,2.5,-11.04,436002.83,3207.64,10635.18,-0.03,5.68,17.61
Residential,0.39,4.36,9.75,25.61,2.08,8.96,235130.75,2286.66,1471.79,0.02,10.46,9.56
Residential,0.02,-4.92,11.99,-18.99,-1.38,-1.04,-409556.31,-1383.82,-5367.42,0.19,25.0,3.67
Residential,0.99,5.01,11.59,1.73,-0.07,8.96,246818.89,2396.57,16756.88,0.08,4.48,22.33
Residential,0.07,3.39,-10.27,-17.27,1.56,-11.04,86259.36,-1171.71,8055.26,0.18,4.45,22.49
Residential,-0.72,4.01,-11.56,35.2,1.69,-1.04,302326.34,-2647.84,696.46,-0.06,12.41,8.06
Residential,-1.07,2.78,-6.28,1.58,-0.12,-1.04,78258.71,-3953.29,-299.65,0.04,12.72,7.86
Residential,-0.42,3.86,-2.02,-3.04,1.57,-11.04,293293.3,-761.39,4072.73,-0.1,8.54,11.71
Residential,0.17,3.49,-6.37,31.74,-0.3,-1.04,373823.73,-2516.22,4806.44,-0.06,11.09,9.02
Residential,0.79,1.44,-1.25,-7.34,0.49,-1.04,311740.35,-1517.77,863.04,0.01,14.6,6.85
Residential,1.19,-0.98,1.58,-16.54,-1.76,8.96,-70405.72,-2196.32,-1926.29,-0.14,18.25,5.48
Residential,-1.11,-1.11,-6.11,26.92,0.08,-11.04,-149688.25,-3164.23,-2555.58,-0.17,11.85,8.44
Residential,1.21,2.59,12.29,3.87,2.49,8.96,431648.59,-2403.42,7733.47,-0.05,6.6,15.16
Residential,0.83,2.0,-7.56,-19.48,2.25,-1.04,289805.06,3999.51,783.68,0.09,12.55,7.97
Residential,0.66,-1.76,10.33,-15.98,0.95,8.96,-256057.08,2306.93,-3798.08,-0.07,14.37,6.96
Residential,0.17,1.07,3.97,-8.86,-0.15,-1.04,135821.71,2988.14,-864.81,0.03,19.01,5.26
Residential,0.62,-1.84,0.87,20.18,2.48,-11.04,-102522.25,-875.02,-1393.8,0.1,7.99,12.52
Residential,-0.94,-4.56,-5.98,-33.01,2.04,-1.04,-328349.91,-4368.9,-5635.46,0.1,18.73,5.34
Residential,-0.46,1.39,-4.12,19.14,-2.49,-1.04,19129.49,836.0,-247.17,0.13,20.92,4.78
Residential,0.02,2.32,3.77,12.03,2.26,-1.04,-65279.02,3900.92,2200.14,0.13,5.43,18.4
Residential,1.11,0.62,8.37,-16.74,-2.15,-1.04,236621.79,-843.89,5120.2,-0.14,12.9,7.75
Residential,1.09,-2.81,14.77,5.22,1.04,-1.04,-319231.33,-2667.29,-2809.11,-0.13,5.26,19.01
Residential,-0.57,-0.61,-5.1,-9.8,-1.37,-1.04,-83273.18,-4630.54,-76.01,0.13,10.41,9.61
Residential,1.09,-4.41,17.13,-21.06,1.93,8.96,-392780.47,821.43,-5292.65,-0.01,14.16,7.06
Residential,-1.21,-1.52,2.92,-17.78,1.57,-1.04,58836.05,-2615.26,-281.69,-0.01,10.03,9.97
Residential,0.72,4.27,-2.25,30.48,1.58,-1.04,668695.7,-2160.61,10460.59,-0.03,7.73,12.94
Residential,-0.78,-3.67,3.79,-10.88,-2.46,8.96,-206628.02,-2245.54,-4017.5,0.12,25.0,3.24
Residential,0.2,-4.97,-3.28,-5.14,-0.92,-11.04,-443523.13,1774.42,-5899.48,-0.16,25.0,0.0
Residential,0.22,3.42,13.11,17.73,-1.11,-1.04,526171.57,-2058.57,3381.94,0.1,17.33,5.77
Residential,1.11,-0.99,7.72,14.01,2.17,-11.04,66120.86,-4115.36,944.15,0.15,7.69,13.0
Residential,1.12,0.54,6.09,-14.99,-0.83,-1.04,-12391.59,-4330.72,301.63,-0.14,10.67,9.37
Residential,0.21,-1.11,-10.28,-15.18,-0.39,-1.04,-94967.17,173.41,-282.99,-0.07,10.02,9.98
Residential,0.25,-2.41,2.88,-6.6,1.1,8.96,-319152.63,2879.9,-1483.23,-0.13,4.37,22.89
Residential,1.05,-4.9,1.17,-31.9,2.68,-1.04,-391751.54,325.82,-4902.16,0.16,7.19,13.9
Residential,0.61,1.46,5.35,22.14,-2.55,8.96,-141612.36,-1838.22,-1368.17,0.18,16.08,6.22
Residential,-0.15,-0.52,-5.06,1.38,0.71,-1.04,170513.64,-3321.39,2075.71,-0.06,9.6,10.42
Residential,1.21,-1.65,17.5,31.62,0.74,-1.04,-289711.5,1316.61,450.33,-0.05,3.62,27.64
Residential,-0.79,-0.83,2.9,31.03,-0.27,-11.04,-67830.02,2470.8,-1331.78,0.02,14.12,7.08
Residential,0.57,-0.72,12.53,5.59,2.28,-1.04,77835.03,-862.23,1020.04,0.02,8.06,12.41
Residential,0.5,-3.73,5.01,12.81,1.24,-11.04,-204028.35,551.26,-3787.47,0.15,15.15,6.6
Residential,-0.26,-0.9,10.62,-22.85,0.1,-1.04,-279578.54,-862.05,-969.27,-0.16,5.18,19.31
Residential,-1.01,-2.45,-16.53,23.78,0.11,8.96,-287705.78,1920.31,-2673.59,-0.0,8.56,11.68
Residential,-0.33,-3.76,-3.45,13.15,1.57,8.96,-240445.16,-2421.02,-2846.81,-0.06,7.66,13.05
Residential,-0.02,-0.06,-0.77,-12.58,1.72,8.96,120875.33,-4629.17,2449.22,-0.18,7.36,13.59
Residential,0.82,-4.38,9.59,-13.31,1.48,-11.04,-416895.83,-3036.18,-4735.36,-0.12,5.76,17.36
Residential,0.8,1.6,9.17,-22.93,0.69,-1.04,-59439.95,-2527.78,-243.56,-0.0,8.67,11.54
Residential,1.05,-1.06,10.47,-24.64,-1.13,-1.04,-313964.36,-2751.6,-1422.47,0.12,5.41,18.5
Residential,0.94,-2.12,17.91,-1.43,-1.1,8.96,-154737.57,2910.07,630.85,0.07,8.8,11.36
Residential,-0.25,1.83,8.04,24.56,-2.35,8.96,104061.37,3883.29,1700.7,0.13,18.62,5.37
Residential,-0.84,2.7,-14.72,-26.49,-0.43,-1.04,113447.49,-3380.05,-2341.43,0.19,22.03,4.54
Residential,0.24,-2.81,11.92,-27.93,-2.26,-1.04,-166800.24,-1783.77,-2091.76,0.02,16.58,6.03
Residential,0.86,-0.54,0.38,-25.1,-1.94,-1.04,-205603.56,-1696.28,-2784.25,-0.16,16.53,6.05
Residential,-1.21,3.65,-1.96,-26.81,-2.24,-1.04,134980.34,-3611.16,-1176.81,-0.13,24.45,4.09
Residential,0.66,-0.87,6.2,23.52,-0.1,-11.04,123322.82,-3513.97,-164.48,-0.05,13.57,7.37
Residential,-0.32,-2.97,-4.35,18.22,2.18,-11.04,-354341.52,-828.57,-4177.07,-0.17,6.44,15.52
Residential,-0.43,-2.77,3.18,2.7,-2.23,-11.04,-284820.55,-777.49,-4976.84,-0.08,25.0,1.51
Residential,-0.49,-4.46,8.73,26.2,0.94,8.96,-380572.68,-183.12,-4863.1,-0.16,10.29,9.72
Residential,-0.03,4.89,-11.8,12.03,2.3,-1.04,550407.28,-1669.13,6744.1,0.01,8.25,12.12
Residential,0.26,2.91,-0.03,7.6,2.68,-1.04,221320.66,-3576.64,636.11,-0.13,9.89,10.11
Residential,-0.72,-4.96,4.41,5.67,1.5,8.96,-427621.72,-830.71,-5680.6,-0.0,16.08,6.22
Residential,-0.92,-3.26,-2.66,-19.84,2.4,-11.04,-370311.53,780.78,-3392.95,0.17,4.32,23.14
Residential,-0.67,-1.14,-1.53,-20.31,0.58,-11.04,-232742.6,-3336.88,-3510.76,-0.05,10.89,9.18
Residential,0.66,-2.29,4.26,-10.46,1.32,-11.04,-241048.28,-2754.83,-2911.52,-0.12,7.96,12.57
Residential,-1.21,-4.03,2.58,-24.08,-0.34,-11.04,-365294.27,-3550.48,-5328.81,0.16,17.21,5.81
Residential,-0.65,0.71,-5.38,5.98,-1.99,-1.04,475025.75,2032.36,24.72,-0.09,25.0,2.83
Residential,-0.41,2.35,-14.04,-4.87,1.45,-11.04,298965.05,2163.14,5852.19,-0.04,7.64,13.09
Residential,-0.13,-1.42,-9.9,-10.0,-2.65,-11.04,-187657.77,1625.57,-1536.05,-0.07,18.05,5.54
Residential,-0.8,0.85,5.28,33.93,-0.85,-1.04,-22526.38,-2136.27,-2805.58,-0.01,21.83,4.58
Residential,0.61,4.66,0.88,-0.82,-0.47,-1.04,316796.94,1090.15,5514.85,-0.18,10.44,9.58
Residential,1.01,-1.29,8.19,21.47,-0.08,8.96,-160581.36,1170.1,-3855.11,0.18,24.57,4.07
Residential,0.8,2.18,10.68,-9.94,-1.2,-11.04,31633.56,2420.78,3849.48,0.02,9.11,10.98
Residential,0.63,3.47,14.19,-11.17,1.72,8.96,306970.72,2326.56,8461.14,0.14,6.1,16.4
Residential,-0.82,-0.8,-13.53,-8.39,0.84,8.96,-4472.63,-1926.65,-2116.43,-0.14,14.35,6.97
Residential,-1.09,4.22,-0.69,-1.83,1.65,8.96,409543.08,-2154.63,78.2,0.05,15.75,6.35
Residential,-0.33,-4.57,8.5,-7.6,2.14,-1.04,-412326.28,-3679.77,-5127.99,0.1,5.73,17.45
Residential,0.51,4.28,7.78,25.84,-2.36,-1.04,413561.66,-168.9,2950.27,-0.02,21.6,4.63
Residential,-0.06,1.39,6.61,-7.76,-1.39,-1.04,96281.58,4789.66,4483.3,0.07,10.42,9.6
Residential,0.3,4.32,-3.95,26.42,-2.65,-11.04,60210.81,5013.61,2610.8,0.18,16.89,5.92
Residential,0.91,4.49,4.8,-0.43,1.05,-1.04,307307.8,570.91,4344.34,0.09,9.18,10.89
Residential,-0.89,2.02,-11.4,-21.06,-0.11,8.96,143531.08,3734.52,812.35,-0.14,14.14,7.07
Residential,1.06,-2.9,-3.54,-33.42,1.33,8.96,-326269.8,-844.59,-1694.78,-0.13,3.81,26.24
Residential,0.9,-2.76,-4.6,16.99,2.66,8.96,-297168.72,2346.35,-1845.75,0.14,4.37,22.88
Residential,0.13,4.74,-4.61,34.51,0.77,8.96,419476.46,2127.12,604.95,-0.12,17.83,5.61
Residential,1.11,0.27,19.0,29.94,0.46,-1.04,-196151.75,3147.23,-1001.74,-0.04,7.96,12.56
Residential,0.94,1.0,12.97,0.94,2.15,8.96,194130.83,694.09,510.19,-0.03,10.96,9.12
Residential,-0.6,-0.81,6.47,5.79,-1.56,-1.04,101234.67,-4152.86,-1859.31,-0.09,22.73,4.4
Residential,0.76,3.43,16.0,-9.99,0.33,-1.04,88767.29,-290.73,-524.54,0.07,13.77,7.26
Residential,-0.68,-2.5,-1.39,-3.35,0.87,8.96,-196761.18,-3691.8,-4870.34,-0.05,22.99,4.35
Residential,0.22,0.93,-3.13,8.88,-1.19,8.96,125955.33,-3836.78,-1119.45,0.06,19.16,5.22
Residential,0.17,-3.42,-9.44,15.0,1.49,-1.04,-380278.24,2097.34,-4827.3,-0.07,11.67,8.57
Residential,-0.52,1.06,-11.85,35.27,2.47,8.96,-115968.44,-2151.75,2005.75,0.05,4.39,22.77
Residential,-0.32,-1.85,-5.3,-33.95,-2.5,-1.04,-51832.77,2028.73,-3098.02,0.09,25.0,2.03
Residential,0.96,3.77,0.39,-8.57,-0.91,-1.04,633201.65,4232.65,14851.92,0.11,8.74,11.44
Residential,1.15,3.63,16.05,-5.76,-0.2,8.96,307230.34,-981.87,12141.73,0.14,6.09,16.43
Residential,0.67,4.37,-6.93,25.71,0.07,-1.04,229793.88,-2424.4,5956.88,0.1,7.89,12.68
Residential,-0.62,4.2,6.35,21.41,1.43,8.96,595650.53,1631.37,6996.96,0.04,9.62,10.4
Residential,-0.16,0.24,-5.66,32.81,1.25,8.96,-87543.08,705.68,-2117.12,-0.17,12.06,8.29
Residential,1.08,-1.12,2.38,-8.39,-2.28,-1.04,-194876.97,-140.9,-674.81,-0.0,11.61,8.61
Residential,-1.19,-2.07,-19.25,-26.57,-0.69,-1.04,-360207.93,-1229.59,-5127.6,0.16,22.27,4.49
Residential,-0.31,-2.96,-0.96,-12.71,1.91,8.96,-236898.84,-2493.46,-3472.11,0.2,9.12,10.96
Residential,-1.25,-3.76,1.87,-32.26,0.24,-11.04,-369207.16,-1524.35,-5193.85,0.05,17.51,5.71
Residential,0.71,-1.62,16.5,-16.58,-0.53,-1.04,-137644.76,-3388.44,-1809.85,0.17,11.16,8.96
Residential,-0.96,0.27,2.02,20.16,0.14,-1.04,-74454.09,55.2,-3915.17,0.12,25.0,3.51
Residential,0.79,-4.88,4.06,10.33,0.72,-1.04,-396015.4,-2621.3,-5163.61,0.04,9.24,10.82
Residential,0.38,-0.95,0.69,18.38,0.03,-1.04,-11496.54,-1.72,-3350.48,0.05,25.0,3.87
Residential,-1.24,2.66,-13.48,13.57,0.26,-1.04,312025.18,-609.97,-2135.43,0.12,25.0,3.61
Residential,-0.57,-1.12,3.47,23.1,-1.06,-11.04,-175779.15,-1988.03,-884.82,-0.1,9.31,10.74
Residential,0.46,0.27,6.09,2.84,1.67,-1.04,-31138.69,3143.37,-1075.43,-0.02,10.83,9.23
Residential,1.12,2.49,3.23,-23.69,2.57,8.96,-6343.31,-165.4,1244.27,-0.06,6.46,15.49
Residential,0.61,-4.13,-0.38,15.25,0.22,-11.04,-326092.88,-3694.21,-4100.08,0.04,8.64,11.58
Residential,-0.74,-0.4,-6.58,-10.6,-0.72,8.96,-143417.67,986.88,-4442.95,-0.18,25.0,2.17
Residential,0.57,2.21,-7.9,3.0,2.39,-1.04,242952.5,3132.69,3587.44,0.07,7.96,12.57
Residential,-1.09,0.27,-8.13,1.63,0.11,8.96,-132390.12,2081.17,-985.82,0.18,10.07,9.93
Residential,-0.71,2.32,-5.01,-7.43,-2.18,-1.04,-195262.31,1472.2,-1192.01,-0.13,13.74,7.28
Residential,-0.54,-2.64,-4.73,11.12,1.51,8.96,-299740.64,1162.14,-3727.81,0.07,9.28,10.78
Residential,0.12,-1.29,-5.79,32.7,1.85,-1.04,-196011.59,972.22,-3373.67,-0.09,12.06,8.29
Residential,-0.31,-4.55,4.97,-30.13,1.28,-1.04,-379238.75,-2245.0,-4858.57,-0.08,7.9,12.66
Residential,-0.55,5.0,8.91,18.06,0.06,-1.04,487743.35,1253.89,3362.34,-0.19,14.56,6.87
Residential,-0.47,2.18,-5.41,23.35,-1.11,8.96,-74627.11,2161.79,2984.04,-0.11,7.75,12.9
Residential,0.53,-3.23,12.23,6.4,1.28,-1.04,-250853.72,-2391.8,-1461.1,0.13,5.37,18.62
Residential,1.05,-3.93,1.47,28.74,-1.91,-1.04,-356466.17,-1930.16,-1763.54,0.09,5.12,19.52
Residential,0.15,4.08,-5.71,29.61,-1.51,-1.04,-83391.33,2436.21,522.19,0.15,11.86,8.43
Residential,0.04,3.37,4.89,-0.68,-1.16,-1.04,471471.71,-1557.93,3316.99,-0.13,16.78,5.96
Residential,0.86,2.67,14.8,33.42,0.87,-11.04,580663.06,2.59,8919.05,-0.2,8.72,11.47
Residential,-0.6,4.52,-3.34,-11.26,-1.73,-1.04,263367.29,-414.93,9072.92,-0.01,9.03,11.08
Residential,-0.03,-2.81,-2.69,23.04,-0.56,8.96,-89246.77,-640.53,-1846.91,0.1,14.33,6.98
Residential,-0.47,3.68,-9.45,17.41,-0.34,-11.04,-40768.96,-108.43,-426.94,0.07,11.6,8.62
Residential,-0.87,-2.31,5.7,23.03,-2.17,8.96,-187021.85,201.62,-1106.23,-0.12,12.99,7.7
Residential,1.13,-0.87,2.42,25.96,-1.01,-11.04,113114.19,-3696.67,1008.76,-0.01,12.85,7.78
Residential,-0.8,-0.33,5.68,25.28,-1.54,8.96,-3915.71,-1529.82,-2770.71,0.01,25.0,3.73
Residential,-1.07,1.33,-16.6,-32.45,-1.21,8.96,-28913.58,-4166.35,2033.52,-0.15,8.72,11.47
Residential,0.66,-3.84,13.58,-9.41,-0.5,-11.04,-301819.99,2740.7,-3154.3,-0.01,11.44,8.74
Residential,-0.56,2.76,-10.32,-13.56,-0.56,-11.04,106929.88,-127.87,-555.38,-0.15,16.64,6.01
Residential,0.26,4.12,13.94,25.86,-0.32,-11.04,651737.41,5434.8,8255.23,0.19,12.22,8.18
Residential,0.73,0.04,15.71,-21.94,-0.59,8.96,285069.09,468.28,2351.32,-0.05,14.16,7.06
Residential,0.64,-3.62,2.22,7.29,0.92,8.96,-319765.4,-1913.4,-2895.22,-0.08,5.63,17.77
Residential,-0.51,-4.59,-12.24,-6.38,-0.69,-1.04,-382927.92,298.9,-4765.77,-0.09,14.93,6.7
Residential,-0.91,-0.14,-11.55,-0.78,0.89,8.96,33657.88,-1646.42,-2433.98,0.12,16.92,5.91
Residential,-0.32,-1.31,-4.84,26.6,-2.01,-1.04,-245689.34,1185.07,-2860.24,-0.02,18.05,5.54
Residential,-0.28,1.9,7.99,28.97,-1.3,8.96,325516.0,3304.97,1982.47,0.04,19.01,5.26
Residential,-0.79,-0.1,-8.96,-0.42,-0.93,-1.04,37257.28,2259.1,986.68,0.2,12.72,7.86
Residential,-1.13,1.1,-5.7,32.36,2.42,-1.04,127750.92,2154.11,-1223.21,0.16,13.53,7.39
Residential,0.05,1.57,-8.68,22.49,-1.95,8.96,79233.0,1875.16,3765.88,-0.05,11.63,8.6
Residential,0.04,4.43,-2.29,28.1,2.48,-1.04,217869.72,3793.79,-1212.67,0.14,16.03,6.24
Residential,0.79,-0.41,-5.1,-0.56,-1.36,-1.04,-82472.21,-2503.91,-325.4,0.02,11.52,8.68
Residential,-1.15,1.4,-14.34,-28.66,1.08,8.96,104759.22,-2263.11,-841.03,0.08,12.9,7.75
Residential,-0.68,1.62,-11.56,8.84,-2.6,8.96,227496.13,70.61,2570.79,-0.1,19.05,5.25
Residential,0.16,-1.86,4.43,6.58,0.02,-11.04,-129913.19,-3739.92,-2009.74,0.09,10.85,9.22
Residential,-0.29,2.38,-5.83,-5.38,2.24,-11.04,171653.33,4184.18,-780.9,0.16,14.14,7.07
Residential,-0.0,3.17,10.69,13.42,0.18,-11.04,319115.6,1723.11,1440.6,-0.04,15.11,6.62
Residential,-0.09,-4.53,-6.95,-4.23,0.99,-1.04,-389462.79,-4220.76,-4292.92,0.13,4.51,22.16
Residential,-0.26,-4.93,-1.75,20.72,1.61,-1.04,-423212.97,1956.84,-5369.79,-0.1,20.33,4.92
Residential,0.07,-1.19,-0.82,-4.96,1.96,-11.04,53821.98,2063.37,1132.72,-0.15,8.23,12.15
Residential,-0.96,-4.64,-1.91,-3.31,-2.71,8.96,-426453.89,2274.84,-5487.33,-0.17,25.0,0.0
Residential,1.14,-4.88,10.74,11.09,0.27,-1.04,-408842.68,-1869.95,-4508.06,-0.15,5.89,16.98
Residential,-0.28,0.73,-8.56,14.44,1.88,-11.04,1727.62,-2868.88,3493.13,0.02,5.26,19.01
Residential,1.12,-4.22,0.56,-11.31,0.2,8.96,-397829.89,-3889.06,-3588.84,-0.19,3.42,29.24
Residential,-0.8,0.33,2.75,-18.87,-2.6,-11.04,13793.96,-1742.73,-2480.05,0.19,25.0,3.06
Residential,-0.27,1.96,-6.04,24.81,2.01,8.96,216469.51,-2737.78,2339.03,-0.18,8.58,11.65
Residential,-0.49,-1.85,5.97,18.3,-0.32,-1.04,-257429.09,-3356.47,-2626.9,-0.17,8.45,11.84
Residential,-0.75,-4.06,-6.32,29.72,1.25,-1.04,-398670.86,-312.87,-5274.48,-0.09,13.04,7.67
Residential,0.32,4.32,2.09,-6.31,-1.1,-11.04,127521.79,-2709.98,14660.35,0.04,4.66,21.44
Residential,-0.47,3.78,7.59,-13.89,-0.59,-1.04,567525.97,-1805.28,3072.48,0.01,17.18,5.82
Residential,1.14,2.23,1.54,21.87,-1.07,8.96,-87687.93,2161.49,4731.25,0.03,6.13,16.3
Residential,1.09,-2.32,9.12,18.65,0.02,8.96,-100368.45,320.75,-1313.11,-0.01,11.43,8.75
Residential,-1.08,0.49,-7.91,-31.28,1.29,-1.04,-95447.01,2835.42,-3766.05,-0.06,24.1,4.15
Residential,0.58,3.07,12.21,-17.04,-2.09,-1.04,200942.44,927.65,7873.62,-0.09,9.87,10.13
Residential,-0.31,-0.14,-5.66,7.99,0.88,-1.04,6651.41,-4452.96,-3470.22,-0.01,19.8,5.05
Residential,1.07,4.45,-1.5,0.03,2.25,-1.04,264646.81,1226.47,4954.33,-0.08,7.12,14.04
Residential,1.03,0.75,14.49,30.47,-0.79,-11.04,121735.78,1256.03,5245.63,-0.08,8.5,11.76
Residential,0.09,-4.23,7.27,-29.78,0.33,8.96,-344592.8,-2939.89,-5078.74,0.1,14.51,6.89
Residential,-0.04,2.49,-3.13,28.88,1.17,-11.04,-33521.25,-1587.08,-403.03,-0.18,9.07,11.03
Residential,-1.19,-2.08,-13.55,-29.73,-0.09,-1.04,-298100.34,-2273.42,-4892.48,-0.08,20.0,5.0
Residential,-1.18,2.86,-10.08,2.55,0.84,8.96,177106.34,-3033.86,2022.26,-0.05,9.63,10.38
Residential,0.54,-2.49,-3.4,-0.53,-0.37,-1.04,-219315.24,2363.82,-696.06,0.18,7.69,13.0
Residential,-0.5,2.67,-7.68,21.1,-0.46,-1.04,206338.93,-596.71,-1113.85,-0.1,21.19,4.72
Residential,-0.36,-4.76,-8.76,-34.48,2.52,-11.04,-405458.34,-4658.05,-5356.41,-0.2,7.68,13.02
Residential,0.63,4.17,9.52,10.15,-2.06,8.96,545974.17,860.59,5322.75,-0.02,18.45,5.42
Residential,0.25,2.07,-2.31,-10.7,-1.96,8.96,227395.38,-1700.06,-206.59,0.1,23.64,4.23
Residential,-0.64,-4.16,5.98,4.73,2.5,8.96,-372467.92,-1537.9,-4476.47,0.01,5.79,17.26
Residential,1.13,-4.59,9.82,-7.21,1.71,-11.04,-345663.39,-1952.98,-3863.19,0.07,5.92,16.9
Residential,-0.51,2.27,-12.06,27.8,-0.64,8.96,-28814.62,-632.13,1231.29,0.07,9.45,10.58
Residential,0.42,0.99,9.68,15.91,1.35,-1.04,146562.8,-1470.92,536.39,-0.16,10.78,9.28
Residential,0.18,-0.82,11.9,-6.0,-2.55,-11.04,23993.09,-705.32,-2195.26,0.08,25.0,3.1
Residential,0.96,-0.72,-5.22,31.82,1.48,-1.04,48413.39,143.97,-89.52,-0.0,10.15,9.85
Residential,0.42,4.32,-5.88,14.17,-2.75,-11.04,708374.01,2780.02,11808.08,0.07,15.87,6.3
Residential,0.46,-1.71,11.4,-6.39,-1.63,8.96,-165384.16,-2934.02,-1917.15,-0.07,13.04,7.67
Residential,-0.82,4.58,-1.72,-3.26,2.12,-1.04,708867.03,-1574.92,6803.18,-0.05,9.69,10.32
Residential,0.43,1.78,1.67,-20.28,2.22,-1.04,76442.67,793.74,5718.65,-0.16,4.94,20.24
Residential,0.84,0.09,9.8,-18.3,-0.68,-11.04,142905.94,2321.55,4370.79,0.14,9.57,10.45
Residential,0.77,0.88,5.69,-12.84,1.26,-11.04,105168.73,-17.97,2531.96,-0.03,7.97,12.55
Residential,-0.07,-1.67,5.96,-32.33,2.46,-11.04,-148698.74,1840.71,-23.95,-0.15,5.67,17.63
Residential,0.44,-1.63,-2.55,17.31,-2.09,-1.04,-99885.73,3926.42,-1962.54,0.17,25.0,3.77
Residential,0.89,-3.62,7.7,-20.99,0.78,-11.04,-246813.75,-1502.8,-2929.32,-0.13,8.82,11.34
Residential,0.03,-0.83,2.45,15.31,-1.34,8.96,-272947.58,-2996.92,-1940.44,-0.13,7.95,12.58
Residential,-0.14,4.48,-1.78,2.74,1.96,-1.04,153615.26,-209.58,4270.83,-0.13,6.57,15.22
Residential,1.12,-2.64,17.03,31.78,2.25,-1.04,-230310.74,-4018.81,-1459.73,0.2,5.04,19.83
Residential,0.63,3.85,15.61,-27.44,2.64,-11.04,718841.55,3864.25,11065.33,0.08,7.18,13.92
Residential,-1.23,4.39,-19.08,25.14,-2.38,8.96,240788.13,-2360.02,-1228.39,0.07,25.0,3.16
Residential,0.58,4.84,15.0,14.78,-1.28,-1.04,555748.61,-4589.46,4398.26,0.2,15.92,6.28
Residential,1.23,1.03,13.05,-18.05,0.3,-1.04,-85176.21,-4113.51,35.84,0.01,7.92,12.63
Residential,0.49,-2.5,12.26,-30.04,-0.88,-11.04,-187101.72,-1509.53,688.31,-0.13,6.69,14.95
Residential,0.99,4.96,17.69,-7.63,-0.96,8.96,735839.65,4232.14,15280.33,-0.05,9.43,10.6
Residential,-0.61,2.31,-10.87,35.26,-2.43,-1.04,-36223.06,1946.73,1858.35,0.02,13.18,7.59
Residential,0.19,1.12,-7.23,-4.15,-0.92,8.96,247600.28,606.44,2030.54,-0.05,14.9,6.71
Residential,0.1,3.35,7.21,12.37,2.63,8.96,79101.15,2417.19,7300.85,0.12,4.23,23.64
Residential,-0.62,1.28,7.17,-22.92,1.38,-11.04,-112239.6,158.02,-1215.88,-0.1,8.79,11.38
Residential,-1.02,2.45,-15.38,18.02,-2.2,-1.04,257372.33,-1654.96,2101.83,0.09,18.35,5.45
Residential,-0.41,-1.32,8.95,9.22,0.81,8.96,-57980.38,-2824.09,-1351.18,0.01,10.45,9.57
Residential,-0.37,-2.2,-9.42,29.06,-1.87,-1.04,-163568.12,-4206.66,-2735.55,0.19,16.1,6.21
Residential,-0.28,-3.62,-5.51,5.01,0.84,-1.04,-334284.03,-3741.77,-5301.92,-0.03,16.1,6.21
Residential,0.64,-2.72,15.98,-15.4,1.74,-1.04,-183183.74,995.56,-744.13,-0.09,6.21,16.11
Residential,-0.35,-1.13,-5.58,4.38,-0.46,-1.04,47290.93,873.33,1022.83,0.08,11.47,8.72
Residential,-0.5,-1.97,-7.34,5.96,2.66,-1.04,-245313.38,-1873.04,-4821.45,-0.01,16.29,6.14
Residential,0.49,4.45,-8.74,16.86,0.95,-1.04,575340.75,-210.98,2503.9,0.18,15.13,6.61
Residential,-0.19,0.8,9.24,32.3,0.24,8.96,-139642.15,2647.77,-2400.78,-0.03,14.37,6.96
Residential,-0.45,-3.04,-9.45,14.87,1.26,8.96,-379371.51,-3264.59,-5000.24,-0.07,8.05,12.42
Residential,0.2,-1.57,10.08,33.16,0.44,8.96,-290567.47,-2918.69,-3056.19,-0.05,7.31,13.68
Residential,0.28,-3.71,-5.08,-8.49,0.15,-1.04,-378913.65,-1997.94,-3947.33,0.13,5.66,17.66
Residential,0.6,-4.54,-0.89,11.88,1.02,-1.04,-419903.84,1866.37,-5214.16,-0.08,17.3,5.78
Residential,-0.83,-1.55,-17.52,9.47,0.8,-11.04,-121881.32,-1438.22,-3744.14,-0.18,18.73,5.34
Residential,0.07,-2.08,-10.41,-25.45,1.84,8.96,-201421.96,-3858.66,-2387.58,-0.15,7.33,13.64
Residential,0.51,4.61,1.65,17.97,1.32,8.96,291441.92,3003.77,7214.85,-0.15,6.93,14.44
Residential,-0.12,1.0,-5.64,6.2,-0.62,8.96,253659.97,-1175.14,3518.65,-0.05,11.57,8.64
Residential,-0.13,-2.94,-1.34,-14.25,1.23,-1.04,-328246.54,368.21,-4528.45,0.17,12.36,8.09
Residential,0.54,3.02,-5.35,-14.53,-2.26,-1.04,384724.97,2072.97,4842.78,0.12,17.42,5.74
Residential,0.06,-0.74,-5.06,-9.42,-2.29,8.96,-210231.18,1662.38,-2757.62,0.09,22.88,4.37
Residential,-0.7,-1.85,5.1,-1.72,0.71,-1.04,4392.14,831.31,-1257.93,-0.07,13.19,7.58
Residential,-0.84,2.45,-4.77,-30.42,-0.84,-1.04,346877.2,-1521.25,3882.07,-0.14,12.99,7.7
Residential,0.02,1.6,4.6,-32.12,-1.21,-1.04,120985.12,-1264.63,908.41,0.16,14.49,6.9
Residential,-1.14,4.73,-7.87,-22.34,2.57,-1.04,395502.0,3558.84,7136.41,0.08,6.87,14.55
Residential,-0.44,-4.68,-13.16,33.98,1.01,8.96,-405967.15,-395.17,-5811.3,-0.06,25.0,1.52
Residential,-0.17,-3.3,7.26,-24.76,0.88,-11.04,-312594.86,-3544.7,-4868.47,-0.15,13.28,7.53
Residential,0.29,0.91,8.33,6.8,2.48,-1.04,-95670.33,78.91,1188.89,-0.1,5.32,18.81
Residential,-0.2,0.71,9.8,30.11,0.43,-1.04,298837.5,1282.42,2428.75,-0.1,12.33,8.11
Residential,-0.45,2.52,-12.46,5.7,0.23,8.96,-27151.66,-1734.25,-1594.0,-0.17,13.26,7.54
Residential,0.57,-3.61,1.86,11.8,2.73,8.96,-356000.15,-507.5,-2435.45,-0.06,3.07,32.55
Residential,0.66,3.17,0.06,-21.35,-2.05,8.96,152424.24,-2453.61,4324.04,-0.01,11.66,8.58
Residential,-0.8,2.41,3.71,7.53,0.41,8.96,360384.01,-4246.4,2234.04,-0.1,12.55,7.97
Residential,-0.28,-3.78,-4.29,-8.79,-2.08,-1.04,-360923.15,-1730.53,-2829.54,0.16,7.06,14.17
Residential,-0.03,-3.01,-1.27,20.16,-1.27,-11.04,-330665.23,2076.01,-4335.85,-0.18,25.0,3.92
Residential,-0.48,-0.42,4.64,24.17,-0.32,-1.04,-160194.29,2948.36,-2327.07,-0.08,14.88,6.72
Residential,-1.24,0.1,-10.57,-25.33,-1.61,8.96,25676.13,3401.83,1433.12,0.04,13.76,7.27
Residential,-1.23,0.26,0.56,15.2,1.38,-1.04,-125536.55,788.36,-3158.96,-0.16,14.88,6.72
Residential,0.7,-1.11,4.89,27.95,-1.85,8.96,-71797.86,552.48,-375.07,0.14,14.66,6.82
Residential,-1.04,4.44,-4.31,9.69,2.35,-11.04,969814.32,661.94,5418.59,0.05,13.19,7.58
Residential,0.79,3.17,7.27,10.24,0.93,-1.04,364316.04,2004.03,1452.54,-0.14,14.35,6.97
Residential,-0.99,-3.02,0.28,-18.9,-0.59,-1.04,-169098.94,418.1,-2638.73,-0.1,14.97,6.68
Residential,0.62,-4.63,15.34,-17.27,0.21,8.96,-381755.1,-2999.6,-5711.25,-0.13,23.75,4.21
Residential,0.02,-2.12,-9.89,-16.08,2.23,-1.04,-296657.43,-967.69,-3227.65,-0.15,6.31,15.86
Residential,-0.93,-1.79,-7.13,-26.48,2.33,8.96,-55927.97,-500.74,-1733.02,-0.04,9.97,10.03
Residential,-0.1,-4.97,-10.78,-17.93,0.77,-1.04,-418883.26,-1057.77,-5233.87,0.16,10.49,9.53
Residential,-1.08,4.52,-6.23,-28.96,-2.07,-11.04,58608.38,-2425.83,-557.47,0.11,19.05,5.25
Residential,1.15,4.5,-5.34,-20.87,0.13,-1.04,337915.83,959.87,7559.14,-0.12,8.25,12.12
Residential,0.59,3.29,4.17,-10.57,1.71,-1.04,66020.34,1941.53,6818.23,0.02,4.74,21.09
Residential,-0.91,0.54,-12.77,-3.21,1.1,-1.04,-200847.77,-736.69,-2678.72,-0.0,9.68,10.33
Residential,-1.1,4.16,-17.72,28.61,2.08,-1.04,389421.54,-1636.69,2802.05,-0.19,10.26,9.75
Residential,1.15,4.48,10.34,29.05,-1.05,8.96,618107.56,-2562.64,5352.73,-0.03,15.36,6.51
Residential,-0.33,1.74,1.78,-21.63,-0.52,-11.04,159646.81,3065.74,746.7,0.2,15.53,6.44
Residential,0.18,3.23,5.88,-3.4,-2.61,8.96,3678.64,1525.42,6946.32,-0.06,8.53,11.73
Residential,-0.78,-3.24,-12.34,-33.48,-2.06,-11.04,-304012.75,-3700.22,-4696.0,0.1,22.03,4.54
Residential,-0.23,-0.23,10.21,-4.79,0.38,8.96,-218719.13,1869.71,-1942.13,-0.05,8.98,11.14
Residential,-1.21,-0.38,-5.29,4.71,0.69,-1.04,-211250.77,3549.62,-2595.79,-0.16,11.49,8.7
Residential,0.23,3.02,-6.86,9.72,0.09,-1.04,548534.28,-868.41,6961.64,-0.07,10.75,9.3
Residential,1.1,1.4,-5.36,-3.45,-1.13,-1.04,-183538.21,-1115.67,4121.66,-0.13,4.67,21.4
Residential,0.05,0.51,3.55,31.22,0.91,8.96,6376.32,-3049.47,-1697.07,-0.02,12.77,7.83
Residential,-0.51,-0.88,-2.32,-15.66,-1.29,8.96,-3637.82,2803.07,-1673.02,0.13,22.62,4.42
Residential,0.39,-3.97,-2.0,-13.2,2.52,8.96,-430233.6,-2318.22,-5285.96,0.13,4.96,20.15
Residential,0.38,-3.81,-9.15,-0.94,-2.28,8.96,-400482.91,-66.3,-4833.07,-0.02,25.0,4.0
Residential,0.1,-2.53,-9.58,19.88,1.13,8.96,-65392.31,2696.15,-2217.11,-0.19,14.31,6.99
Residential,-0.18,0.19,-12.1,-20.09,-0.66,-1.04,115357.55,1930.83,-837.72,0.09,19.42,5.15
Residential,0.61,-2.7,0.31,-4.31,0.47,8.96,-185473.74,2141.71,-3662.78,-0.17,19.38,5.16
Residential,0.45,1.39,-5.19,-28.67,-1.89,-1.04,193828.35,542.44,3420.31,-0.06,14.04,7.12
Residential,1.05,3.93,2.66,-8.36,-0.74,-1.04,283056.48,524.14,11557.92,-0.06,6.71,14.9
Residential,-0.73,2.28,5.62,-30.34,2.65,8.96,79790.67,-2099.47,-2356.52,-0.19,14.31,6.99
Residential,0.78,2.28,1.86,14.7,0.94,-1.04,-123614.53,-769.22,719.39,-0.09,6.27,15.94
Residential,-0.88,4.81,-2.04,-28.59,-0.02,8.96,245720.69,-1600.44,-1202.99,-0.11,20.58,4.86
Residential,0.45,0.85,12.48,-32.07,-0.34,8.96,28183.78,-3419.83,2360.96,0.04,8.35,11.98
Residential,0.63,-3.06,2.23,25.36,-0.93,8.96,-87648.79,680.88,-2635.04,0.08,20.75,4.82
Residential,0.04,2.47,1.87,32.68,-0.11,8.96,-42586.72,2188.78,4134.49,-0.05,6.2,16.13
Residential,0.23,-2.41,11.74,29.41,1.48,-1.04,-164779.07,1022.03,-1245.86,0.08,7.6,13.16
Residential,0.98,1.12,14.39,21.08,-0.03,-11.04,342481.85,-2768.01,5537.93,0.06,9.59,10.43
Residential,0.99,3.62,-3.45,-20.56,0.71,-11.04,169516.24,-1092.72,3691.87,0.1,8.26,12.11
Residential,1.06,-1.43,7.43,-10.99,-1.19,-1.04,-105345.0,-818.98,-2317.6,-0.19,17.48,5.72
Residential,-0.56,3.22,1.66,-13.66,-2.43,-1.04,367363.41,-1606.7,2898.5,-0.12,20.2,4.95
Residential,0.53,3.24,-0.18,27.74,2.4,-11.04,219772.01,3296.33,10051.16,-0.04,4.53,22.07
Residential,1.04,2.41,-5.81,-23.54,-0.2,8.96,50520.11,281.42,6855.41,-0.03,5.84,17.12
Residential,-0.0,-1.62,5.84,-4.3,0.46,8.96,-225985.73,-453.15,-1355.25,-0.06,6.91,14.47
Residential,-0.92,2.95,-4.24,-29.21,1.36,8.96,-574.36,278.33,-2879.57,0.19,18.08,5.53
Residential,-0.04,-3.36,-0.02,-8.6,0.31,-1.04,-313514.56,-2955.18,-3641.47,-0.03,7.96,12.56
Residential,0.08,1.39,3.33,-0.05,1.01,-1.04,512663.52,1396.64,553.76,-0.06,18.94,5.28
Residential,0.69,-3.14,7.19,-19.07,-0.09,-11.04,-299230.6,1484.02,-3176.37,0.13,9.88,10.12
Residential,0.09,2.46,2.43,-1.37,-0.75,-1.04,638357.52,900.3,3874.89,-0.11,18.08,5.53
Residential,1.16,-0.63,13.47,-21.66,-1.25,8.96,-86830.37,-3788.55,222.46,-0.05,9.84,10.16
Residential,-1.02,3.44,-10.71,-17.71,1.93,-1.04,90246.19,4309.59,1103.65,0.14,9.21,10.86
Residential,0.99,0.92,14.73,-26.6,-1.82,-1.04,205250.26,-874.83,5754.34,-0.08,10.86,9.21
Residential,-0.69,4.92,-9.99,15.42,2.05,-1.04,890768.88,3570.63,3470.87,0.06,16.13,6.2
Residential,0.2,0.84,-0.58,30.1,-0.57,-1.04,-2809.77,-377.63,-2067.02,-0.01,18.87,5.3
Residential,0.34,-3.25,14.05,-13.54,-1.57,-1.04,-297085.47,-1843.17,-4531.03,0.13,22.78,4.39
Residential,0.82,2.89,7.74,28.15,0.7,-1.04,286400.64,4878.81,3770.64,0.13,10.52,9.51
Residential,0.33,0.96,-9.46,29.13,-1.18,-1.04,18390.98,-3229.51,-183.41,-0.0,13.44,7.44
Residential,0.26,2.9,-4.46,2.27,-0.87,-1.04,-100944.55,2405.8,1728.29,0.04,8.2,12.2
Residential,-0.28,-0.19,-7.41,-27.13,-0.93,-1.04,245802.29,3554.52,1406.03,0.19,17.39,5.75
Residential,0.57,-2.24,-1.97,-8.79,-1.75,-1.04,-140533.18,-551.27,-1592.26,0.15,14.86,6.73
Residential,-0.94,-1.43,-4.53,25.94,0.85,8.96,-58300.93,-274.35,-1689.11,-0.03,11.99,8.34
Residential,0.92,-2.77,8.14,-27.46,1.19,-11.04,-223568.28,2576.82,-705.42,-0.05,5.91,16.93
Residential,-1.24,-0.24,-12.99,34.95,0.52,8.96,-1544.44,502.18,-1018.94,-0.12,12.63,7.92
Residential,-0.97,-2.12,-7.6,-31.98,1.14,-11.04,-247616.09,-3679.53,-1587.49,-0.09,5.52,18.12
Residential,-0.99,4.3,-4.65,20.99,1.93,-11.04,290303.65,3606.35,127.53,-0.19,14.49,6.9
Residential,-1.15,-1.15,-17.31,0.14,-0.02,-1.04,-62747.26,536.16,-3219.34,-0.14,22.62,4.42
Residential,-0.44,3.8,3.65,9.91,1.49,8.96,324493.71,-4095.93,946.38,0.02,12.35,8.1
Residential,0.66,2.49,3.8,3.59,-2.59,-11.04,109647.99,-964.72,-216.77,0.09,23.47,4.26
Residential,0.65,5.0,-3.06,26.11,1.0,8.96,-124301.08,4025.53,5945.31,-0.13,3.66,27.29
Residential,-0.25,3.1,2.88,-2.91,1.59,-1.04,227691.98,976.22,1464.34,-0.04,10.79,9.27
Residential,0.31,-3.66,-1.35,18.58,1.21,-1.04,-394836.42,1250.94,-4184.94,0.11,5.69,17.58
Residential,-1.09,-1.07,5.42,-29.44,-2.6,-11.04,-51466.56,-1122.41,-857.47,0.18,19.19,5.21
Residential,0.26,-1.59,-0.25,-0.58,-1.02,-1.04,44475.44,-749.29,-776.33,0.14,16.53,6.05
Residential,-0.55,-4.48,-3.87,28.02,1.59,8.96,-369543.85,-810.56,-4519.13,0.01,7.36,13.58
Residential,-0.68,-4.49,-16.03,-28.86,-1.27,-1.04,-364242.83,603.07,-4774.64,-0.17,24.57,4.07
Residential,-0.05,1.93,-7.96,-9.85,-0.66,-1.04,180344.87,2038.24,2201.58,-0.0,12.97,7.71
Residential,0.66,1.97,11.08,-28.4,-1.98,-1.04,-145552.27,-1407.2,-1223.37,-0.14,13.62,7.34
Residential,-1.24,-1.33,-16.12,-10.74,2.62,8.96,-122533.29,-2223.77,-3539.29,-0.09,12.97,7.71
Residential,-0.13,2.87,-3.57,13.25,-0.62,-1.04,77067.1,-3862.0,5494.19,-0.03,6.97,14.34
Residential,-1.16,-2.79,3.39,-17.71,-0.27,-1.04,-87919.09,-906.11,-4487.73,0.08,25.0,2.53
Residential,-0.14,2.69,-5.14,-12.35,0.11,8.96,497692.05,-1161.11,4109.49,0.02,13.04,7.67
Residential,-0.15,-0.71,7.5,2.57,1.45,-1.04,-18834.11,704.56,-2521.82,0.03,15.55,6.43
Residential,0.86,0.16,5.67,-21.83,0.26,-1.04,37120.27,-2489.04,2530.8,-0.17,7.75,12.91
Residential,0.94,0.33,3.07,-15.53,-0.69,-1.04,-29867.66,-1776.69,3044.4,-0.04,7.41,13.5
Residential,-0.67,4.55,2.93,23.93,1.23,-1.04,232123.96,2508.93,-1573.62,-0.09,20.45,4.89
Residential,0.05,-0.69,-6.83,10.46,-2.12,-11.04,156172.27,-887.64,-1541.93,-0.14,25.0,3.32
Residential,-0.51,3.15,-3.02,-34.46,-0.12,-11.04,211020.07,4284.31,-185.92,0.14,19.12,5.23
Residential,0.61,-1.47,0.05,-20.4,2.31,-11.04,-212979.01,-1910.93,-179.37,-0.15,4.43,22.59
Residential,0.9,3.91,4.05,-23.79,0.35,-1.04,81865.79,-3420.87,8216.35,-0.17,4.99,20.06
Residential,-0.64,0.32,-14.44,-24.27,-1.14,-1.04,148406.68,1135.69,-2391.09,-0.19,25.0,3.0
Residential,0.37,-4.13,9.04,3.33,-2.2,-11.04,-341218.54,-1064.66,-2855.94,0.03,9.12,10.96
Residential,0.93,-4.86,1.96,-11.99,2.22,8.96,-391561.28,95.43,-4852.15,-0.05,7.17,13.94
Residential,-0.14,-0.36,-2.84,3.27,-2.17,8.96,-135308.28,-1183.91,1826.29,-0.07,8.76,11.41
Residential,0.09,-1.85,5.3,34.38,-0.63,-1.04,-135214.34,-197.04,-1429.91,-0.11,11.7,8.55
Residential,0.91,-3.09,-6.51,34.27,2.42,-1.04,-232109.85,-2779.47,-2676.62,-0.17,6.75,14.82
Residential,1.19,-0.32,6.24,33.6,0.9,8.96,-29336.47,-231.75,-636.96,-0.04,10.21,9.79
Residential,-0.97,0.63,5.55,21.17,-1.54,8.96,193723.92,538.81,293.43,-0.08,20.2,4.95
Residential,0.65,2.71,1.28,-4.03,-1.14,8.96,-18890.36,3693.11,1969.11,-0.17,10.52,9.51
Residential,-1.24,4.2,1.75,2.51,-1.66,8.96,321474.48,-1335.07,702.21,-0.08,21.88,4.57
Residential,-0.34,-0.35,-0.73,18.72,2.42,-1.04,158380.26,-757.46,-251.67,0.05,11.11,9.0
Residential,0.01,-1.79,-10.57,-15.22,-1.89,8.96,-200693.91,3484.45,-3200.23,0.04,25.0,3.23
Residential,0.85,-4.49,-2.14,14.28,-2.73,-1.04,-356114.52,2886.09,-3971.85,-0.07,25.0,2.51
Residential,-0.0,-0.06,3.44,-4.13,2.23,-1.04,-56476.83,3980.13,-1797.39,0.19,11.51,8.69
Residential,-1.13,0.42,-0.32,1.13,-0.04,-1.04,13749.42,-1774.36,-2280.05,-0.04,17.89,5.59
Residential,0.93,4.36,7.03,-19.52,0.55,-1.04,320139.1,2253.84,10993.69,-0.15,6.1,16.4
Residential,1.0,3.56,0.16,2.59,1.48,8.96,549743.05,6045.55,7221.3,0.07,9.35,10.7
Residential,-0.16,-1.47,-4.88,-31.78,-2.71,-1.04,-181983.51,2840.19,-2767.62,0.17,25.0,2.94
Residential,-1.0,-0.41,-5.45,2.08,1.37,-1.04,-166888.22,-232.33,-3011.22,-0.07,11.9,8.4
Residential,0.68,0.54,-8.34,10.44,-1.19,-1.04,-150889.35,1309.86,1937.79,0.06,7.13,14.03
Residential,-1.13,0.55,-10.29,-10.65,2.13,-1.04,-220803.06,1259.76,-2880.98,-0.03,8.88,11.26
Residential,0.51,0.21,4.84,0.04,1.03,-1.04,-38214.78,-2564.25,5170.43,0.09,4.56,21.94
Residential,-0.24,-4.4,2.07,-18.59,-0.21,-1.04,-406519.44,-1072.12,-5307.2,-0.12,16.84,5.94
Residential,0.65,-3.95,-8.11,17.98,1.82,8.96,-344960.94,-684.32,-3218.1,-0.13,4.81,20.81
Residential,0.28,-4.42,6.53,-4.9,0.45,-1.04,-394748.55,-2889.31,-5066.63,-0.06,8.67,11.54
Residential,0.25,-3.75,1.05,12.33,-1.23,-11.04,-329861.65,-3747.76,-4516.03,0.15,13.5,7.41
Residential,-0.88,-4.74,3.6,-27.66,2.25,-11.04,-350199.06,-769.96,-5207.63,-0.0,14.45,6.92
Residential,-0.6,1.59,-15.8,29.78,-0.33,-1.04,96189.61,1557.75,46.77,0.13,14.66,6.82
Residential,-0.43,4.35,6.53,31.53,1.68,8.96,248202.78,561.01,1918.57,0.17,10.28,9.73
Residential,-0.65,0.65,-11.37,-12.87,-1.15,-11.04,43063.63,-1913.24,-1605.52,0.11,19.42,5.15
Residential,-0.06,2.51,6.09,33.24,0.11,-1.04,111515.41,1240.51,-533.72,-0.12,15.46,6.47
Residential,1.12,-0.68,13.89,9.84,1.47,-1.04,-88494.05,179.55,3894.87,-0.1,4.43,22.57
Residential,-0.1,4.11,0.68,-34.04,1.83,8.96,647994.92,-2997.59,5271.45,0.04,10.63,9.41
Residential,-0.94,-4.06,-4.85,35.14,0.35,8.96,-401255.89,-2688.35,-4631.75,-0.19,5.68,17.62
Residential,-1.11,2.2,-6.34,27.16,0.81,-1.04,216843.0,2367.98,-1846.63,-0.08,22.83,4.38
Residential,-0.31,3.03,1.46,-7.14,-1.86,-11.04,223882.09,-767.17,6765.02,0.05,10.35,9.66
Residential,0.85,4.5,11.12,21.54,2.39,8.96,104087.73,99.08,4108.07,-0.16,5.87,17.03
Residential,0.14,1.19,10.5,20.9,2.7,-11.04,-76913.66,661.18,-2210.08,-0.17,10.5,9.52
Residential,-1.14,3.26,-11.28,22.76,1.76,-1.04,259189.52,2068.04,2224.26,0.2,10.15,9.85
Residential,1.13,-1.17,4.93,26.83,-1.12,-11.04,-6788.65,640.56,836.04,-0.14,11.83,8.45
Residential,0.85,-3.29,0.37,24.05,-1.82,-11.04,-242687.54,-983.19,-3152.85,0.19,16.56,6.04
Residential,-0.5,-3.12,-7.83,17.64,2.24,-11.04,-332723.15,-355.92,-4550.58,-0.03,9.67,10.34
Residential,-0.41,-1.31,-9.37,16.74,0.23,-1.04,-205153.57,-3114.42,-518.11,-0.03,6.15,16.26
Residential,-0.76,-1.06,-12.15,30.55,-2.14,-11.04,51037.41,1170.95,-1753.13,0.11,25.0,3.37
Residential,-1.21,2.94,-15.77,-17.6,-1.99,8.96,286166.04,-1419.97,-493.84,-0.09,25.0,3.64
Residential,-1.22,-1.73,4.09,15.75,1.99,-11.04,-152052.43,-2259.27,-4148.24,0.15,16.58,6.03
Residential,-0.48,-4.33,-6.94,18.19,-0.83,8.96,-368389.46,-3434.57,-4440.63,0.18,8.82,11.34
Residential,0.82,-3.36,13.75,12.5,2.35,-11.04,-289079.06,-708.65,-4392.64,0.12,11.12,8.99
Residential,0.84,0.16,16.63,20.87,-0.61,-1.04,-219906.88,-3350.96,-1975.94,-0.2,8.83,11.32
Residential,0.94,-4.89,9.07,4.92,-2.39,-1.04,-408928.75,-1841.8,-5724.4,-0.11,25.0,0.0
Residential,1.11,-2.83,8.02,-5.36,0.46,-11.04,-249223.82,-4095.93,-4501.39,-0.16,15.27,6.55
Residential,0.65,-1.37,8.86,-32.06,-0.15,8.96,-306576.6,3643.51,-2779.17,-0.16,9.21,10.86
Residential,-0.11,4.12,-12.85,33.75,1.21,-11.04,144292.32,-998.7,-75.44,-0.14,12.17,8.22
Residential,0.83,0.81,14.9,-17.95,-0.78,-1.04,397577.47,-480.69,3609.05,0.14,14.29,7.0
Residential,1.1,-0.99,11.94,34.1,0.46,-1.04,-200925.9,-3488.51,-2159.63,-0.18,8.39,11.92
Residential,0.09,4.01,9.09,4.4,1.24,8.96,479728.3,1362.79,6879.2,-0.05,8.83,11.32
Residential,1.0,-3.47,-5.02,20.01,-1.44,-1.04,-216800.33,2598.61,-1189.51,0.05,11.01,9.08
Residential,0.26,-2.34,7.89,-17.16,0.37,-1.04,-158870.23,-3120.75,-1055.79,0.14,7.83,12.77
Residential,0.73,-2.78,16.11,0.3,-1.03,-11.04,-168126.97,-708.96,-628.18,-0.18,9.41,10.63
Residential,-1.03,3.77,-7.69,-22.17,1.85,-11.04,91611.42,-1355.8,4567.25,-0.02,5.75,17.38
Residential,-1.19,-0.61,-17.36,20.42,-2.37,8.96,6138.83,2159.43,-429.74,-0.06,21.69,4.61
Residential,-0.37,4.36,-7.51,-28.98,2.41,-11.04,726953.11,2600.11,6657.18,-0.09,9.98,10.02
Residential,0.98,3.18,-2.31,-31.33,-1.36,-1.04,375867.85,2500.57,5893.71,-0.14,12.95,7.72
Residential,0.41,0.36,-5.16,12.47,2.73,8.96,180773.39,917.73,2128.94,-0.16,8.06,12.41
Residential,0.61,4.74,-5.14,-4.73,0.84,-1.04,83090.64,4285.52,1117.58,0.04,10.54,9.49
Residential,-0.33,3.05,-5.58,16.95,-2.02,-1.04,188644.18,-2802.67,4385.52,-0.17,12.11,8.26
Residential,0.57,4.04,-8.52,-29.53,2.24,8.96,633704.73,-3629.59,9633.1,-0.01,7.25,13.8
Residential,-0.61,-2.8,-0.58,16.72,0.45,-1.04,-217300.63,3582.08,-4359.6,-0.17,25.0,3.07
Residential,0.38,4.64,-8.82,-12.02,1.44,-1.04,89929.93,2606.6,5266.24,0.19,5.89,16.99
Residential,-0.47,0.26,1.0,-18.0,-0.7,-1.04,217082.62,567.77,696.94,0.12,16.61,6.02
Residential,-1.16,2.22,-15.1,-24.41,2.07,-1.04,255513.52,753.11,-2417.31,-0.1,22.32,4.48
Residential,1.02,-1.36,6.66,-2.13,2.0,-11.04,-250190.55,-3338.58,-2377.5,0.12,5.95,16.82
Residential,-0.45,-1.0,-6.28,-29.91,-0.13,-1.04,-58938.03,1048.27,-1229.58,-0.05,13.09,7.64
Residential,-1.15,-2.31,-6.3,0.83,-1.52,8.96,-295116.02,868.65,-2682.25,-0.06,11.12,8.99
Residential,0.37,-0.68,-6.96,-0.72,1.08,-1.04,136693.99,915.37,-501.79,0.17,13.74,7.28
Residential,1.08,3.76,3.12,29.61,1.8,8.96,233915.82,4370.41,6095.11,-0.09,6.7,14.93
Residential,-0.55,2.33,-2.81,24.13,2.31,8.96,-1571.9,-4550.14,-970.89,0.07,8.87,11.28
Residential,0.78,2.85,15.63,2.76,0.93,8.96,342740.8,900.04,9706.58,-0.06,6.39,15.64
Residential,0.9,-2.81,10.87,-0.22,-0.67,-11.04,-347927.62,-3428.75,-3635.27,0.05,7.08,14.13
Residential,-0.09,-1.32,-1.66,17.02,0.59,-11.04,-213632.34,-1428.95,-2225.95,-0.13,8.53,11.73
Residential,-0.12,4.83,-10.2,-30.07,-0.14,-1.04,381460.37,-2352.04,4472.42,0.16,11.3,8.85
Residential,-1.22,3.5,-17.05,-14.39,-0.5,-1.04,587287.15,2396.15,897.59,-0.11,25.0,4.0
Residential,-1.12,-2.97,2.04,32.73,0.89,-1.04,-133717.16,2964.08,-2938.62,0.16,15.97,6.26
Residential,0.89,1.74,8.2,23.79,0.55,-1.04,-45985.93,-2941.47,1778.44,-0.1,6.76,14.8
Residential,0.84,0.89,3.26,-10.54,-2.48,-1.04,334090.8,3121.43,6609.53,0.03,14.9,6.71
Residential,-0.88,3.89,2.46,-7.4,-2.32,8.96,184362.5,893.8,3941.91,0.15,14.49,6.9
Residential,0.8,4.09,14.16,32.22,1.37,8.96,213559.6,743.97,1066.85,0.2,11.45,8.73
Residential,-0.2,1.33,-4.48,28.52,-2.08,-1.04,148833.03,-1740.1,-646.54,-0.08,23.36,4.28
Residential,-0.13,-2.6,4.31,-9.92,2.24,-1.04,-227799.31,196.15,-3482.86,-0.11,10.19,9.81
Residential,-0.61,-2.03,-14.52,-23.2,2.69,-1.04,-170820.99,-1880.08,-4459.54,-0.08,17.15,5.83
Residential,-1.16,-2.05,4.96,11.77,-1.7,8.96,-141334.68,1534.77,-4066.3,-0.12,25.0,1.96
Residential,-0.14,4.79,-12.76,-13.84,-2.35,8.96,-121497.5,662.03,2015.66,0.13,9.76,10.25
Residential,-0.46,-3.92,-12.73,-1.61,2.06,8.96,-266027.07,1298.18,-4063.19,-0.19,12.25,8.16
Residential,0.08,3.24,-10.43,19.92,0.12,-1.04,231600.94,3508.46,5712.3,0.02,8.6,11.63
Residential,0.41,1.16,14.41,-8.63,0.78,-11.04,-41522.38,-2273.2,-1577.24,0.01,11.61,8.61
Residential,-0.72,-3.36,-14.83,29.43,-0.77,8.96,-274499.7,697.07,-4927.85,0.02,25.0,2.1
Residential,-0.15,1.96,1.58,22.01,2.53,-11.04,-84590.38,-2507.75,-1841.12,0.14,8.86,11.29
Residential,0.5,-1.99,3.47,-31.55,-0.11,-1.04,-114279.52,1166.69,-583.54,-0.05,9.86,10.14
Residential,-0.11,-4.47,10.43,14.43,0.95,8.96,-430965.61,-3504.89,-5718.8,0.14,9.63,10.38
Residential,0.88,-1.55,-2.79,-21.93,-0.51,8.96,-93352.41,280.3,650.44,0.14,8.78,11.39
Residential,-1.06,-2.05,4.52,-22.04,1.67,-1.04,-231191.73,-3158.43,-2187.13,-0.15,6.45,15.51
Residential,0.76,-4.81,13.56,1.75,-1.81,8.96,-319856.69,-4691.12,-4805.03,0.19,17.76,5.63
Residential,0.17,-3.67,-0.05,-30.4,-1.76,8.96,-293335.6,-1972.2,-3828.75,-0.08,15.75,6.35
Residential,1.15,-4.25,8.14,-21.47,0.43,-1.04,-340183.6,-1871.72,-4261.63,-0.09,9.19,10.88
Residential,-0.58,2.35,4.78,-7.75,-0.7,-1.04,138295.03,-2403.59,-19.36,0.12,15.34,6.52
Residential,0.95,2.76,-5.77,27.18,-2.01,-1.04,38881.72,1108.72,3233.87,0.05,11.42,8.76
Residential,-0.74,-2.85,-15.91,21.09,0.28,8.96,-278874.62,1458.41,-2941.04,-0.14,9.38,10.66
Residential,0.78,3.56,-1.05,28.82,0.44,8.96,180714.62,4629.98,2449.71,0.05,10.98,9.11
Residential,-1.14,-1.52,-7.78,5.27,-0.89,8.96,96706.45,194.39,-2654.26,-0.15,25.0,3.34
Residential,-0.4,4.5,0.99,7.87,-0.19,8.96,428276.47,3290.95,148.24,-0.14,23.36,4.28
Residential,-0.53,1.5,0.69,0.02,-0.15,8.96,130928.73,429.01,2873.38,0.08,9.83,10.17
Residential,-0.21,-1.6,4.38,9.92,-1.33,-1.04,-136018.72,-2280.49,-1911.29,0.19,13.83,7.23
Residential,-0.06,2.44,11.59,2.36,-0.27,-11.04,642080.26,708.47,1871.2,-0.02,21.14,4.73
Residential,-0.07,2.18,7.76,-34.0,0.47,-1.04,230405.81,3126.23,5111.82,0.01,8.58,11.66
Residential,0.49,1.69,7.54,-27.56,-2.21,-11.04,-38993.58,-2055.73,295.81,0.07,13.95,7.17
Residential,-1.12,-1.42,-11.51,-22.28,-1.47,8.96,-9411.76,-202.02,-3875.19,0.09,25.0,2.15
Residential,0.64,0.06,12.31,-13.77,1.34,8.96,-103243.98,-3040.22,-1063.33,0.03,8.15,12.27
Residential,1.14,3.27,2.86,6.21,0.42,-11.04,660833.19,3295.04,7988.64,0.17,10.98,9.11
Residential,-0.42,-0.91,7.73,9.4,-0.05,-1.04,-108816.62,3644.66,-2125.78,-0.19,15.9,6.29
Residential,-0.6,4.49,-12.78,-12.78,-2.28,-1.04,746983.22,1161.19,6445.31,0.12,21.1,4.74
Residential,-0.21,-2.71,-10.43,22.5,-2.07,-1.04,-354493.35,2343.83,-3590.62,-0.03,15.9,6.29
Residential,-1.16,1.46,4.11,-8.23,1.8,8.96,65225.83,2619.39,2135.07,-0.11,7.55,13.25
Residential,0.85,1.66,14.29,-27.88,0.21,-1.04,-167873.31,-1479.02,-633.42,0.02,7.49,13.36
Residential,0.71,3.54,14.9,-26.46,0.43,8.96,368459.1,2912.82,7984.83,-0.16,8.1,12.35
Residential,0.67,-1.13,0.88,33.61,-2.21,-1.04,-327766.79,-1878.61,-1954.6,0.19,7.29,13.72
Residential,-0.84,-2.49,7.08,-20.11,1.21,-11.04,-242864.41,1704.7,-4903.74,-0.02,25.0,2.98
Residential,-0.45,-2.51,-1.61,16.62,1.43,8.96,-107831.81,2501.31,-2139.54,-0.17,11.86,8.43
Residential,0.43,-1.31,-7.95,-22.78,-2.09,-11.04,-49637.54,448.56,1253.3,0.06,12.3,8.13
Residential,-0.5,-2.47,7.49,-28.38,-1.57,8.96,-109691.36,-1379.59,-3367.94,0.04,25.0,3.81
Residential,0.38,-3.73,-3.1,-12.08,2.53,-1.04,-308901.85,2315.01,-3982.1,0.01,9.09,11.0
Residential,-0.41,4.01,2.73,-8.49,-1.91,-1.04,193084.21,-2519.26,4643.5,0.09,11.68,8.56
Residential,1.12,-2.2,-5.36,1.52,-0.2,-1.04,-117496.79,1858.34,-1217.34,-0.19,11.63,8.6
Residential,1.02,-0.37,-1.94,9.78,0.1,-1.04,-170496.45,1804.12,-677.15,0.09,8.31,12.04
Residential,0.7,4.04,3.99,-23.91,-1.03,-1.04,759216.47,1686.89,7154.4,0.13,15.75,6.35
Residential,-0.76,-3.82,-8.61,13.3,-1.0,-1.04,-268929.9,1242.97,-4256.27,-0.08,25.0,3.69
Residential,-0.84,3.71,2.02,-1.42,-1.08,-11.04,740898.01,3091.22,2881.52,0.2,24.45,4.09
Residential,-0.69,3.8,-10.57,28.01,-1.85,-1.04,285732.65,-235.99,6693.86,-0.18,11.42,8.76
Residential,-0.34,-4.44,6.45,24.66,0.85,8.96,-408015.85,1969.8,-5541.75,-0.13,25.0,1.04
Residential,-0.43,-4.78,0.14,-26.25,2.11,8.96,-453971.42,-2668.97,-5445.19,0.14,4.83,20.72
Residential,0.21,2.03,3.01,-5.02,-2.12,-1.04,181252.74,404.55,5529.63,-0.16,11.63,8.6
Residential,0.86,0.27,7.77,26.61,-0.84,-1.04,-115869.67,1321.66,2327.99,0.01,7.04,14.2
Residential,0.72,0.19,-5.29,25.04,1.93,-11.04,199646.41,-1131.15,4535.31,0.16,6.84,14.62
Residential,-0.0,-2.55,3.39,30.34,-0.44,-1.04,-151027.93,-2088.13,-3376.93,-0.04,17.57,5.69
Residential,1.04,4.38,12.13,-19.07,-0.57,-11.04,783092.23,1768.59,14065.55,-0.07,9.59,10.43
Residential,0.89,2.41,15.99,29.74,1.01,8.96,310335.63,-1987.53,2637.84,0.18,10.74,9.31
Residential,-1.23,-2.55,0.42,30.08,-0.7,-1.04,-234738.19,2480.47,-4237.44,-0.04,25.0,2.98
Residential,-0.48,-3.77,6.18,10.31,-0.23,-11.04,-414623.37,-795.34,-4594.47,-0.14,8.88,11.26
Residential,-0.27,-3.14,6.17,-30.96,2.02,-11.04,-205007.45,254.21,-3481.18,0.04,11.52,8.68
Residential,0.07,0.46,4.3,-0.57,0.03,-1.04,-12806.87,-1444.97,649.3,0.05,9.43,10.61
Residential,-0.91,1.64,-9.08,28.27,-1.97,-1.04,197367.14,-4088.95,933.05,0.11,17.61,5.68
Residential,-1.21,-2.79,-4.65,17.1,0.43,-1.04,-243152.75,-2580.59,-3472.9,-0.18,10.88,9.19
Residential,0.97,-4.56,-3.04,10.12,2.09,8.96,-377678.4,-2889.35,-5573.57,-0.2,13.64,7.33
Residential,-0.84,4.41,1.74,-6.45,-2.16,-11.04,457759.74,-125.38,7210.39,-0.12,14.37,6.96
Residential,0.61,-2.75,4.97,30.7,-2.33,-11.04,-106828.08,-3076.41,-1967.55,0.11,18.28,5.47
Residential,0.39,-1.07,13.41,-2.88,-1.54,-1.04,-110110.7,-2178.31,-2491.15,0.02,18.28,5.47
Residential,-1.11,-0.43,-10.94,-13.66,-1.49,-1.04,-769.62,339.32,-403.26,-0.01,15.95,6.27
Residential,-0.66,-3.34,-10.56,16.24,0.76,-11.04,-152960.0,-2741.31,-2221.79,0.13,9.87,10.13
Residential,0.24,-2.15,2.37,18.56,-1.85,-1.04,-291153.12,-2627.76,-4586.75,0.17,23.98,4.17
Residential,0.78,4.41,-2.36,-23.45,2.58,-1.04,349318.91,-657.97,6546.23,0.1,6.58,15.2
Residential,0.94,-3.62,9.37,2.85,-2.66,-1.04,-265774.02,-2642.24,-3941.2,-0.13,23.31,4.29
Residential,0.7,4.69,12.41,5.65,1.52,-1.04,285328.59,756.16,14867.89,0.02,4.14,24.15
Residential,0.97,-3.95,0.59,-25.05,0.31,8.96,-351603.01,-4531.84,-4378.95,0.16,7.56,13.23
Residential,-0.35,1.83,-6.34,-34.21,-0.66,-11.04,100584.71,2507.71,1609.74,0.09,12.45,8.03
Residential,0.71,0.65,13.83,-24.46,-0.73,-1.04,140075.89,-3162.62,8305.61,-0.0,6.44,15.54
Residential,-0.08,2.51,1.66,-15.06,-2.73,-1.04,311745.7,-1400.26,3536.08,0.18,18.98,5.27
Residential,0.41,2.01,9.0,-3.96,2.2,-1.04,-49268.58,2693.77,5538.24,0.13,3.94,25.41
Residential,0.28,-3.4,0.28,-25.67,2.25,8.96,-229725.39,-2779.32,-2723.43,0.05,7.04,14.2
Residential,0.03,-1.29,12.19,29.8,0.73,-1.04,-29987.01,-101.48,459.37,-0.16,8.66,11.55
Residential,-0.46,4.02,5.23,12.53,2.33,-1.04,61621.77,1352.29,7401.27,0.02,4.16,24.01
Residential,0.01,-4.67,-3.1,-9.25,1.4,8.96,-389359.56,-1436.72,-5279.83,-0.0,11.29,8.86
Residential,0.4,-3.78,11.87,-22.75,1.86,8.96,-327178.41,2086.03,-4910.98,0.06,18.98,5.27
Residential,-0.32,2.29,0.74,-27.11,-0.86,-1.04,229207.26,5071.44,118.27,0.16,21.88,4.57
Residential,0.89,-4.72,2.35,-22.93,2.09,-1.04,-396423.34,-1388.11,-4943.23,0.16,6.79,14.72
Residential,0.06,-4.52,-9.95,-10.65,-1.64,-1.04,-396352.77,1011.46,-5173.31,-0.01,25.0,1.14
Residential,-0.86,-3.25,-4.85,-8.88,1.41,-1.04,-256915.39,1547.33,-5288.27,-0.02,25.0,1.84
Residential,-0.67,0.49,-12.31,-27.53,-2.74,-1.04,-75634.82,-1048.57,-3213.87,-0.16,25.0,2.59
Residential,-0.55,0.12,-2.08,9.94,-0.45,-11.04,11547.95,1399.01,1814.34,0.12,9.62,10.4
Residential,0.07,1.61,-9.52,-20.76,0.08,8.96,319099.98,1689.77,264.86,0.16,18.45,5.42
Residential,0.23,-4.23,-10.04,-1.37,1.33,8.96,-320414.67,2635.1,-3950.75,-0.06,10.37,9.64
Residential,-1.24,4.62,-8.19,-14.2,1.45,-1.04,866733.02,-671.17,5473.25,0.08,13.35,7.49
Residential,-0.83,4.83,-9.53,-2.99,2.7,-11.04,450525.93,1047.69,471.0,0.16,14.45,6.92
Residential,-0.93,3.39,-13.29,34.87,1.72,8.96,75030.35,-1030.48,-1324.74,0.03,12.77,7.83
Residential,-0.96,-4.48,4.6,-6.64,-0.11,8.96,-375113.79,-1745.23,-5841.7,0.07,25.0,1.2
Residential,-0.42,2.87,-14.84,24.99,-0.05,8.96,369795.97,-3316.31,2209.25,-0.07,13.77,7.26
Residential,-1.19,2.03,1.58,8.77,0.56,-1.04,77993.04,-4074.05,-3560.26,-0.12,25.0,4.0
Residential,0.57,2.31,-9.09,6.97,-2.14,-11.04,441993.49,3046.78,3591.09,0.16,21.19,4.72
Residential,-0.28,0.2,-0.03,-17.42,-0.31,-1.04,-4978.24,-2768.63,-2496.55,0.18,18.35,5.45
Residential,-0.11,4.84,-7.25,17.77,0.02,-1.04,423270.89,1726.31,8069.17,0.02,8.99,11.12
Residential,-0.71,-2.25,-0.88,-3.09,-0.76,-11.04,-47528.23,76.49,-1562.21,-0.13,15.8,6.33
Residential,-0.39,4.94,-7.76,0.61,1.43,8.96,720473.37,-1138.23,6747.04,0.07,10.68,9.36
Residential,-0.08,2.03,10.04,-15.28,-1.39,-1.04,289687.97,1166.43,2849.37,0.19,15.72,6.36
Residential,-0.48,-4.31,-8.47,31.98,1.54,-11.04,-383499.13,-2682.28,-5244.75,0.11,11.22,8.91
Residential,-0.98,3.86,-12.68,-23.49,1.92,-11.04,180349.08,-705.71,-2075.47,0.15,17.83,5.61
Residential,0.99,-1.68,4.71,-9.19,0.71,-1.04,-80356.53,2315.69,-651.19,0.19,9.9,10.1
Residential,0.97,0.83,11.07,-24.54,0.04,-1.04,-115050.34,3760.45,-1739.7,0.07,13.72,7.29
Residential,-0.86,4.22,-15.45,-6.11,2.62,8.96,377862.23,869.06,394.43,-0.16,13.55,7.38
Residential,-0.9,0.87,2.12,15.73,0.09,-1.04,263933.25,866.68,-636.08,-0.0,19.8,5.05
Residential,-0.14,3.44,11.03,7.75,2.66,-1.04,721339.05,117.37,9218.43,0.01,7.87,12.7
Residential,0.94,-4.05,16.52,31.08,0.79,-1.04,-351077.44,-1312.6,-5264.7,-0.16,19.19,5.21
Residential,-0.26,0.92,4.61,-12.4,1.35,-1.04,-49945.07,405.07,3219.2,-0.17,5.34,18.73
Residential,0.33,0.02,-4.04,24.99,-1.08,-1.04,12429.84,4225.74,-3179.54,-0.02,25.0,2.25
Residential,-0.47,0.7,1.19,30.45,1.13,8.96,145802.43,815.51,163.42,-0.11,12.27,8.15
Residential,0.03,2.05,1.14,13.9,1.0,-1.04,-42045.1,2361.36,5141.0,-0.05,4.8,20.84
Residential,1.15,4.83,5.49,18.26,-1.52,-11.04,462492.68,6062.78,9636.93,-0.04,11.48,8.71
Residential,-0.16,1.48,-6.53,-24.49,-0.21,8.96,262933.89,-865.81,1992.99,-0.04,13.19,7.58
Residential,0.24,-1.37,0.95,20.86,0.81,-1.04,-222223.88,2028.16,-1920.46,-0.09,8.24,12.13
Residential,0.82,-1.44,7.88,32.06,2.46,-1.04,-133988.51,-2544.42,3872.51,-0.14,3.39,29.53
Residential,0.3,-3.68,4.56,-14.26,0.62,-1.04,-210768.62,-2641.48,-2629.53,0.11,9.19,10.88
Residential,-0.59,-4.05,-4.24,-27.32,-2.11,-1.04,-253554.48,1577.35,-4167.94,0.02,25.0,2.23
Residential,0.17,2.83,12.98,-8.38,-1.53,-11.04,453843.62,2530.0,5883.15,-0.12,14.66,6.82
Residential,-0.28,-2.08,-5.19,-23.25,-1.17,-1.04,-96504.62,-2661.52,-852.27,0.16,11.75,8.51
Residential,-0.18,-4.7,-12.57,32.56,-1.14,8.96,-382488.99,-4430.78,-5284.8,-0.18,13.35,7.49
Residential,-0.69,4.31,-6.35,-25.08,2.23,8.96,808923.65,4470.96,5116.0,-0.07,12.66,7.9
Residential,0.92,4.9,0.57,3.3,-2.47,-1.04,245680.02,328.18,2716.64,-0.07,18.73,5.34
Residential,-0.91,-4.31,-5.35,-8.61,1.95,-11.04,-304568.05,-298.16,-4714.91,0.03,13.87,7.21
Residential,-0.02,3.54,0.78,13.31,-2.32,-1.04,623706.87,-1217.22,7058.24,-0.17,17.45,5.73
Residential,-0.14,-0.87,3.19,-32.51,1.64,8.96,-100968.09,-1686.34,1904.19,0.03,5.13,19.5
Residential,-0.28,-4.24,0.62,32.56,-0.72,-1.04,-375411.82,163.82,-5384.82,0.11,25.0,1.84
Residential,0.8,-3.05,5.23,0.22,-1.13,-1.04,-404169.27,-2670.4,-4089.73,-0.17,5.91,16.91
Residential,-0.42,-2.33,7.71,-20.73,1.98,-1.04,-107871.87,370.44,-2756.59,-0.14,12.3,8.13
Residential,1.11,-0.02,9.44,-25.8,-0.41,8.96,-27672.61,2199.92,-1396.87,0.12,16.08,6.22
Residential,-0.94,-0.51,-9.31,12.96,0.31,-1.04,-223024.16,-224.33,-3464.35,0.03,13.62,7.34
Residential,-1.19,-3.11,-7.79,3.26,2.45,-1.04,-219986.04,-187.37,-4666.39,0.15,18.94,5.28
Residential,-0.98,-4.55,-16.37,35.13,-1.51,-1.04,-405307.67,-3470.71,-5423.95,0.08,17.12,5.84
Residential,0.57,0.29,-8.05,-22.86,-0.01,-1.04,-192387.24,4381.43,-446.84,-0.09,8.05,12.43
Residential,-0.53,-1.7,-6.7,-31.17,-1.5,8.96,-175882.35,-3053.54,-3910.45,0.06,23.53,4.25
Residential,1.0,3.04,-0.32,32.63,-1.57,8.96,201734.59,2598.32,1037.29,-0.2,19.27,5.19
Residential,0.67,0.93,-2.55,-31.37,-1.67,-1.04,-81115.26,2011.94,3878.14,-0.18,7.66,13.05
Residential,0.09,-0.62,1.03,-19.67,-1.93,-1.04,-147716.47,1423.64,-2740.22,0.01,24.63,4.06
Residential,-0.63,3.05,-9.27,-17.67,1.23,-1.04,691689.73,2439.5,6513.2,-0.17,11.26,8.88
Residential,-1.07,-3.8,1.54,14.92,-0.62,8.96,-359667.99,-3525.66,-5761.49,-0.08,25.0,2.79
Residential,-0.67,-0.52,-12.93,-23.24,0.37,-11.04,67874.43,-42.97,-659.3,0.01,13.61,7.35
Residential,-0.26,3.53,6.12,-16.81,0.98,-1.04,742184.18,2678.94,7072.88,0.06,11.63,8.6
Residential,-1.19,2.19,-0.68,-33.86,2.67,-1.04,248972.99,-1429.7,1462.71,0.15,9.47,10.56
Residential,-0.35,-2.13,-9.95,-28.91,-1.96,-1.04,-277787.56,-1382.73,-2134.19,-0.04,10.04,9.96
Residential,-0.2,-2.11,-13.74,19.85,-2.67,8.96,-110254.77,-3121.21,-1207.28,-0.18,16.5,6.06
Residential,-0.97,-4.65,1.76,-14.62,-1.57,-11.04,-403074.1,-2949.4,-5738.12,0.05,25.0,2.0
Residential,-0.78,-1.97,1.56,-25.24,-0.04,-1.04,-134282.46,-2697.75,-3041.91,-0.12,14.9,6.71
Residential,0.79,-4.36,0.52,-34.59,0.53,-1.04,-349002.0,804.43,-5045.17,-0.13,22.37,4.47
Residential,0.48,2.16,-4.92,-34.16,-0.36,8.96,259528.56,-3849.66,3705.44,-0.19,10.55,9.48
Residential,-0.32,2.98,-10.43,11.54,0.78,-1.04,834250.32,2288.33,4613.9,0.1,15.9,6.29
Residential,-1.21,4.22,-19.62,-30.49,-2.07,-1.04,615719.74,-3673.57,2851.7,-0.12,23.26,4.3
Residential,0.93,-0.54,11.15,-30.33,1.15,-1.04,-208990.98,-1547.83,-3524.95,-0.07,12.05,8.3
Residential,-0.62,-4.36,1.03,-18.71,-0.65,8.96,-386741.03,-4674.79,-5500.51,0.07,13.77,7.26
Residential,0.87,-4.08,-7.29,21.59,-1.66,-1.04,-315145.1,-141.95,-4633.85,-0.0,25.0,3.28
Residential,-0.17,-2.21,11.27,-0.67,-2.38,-1.04,-76507.14,-967.82,-1478.8,-0.14,19.76,5.06
Residential,-0.0,-1.94,-10.13,-11.84,0.89,-1.04,-27907.52,1581.67,883.65,-0.1,8.22,12.16
Residential,1.12,3.99,6.45,-33.81,2.71,8.96,275846.95,1466.08,4561.97,0.08,7.15,13.99
Residential,-0.0,-3.3,4.92,0.01,-0.21,-1.04,-211573.09,1015.95,-4441.58,-0.14,25.0,3.18
Residential,-0.83,-0.21,-1.9,-13.19,1.29,8.96,137405.27,-2258.45,-2336.3,-0.06,18.48,5.41
Residential,0.69,2.95,-3.58,27.6,-1.09,-11.04,688175.17,-619.73,4174.06,0.17,18.94,5.28
Residential,0.65,3.18,5.63,25.77,-1.38,8.96,439271.59,3422.15,4521.58,-0.07,16.23,6.16
Residential,0.26,0.6,-4.66,13.05,1.05,-1.04,-88530.96,-1401.61,-778.78,0.03,8.65,11.56
Residential,-0.31,4.76,-10.29,12.12,2.36,-1.04,830470.36,-4122.7,10400.15,0.12,8.03,12.46
Residential,-0.34,-1.23,-11.3,-22.12,0.32,-11.04,-262353.25,1290.46,-1833.38,-0.02,7.11,14.06
Residential,-1.06,2.38,-9.1,30.41,-1.13,-11.04,26144.53,2504.19,292.84,-0.0,14.68,6.81
Residential,1.16,3.94,14.82,-11.47,-1.24,-11.04,20278.23,-1205.21,3851.04,0.01,8.41,11.89
Residential,0.89,-2.61,-3.84,-3.98,-2.74,-1.04,-84013.5,-1803.12,-774.84,0.16,17.48,5.72
Residential,0.96,2.74,18.11,8.13,0.85,8.96,-8789.46,-625.7,1680.85,0.04,7.42,13.47
Residential,0.35,-2.0,-8.76,18.56,-1.28,8.96,-104593.19,-2846.95,-540.82,0.09,11.01,9.08
Residential,-1.2,4.8,0.14,-2.79,-1.09,8.96,407389.31,3762.51,4312.89,0.11,15.22,6.57
Residential,0.41,4.02,7.43,-21.8,-0.97,8.96,168957.25,4538.81,5091.91,0.14,10.12,9.88
Residential,0.4,-2.13,0.75,26.92,-2.21,-1.04,-196789.01,-2106.06,-2883.11,0.19,18.42,5.43
Residential,-0.43,0.06,9.13,31.36,0.15,-1.04,9382.55,-1141.7,1948.92,-0.03,8.16,12.26
Residential,0.54,-1.57,6.92,-28.71,1.52,-1.04,-136804.03,-3205.74,155.6,0.19,5.84,17.11
Residential,-0.76,4.6,1.42,-21.2,-2.6,-1.04,195579.87,4323.97,445.32,-0.01,25.0,3.36
Residential,1.09,2.41,13.35,12.23,-1.74,-1.04,233561.95,-1304.67,9560.98,-0.13,8.31,12.04
Residential,-0.09,-1.71,5.96,5.71,0.42,8.96,-213480.88,-1494.51,-3208.84,0.18,11.79,8.48
Residential,-1.04,4.09,-8.48,2.91,-0.86,-1.04,292302.64,1102.66,7796.2,0.08,8.94,11.18
Residential,-0.54,-1.75,-8.81,-28.65,-2.74,-1.04,-150143.21,1259.48,-3131.7,-0.17,25.0,2.58
Residential,-1.03,-1.24,2.16,7.36,2.73,-1.04,-76146.89,3025.63,-1886.21,-0.19,10.25,9.76
Residential,0.27,-1.47,-4.54,6.23,-1.9,-1.04,-199576.97,2171.83,-625.13,-0.04,11.3,8.85
Residential,-0.83,-2.3,1.0,-20.16,-2.71,-11.04,-62786.69,-2200.35,-1233.09,-0.17,19.84,5.04
Residential,0.36,0.63,13.53,-20.07,-1.11,-1.04,82158.25,1144.42,2954.69,-0.05,10.67,9.37
Residential,1.23,4.55,19.06,11.84,-1.91,8.96,661035.23,4219.06,11489.16,-0.11,13.05,7.66
Residential,0.45,2.13,3.36,4.33,0.26,8.96,329211.98,2458.45,4295.26,0.09,10.85,9.22
Residential,-0.31,-1.52,0.33,-19.72,-1.79,-1.04,-145616.39,-839.57,-3708.71,0.15,25.0,3.26
Residential,0.65,0.23,0.48,13.49,-1.73,-1.04,84683.24,2624.76,3981.09,0.16,11.1,9.01
Residential,-0.57,-4.63,2.29,-31.94,1.89,8.96,-442098.51,2425.32,-5866.13,-0.1,25.0,0.0
Residential,0.68,2.69,6.47,11.7,1.98,8.96,14966.62,-6.33,975.11,-0.1,7.52,13.29
Residential,0.55,-0.85,-8.45,-5.55,0.15,8.96,-5634.43,618.19,164.53,-0.09,10.63,9.41
Residential,0.07,3.47,-0.1,13.33,-1.93,8.96,360245.19,727.53,4355.51,0.06,16.08,6.22
Residential,-0.91,1.93,-16.01,1.02,-0.98,-1.04,287640.79,514.74,564.6,0.01,19.69,5.08
Residential,0.05,4.85,-3.34,7.77,1.06,-1.04,-5493.77,1409.38,1134.31,0.02,8.11,12.33
Residential,-1.25,-2.64,-2.15,28.32,2.03,-1.04,-205821.45,-1391.41,-4076.29,-0.2,13.83,7.23
Residential,-0.02,-0.86,-5.85,14.78,-2.46,-1.04,-106231.04,2170.93,-538.0,-0.18,17.42,5.74
Residential,1.24,-2.84,9.09,12.98,0.1,8.96,-313639.64,-3081.45,-4005.26,-0.14,9.52,10.5
Residential,0.53,4.82,3.76,-32.1,-2.1,-1.04,874891.15,-2805.56,13922.67,-0.1,13.09,7.64
Residential,-0.11,-4.82,-7.94,17.98,-0.62,-1.04,-404581.66,-718.61,-4996.65,-0.14,13.33,7.5
Residential,0.46,3.66,-9.59,27.47,0.41,8.96,35226.27,3839.84,7878.73,0.02,4.97,20.14
Residential,-0.38,3.23,-10.71,-0.67,-1.67,-1.04,172831.58,2437.85,5172.49,-0.07,11.19,8.94
Residential,-0.37,-3.84,-7.82,32.99,1.07,-11.04,-349636.41,-2362.47,-4952.31,0.02,11.64,8.59
Residential,1.08,0.13,5.99,22.82,-1.37,-1.04,25303.01,1486.26,4681.45,0.03,8.38,11.94
Residential,0.22,-1.62,-6.35,34.4,0.95,-1.04,-109991.79,112.74,91.73,-0.09,7.32,13.67
Residential,-0.85,-1.1,-7.65,-19.68,0.91,8.96,-254109.43,-828.72,-3897.9,-0.09,12.61,7.93
Residential,-0.16,-0.71,-8.52,-15.01,0.2,8.96,11790.57,-3493.82,-1979.55,0.02,15.02,6.66
Residential,-0.32,4.49,-9.85,6.15,1.39,8.96,174161.46,-570.4,-34.87,0.13,12.48,8.01
Residential,-1.12,0.77,-7.38,-7.17,2.46,8.96,281801.76,1783.09,-1480.28,0.15,17.79,5.62
Residential,0.28,3.93,9.15,20.7,-0.06,-1.04,387979.54,-2405.4,-264.23,-0.07,20.37,4.91
Residential,-0.27,-0.2,4.51,27.26,2.42,8.96,-274452.33,2151.39,-1282.09,-0.01,4.44,22.52
Residential,0.75,0.23,-2.35,-1.11,0.43,-1.04,-208162.61,250.47,299.93,-0.01,5.54,18.05
Residential,0.87,0.26,-6.27,-18.35,-1.88,-1.04,-149018.21,1885.89,2502.69,0.17,7.78,12.86
Residential,0.4,-0.98,-0.69,10.19,0.62,-11.04,-236026.49,-4486.82,-4114.9,-0.06,12.8,7.81
Residential,-0.48,-3.1,6.4,-16.97,1.52,-1.04,-223814.1,1342.84,-2598.39,-0.11,8.75,11.43
Residential,0.97,1.97,-0.16,2.82,1.61,-1.04,140503.51,-2840.11,1796.12,-0.19,8.52,11.74
Residential,-0.17,-3.51,-7.88,-24.06,-0.0,-1.04,-205753.8,1438.8,-3287.4,-0.12,15.8,6.33
Residential,-1.08,-3.7,-16.49,-29.75,-1.61,-1.04,-353013.97,-3133.06,-4977.52,-0.05,18.59,5.38
Residential,-0.85,0.61,-9.88,18.43,2.01,-11.04,-180417.09,2550.71,-772.31,0.05,6.3,15.88
Residential,1.05,-1.29,13.17,9.94,0.84,-1.04,-117416.74,-3142.77,2057.4,-0.06,5.2,19.23
Residential,1.18,1.97,4.01,-10.13,2.29,-1.04,-100438.61,-813.78,1201.22,0.01,5.29,18.92
Residential,-0.68,-2.49,-16.62,34.83,-0.41,-1.04,-302179.03,1730.21,-4133.19,-0.01,18.15,5.51
Residential,-0.18,-4.08,4.73,30.76,0.44,-1.04,-233832.2,452.09,-3855.31,-0.09,15.92,6.28
Residential,0.39,3.84,12.92,-0.38,-2.74,-1.04,859795.93,1181.1,6916.02,0.14,24.69,4.05
Residential,0.55,1.52,9.28,31.59,-1.75,-11.04,-71648.04,4034.31,2312.5,-0.1,10.17,9.83
Residential,-1.02,0.23,-1.95,-14.85,2.35,-1.04,-105724.32,-1583.74,-600.5,0.09,6.78,14.75
Residential,0.06,-1.05,1.18,-24.76,-0.38,-11.04,-36820.05,-2568.53,-1686.95,-0.08,14.2,7.04
Residential,0.89,3.2,3.09,-33.99,-2.0,-1.04,497312.22,-3856.27,6662.15,0.05,14.31,6.99
Residential,-0.37,4.99,-12.86,-0.72,2.7,-11.04,566205.18,-1343.33,2550.77,0.03,11.93,8.38
Residential,0.77,-1.91,12.05,26.87,-0.88,8.96,-223459.85,236.88,-3207.67,-0.0,15.95,6.27
Residential,-0.48,-4.8,9.53,-8.35,-2.2,8.96,-400108.78,-314.06,-5680.04,0.13,25.0,0.0
Residential,1.13,1.8,-4.82,-31.04,2.14,8.96,230993.37,1085.4,10212.88,-0.02,4.62,21.63
Residential,0.12,1.98,9.96,-27.84,-1.12,8.96,-3200.16,-1730.41,-1152.24,0.12,15.97,6.26
Residential,0.78,-2.27,-5.36,-14.37,2.3,8.96,-107512.04,-3388.7,-1085.95,0.03,7.17,13.95
Residential,-0.44,-4.91,0.81,-18.44,0.71,-1.04,-416327.38,1548.11,-4940.7,-0.01,11.38,8.79
Residential,0.34,-4.92,-1.3,-6.98,-1.43,-1.04,-345322.2,2638.19,-5163.47,-0.16,25.0,0.0
Residential,0.34,-0.13,-5.05,-30.5,-1.89,8.96,84540.2,1822.51,-498.24,-0.17,22.27,4.49
Residential,0.55,-0.01,9.62,9.6,1.73,-1.04,183486.32,3568.66,6666.28,-0.18,5.93,16.86
Residential,0.74,2.34,1.76,-2.97,2.04,-11.04,256251.82,-2019.57,4658.62,-0.17,7.18,13.93
Residential,-1.15,0.61,-6.45,-34.03,-1.15,-1.04,-57279.11,1129.72,-3651.35,-0.19,25.0,2.62
Residential,0.61,-4.18,8.03,26.29,-2.64,8.96,-356943.87,302.57,-4802.56,-0.1,25.0,1.62
Residential,0.01,0.83,6.79,26.34,2.31,-11.04,-56929.74,2434.97,1790.3,0.15,5.7,17.53
Residential,-1.07,1.41,0.86,7.45,-2.34,-1.04,-5471.89,-1504.67,-1449.17,0.05,22.37,4.47
Residential,0.62,-0.37,7.72,29.77,0.74,-1.04,89586.64,-4166.74,2893.21,0.16,7.51,13.31
Residential,-0.31,2.97,-2.4,-6.89,1.69,-1.04,143902.67,365.44,2508.02,0.09,8.13,12.3
Residential,0.17,-4.18,-0.24,0.18,1.03,8.96,-352992.32,2633.68,-3358.58,-0.18,6.26,15.97
Residential,0.39,4.77,-3.24,9.43,-0.5,-11.04,129636.76,981.52,2558.21,0.14,10.88,9.19
Residential,-1.13,1.11,-11.91,-28.67,1.56,-1.04,115111.98,4006.51,130.44,0.11,11.79,8.48
Residential,-0.68,-2.58,-10.58,-6.23,2.45,8.96,-128136.68,-1633.91,-206.66,-0.08,5.87,17.05
Residential,0.28,-3.25,-10.65,-12.86,-0.01,8.96,-361646.34,-877.96,-2998.83,-0.1,5.05,19.81
Residential,0.87,-3.04,-0.92,-8.56,0.07,-1.04,-330444.1,-308.81,-2761.85,0.01,6.11,16.36
Residential,0.38,-1.0,10.31,13.46,-2.55,-1.04,58367.08,862.27,-651.0,0.12,25.0,3.98
Residential,-0.12,2.12,-7.35,-29.94,1.07,-1.04,162303.44,1121.19,-2115.39,-0.05,20.83,4.8
Residential,-0.03,-3.47,7.15,-1.59,-1.55,-1.04,-174870.7,1228.49,-2199.99,-0.0,16.47,6.07
Residential,0.88,-2.83,2.38,7.91,-0.1,-1.04,-264870.35,2254.78,-4292.56,-0.01,24.63,4.06
Residential,0.56,1.77,3.11,3.74,-0.57,8.96,353547.59,456.59,4522.46,-0.06,12.09,8.27
Residential,-1.21,-1.28,-2.49,6.3,-0.84,8.96,-68529.43,2783.48,-457.65,0.06,13.05,7.66
Residential,-0.23,4.15,2.84,31.15,-2.03,8.96,488026.55,2560.92,2764.01,0.05,23.75,4.21
Residential,0.52,-2.05,10.55,26.47,-2.31,8.96,-209111.21,2995.81,-3917.22,0.15,25.0,1.58
Residential,-1.08,-4.02,0.43,29.96,1.99,-11.04,-327689.94,-1535.44,-4243.24,0.08,8.02,12.47
Residential,-0.98,-0.52,4.22,5.77,1.69,-11.04,-95280.89,-3678.14,-3345.12,-0.13,13.85,7.22
Residential,1.03,3.88,16.25,26.73,2.29,-1.04,-16025.98,2881.27,3490.92,-0.06,5.15,19.41
Residential,0.75,3.76,1.23,-28.97,-1.42,8.96,193183.7,-334.86,4781.11,0.05,10.89,9.18
Residential,-0.66,-0.55,-9.05,-21.03,-0.55,8.96,-22730.34,393.21,1306.55,0.01,9.54,10.48
Residential,-0.56,-2.87,4.21,-7.27,-0.37,-11.04,-361738.23,-3270.92,-4303.79,0.06,8.46,11.82
Residential,-0.89,-0.14,-0.39,-3.68,-2.34,-1.04,-212091.96,-883.1,-1198.87,0.12,12.0,8.33
Residential,1.08,1.48,-2.88,16.22,1.28,8.96,31380.31,1075.32,7672.43,-0.0,4.34,23.03
Residential,0.8,-0.89,6.44,28.71,-1.66,8.96,-195715.52,-3396.58,-2939.49,0.18,15.31,6.53
Residential,-0.61,-2.24,-14.62,-29.57,-2.46,-1.04,-117322.39,-4487.07,-4521.82,-0.02,25.0,2.36
Residential,-0.86,-0.16,-5.45,14.58,-1.48,-1.04,-4090.29,392.98,-801.12,0.15,17.18,5.82
Residential,-0.01,1.84,9.19,7.54,-0.61,-1.04,163684.85,2638.03,-898.08,-0.19,21.6,4.63
Residential,-0.68,-2.36,-13.19,-0.49,0.07,8.96,-251284.95,-1324.99,-4743.53,-0.06,24.33,4.11
Residential,-0.95,0.73,4.52,-5.06,1.83,8.96,136114.16,3857.11,2555.33,0.14,8.22,12.17
Residential,-1.12,-1.94,-7.03,11.68,-2.2,-1.04,-190919.79,1938.46,-3366.93,0.07,25.0,2.98
Residential,1.14,-0.78,16.13,-20.93,-0.54,-1.04,-156008.03,872.6,198.67,-0.15,8.04,12.44
Residential,-1.24,1.23,-7.7,34.67,-2.39,-1.04,77632.55,-2376.51,-1545.34,0.02,25.0,3.82
Residential,0.91,5.02,9.7,-16.34,1.52,-11.04,731651.89,164.84,8199.29,0.12,9.68,10.33
Residential,-0.26,0.89,6.71,4.46,1.08,8.96,-46786.07,-2825.13,-934.78,-0.04,9.54,10.48
Residential,-0.67,-0.86,3.16,8.87,-1.56,-11.04,-140220.86,-24.04,-2140.59,-0.05,16.95,5.9
Residential,0.25,-4.25,-10.62,13.8,-0.62,-1.04,-377831.67,-4284.39,-5059.01,0.16,10.62,9.42
Residential,-0.49,-4.51,9.48,26.99,-0.68,-11.04,-326113.45,-931.7,-5639.03,-0.16,25.0,0.82
Residential,0.23,-4.12,-8.3,23.23,1.48,8.96,-350519.72,-4625.66,-4947.87,-0.06,8.91,11.22
Residential,0.73,3.58,0.81,-19.69,-1.55,8.96,499638.88,-3371.05,10546.41,-0.2,10.16,9.84
Residential,1.09,-3.73,7.14,-10.02,-1.2,-1.04,-307569.14,839.28,-1758.03,-0.0,7.14,14.01
Residential,-0.88,-4.94,-12.67,-33.76,-0.76,-1.04,-379926.63,-1973.33,-5768.17,0.07,25.0,1.47
Residential,0.64,-1.97,10.76,1.04,1.38,-1.04,-228383.04,-4654.79,-2656.36,0.07,7.29,13.71
Residential,-0.67,2.3,-14.1,19.46,-2.5,-11.04,116370.65,1334.07,-2414.71,0.15,25.0,2.12
Residential,0.32,3.25,-6.5,-5.96,0.71,-1.04,768184.27,-2025.28,8450.83,0.03,10.65,9.39
Residential,-0.75,4.8,-1.29,4.47,-0.46,8.96,583647.22,4412.68,552.49,0.02,25.0,3.63
Residential,-1.14,-2.02,-10.69,-32.49,-2.14,8.96,-267822.32,-2075.77,-4407.25,0.01,25.0,3.57
Residential,1.0,-3.96,7.23,-20.86,0.9,-1.04,-277722.5,325.89,-2970.17,0.06,8.14,12.29
Residential,-0.98,-0.87,-1.72,-18.87,-2.2,-1.04,99135.94,-4551.68,-326.18,0.04,18.8,5.32
Residential,0.37,0.45,-7.73,-18.65,-2.35,-1.04,145756.54,-3157.87,-967.84,0.09,24.94,4.01
Residential,1.19,1.05,2.03,27.85,0.84,-1.04,-31106.3,-1986.8,4576.04,-0.19,5.04,19.83
Residential,0.45,4.05,-3.87,-24.09,-1.35,-1.04,190773.25,-1899.28,6991.8,0.02,8.65,11.56
Residential,-0.31,-0.17,-10.24,24.77,0.26,-1.04,-82569.12,2563.3,-3560.63,-0.12,25.0,3.71
Residential,-0.65,1.01,-2.65,-8.75,-1.79,8.96,-6837.6,-2595.86,-367.47,0.19,15.08,6.63
Residential,-1.05,-3.35,-13.22,-31.63,-2.51,-1.04,-297011.51,1483.21,-5148.99,0.09,25.0,0.0
Residential,0.43,-0.42,3.66,-3.53,1.34,-1.04,164364.64,2691.91,2074.25,0.03,9.58,10.44
Residential,-0.63,-2.67,1.19,-9.78,1.66,8.96,-318360.45,-803.14,-5134.05,-0.04,18.76,5.33
Residential,1.0,2.88,10.97,19.73,0.5,8.96,697784.23,2739.09,12265.63,-0.06,8.47,11.81
Residential,1.22,-2.03,10.56,-26.26,0.76,8.96,-241916.69,-366.68,-3849.13,-0.2,13.72,7.29
Residential,-1.25,-2.99,-4.48,-9.19,-0.55,8.96,-213476.07,-4261.2,-3779.93,-0.01,14.84,6.74
Residential,0.75,-0.78,16.19,6.26,-0.99,-1.04,159209.47,-1332.29,513.36,-0.04,15.72,6.36
Residential,0.1,-1.68,10.26,-13.77,-2.72,-1.04,-256486.06,-2536.3,26.14,-0.0,7.99,12.52
Residential,-1.12,-0.36,1.8,-4.27,0.48,-11.04,-231757.4,-1886.86,-3748.82,0.11,13.14,7.61
Residential,-1.12,2.91,-11.84,-26.93,1.63,-1.04,262784.18,2260.12,1368.42,0.08,11.66,8.58
Residential,0.89,-1.97,10.87,14.04,0.81,-1.04,-177931.81,2637.69,587.9,0.05,5.86,17.06
Residential,0.95,-3.82,-6.58,-10.21,2.42,-1.04,-217620.14,-2320.82,-2292.72,-0.07,6.55,15.27
Residential,-0.52,-3.36,-11.74,9.76,0.61,-11.04,-274788.95,-4642.38,-3347.83,0.07,7.95,12.58
Residential,0.3,1.39,5.99,-5.75,0.09,8.96,107211.59,-1562.55,3085.86,-0.2,8.61,11.61
Residential,0.27,-2.01,3.33,-26.02,-2.29,-1.04,-219727.42,-760.32,-3785.42,0.11,25.0,3.45
Residential,-0.37,4.17,8.46,28.46,-1.06,-1.04,131786.85,-1228.51,-2089.66,0.04,25.0,3.85
Residential,-0.84,-0.13,-9.33,-20.12,-1.68,-1.04,75588.52,-1373.79,-2703.73,-0.09,25.0,3.12
Residential,-1.2,3.84,3.8,14.12,2.17,-1.04,203434.8,-852.78,-414.86,0.11,12.59,7.94
Residential,-0.08,4.06,2.03,-6.96,2.33,-1.04,822055.91,4229.92,3180.06,-0.15,15.41,6.49
Residential,0.8,4.98,11.18,27.44,-1.83,8.96,240962.92,3446.39,4256.36,-0.07,14.35,6.97
Residential,0.45,-3.72,14.2,14.54,-2.04,-1.04,-231270.69,733.2,-4130.11,0.2,25.0,2.53
Residential,0.25,-0.21,-9.72,23.55,-2.24,-11.04,27260.47,-4630.89,-381.47,0.09,16.67,6.0
Residential,-1.18,-1.91,-8.59,-18.04,-0.58,8.96,-125153.45,-2496.93,-2554.16,0.18,14.6,6.85
Residential,0.05,-1.1,3.32,-7.63,1.55,-1.04,169178.34,-4043.69,1615.12,0.1,9.03,11.07
Residential,-0.99,4.61,-14.78,-16.33,1.38,-1.04,320936.92,4874.36,-717.47,0.16,19.72,5.07
Residential,1.11,-0.81,-1.5,-24.92,1.74,-1.04,-121575.45,1790.76,1397.06,-0.1,5.38,18.58
Residential,-0.69,-0.33,2.69,12.41,1.09,8.96,-53310.74,-4543.67,184.28,-0.17,7.5,13.34
Residential,1.25,-2.34,3.03,28.58,-0.24,-1.04,-229866.95,-1605.49,-3053.62,0.07,11.61,8.61
Residential,0.08,3.24,4.82,-8.55,1.98,-1.04,353001.51,-3964.36,7326.66,0.19,6.47,15.45
Residential,0.48,2.62,12.41,24.33,1.81,-1.04,307688.87,2185.42,9492.15,-0.18,5.62,17.78
Residential,0.41,3.29,8.41,-5.52,-1.69,-1.04,330844.26,-4390.07,4725.39,0.05,13.02,7.68
Residential,0.61,-4.59,9.95,-22.94,1.25,-1.04,-385667.74,2697.57,-5153.83,0.17,22.47,4.45
Residential,0.87,2.23,9.67,35.21,2.72,8.96,33287.09,-1892.65,894.64,0.17,7.07,14.14
Residential,-0.85,4.85,-5.16,24.76,1.66,8.96,452077.28,1202.42,7953.32,0.08,7.5,13.34
Residential,0.5,4.64,-5.6,5.87,-0.67,-1.04,169399.58,2705.05,2265.18,-0.13,12.84,7.79
Residential,1.03,2.83,17.75,10.93,1.98,-11.04,241597.47,-1848.05,7490.23,0.16,5.62,17.79
Residential,-0.58,4.96,-0.66,-22.52,-0.44,-1.04,498039.16,1520.41,4180.93,-0.08,14.64,6.83
Residential,1.09,4.86,10.16,29.85,-1.17,-1.04,512544.51,1066.28,10294.61,0.16,10.24,9.77
Residential,-0.81,-4.62,7.08,33.68,-2.6,-11.04,-396788.0,2296.74,-5432.64,-0.11,25.0,0.0
Residential,0.77,-4.52,-0.89,-20.64,1.33,8.96,-377129.45,-2513.31,-4589.95,0.03,6.53,15.32
Residential,-1.03,-2.41,-6.59,21.47,0.26,-11.04,-11295.55,1822.68,-2826.17,0.09,22.22,4.5
Residential,0.09,1.67,2.78,-15.26,-1.89,8.96,-114151.56,3787.87,-1587.77,-0.06,20.83,4.8
Residential,0.32,-3.03,-9.02,-21.41,-0.07,-1.04,-328922.96,-1553.62,-2870.04,-0.14,6.2,16.13
Residential,0.95,-0.56,2.54,7.38,-0.88,-1.04,63808.88,-731.63,3429.71,0.12,9.06,11.04
Residential,-0.41,0.49,-6.58,-10.01,-2.32,-1.04,198698.69,-3180.55,-1688.03,-0.04,25.0,3.19
Residential,-0.29,-0.33,-6.13,7.32,0.14,8.96,34000.07,3162.62,3583.9,-0.14,7.58,13.2
Residential,0.64,3.13,-7.75,-15.87,-1.05,-11.04,210912.74,-4091.26,9707.8,0.1,6.84,14.63
Residential,-0.61,-4.54,4.26,-2.86,-1.01,8.96,-327811.93,1751.04,-4927.31,-0.06,25.0,1.86
Residential,-0.99,2.19,-3.46,-30.35,-2.31,-1.04,16318.24,-1387.1,-2508.42,-0.0,25.0,3.19
Residential,1.21,1.38,10.38,24.06,0.27,-11.04,33149.77,-3163.85,3408.73,0.1,6.9,14.49
Residential,1.09,2.11,-3.6,25.27,0.23,-1.04,194776.16,1175.88,4038.58,-0.07,9.13,10.95
Residential,-1.14,1.46,-0.34,-15.96,2.41,8.96,136964.68,-867.29,-2069.21,-0.05,15.58,6.42
Residential,-1.09,4.65,3.6,-13.1,-1.58,8.96,363624.93,4598.13,-1400.77,0.18,25.0,2.26
Residential,-0.93,-0.06,-6.94,-15.79,-2.51,-11.04,-222497.81,-3337.39,-3113.41,-0.1,17.89,5.59
Residential,-0.51,4.53,8.76,-5.15,-2.7,-1.04,182902.71,709.71,1652.74,0.19,21.19,4.72
Residential,0.62,3.79,8.99,30.22,-0.43,-1.04,25239.32,-1190.19,5565.24,-0.14,6.3,15.88
Residential,0.01,-3.48,-7.39,11.69,-1.48,8.96,-224114.18,565.44,-3332.25,-0.09,19.96,5.01
Residential,0.09,-4.49,2.21,6.6,0.48,-11.04,-414663.99,-4333.54,-5615.13,0.05,13.21,7.57
Residential,-0.38,3.66,3.0,-7.41,1.82,-11.04,89041.0,-3309.02,5103.92,-0.1,5.37,18.63
Residential,-0.48,4.7,-4.59,-25.92,-1.83,8.96,394791.56,-452.42,-469.83,0.07,25.0,3.2
Residential,-0.17,3.66,10.78,-33.94,-0.34,8.96,595440.8,632.72,5951.51,0.02,13.26,7.54
Residential,-1.08,2.78,-16.47,21.5,-0.24,-11.04,-60951.48,1989.72,-3181.06,0.19,25.0,3.92
Residential,-0.22,-3.46,2.89,-10.67,2.17,-11.04,-318027.29,-3836.38,-4261.06,-0.09,7.47,13.38
Residential,0.31,-1.14,-9.04,-22.46,0.38,-1.04,-24678.15,4144.75,-1323.16,0.12,14.68,6.81
Residential,-0.42,3.1,-3.55,-4.64,0.73,-1.04,715330.02,2501.4,3473.81,-0.08,16.42,6.09
Residential,-0.89,-0.66,-6.01,29.52,-2.44,-11.04,-67635.52,-2505.1,2439.0,-0.1,10.02,9.98
Residential,0.25,1.45,-7.49,8.66,-2.27,-1.04,51966.58,-1792.66,1766.28,0.14,13.91,7.19
Residential,0.16,4.98,-9.06,9.91,1.98,-1.04,732949.55,3652.2,11025.31,0.12,7.83,12.77
Residential,1.03,-4.79,3.35,30.06,-2.5,-1.04,-336269.36,-3098.51,-4631.35,-0.05,20.92,4.78
Residential,0.32,3.12,-0.23,16.1,1.89,-1.04,-147308.92,-1535.62,1601.67,0.14,4.53,22.08
Residential,-1.16,-4.38,-9.63,12.83,-1.0,-11.04,-425693.33,-3562.96,-5694.43,0.04,23.04,4.34
Residential,0.51,0.17,7.53,24.33,-1.71,8.96,-86883.26,-364.17,785.22,-0.02,10.81,9.25
Residential,-0.53,2.28,-12.3,26.04,-0.9,-1.04,516146.56,4370.09,3373.21,-0.18,18.59,5.38
Residential,-0.86,-2.78,-9.28,-15.01,2.62,-1.04,-216856.92,-4465.19,-2148.71,0.16,5.89,16.99
Residential,0.43,2.63,-6.78,24.04,2.57,-1.04,52139.2,711.97,3029.82,-0.0,5.9,16.95
Residential,-1.11,-1.5,-12.04,2.11,-0.83,-1.04,-161995.46,-3505.69,-3440.84,0.07,17.24,5.8
Residential,0.77,-4.75,-5.91,30.42,2.56,-1.04,-374826.58,-4269.3,-5456.99,-0.1,9.63,10.38
Residential,1.04,0.67,17.39,8.79,2.06,-11.04,285715.52,-2420.46,6667.95,-0.15,6.27,15.96
Residential,0.72,2.34,-4.8,14.08,-2.47,-1.04,354507.41,-1871.98,5030.83,0.09,16.0,6.25
Residential,0.54,3.59,14.79,-21.89,0.6,-1.04,643626.31,543.12,11393.12,-0.08,8.24,12.14
Residential,0.91,4.63,13.24,17.81,-0.45,-1.04,807243.25,2265.23,12588.68,0.05,10.42,9.6
Residential,-0.89,1.08,5.13,-2.37,-0.14,-11.04,-4097.12,-2780.85,-1909.41,-0.07,15.38,6.5
Residential,0.69,-1.15,6.07,15.75,-1.79,-1.04,37023.06,351.36,-1268.52,0.13,22.27,4.49
Residential,-1.24,-1.51,-16.63,3.58,-1.3,-1.04,-169124.49,-2466.08,-3191.2,0.14,17.92,5.58
Residential,-0.29,1.43,5.45,11.36,2.62,-11.04,292528.86,1016.27,2616.23,-0.11,9.03,11.08
Residential,-1.23,4.0,-17.77,-1.5,2.33,-11.04,339976.12,-1805.64,1112.81,-0.1,11.56,8.65
Residential,-0.22,-1.59,7.06,-8.45,-1.82,8.96,-122423.22,-4202.97,-3544.84,-0.18,23.53,4.25
Residential,0.26,3.94,1.27,-30.7,-2.0,-1.04,257632.81,1775.1,4413.23,-0.12,14.51,6.89
Residential,0.57,2.65,-6.16,-11.14,2.28,-1.04,132839.75,3049.39,5490.41,-0.07,5.64,17.73
Residential,0.28,-3.23,1.36,-13.4,-0.28,8.96,-330814.38,2687.04,-3893.95,0.09,13.48,7.42
Residential,0.65,-1.28,12.82,30.47,-2.68,-1.04,-73152.04,2640.77,-1917.14,0.18,25.0,3.19
Residential,-0.31,-2.15,3.72,-34.62,-1.51,-1.04,-250682.47,992.25,-3987.88,-0.19,25.0,3.64
Residential,-0.74,1.43,-2.12,4.13,-2.11,-11.04,236368.42,582.55,1271.35,0.11,20.83,4.8
Residential,-1.13,-0.35,-6.92,-15.06,-2.26,-11.04,130722.18,968.94,53.44,-0.04,22.88,4.37
Residential,-0.73,-2.42,-0.36,-21.92,2.26,8.96,-176192.23,105.09,-3282.01,-0.16,11.39,8.78
Residential,-0.57,-2.03,0.28,-9.96,1.31,8.96,-49695.73,-3690.15,-1634.66,0.01,10.37,9.64
Residential,0.28,-2.11,-4.33,-19.47,1.89,-1.04,-268366.15,2007.66,-3554.21,-0.09,9.98,10.02
Residential,-1.09,-1.93,-5.4,-29.31,2.59,-11.04,24071.99,122.84,-3170.27,0.03,17.7,5.65
Residential,-0.97,-4.7,-13.2,-19.78,-2.06,-1.04,-412227.02,-127.64,-5650.2,0.15,25.0,0.0
Residential,1.06,2.72,-2.19,-0.35,-1.55,8.96,630423.41,-758.65,7923.96,-0.01,14.16,7.06
Residential,-0.06,2.77,1.29,5.83,1.09,8.96,16023.8,-158.34,-2280.48,0.02,15.97,6.26
Residential,-0.57,1.97,1.18,0.6,-2.47,-1.04,142254.62,-1785.15,-3548.71,-0.2,25.0,1.67
Residential,0.46,2.92,8.48,18.83,-1.27,-1.04,213346.71,2525.37,6617.17,-0.06,9.65,10.36
Residential,-0.93,-0.22,1.27,3.82,-0.34,-1.04,-157695.88,-2040.38,-1667.54,0.18,10.29,9.72
Residential,1.06,-3.23,12.36,-28.85,0.76,-11.04,-357546.67,2045.57,-4145.81,-0.16,9.68,10.33
Residential,0.23,3.48,0.04,-31.93,1.09,-1.04,669658.94,3173.05,7935.25,0.07,10.13,9.87
Residential,-0.22,-0.98,1.95,-28.33,-1.64,-1.04,-203288.91,1302.11,-1558.24,-0.11,12.64,7.91
Residential,0.54,-2.56,-4.74,-33.3,-1.9,-1.04,-169367.38,3093.96,477.86,0.14,10.4,9.62
Residential,-0.01,-0.19,6.82,2.7,-1.99,-1.04,-135014.19,-2849.95,1887.85,-0.2,8.03,12.46
Residential,-0.82,0.65,3.62,12.91,1.13,8.96,-51802.29,-1074.57,-2528.36,-0.09,14.2,7.04
Residential,0.44,2.66,9.77,-31.11,-0.26,-1.04,-69960.49,159.41,3956.15,0.14,5.87,17.03
Residential,-0.98,1.95,-3.64,11.21,-1.09,-1.04,528811.08,2048.74,12.15,0.16,25.0,3.28
Residential,1.22,4.51,-1.64,8.14,-2.12,8.96,1070817.63,1793.48,14140.33,-0.09,15.6,6.41
Residential,-1.06,-0.79,-17.19,-30.19,1.13,-11.04,-61199.5,-184.52,-1762.59,-0.06,11.67,8.57
Residential,0.24,-2.28,-5.96,2.01,-1.4,8.96,-38164.66,-2679.94,397.81,0.02,11.43,8.75
Residential,0.26,0.28,6.57,8.75,0.45,8.96,-73404.66,-1942.24,-246.5,0.18,8.77,11.4
Residential,0.95,0.17,-6.49,22.87,1.62,-11.04,-62241.95,-3520.68,4244.29,0.11,4.32,23.17
Residential,0.13,3.01,4.94,23.41,-0.98,-1.04,200178.03,666.31,-73.43,0.14,19.53,5.12
Residential,-0.55,-1.38,7.01,23.86,-0.25,-1.04,-206041.05,38.8,-1161.49,0.14,8.16,12.25
Residential,0.17,-4.46,-1.35,-28.76,0.75,-1.04,-333244.95,2739.03,-4426.96,0.11,15.48,6.46
Residential,-0.67,-3.82,0.04,9.62,1.92,8.96,-271897.64,-3744.47,-4078.33,0.1,9.32,10.73
Residential,-1.2,-0.36,-14.93,-3.63,0.61,-1.04,130457.4,-185.5,-1166.56,-0.19,16.18,6.18
Residential,0.3,4.48,-4.14,16.71,2.47,-11.04,191843.98,458.09,2360.42,0.02,8.16,12.26
Residential,-0.72,-1.67,4.92,-26.33,1.65,8.96,-91873.48,-2810.69,-1608.18,-0.13,9.08,11.01
Residential,1.06,-2.86,5.37,-14.4,2.63,-11.04,-287584.08,-3899.14,-3410.74,-0.17,6.08,16.44
Residential,-0.63,2.57,-7.76,-13.17,-2.29,-1.04,212996.02,3688.57,-54.07,-0.16,25.0,3.33
Residential,-0.71,-1.42,-13.52,-23.68,2.24,-1.04,-204943.99,2651.49,-3330.56,-0.03,11.66,8.58
Residential,-0.08,-4.12,1.21,19.83,2.12,-1.04,-421469.52,104.43,-4328.83,0.17,4.05,24.68
Residential,1.12,-0.46,-4.23,-5.24,-0.48,-1.04,-140331.38,679.48,-907.57,-0.06,10.27,9.74
Residential,-1.01,-0.18,5.72,-28.04,0.07,-1.04,234419.39,-615.41,-17.78,0.09,16.39,6.1
Residential,-0.25,-3.58,-3.92,-18.93,1.79,-11.04,-200589.88,2474.35,-2610.83,0.19,9.63,10.38
Residential,-1.2,4.82,-2.15,-1.71,-0.73,-1.04,255873.66,3678.01,1855.55,-0.05,15.92,6.28
Residential,-0.88,4.63,-3.63,6.09,0.07,-11.04,82837.25,1719.38,1314.91,0.16,10.95,9.13
Residential,-0.29,0.1,-13.07,-14.42,-2.43,-11.04,-200870.09,-3492.59,-2846.03,0.13,17.27,5.79
Residential,-0.13,1.06,-11.01,6.74,2.67,-11.04,113400.93,3105.67,1150.96,0.09,8.54,11.71
Residential,0.84,-1.86,10.18,17.3,0.27,-1.04,-26.44,2457.28,2466.36,0.08,7.82,12.79
Residential,1.23,-1.95,14.56,1.44,2.38,-11.04,-237149.6,2962.97,-3410.98,0.05,10.52,9.51
Residential,0.46,0.26,4.29,27.94,-0.77,-11.04,154508.31,-196.02,2227.85,-0.02,12.11,8.26
Residential,-0.35,3.5,-5.23,6.39,2.55,-1.04,16205.38,1488.13,2791.89,-0.0,5.7,17.53
Residential,0.51,-2.29,5.65,19.43,2.63,-1.04,-98223.98,1826.66,-1215.17,-0.19,8.1,12.34
Residential,0.75,-0.08,7.78,16.12,-2.38,-1.04,157518.02,3804.98,5467.9,0.16,12.79,7.82
Residential,0.51,-1.77,3.8,-0.91,-2.16,-11.04,29510.43,-3733.32,1318.09,0.09,13.11,7.63
Residential,1.16,-0.09,1.34,-10.14,0.83,-1.04,19248.77,-4363.71,-2421.49,0.18,15.13,6.61
Residential,-0.75,-4.09,-0.03,12.92,-1.94,8.96,-366345.1,224.93,-5568.28,-0.15,25.0,0.0
Residential,0.83,-1.66,14.42,-31.34,1.38,-1.04,-315672.9,-247.09,-4416.44,0.04,11.53,8.67
Residential,0.99,2.53,17.65,-20.5,2.59,-11.04,-60866.26,4333.94,2659.38,0.1,5.02,19.92
Residential,0.82,-0.99,17.14,-24.08,-2.73,-1.04,-266330.1,-2400.14,-546.01,-0.07,8.52,11.74
Residential,-0.24,-0.17,2.78,-24.34,0.71,-1.04,-44167.48,210.47,716.56,-0.07,8.12,12.31
Residential,1.01,-2.74,-5.6,-15.5,-2.27,-1.04,-282348.26,2639.28,-849.23,0.09,9.31,10.74
Residential,-1.18,-0.69,0.11,4.82,-1.79,-1.04,-41749.47,-1587.59,69.64,-0.0,13.33,7.5
Residential,-0.09,-0.35,3.83,-8.54,1.27,-1.04,-101643.35,-1375.57,1218.21,0.01,5.89,16.98
Residential,0.01,2.47,11.71,31.26,-1.91,-11.04,423851.16,1886.86,4701.23,0.13,17.01,5.88
Residential,0.48,4.67,9.67,18.17,-1.94,-1.04,217212.82,-2294.92,5171.53,0.1,11.66,8.58
Residential,0.11,3.37,-9.6,11.15,-0.41,8.96,519072.84,2541.87,11193.84,0.03,8.71,11.48
Residential,0.18,-3.97,9.82,17.25,-0.23,8.96,-258335.3,-162.15,-3641.63,-0.06,14.03,7.13
Residential,0.69,-1.32,-6.08,-2.62,-2.02,-1.04,-251041.97,-1235.14,-417.95,0.17,7.88,12.69
Residential,-0.08,-3.61,-0.52,-20.01,0.03,-1.04,-388990.98,-4005.95,-4754.99,-0.07,6.87,14.56
Residential,-0.23,-1.32,-3.08,-6.7,-0.35,-1.04,12222.89,2367.8,366.62,-0.19,12.08,8.28
Residential,0.52,3.27,7.73,3.24,2.07,-1.04,139124.09,4222.48,6614.36,-0.01,5.36,18.66
Residential,-0.16,0.18,3.19,-18.95,0.94,-1.04,-277887.47,-22.18,-3346.37,0.08,9.15,10.93
Residential,-0.71,-0.27,-1.19,-8.76,1.48,-11.04,108225.43,2550.57,-2229.1,0.04,19.38,5.16
Residential,-0.03,-3.1,3.22,-10.0,0.29,-1.04,-376442.18,-3581.9,-4113.57,-0.13,5.57,17.96
Residential,1.07,-1.83,10.78,16.84,-0.22,-11.04,-206954.79,-2587.28,1722.23,0.18,4.72,21.17
Residential,0.78,-0.52,-1.24,23.82,-1.43,-1.04,191016.86,-1913.36,1462.8,0.09,15.38,6.5
Residential,0.8,-3.94,-5.8,-31.47,-2.26,-1.04,-249264.4,2139.45,-4447.22,-0.06,25.0,1.11
Residential,1.18,4.63,-0.19,-5.14,-1.31,8.96,134890.37,4231.14,2675.97,-0.07,13.44,7.44
Residential,0.04,0.12,-0.89,31.28,-1.85,-1.04,-28627.35,2082.76,3894.63,-0.07,9.04,11.06
Residential,0.09,-3.68,6.64,-25.99,-0.2,8.96,-377808.07,-3509.7,-4904.11,-0.09,9.51,10.52
Residential,-0.62,-3.72,8.38,11.9,0.12,8.96,-327938.1,2439.74,-3986.55,-0.09,12.9,7.75
Residential,0.58,-4.06,-3.25,-23.04,2.04,-1.04,-423766.41,-124.89,-5262.84,-0.11,9.16,10.92
Residential,-0.5,2.1,-4.27,20.07,0.87,8.96,427836.76,-1612.71,1692.9,0.09,14.2,7.04
Residential,0.89,3.74,-2.12,10.4,2.57,-1.04,618005.19,840.09,7059.7,-0.04,8.51,11.75
Residential,-0.07,1.95,8.83,-0.41,-1.95,-1.04,406188.05,-2764.78,3721.27,0.19,17.01,5.88
Residential,-0.73,-1.81,-7.8,17.61,1.54,-1.04,-84296.74,-1377.56,-4694.15,0.17,25.0,3.18
Residential,-0.17,0.86,-7.18,-19.79,-2.55,8.96,20290.54,2160.74,2581.44,0.17,13.99,7.15
Residential,-0.37,3.74,7.78,-26.88,1.08,-1.04,819133.75,2525.8,3144.64,-0.12,17.67,5.66
Residential,-0.67,2.6,1.21,-32.4,0.46,-1.04,228067.36,-1375.24,1057.05,0.14,12.77,7.83
Residential,-0.4,2.71,-9.45,10.18,0.58,8.96,375058.18,508.49,1601.2,-0.2,14.58,6.86
Residential,0.96,-4.53,4.39,-10.1,-1.34,-1.04,-363735.41,-3287.05,-4764.08,0.05,12.92,7.74
Residential,1.19,3.57,11.75,-1.02,-2.32,-11.04,-134347.04,-2670.35,2008.56,0.07,8.54,11.71
Residential,-0.7,-0.46,-10.57,-21.71,-1.18,-1.04,-94545.89,-1691.01,-2556.67,0.16,18.48,5.41
Residential,-0.45,0.63,-3.39,8.81,1.25,8.96,-26360.43,1484.94,244.5,-0.16,8.68,11.52
Residential,0.94,-0.63,7.51,-21.1,0.98,-11.04,27704.85,-1172.5,2510.9,0.02,7.05,14.19
Residential,1.17,3.45,-3.69,14.23,-1.89,-1.04,496638.94,125.7,10229.23,-0.09,11.47,8.72
Residential,-0.68,3.17,-14.66,32.07,0.2,-1.04,282783.91,1807.13,7193.64,0.12,7.89,12.67
Residential,-1.24,-0.73,-9.63,-18.24,1.57,-11.04,83550.77,-2209.27,-3036.98,-0.17,19.88,5.03
Residential,-0.29,-4.39,-0.82,24.3,2.23,-1.04,-395859.66,-2556.3,-5321.79,-0.05,8.52,11.74
Residential,-0.79,4.6,6.46,26.76,-1.33,-1.04,1043557.99,4398.86,3948.8,-0.13,25.0,3.44
Residential,-1.25,-3.03,-0.35,3.15,-1.94,-1.04,-262750.47,-380.82,-5103.0,0.04,25.0,1.06
Residential,1.16,1.42,7.78,24.73,0.98,-11.04,312652.87,-2612.38,6641.08,-0.16,7.37,13.56
Residential,0.39,-3.95,1.39,0.55,-1.17,-11.04,-309303.87,-1389.12,-4207.58,-0.17,16.08,6.22
Residential,0.75,4.74,-7.53,24.79,-2.71,8.96,-14405.66,5907.07,6397.88,0.04,9.63,10.38
Residential,-0.54,4.39,-3.62,-2.83,0.79,-11.04,773173.38,-1548.06,4778.5,0.14,14.25,7.02
Residential,1.09,4.87,0.35,20.58,0.54,8.96,315843.31,-1467.5,4977.11,0.04,9.13,10.95
Residential,0.24,-2.17,-8.3,22.93,-0.84,-1.04,-218857.9,3161.49,-1811.63,0.04,11.57,8.64
Residential,0.72,-1.99,-5.9,5.11,-0.48,-1.04,-249197.3,-1136.94,912.92,0.18,4.74,21.09
Residential,0.2,3.34,4.58,-11.76,-0.07,-1.04,183823.0,-2201.05,539.15,-0.16,13.72,7.29
Residential,-0.32,1.22,-0.92,7.62,1.76,-11.04,21881.55,-3652.28,1266.48,-0.09,7.12,14.04
Residential,1.22,-4.47,10.6,9.54,1.56,-11.04,-392147.94,-3028.8,-3943.37,-0.2,4.48,22.32
Residential,-0.07,0.98,-0.66,5.04,-0.85,-1.04,71760.13,-3848.43,-1410.7,-0.02,17.39,5.75
Residential,-0.27,4.19,2.91,24.12,-0.91,-1.04,234470.79,1762.1,3059.94,0.16,13.12,7.62
Residential,-0.68,3.59,-1.78,-21.67,-2.33,-11.04,292174.59,2092.73,-791.81,0.15,25.0,2.68
Residential,0.51,-3.85,9.47,-27.3,-0.13,8.96,-310463.56,2406.01,-4890.85,-0.06,25.0,2.37
Residential,0.53,-3.72,15.13,18.49,1.33,8.96,-189577.84,-4315.68,-3118.65,-0.18,9.83,10.17
Residential,-1.05,-2.47,3.85,-29.8,-2.11,-1.04,-140191.11,367.39,-2873.54,-0.17,25.0,3.86
Residential,0.15,-1.43,-0.34,9.77,0.33,8.96,-265272.52,-1996.88,-642.71,0.03,4.91,20.38
Residential,0.54,-3.91,12.77,2.8,-2.4,-1.04,-412176.11,1634.57,-4685.36,0.11,25.0,2.21
Residential,-0.79,0.03,-10.78,-8.52,2.5,-1.04,-229653.4,2786.3,-2118.23,-0.06,6.78,14.75
Residential,0.82,-1.7,16.41,-20.24,2.17,-1.04,-271396.52,1028.27,-1265.49,-0.19,4.52,22.13
Residential,0.16,1.45,-3.47,0.32,-0.83,-11.04,580896.2,2552.78,8235.22,-0.0,12.09,8.27
Residential,0.35,-4.96,10.24,19.6,1.0,-1.04,-416610.63,1711.74,-4721.59,0.1,8.23,12.15
Residential,-0.04,-4.4,-10.89,5.55,-0.31,8.96,-314580.41,-945.04,-4499.71,-0.08,16.13,6.2
Residential,-0.54,3.84,0.59,27.38,-2.41,-11.04,418093.09,-2153.51,1203.41,-0.03,25.0,3.82
Residential,1.24,-4.79,16.37,12.58,-2.58,-11.04,-407154.99,198.37,-4795.09,0.11,25.0,2.46
Residential,0.6,1.38,-0.51,-24.66,-0.92,8.96,208149.97,-1782.46,4269.57,-0.01,10.46,9.56
Residential,0.12,-1.74,3.52,-10.36,0.29,-1.04,-132089.91,-2605.55,-836.61,-0.08,8.36,11.96
Residential,-0.1,4.68,-12.87,5.19,-1.84,-1.04,242301.8,1398.96,11716.42,-0.1,7.74,12.92
Residential,-0.97,0.78,-5.03,18.59,1.85,-1.04,-132369.87,2367.46,-2135.38,0.13,10.35,9.66
Residential,-0.84,3.26,3.98,12.56,2.63,-1.04,313281.01,1000.17,2249.62,0.15,9.68,10.33
Residential,-0.82,1.42,-17.41,2.61,1.96,-1.04,-212818.34,2234.07,-2811.58,0.2,9.51,10.52
Residential,1.17,2.74,3.44,21.63,-1.65,-11.04,360607.35,3197.33,12776.81,-0.08,8.33,12.0
Residential,1.04,2.26,4.0,-7.01,-2.52,-1.04,526762.13,-202.39,4851.04,-0.03,20.58,4.86
Residential,-0.38,-4.22,-2.89,-23.3,-0.14,-1.04,-325822.56,-845.41,-5115.22,-0.01,25.0,3.79
Residential,0.74,-0.78,15.58,-26.1,-0.39,8.96,-331638.08,2369.51,-3956.04,-0.0,13.97,7.16
Residential,0.25,-0.01,9.4,20.9,-2.42,-1.04,44118.42,-4361.86,-116.81,0.08,17.3,5.78
Residential,-0.56,-3.63,8.51,12.98,0.92,-1.04,-302979.28,-2073.9,-4811.73,-0.02,15.34,6.52
Residential,0.85,-4.71,15.44,17.74,-1.81,8.96,-411206.05,-4655.3,-5233.23,0.12,9.44,10.59
Residential,-1.24,-4.66,-10.5,-17.29,1.62,-11.04,-387294.19,-3248.69,-5431.22,-0.14,12.35,8.1
Residential,0.59,3.25,13.3,-31.78,-0.15,-1.04,1390.26,3803.63,1140.53,-0.08,10.37,9.64
Residential,0.37,0.26,5.36,34.27,-1.41,-1.04,-43691.52,-1957.43,2501.91,-0.17,8.64,11.58
Residential,-0.58,0.25,2.0,-29.96,-1.51,8.96,-73912.92,-775.68,-2084.75,-0.0,19.12,5.23
Residential,0.57,3.73,12.09,-21.96,-1.47,8.96,346813.69,-1799.86,3596.99,-0.05,14.88,6.72
Residential,-1.1,2.42,-9.05,-13.71,0.52,-1.04,48963.97,1208.1,-1099.93,0.15,14.51,6.89
Residential,1.13,-1.73,7.79,0.67,2.32,-11.04,-165595.86,3328.4,-2217.14,0.07,9.21,10.86
Residential,0.2,-3.31,-7.77,4.48,-0.01,-1.04,-277794.75,-4119.17,-5000.59,0.02,19.61,5.1
Residential,-0.54,-1.38,-9.06,-11.13,1.74,-1.04,-149219.78,286.86,-3033.46,0.04,12.3,8.13
Residential,-0.98,-4.77,-9.62,22.18,-1.46,-1.04,-405978.32,-2736.3,-4910.89,0.09,10.91,9.17
Residential,-0.33,-0.42,-11.95,22.33,0.86,-1.04,-42472.78,-436.61,-962.21,-0.17,10.56,9.47
Residential,-1.0,-1.2,-8.16,-8.08,0.23,-1.04,-282401.38,1367.22,-4123.05,-0.1,16.58,6.03
Residential,1.03,2.71,-2.16,-32.83,1.61,-1.04,-31643.53,-42.28,5440.04,-0.12,4.32,23.16
Residential,-1.01,1.98,2.19,26.81,-2.28,-1.04,91200.52,-3570.18,3100.24,0.02,12.22,8.18
Residential,-0.55,0.09,5.73,-7.09,-0.7,-1.04,6808.2,-1419.21,-1316.29,-0.01,15.82,6.32
Residential,-0.67,4.61,-16.15,-1.24,-0.76,-11.04,311859.23,1040.04,832.76,0.03,18.94,5.28
Residential,0.99,-3.02,3.44,-25.33,1.05,8.96,-194131.53,884.81,-1371.93,-0.03,7.47,13.39
Residential,-0.29,2.53,0.21,22.3,1.77,8.96,258489.27,4217.76,6387.82,-0.18,6.78,14.76
Residential,-0.89,2.15,-5.97,-3.29,1.88,-11.04,140442.63,2094.31,-717.35,-0.16,13.28,7.53
Residential,1.09,1.7,-0.41,-23.17,-0.27,8.96,82222.95,4929.47,-1007.6,0.18,19.57,5.11
Residential,-1.12,-2.46,0.52,-7.41,1.33,-1.04,-261473.51,-2202.28,-4992.66,0.19,20.49,4.88
Residential,-1.04,-4.32,4.22,-30.57,-2.15,8.96,-272721.39,-2715.99,-4848.93,0.02,25.0,2.81
Residential,-0.59,-0.76,6.87,35.09,-1.41,-11.04,-105207.28,285.08,-3401.81,0.08,25.0,3.39
Residential,0.13,1.45,-1.18,-8.23,2.01,8.96,124030.82,-1660.58,-584.32,0.07,11.48,8.71
Residential,-0.63,1.65,-13.53,19.59,2.12,8.96,211205.74,-1746.7,-244.12,-0.04,12.24,8.17
Residential,-0.23,2.01,2.84,-34.31,0.46,8.96,40046.71,-1815.73,1166.44,0.06,9.1,10.99
Residential,0.32,1.12,1.49,-16.31,0.83,-1.04,90116.56,2899.35,-331.03,0.08,13.33,7.5
Residential,-0.86,-2.02,4.36,28.0,-2.19,-1.04,-287689.79,-4243.11,-1266.53,-0.01,7.16,13.97
Residential,1.2,4.43,12.5,25.6,1.65,-11.04,-3835.06,3307.44,5142.08,-0.09,4.86,20.58
Residential,0.43,-0.2,1.63,31.42,1.96,8.96,-140262.72,1392.54,-2343.23,-0.01,10.25,9.76
Residential,0.87,4.38,8.17,-25.52,-0.88,-11.04,375168.69,-2203.57,8960.02,-0.1,8.83,11.32
Residential,1.15,3.8,8.47,-33.1,-2.32,-11.04,194697.24,5545.82,1089.79,0.11,25.0,3.96
Residential,-0.53,1.69,-3.04,13.48,-0.57,8.96,48876.13,2747.23,3885.69,0.14,8.42,11.88
Residential,-0.68,1.81,4.14,32.44,-0.12,-1.04,38478.34,-3017.47,965.84,0.16,9.92,10.08
Residential,-1.16,-3.31,-13.64,-26.75,-1.43,8.96,-210305.36,-243.78,-3936.84,0.09,25.0,3.75
Residential,-1.09,0.16,-9.03,19.59,2.69,8.96,-240155.0,-3426.51,-3392.21,-0.12,7.71,12.97
Residential,-1.11,-0.51,2.29,-4.61,-0.0,-1.04,105395.06,1510.9,-2396.38,-0.1,24.94,4.01
Residential,0.8,1.45,15.9,14.46,-1.98,8.96,132387.3,705.4,-419.8,0.1,23.31,4.29
Residential,-1.12,-2.09,-1.43,7.78,0.01,-1.04,-160706.6,2270.08,-4071.91,-0.15,25.0,3.28
Residential,0.42,4.93,-9.71,-9.04,-2.23,-11.04,235340.71,-1467.46,4349.01,-0.01,13.95,7.17
Residential,0.88,0.86,-1.48,3.24,-1.63,8.96,45439.25,567.79,992.85,0.19,14.22,7.03
Residential,-0.63,0.03,-6.16,9.36,-0.04,8.96,127417.74,2456.59,-3034.75,0.06,25.0,2.9
Residential,0.03,-0.76,10.99,34.25,-1.93,8.96,-192281.59,2678.06,-3797.08,0.01,25.0,2.21
Residential,0.39,-0.7,-4.66,11.46,-1.66,-11.04,-203529.61,-4272.63,-3975.99,-0.06,20.58,4.86
Residential,-1.04,0.19,-6.9,-20.6,-0.77,8.96,581.95,-3686.4,606.53,-0.17,10.55,9.48
Residential,-1.12,-3.6,-2.03,-24.25,-1.21,8.96,-252295.32,-2593.17,-4908.9,0.03,25.0,3.11
Residential,1.11,-2.01,3.52,8.52,1.02,-1.04,-276600.97,376.4,-1757.54,-0.04,5.65,17.69
Residential,-0.6,-0.4,5.1,-7.34,1.62,-1.04,-148057.75,-2568.3,-937.85,-0.2,6.81,14.69
Residential,-1.0,1.48,-4.8,25.58,2.5,8.96,64236.38,2343.8,2123.74,0.16,6.91,14.47
Residential,0.58,-0.46,2.99,-21.16,-2.39,-1.04,-276584.68,1830.92,-2001.77,-0.14,13.28,7.53
Residential,1.16,-2.94,1.23,-0.19,0.08,8.96,-205100.62,3101.16,-2772.08,-0.09,13.83,7.23
Residential,0.74,-2.79,-7.38,15.6,0.15,-1.04,-203805.82,-4625.28,-1518.33,-0.12,7.27,13.75
Residential,-1.13,1.18,-13.65,12.9,1.12,-1.04,252916.62,2382.68,2308.97,0.11,10.87,9.2
Residential,-0.29,4.73,2.85,-25.35,0.63,-1.04,863105.17,-911.55,8577.36,-0.12,11.6,8.62
Residential,-0.46,3.33,-8.14,-33.66,2.65,-1.04,302436.44,2207.55,3876.04,0.02,8.04,12.44
Residential,-0.6,2.14,4.49,-7.65,-0.57,8.96,514926.54,1367.39,2082.27,0.12,19.42,5.15
Residential,0.5,-4.65,13.82,-14.01,-2.26,-1.04,-473329.78,-509.67,-5616.0,-0.18,25.0,0.0
Residential,1.15,-1.24,10.15,23.24,-1.54,-1.04,-128934.17,-3531.51,-68.88,0.14,9.74,10.27
Residential,-0.02,-4.47,1.47,18.4,-1.14,8.96,-437377.01,760.53,-5135.83,-0.2,20.79,4.81
Residential,1.02,0.65,18.35,-29.05,0.1,-11.04,52632.53,4977.92,-40.26,0.03,13.95,7.17
Residential,-0.86,2.34,-5.35,-22.8,2.01,8.96,123739.35,1460.59,1315.32,-0.04,8.96,11.16
Residential,-0.35,0.21,-6.44,-2.37,-1.27,-1.04,39728.68,-4537.63,-528.24,-0.0,14.58,6.86
Residential,-0.94,0.69,-16.12,-32.67,-2.0,-1.04,181502.45,3591.9,120.83,-0.07,25.0,3.94
Residential,0.26,-0.81,-6.37,-29.38,0.18,8.96,12733.57,-2551.47,-194.74,0.01,10.87,9.2
Residential,0.55,3.52,8.83,6.84,1.01,-1.04,11154.23,755.23,4020.98,-0.07,5.9,16.95
Residential,0.17,4.7,-9.67,31.07,-1.19,-1.04,204740.67,785.99,6068.2,0.05,9.61,10.41
Residential,-1.22,-1.68,-11.16,-30.76,0.01,-1.04,-220004.18,-1453.69,-2917.36,-0.07,11.15,8.97
Residential,1.09,2.36,0.23,-19.96,0.65,-1.04,-106133.42,-1576.91,53.39,-0.19,7.5,13.34
Residential,-0.74,3.1,-6.03,16.71,-1.29,-1.04,301718.98,-332.85,954.01,0.15,19.57,5.11
Residential,-0.26,3.55,-3.43,12.16,-0.75,-1.04,344401.87,-3157.3,1444.42,-0.14,16.42,6.09
Residential,1.0,-4.17,-0.34,34.28,-1.16,8.96,-345576.13,-2040.56,-4811.94,-0.1,17.83,5.61
Residential,-0.97,4.57,-8.3,0.47,2.45,-11.04,221549.58,762.9,1751.29,0.15,9.25,10.81
Residential,0.31,1.38,5.01,-32.03,0.89,-11.04,262720.61,74.67,-22.63,-0.07,15.36,6.51
Residential,-0.05,-4.21,-1.23,-13.76,-2.11,-11.04,-309665.99,943.85,-5345.33,-0.09,25.0,0.0
Residential,1.05,0.41,8.67,-5.05,0.81,8.96,-67396.13,-2198.93,3221.09,0.05,5.3,18.87
Residential,-0.91,0.94,-0.11,-19.71,-1.62,8.96,-191068.92,1581.83,-2634.61,0.01,18.87,5.3
Residential,0.2,-3.17,1.41,20.69,-1.63,-1.04,-196012.95,-3153.73,-2412.89,0.12,13.19,7.58
Residential,-1.03,1.52,-16.85,23.86,0.88,-1.04,212151.17,1742.51,-1637.95,-0.0,20.79,4.81
Residential,-0.03,-2.34,3.28,-32.97,-1.83,-11.04,-263135.57,-3204.44,-3571.88,-0.17,15.15,6.6
Residential,1.09,-0.97,7.28,35.18,1.22,8.96,208631.43,2883.26,3092.01,0.04,9.22,10.85
Residential,-1.08,-4.18,-7.86,30.11,0.41,-1.04,-354333.23,-1784.76,-5017.81,-0.19,14.31,6.99
Residential,0.32,4.14,10.72,-8.93,-0.35,-1.04,111396.05,769.07,3108.83,-0.04,9.61,10.41
Residential,0.55,4.59,8.83,0.46,0.76,8.96,306640.95,-3211.34,5528.22,-0.14,8.19,12.21
Residential,-0.65,4.07,-12.15,-28.2,0.97,-1.04,112165.23,5234.31,2684.37,-0.16,8.89,11.25
Residential,-0.56,0.42,1.46,-11.75,-1.67,8.96,-21260.03,1821.85,-1572.28,-0.04,22.17,4.51
Residential,0.14,4.39,0.09,23.58,2.02,-11.04,149462.04,-705.37,2237.5,0.11,8.03,12.45
Residential,0.76,-3.61,12.31,-30.94,1.72,-1.04,-387884.17,-2035.84,-5169.33,-0.12,8.88,11.26
Residential,0.53,-1.72,-6.19,30.78,-2.57,8.96,-99739.04,2135.04,-2445.98,-0.12,25.0,3.03
Residential,-0.09,-3.91,-7.42,22.34,1.58,-1.04,-337624.29,1898.47,-4898.6,0.2,18.05,5.54
Residential,0.65,-4.5,14.73,-20.42,0.6,8.96,-388789.32,1786.89,-5082.28,-0.16,19.01,5.26
Residential,-0.86,3.12,-4.09,-26.74,2.54,-1.04,-46273.26,5370.93,-1225.37,-0.04,10.16,9.84
Residential,-0.67,-3.55,-1.31,24.2,1.22,8.96,-305879.28,1033.39,-5398.07,-0.2,25.0,1.97
Residential,-1.24,-1.82,-19.91,-9.26,0.99,8.96,-215058.52,375.72,-2745.49,0.16,9.92,10.08
Residential,-0.51,-0.37,0.78,-28.41,2.22,-11.04,-85032.45,-148.31,-2502.87,0.09,11.56,8.65
Residential,-1.01,-1.83,-16.43,-20.19,-1.91,-1.04,-253044.45,-1681.64,-4678.76,-0.19,25.0,2.7
Residential,-1.0,1.3,-16.1,-4.44,-2.17,8.96,-86317.55,-3802.79,3363.56,0.14,7.88,12.69
Residential,1.11,3.88,5.51,-18.2,1.07,-1.04,233787.02,845.29,7437.83,-0.09,6.37,15.7
Residential,-1.2,0.53,-0.6,30.96,0.04,-1.04,157512.08,-2267.19,-1740.25,-0.09,19.72,5.07
Residential,1.02,1.32,1.9,-31.28,1.36,-1.04,4259.3,-3765.17,2162.72,0.09,6.43,15.55
Residential,0.95,-4.1,5.31,-13.45,1.29,-1.04,-280108.39,-2320.6,-3071.01,0.03,7.06,14.17
Residential,-0.85,-3.69,-0.89,10.26,0.1,-1.04,-161074.39,-2298.05,-3064.1,-0.04,13.76,7.27
Residential,0.13,0.97,-4.1,-23.61,2.3,-1.04,487.8,-4055.5,-1414.66,0.02,9.8,10.2
Residential,0.92,-3.29,17.28,-8.0,-0.99,8.96,-341664.36,-382.23,-3429.62,-0.19,8.88,11.26
Residential,0.78,-4.62,2.72,29.66,1.78,-1.04,-415512.44,640.51,-4684.36,-0.0,6.04,16.55
Residential,-0.78,3.58,7.54,14.39,-1.53,-1.04,390929.04,-1206.62,5026.88,-0.15,13.91,7.19
Residential,1.15,2.95,18.16,2.98,-1.53,-1.04,94530.68,3345.22,2836.74,-0.2,12.61,7.93
Residential,-0.82,-4.24,-15.71,-32.84,-1.32,-1.04,-339542.19,-1323.14,-4914.52,-0.02,24.57,4.07
Residential,1.04,-0.99,2.49,0.1,0.76,-1.04,-82653.57,2649.94,-785.05,-0.14,10.13,9.87
Residential,0.81,-4.46,12.04,17.05,1.54,-1.04,-384267.17,51.98,-4920.08,0.05,9.46,10.57
Residential,-0.5,4.55,3.71,14.9,1.16,-1.04,318171.7,2091.9,2340.75,-0.03,11.68,8.56
Residential,0.33,-2.94,-6.56,30.42,2.15,-1.04,-109722.39,-4179.17,-1853.19,-0.01,8.33,12.01
Residential,-0.58,-3.87,-15.58,-13.94,-1.71,-11.04,-327359.76,-10.74,-3980.52,0.07,16.69,5.99
Residential,1.04,2.91,7.39,-28.66,-1.57,-11.04,501367.37,-1819.21,3017.19,-0.16,19.23,5.2
Residential,0.52,-4.95,11.07,-26.32,-1.03,-11.04,-383568.04,-4656.43,-5057.97,-0.18,11.9,8.4
Residential,-0.96,3.12,-17.73,-8.33,2.65,8.96,241274.48,2581.16,-3091.43,0.03,25.0,3.71
Residential,-0.61,-3.59,-9.64,4.71,2.32,8.96,-325538.91,-3382.6,-4716.05,0.08,9.13,10.95
Residential,-0.66,-1.23,-15.32,34.21,-0.32,8.96,-89384.81,2245.08,-3782.57,0.08,25.0,2.97
Residential,0.37,0.33,-1.29,-12.88,1.12,-11.04,192067.78,-2070.2,4681.78,-0.18,7.28,13.74
Residential,1.12,3.8,18.69,-23.59,1.16,8.96,544558.66,4838.44,4814.41,-0.12,11.86,8.43
Residential,-0.09,-1.72,-12.58,18.0,-1.16,-1.04,-259901.62,2703.9,-2337.03,0.14,12.08,8.28
Residential,1.06,-3.35,-3.82,-2.37,-1.3,-1.04,-275992.56,-2838.63,-2873.59,0.18,10.11,9.89
Residential,0.36,4.44,11.54,-4.62,-0.63,8.96,698323.43,-89.46,9114.34,0.13,11.88,8.42
Residential,-0.7,-2.55,-5.02,-28.19,-0.71,-1.04,-250557.43,-2880.34,-3387.23,0.17,12.15,8.23
Residential,-0.81,-4.39,-12.87,18.77,-0.42,8.96,-442157.79,1731.61,-5536.64,-0.0,25.0,0.0
Residential,-0.75,0.3,-15.43,-0.07,0.27,-11.04,-55521.87,-689.87,-2845.77,0.07,17.95,5.57
Residential,0.42,-3.6,7.92,17.71,-2.15,-1.04,-404796.99,1148.96,-4929.96,-0.05,25.0,1.71
Residential,0.26,0.02,10.16,-3.26,-0.52,-11.04,-299708.55,-2276.44,-3259.85,-0.1,8.96,11.16
Residential,0.07,1.36,-3.86,-10.44,0.07,-1.04,6630.75,2612.19,-867.1,0.07,14.2,7.04
Residential,-0.69,4.65,5.69,5.76,-1.98,-1.04,249643.96,4316.48,1470.34,0.08,22.32,4.48
Residential,-0.51,1.96,0.76,11.41,-2.39,-1.04,70093.72,-2649.9,2962.45,-0.06,12.5,8.0
Residential,-0.72,4.86,1.23,-29.24,-2.3,-1.04,444216.56,3209.47,10966.04,-0.1,11.72,8.53
Residential,0.09,4.93,-6.07,-22.05,-0.09,-1.04,821625.41,826.34,7908.76,0.02,13.26,7.54
Residential,0.58,2.31,-2.07,17.98,1.64,8.96,215772.41,1711.37,2691.45,-0.08,9.11,10.98
Residential,0.52,0.16,2.0,-22.76,2.64,-1.04,29690.62,-2813.21,-1792.89,0.17,11.16,8.96
Residential,1.11,4.07,12.29,-5.3,-0.96,8.96,135624.41,4506.84,7633.17,0.04,7.63,13.11
Residential,-0.57,-4.38,-10.48,-28.35,1.23,-11.04,-326915.03,-3968.31,-4106.91,-0.08,7.33,13.65
Residential,0.62,-3.44,-3.37,31.56,0.97,-1.04,-402918.37,-3315.29,-4481.46,0.15,4.82,20.73
Residential,1.25,-2.75,-2.75,9.48,-0.09,8.96,-85132.19,2003.5,-897.75,-0.19,11.64,8.59
Residential,0.49,-2.02,15.38,-23.61,-0.99,-1.04,-215037.44,1642.24,-3185.84,0.18,18.48,5.41
Residential,-0.81,-2.68,-4.82,-18.95,-0.44,-1.04,-170087.12,-370.43,-2570.92,0.16,13.66,7.32
Residential,-0.14,3.49,-10.83,5.27,-0.57,-11.04,391839.93,5689.33,1550.31,-0.05,20.08,4.98
Residential,0.96,-2.35,0.57,-8.29,2.45,-11.04,-153844.45,-957.65,-1175.54,-0.01,6.57,15.23
Residential,0.88,-4.66,-2.76,-7.61,1.31,8.96,-374182.91,646.41,-4509.46,0.14,8.24,12.13
Residential,0.76,-1.71,14.73,5.63,-1.2,8.96,-191935.97,-3708.33,-1030.87,0.11,8.79,11.38
Residential,0.32,4.57,7.46,-25.8,-0.32,-1.04,890376.93,-659.86,11573.9,-0.1,11.25,8.89
Residential,1.19,0.17,6.58,19.16,-0.34,-1.04,-195398.47,3233.09,1572.37,-0.05,5.75,17.38
Residential,1.13,1.11,18.4,-6.62,-0.46,-1.04,-119669.3,74.64,456.69,-0.03,8.31,12.03
Residential,-1.1,3.67,-16.26,-27.66,-0.8,8.96,452446.87,1444.11,3707.78,0.11,15.58,6.42
Residential,-0.88,2.07,2.63,-4.68,-2.27,-11.04,53024.93,4815.8,-721.78,-0.15,25.0,3.52
Residential,0.38,1.59,3.41,-5.13,2.06,-11.04,219479.99,4010.43,-779.79,-0.2,15.5,6.45
Residential,-1.17,2.11,2.13,-22.5,-2.22,-1.04,341910.79,-2327.3,2710.46,-0.12,18.8,5.32
Residential,0.5,-3.69,-1.72,16.39,-0.96,-1.04,-325987.33,-3234.17,-3476.47,-0.05,8.41,11.89
Residential,-0.78,3.46,-2.43,-13.31,-0.77,-1.04,323543.71,-54.71,-543.76,-0.03,23.75,4.21
Residential,-0.85,-2.45,-10.12,-25.14,2.18,-1.04,-120975.66,-643.2,-1978.32,-0.18,9.03,11.08
Residential,1.15,-3.56,-0.15,17.86,-1.86,8.96,-410569.94,-1193.89,-4066.01,-0.09,6.51,15.35
Residential,0.63,0.07,-2.32,-9.28,2.72,-11.04,216642.97,161.14,3230.1,0.14,7.43,13.46
Residential,0.04,3.82,-2.45,-0.32,-0.42,-1.04,688320.24,1598.32,2985.92,-0.04,19.96,5.01
Residential,-0.55,0.36,-14.76,19.55,-1.4,-1.04,-19496.89,-1860.47,2641.84,-0.07,8.98,11.14
Residential,-1.02,-2.51,-3.83,-3.83,-1.26,8.96,-235252.44,-713.85,-3911.71,0.1,21.65,4.62
Residential,0.8,-1.89,15.19,-25.09,0.45,-1.04,-212447.02,-126.37,-1863.67,0.18,8.33,12.01
Residential,0.41,-3.76,-2.89,-31.13,-0.8,8.96,-362179.98,1974.56,-1984.88,0.08,4.84,20.68
Residential,0.66,-0.33,0.06,34.95,1.0,-1.04,-61733.98,500.8,-2315.8,-0.11,14.03,7.13
Residential,-0.91,4.72,-8.92,9.53,2.34,-11.04,352206.06,-479.09,-1272.48,0.11,17.92,5.58
Residential,-0.7,1.48,7.27,19.35,0.34,-1.04,182417.51,281.44,-182.59,-0.01,15.29,6.54
Residential,-0.01,-3.15,-4.59,-24.43,-0.82,-1.04,-150088.07,-3232.37,-2078.82,-0.07,12.09,8.27
Residential,0.43,4.55,-9.65,26.4,-2.46,-11.04,293963.29,-2162.97,4214.49,0.18,15.9,6.29
Residential,0.44,-3.01,13.94,26.46,-2.03,-1.04,-276353.82,-774.54,-4077.72,0.1,24.51,4.08
Residential,0.05,2.72,1.19,12.9,1.3,8.96,16264.92,-913.64,2274.9,-0.19,6.82,14.66
Residential,0.2,-0.35,10.99,-33.62,-1.35,-1.04,268729.47,-258.6,1795.2,0.15,16.84,5.94
Residential,-0.22,4.42,-9.18,4.77,-0.06,-1.04,256213.95,-1495.64,4620.73,-0.1,9.49,10.54
Residential,1.17,4.07,0.14,-5.35,1.61,-1.04,342323.59,3871.83,5577.51,-0.19,8.24,12.13
Residential,-1.17,-0.17,-8.67,-31.1,2.38,-11.04,-156159.41,1800.94,-3203.11,-0.13,12.42,8.05
Residential,1.02,-2.19,10.81,24.78,-0.23,-11.04,-111610.02,-554.26,-2403.67,-0.13,14.84,6.74
Residential,-1.18,0.05,-16.44,14.03,0.03,-1.04,-96216.05,-244.29,-2368.61,0.15,14.81,6.75
Residential,0.73,-0.5,4.94,17.8,-1.29,-1.04,-53213.06,2773.53,764.88,-0.09,11.81,8.47
Residential,-0.43,3.93,-8.03,12.69,1.63,8.96,1032603.05,3921.06,5400.09,-0.06,15.5,6.45
Residential,-0.17,-2.34,-11.96,11.43,1.27,-1.04,-221897.62,-2254.01,-3985.3,-0.08,13.21,7.57
Residential,-0.76,3.13,-9.24,-23.02,2.66,-1.04,326535.96,4174.63,-243.22,0.05,14.97,6.68
Residential,0.16,4.61,-9.97,1.2,2.65,-1.04,564915.35,-512.72,8485.37,0.13,7.16,13.96
Residential,-0.16,-4.66,2.73,26.22,-2.06,-1.04,-412455.26,1863.77,-5572.63,-0.04,25.0,0.0
Residential,-0.16,-0.75,7.12,24.39,-1.93,8.96,-62351.34,3076.26,1360.85,-0.02,12.21,8.19
Residential,-0.44,4.24,-10.21,21.29,-0.89,-11.04,630239.34,-1132.54,4042.38,-0.0,17.48,5.72
Residential,0.74,4.24,1.1,-0.32,1.04,-1.04,319578.15,4943.66,5453.15,0.18,8.83,11.32
Residential,0.51,-4.49,8.28,-32.7,-2.52,8.96,-312188.87,2049.89,-4825.61,-0.19,25.0,0.1
Residential,-0.31,-3.75,10.04,29.55,-2.13,8.96,-174574.1,-3137.71,-3234.83,-0.06,20.58,4.86
Residential,0.86,2.28,-5.36,-2.81,-0.97,-1.04,140903.15,2263.63,2063.02,0.09,13.19,7.58
Residential,-1.08,4.4,-10.09,-4.89,0.89,8.96,773767.96,-869.27,7928.27,-0.06,10.95,9.13
Residential,-1.13,0.84,4.17,11.77,-1.93,-11.04,-11131.15,-1641.58,-2766.95,0.19,25.0,3.49
Residential,-0.09,-1.6,9.3,20.15,1.35,-11.04,-128400.24,-3259.87,-1755.35,-0.05,8.69,11.51
Residential,0.44,-2.04,-2.75,15.5,2.5,8.96,-45453.63,196.02,-198.69,-0.13,7.48,13.37
Residential,-0.17,0.36,-4.89,-22.46,0.47,-1.04,-166841.31,-575.53,-936.05,-0.13,7.84,12.76
Residential,-1.16,3.17,-11.95,-20.97,-0.64,8.96,408013.25,1375.16,-1883.91,0.1,25.0,2.71
Residential,1.13,-1.12,-3.78,-3.92,2.45,-1.04,-228062.13,-1053.85,-2797.86,-0.18,7.46,13.41
Residential,-0.19,3.38,-13.59,-17.07,-2.74,-1.04,199807.22,-241.33,8502.67,0.03,10.71,9.34
Residential,-0.96,-1.68,1.43,-18.24,1.88,8.96,-71523.23,-332.58,-2212.86,0.07,11.47,8.72
Residential,0.88,-4.62,11.93,22.69,0.33,8.96,-416895.77,-3320.39,-5626.11,0.15,10.96,9.12
Residential,1.07,-2.89,0.58,-19.96,-0.57,-1.04,-290912.17,-1309.23,-1570.37,0.15,6.11,16.37
Residential,0.82,1.2,4.05,31.62,-2.47,-1.04,-27616.21,3146.18,-583.26,0.19,22.57,4.43
Residential,-0.12,-1.21,-0.07,-27.24,1.86,8.96,-211207.17,1534.51,-2161.27,-0.14,7.76,12.89
Residential,0.57,4.12,-0.32,6.75,1.08,8.96,-36580.03,2186.15,1032.26,0.19,7.76,12.88
Residential,-0.12,-3.68,-3.68,7.38,-0.99,8.96,-268814.12,-2054.52,-4053.08,-0.01,16.67,6.0
Residential,0.18,4.67,-7.84,-32.83,-1.95,-1.04,358406.1,-2366.36,12582.63,-0.0,8.42,11.87
Residential,-0.56,2.09,-2.97,-10.73,-1.69,-1.04,212460.53,-747.45,-302.71,-0.02,22.94,4.36
Residential,0.36,-0.45,-7.23,29.03,1.01,8.96,-123960.19,-3125.18,-2115.84,0.13,10.03,9.97
Residential,-0.23,-2.44,10.9,24.41,-1.83,-1.04,-158291.88,3020.07,-2467.7,-0.07,23.31,4.29
Residential,1.03,2.7,-3.36,-27.79,-2.49,8.96,-189570.33,3361.34,1708.53,0.19,9.24,10.82
Residential,1.05,0.94,2.32,1.68,0.28,-1.04,-193087.12,4158.55,4926.42,-0.13,3.57,27.98
Residential,0.1,0.69,10.87,26.66,0.64,-1.04,39248.73,686.49,-2259.75,-0.07,18.35,5.45
Residential,-0.17,-0.6,7.0,-19.51,-2.44,-11.04,-141242.88,-3213.6,149.49,-0.18,11.04,9.06
Residential,-1.11,-3.51,5.08,-21.24,1.57,8.96,-355956.88,2688.41,-4719.36,-0.01,13.99,7.15
Residential,-1.13,-2.9,-18.77,33.1,1.62,-1.04,-233277.83,-1315.14,-3137.72,-0.18,8.96,11.16
Residential,1.03,1.33,14.84,-10.86,0.1,8.96,-220970.0,-3223.96,-286.14,0.04,5.64,17.72
Residential,-0.99,-0.21,-17.55,-0.61,2.46,8.96,245883.32,-4139.58,-37.99,-0.06,11.49,8.7
Residential,0.92,-4.22,13.44,-26.93,-0.47,-11.04,-356085.11,2883.33,-4881.29,0.05,25.0,2.38
Residential,-0.43,-3.83,4.58,20.91,0.79,8.96,-380074.24,-340.45,-5557.24,-0.06,25.0,3.13
Residential,0.59,1.71,1.45,26.71,-0.98,-1.04,236932.88,-748.28,1281.56,-0.1,15.95,6.27
Residential,-1.14,0.3,-15.28,-12.4,-1.38,8.96,-90981.04,1024.5,-3083.45,0.18,25.0,3.59
Residential,0.22,-0.98,-5.83,-28.89,2.73,8.96,-89528.31,-4039.89,297.04,-0.07,5.63,17.75
Residential,-0.44,2.65,2.49,31.96,2.05,8.96,614421.31,4331.14,5486.06,0.09,10.58,9.45
Residential,-1.16,-1.81,-16.29,-9.04,-1.56,8.96,-57174.21,-3670.85,-1784.7,-0.0,16.42,6.09
Residential,0.77,1.07,-0.68,20.14,1.44,8.96,188493.07,137.32,1492.5,0.08,10.19,9.81
Residential,0.24,-2.43,-3.69,-20.57,-1.16,8.96,-153111.72,2540.9,-2648.92,0.18,20.37,4.91
Residential,0.93,1.24,12.46,-0.69,-2.38,-1.04,176163.76,1906.71,457.89,-0.03,24.45,4.09
Residential,0.67,3.69,3.48,14.86,0.41,-1.04,235245.27,567.73,4559.2,0.04,8.9,11.24
Residential,0.69,-3.89,8.93,4.7,-0.43,-1.04,-411438.81,-348.39,-3768.74,-0.14,4.92,20.33
Residential,-0.77,2.28,1.39,21.02,-2.07,8.96,123297.01,-523.35,1071.95,-0.05,17.3,5.78
Residential,0.02,-4.56,-10.83,-7.5,-1.54,-1.04,-333197.85,-1623.51,-4845.56,-0.16,24.33,4.11
Residential,-1.06,-0.61,-5.24,6.26,2.0,-1.04,-132297.56,-2057.37,-2174.77,-0.06,9.03,11.08
Residential,0.74,3.81,10.65,4.1,2.03,8.96,450898.43,1983.04,1970.02,-0.17,12.8,7.81
Residential,-1.09,-3.25,-6.25,-29.85,-1.03,-1.04,-305208.96,-883.42,-4675.25,-0.15,23.98,4.17
Residential,0.79,2.72,-4.57,-31.74,-0.51,-1.04,574280.21,-1793.39,7636.32,-0.1,11.35,8.81
Residential,0.29,-3.3,-4.7,-30.05,-1.41,-11.04,-293986.57,-3882.57,-3904.85,-0.2,12.84,7.79
Residential,0.75,-1.47,10.4,14.27,1.63,-1.04,-84488.81,-1957.6,-2267.38,-0.04,11.09,9.02
Residential,-0.85,3.69,-12.71,-27.63,-1.01,-1.04,234410.22,2989.0,-1060.02,-0.04,25.0,3.64
Residential,0.39,-4.39,14.58,17.99,-0.98,-1.04,-436261.8,-2742.16,-5369.29,-0.16,12.52,7.99
Residential,0.35,-0.85,1.23,-30.35,-2.37,8.96,-285989.49,-54.25,-3330.18,0.02,18.42,5.43
Residential,-0.07,-0.03,-12.46,2.42,-0.03,8.96,-142872.72,544.88,1623.62,0.14,6.14,16.29
Residential,-1.06,-2.55,-2.16,-21.68,-2.69,-11.04,-121650.39,391.33,-2379.47,-0.11,25.0,3.67
Residential,-1.23,-3.51,-14.86,32.72,-2.72,-11.04,-260961.18,-2728.33,-4320.28,-0.13,25.0,3.32
Residential,0.68,-0.26,13.89,-4.14,-1.0,8.96,-74403.42,1538.8,39.78,0.02,11.59,8.63
Residential,1.16,0.29,16.61,-26.49,-0.46,-1.04,-104601.89,1661.91,-1445.75,0.09,13.28,7.53
Residential,0.67,2.21,8.32,-17.68,0.1,8.96,163027.76,1907.45,3674.15,0.12,9.32,10.73
Residential,0.5,2.71,9.99,14.98,0.46,-1.04,49676.38,3040.59,-1022.41,0.11,15.2,6.58
Residential,-0.02,-1.59,10.71,11.24,-0.32,-1.04,-99892.67,-2971.21,-3360.36,-0.13,18.94,5.28
Residential,-0.3,-3.03,-6.2,4.83,-2.56,-1.04,-276822.71,1218.89,-4106.64,0.16,25.0,2.25
Residential,0.31,-3.93,-4.25,16.69,1.18,8.96,-280274.52,-1052.41,-4038.22,0.09,11.2,8.93
Residential,0.95,3.64,-0.4,4.21,1.49,-1.04,155881.34,-925.33,2936.14,0.13,7.95,12.58
Residential,0.81,3.67,2.77,-0.57,2.37,-1.04,445189.59,2740.17,7387.46,-0.14,7.24,13.81
Residential,1.13,-3.06,6.04,9.65,-2.15,-1.04,-315440.16,-1118.84,-2947.04,-0.15,11.17,8.95
Residential,0.2,-0.53,11.21,-26.71,-1.0,-1.04,-137784.48,-554.27,1107.82,-0.17,7.72,12.96
Residential,0.45,2.18,-1.07,22.15,-2.62,8.96,587243.82,-803.16,3122.24,0.03,25.0,3.76
Residential,-1.18,-2.84,3.63,4.1,1.96,8.96,-276602.84,-1722.96,-5122.79,-0.07,20.24,4.94
Residential,0.27,-4.11,-3.63,21.66,0.14,-11.04,-330761.64,-1451.53,-4542.81,-0.18,12.84,7.79
Residential,-0.15,-2.97,-4.25,17.57,0.14,8.96,-317209.68,-4046.09,-2242.59,-0.08,4.96,20.15
Residential,0.7,-3.54,0.74,20.36,-0.22,-11.04,-226995.12,1567.04,-2809.41,-0.13,12.61,7.93
Residential,0.78,1.85,-1.14,20.21,-0.79,-11.04,-1639.16,-1203.8,1882.66,-0.16,9.32,10.73
Residential,-0.68,-3.73,2.15,17.15,-1.82,-1.04,-399229.34,-3770.91,-5677.26,0.04,25.0,3.59
Residential,-0.82,0.95,-10.9,-7.64,-1.81,8.96,392905.85,-3092.84,148.36,-0.09,25.0,3.92
Residential,0.08,-3.27,5.84,34.61,0.48,-11.04,-195857.02,121.19,-2744.38,-0.1,11.45,8.73
Residential,0.44,3.48,0.06,-2.74,1.27,8.96,-14429.28,1796.89,4812.13,-0.14,5.06,19.78
Residential,-0.0,3.45,4.32,-29.27,0.83,-1.04,420400.17,-897.41,4118.51,-0.03,10.88,9.19
Residential,1.0,-4.06,18.3,-9.4,-0.95,8.96,-399211.36,-2753.95,-4255.52,-0.01,5.96,16.79
Residential,0.19,-2.43,-8.29,-13.94,1.73,-1.04,-92493.01,40.96,-1718.04,-0.07,9.89,10.11
Residential,1.25,-4.65,13.54,-34.23,1.82,8.96,-400138.27,2480.43,-5213.26,0.01,16.08,6.22
Residential,1.15,3.25,15.68,23.31,-0.41,-1.04,98023.47,-952.1,5518.46,-0.15,7.26,13.78
Residential,0.61,2.72,-6.88,30.33,0.01,-1.04,129856.28,-90.51,5344.39,-0.09,7.39,13.54
Residential,-1.03,3.96,-9.19,-17.78,0.97,-11.04,294517.91,93.76,-237.83,-0.13,16.47,6.07
Residential,0.69,4.22,-3.0,-6.07,-2.1,8.96,897525.23,712.83,8349.95,-0.01,19.42,5.15
Residential,0.03,0.68,2.86,-27.17,0.02,-1.04,45049.25,-1371.24,2574.89,-0.13,8.25,12.12
Residential,-0.66,-3.25,-2.26,-31.1,-2.65,-1.04,-249476.18,-3486.28,-3604.59,-0.07,19.65,5.09
Residential,-0.06,-3.43,-12.09,-11.48,-0.86,-1.04,-317896.33,-2509.21,-2898.67,0.03,7.43,13.45
Residential,0.91,3.12,-6.22,-32.05,0.2,8.96,374688.22,516.37,8369.66,0.08,8.01,12.48
Residential,-0.51,-3.34,-10.0,-9.25,2.61,-1.04,-231082.09,334.44,-2451.84,0.1,6.8,14.7
Residential,-0.75,-4.49,-2.03,-26.91,1.25,-11.04,-378664.95,627.71,-5445.78,-0.19,25.0,3.22
Residential,-0.84,1.84,-13.93,-1.03,1.16,-1.04,7809.51,150.06,1956.23,-0.07,7.21,13.87
Residential,0.61,-4.33,-4.53,12.05,-2.73,-1.04,-384762.74,2271.54,-5233.51,-0.02,25.0,0.0
Residential,-0.87,3.5,-16.42,-3.35,-2.51,8.96,339673.55,-1636.56,113.59,-0.16,25.0,3.39
Residential,-1.22,-1.82,-1.4,1.05,-0.54,8.96,-321177.98,-3484.81,-3998.1,-0.05,9.81,10.19
Residential,-0.37,3.43,10.19,-25.03,0.01,8.96,-38914.86,-935.58,-2094.91,0.02,15.5,6.45
Residential,-0.07,-3.06,2.52,-23.34,-1.53,-11.04,-356956.04,-2141.15,-2535.83,0.11,5.86,17.06
Residential,-0.86,2.76,-16.25,25.49,0.12,-1.04,4497.85,4261.06,3878.4,0.08,7.04,14.21
Residential,1.06,-4.94,2.1,-13.07,-0.18,-1.04,-443013.75,-3193.41,-5690.43,-0.17,14.33,6.98
Residential,1.12,-4.44,0.53,12.14,2.36,-1.04,-381332.35,-2936.13,-3749.61,-0.08,3.52,28.44
Residential,-0.08,-1.03,3.96,29.82,-0.83,8.96,-130154.82,-367.56,-651.72,-0.14,10.37,9.64
Residential,0.37,-2.43,14.54,-7.07,-2.33,-1.04,-49434.3,-4445.4,-2126.87,0.17,20.58,4.86
Residential,-0.2,-3.42,-11.25,-31.42,2.05,8.96,-179437.55,-2273.57,-4565.76,-0.05,18.83,5.31
Residential,0.44,1.28,-0.08,22.82,0.59,-1.04,-94046.87,-640.62,754.48,-0.05,7.13,14.03
Residential,1.1,1.58,3.1,28.05,-0.56,-1.04,-70991.69,-30.77,-468.08,-0.04,11.31,8.84
Residential,0.33,1.32,-7.49,-9.6,-1.72,-1.04,192919.65,-3174.17,6181.81,-0.02,9.74,10.27
Residential,-0.39,-1.01,-11.51,-8.97,0.43,-11.04,-56283.13,3358.11,-68.93,0.14,10.06,9.94
Residential,-0.91,1.29,-15.69,33.59,-2.15,-11.04,-151031.05,-1041.51,-2010.65,-0.19,17.27,5.79
Residential,-0.63,-0.62,-0.99,-24.76,0.17,-1.04,-77747.55,-1302.79,-2189.32,0.01,13.89,7.2
Residential,-0.28,-4.43,-1.32,27.49,2.37,-1.04,-371535.82,1458.97,-4738.79,-0.15,9.07,11.03
Residential,0.08,-0.62,-9.83,9.66,1.06,-1.04,-148022.66,-3163.86,-3038.27,0.19,11.9,8.4
Residential,0.06,1.27,-2.18,20.29,-1.94,8.96,-116434.4,-4127.14,-609.12,-0.19,11.76,8.5
Residential,1.17,-2.19,-0.03,-12.81,-0.2,-11.04,-72898.37,-2045.86,2595.53,-0.11,6.48,15.44
Residential,1.06,-3.62,-4.68,-2.27,1.7,-1.04,-314645.59,-1977.31,-3491.52,-0.17,6.39,15.65
Residential,-0.25,-0.1,-4.99,-7.35,-2.17,-11.04,-115537.48,1908.62,-2983.57,-0.02,25.0,2.93
Residential,0.93,3.24,13.11,10.35,-1.85,8.96,506946.67,2423.23,13916.77,-0.07,9.51,10.51
Residential,-0.55,-3.24,5.17,-13.02,-0.76,-1.04,-222632.83,-955.01,-4964.59,0.09,25.0,2.24
Residential,-0.08,-3.02,-9.79,35.1,-0.1,8.96,-99331.18,-1677.2,-2359.99,-0.05,14.16,7.06
Residential,0.22,-4.69,11.49,30.72,-2.37,8.96,-365127.43,-3063.21,-4814.25,0.08,18.25,5.48
Residential,0.28,2.98,-6.96,11.44,-0.14,-1.04,517449.12,490.5,8594.64,0.12,9.69,10.32
Residential,-0.0,-0.07,-3.57,-33.76,-0.07,-1.04,323055.47,-1108.41,-1114.6,-0.06,22.94,4.36
Residential,0.71,3.81,8.97,0.32,1.99,8.96,435857.51,1077.19,3442.7,-0.16,10.52,9.51
Residential,-0.45,1.83,-13.2,0.23,2.39,-1.04,188616.42,-614.23,525.92,0.13,10.33,9.68
Residential,0.17,-2.27,3.73,-6.51,2.09,8.96,-147019.2,-2843.62,-4013.91,-0.2,15.17,6.59
Residential,-0.35,2.46,-8.64,16.73,0.92,-11.04,59861.99,-3921.28,3672.76,0.01,6.43,15.55
Residential,0.32,-4.34,13.98,28.84,-0.92,-1.04,-353682.99,545.11,-4865.87,-0.18,25.0,3.82
Residential,-1.25,-1.09,-9.14,-32.63,0.9,8.96,-94314.49,-1796.84,-4244.71,-0.1,24.81,4.03
Residential,-0.02,1.45,8.05,-4.7,-1.74,8.96,45494.42,-482.37,849.23,0.04,14.47,6.91
Residential,0.37,2.45,8.39,-0.5,-0.35,8.96,521785.37,3750.1,1705.47,0.2,20.79,4.81
Residential,-0.72,-0.82,-8.26,-18.24,-1.42,8.96,-224542.85,-1409.54,-2898.11,-0.09,14.37,6.96
Residential,-0.05,2.94,6.57,-22.8,-1.7,-1.04,566278.08,-3808.28,9555.89,-0.01,11.82,8.46
Residential,-0.54,0.89,-6.4,33.52,-0.63,8.96,-140347.55,2086.47,9.08,-0.18,9.17,10.9
Residential,-0.11,0.39,-10.84,34.44,2.72,8.96,169901.79,1318.0,763.33,0.06,9.62,10.4
Residential,0.31,2.28,5.14,18.82,1.11,-11.04,207226.7,2801.16,3895.71,-0.12,8.53,11.72
Residential,-0.97,3.74,5.02,-24.77,0.57,8.96,247806.86,1555.56,2367.57,0.07,11.42,8.76
Residential,0.85,-2.96,0.09,-7.08,-0.69,-11.04,-254868.57,-1094.1,-2252.14,0.16,9.02,11.09
Residential,-0.27,3.84,-12.0,-31.1,2.64,8.96,99043.12,-693.47,3296.27,-0.18,6.11,16.38
Residential,1.02,3.21,3.7,3.17,2.27,-1.04,278595.24,2100.12,-760.34,0.14,15.65,6.39
Residential,-0.75,3.3,-0.53,-4.94,-1.81,-11.04,55139.61,5900.53,2653.7,0.08,13.62,7.34
Residential,-0.84,-3.49,-10.73,-23.59,2.07,-11.04,-262872.25,1427.58,-4456.07,0.04,16.16,6.19
Residential,0.01,-1.82,11.49,35.04,-1.22,-1.04,-100412.97,2889.99,-386.86,0.16,12.87,7.77
Residential,-0.62,3.28,-5.06,-0.53,-0.94,-11.04,202192.57,734.31,-1322.3,-0.15,25.0,3.96
Residential,-1.1,-0.99,-11.07,-21.9,1.54,-1.04,6011.06,-4597.78,1348.55,-0.11,6.9,14.49
Residential,1.1,-0.96,15.82,-17.22,1.07,-1.04,-189533.8,-2299.8,-794.15,-0.09,6.22,16.08
Residential,-0.0,4.71,-1.86,27.33,-1.36,-1.04,1136107.79,-1145.95,13163.74,0.15,14.37,6.96
Residential,-1.05,1.46,-12.87,-3.48,1.73,-11.04,66304.69,-2304.25,-3139.18,-0.16,19.42,5.15
Residential,0.22,-2.2,-6.67,9.04,1.89,8.96,-251623.35,-778.6,-3081.09,0.03,7.97,12.54
Residential,-0.89,2.67,-10.82,-7.24,-1.18,8.96,405966.56,2280.08,646.79,0.01,24.51,4.08
Residential,0.26,3.01,11.28,-1.01,-2.45,8.96,264299.13,2443.74,12077.89,0.03,9.01,11.1
Residential,-0.78,2.95,-8.04,23.74,0.67,-11.04,516707.65,4539.64,2764.17,0.05,15.46,6.47
Residential,0.97,0.81,3.22,25.19,-2.26,-1.04,133468.18,-183.47,4541.03,-0.06,12.09,8.27
Residential,0.46,3.25,-5.13,22.47,-2.65,-1.04,310833.02,-321.13,3409.83,-0.03,19.34,5.17
Residential,0.33,-1.43,3.67,27.76,-1.95,-1.04,-48655.24,-3681.34,-426.42,-0.18,13.83,7.23
Residential,-0.3,-1.51,-11.22,9.33,0.68,-11.04,-34751.52,-99.32,-1321.78,0.02,12.02,8.32
Residential,0.88,2.47,2.21,13.74,0.36,-1.04,-27012.44,4055.48,189.99,-0.15,10.57,9.46
Residential,-0.84,-1.62,1.65,12.73,0.92,-1.04,-267947.5,-3593.73,-1983.28,0.17,5.64,17.74
Residential,0.08,3.15,3.6,-29.31,0.25,8.96,-28307.52,-2512.33,1759.01,-0.08,7.41,13.5
Residential,0.23,-0.11,1.54,32.31,1.33,8.96,-90899.99,-244.48,4888.49,0.07,4.05,24.7
Residential,0.85,0.79,17.47,17.14,-0.8,-1.04,357965.59,3628.66,4975.18,-0.05,12.69,7.88
Residential,-0.01,3.61,5.7,-21.27,2.68,-1.04,319135.3,-339.85,11302.41,0.08,4.56,21.92
Residential,0.24,-0.65,7.13,-20.73,1.81,-1.04,-61550.69,-1633.57,-959.96,-0.04,8.66,11.55
Residential,-0.93,1.71,4.62,-28.61,0.65,8.96,-134211.72,3810.42,-68.23,-0.03,7.96,12.56
Residential,0.3,0.64,-0.3,-34.22,2.25,-1.04,-177408.82,1178.86,-939.03,0.12,6.2,16.13
Residential,0.78,-3.42,-0.07,23.75,0.82,8.96,-291944.23,-1179.84,-1903.33,-0.06,5.29,18.89
Residential,0.12,-2.6,2.76,12.91,1.99,8.96,-197366.7,-1831.56,-3725.96,0.09,12.0,8.33
Residential,-0.98,-3.89,-1.24,-21.81,2.13,-1.04,-417585.24,-1296.81,-5034.21,-0.1,6.33,15.79
Residential,-0.04,0.61,-6.89,-9.61,1.99,8.96,38514.52,-2236.55,-734.89,0.1,10.0,10.0
Residential,-0.77,0.8,-3.52,27.1,-1.8,-1.04,-59880.33,2260.87,-2668.39,-0.15,25.0,3.2
Residential,-0.5,-0.38,5.98,30.92,-2.72,-1.04,-129159.87,-610.79,-2351.13,0.14,24.69,4.05
Residential,-0.09,1.04,4.66,-28.56,2.09,8.96,-33775.24,-343.99,1999.83,0.1,5.79,17.26
Residential,-1.08,-4.35,-18.16,12.49,-1.48,-11.04,-396394.7,-64.59,-5991.39,0.01,25.0,0.0
Residential,-0.87,4.93,-16.29,-34.59,-0.38,-1.04,274707.74,3638.43,2702.72,0.14,13.66,7.32
Residential,-0.92,-3.16,-2.94,32.97,1.51,8.96,-334856.41,-3818.48,-5446.02,-0.06,16.58,6.03
Residential,0.62,-4.91,12.38,-21.14,-1.81,8.96,-349856.41,-827.26,-4944.04,-0.07,25.0,3.14
Residential,-0.24,-1.26,-7.37,30.26,1.27,8.96,-279346.76,767.32,-3309.34,-0.16,8.81,11.35
Residential,-1.18,3.29,-15.14,14.27,0.04,-11.04,255332.98,-347.77,457.06,-0.05,15.77,6.34
Residential,0.5,-0.42,0.76,2.96,1.57,-1.04,-46167.64,-2121.42,1404.66,0.05,6.3,15.87
Residential,0.24,1.2,3.57,31.08,0.24,-1.04,188171.83,-1897.32,3232.09,0.02,9.42,10.62
Residential,-0.29,-0.65,-0.99,23.95,-0.02,8.96,-151480.5,-2650.93,303.88,0.2,6.78,14.75
Residential,-0.64,-2.64,1.85,14.96,2.67,-11.04,-29143.28,1642.84,-2997.64,0.06,15.5,6.45
Residential,1.07,0.57,14.33,23.93,0.08,8.96,-185127.14,37.3,-2556.05,-0.1,11.96,8.36
Residential,-1.0,0.81,-7.52,6.46,2.61,8.96,-69564.1,1917.46,1521.3,-0.15,5.5,18.19
Residential,-0.23,0.68,3.09,-0.05,2.27,-11.04,347915.64,-324.16,2560.36,-0.1,9.98,10.02
Residential,0.7,4.16,0.39,5.6,1.1,-1.04,368886.42,160.15,8609.31,0.01,6.91,14.47
Residential,-0.61,-2.33,-10.35,31.0,2.68,8.96,-83017.55,811.85,-3078.17,-0.15,13.57,7.37
Residential,-0.46,-0.12,4.84,-2.91,-1.45,-1.04,-129379.98,1056.92,-611.51,-0.01,12.24,8.17
Residential,-0.52,1.27,8.44,-6.86,-2.09,-1.04,49661.37,1149.77,-2055.98,0.1,25.0,3.13
Residential,1.17,-2.21,-5.48,-1.45,-1.22,-1.04,-187493.08,-1097.12,-917.66,0.09,9.55,10.47
Residential,-0.95,3.99,-11.79,13.02,-0.09,-11.04,265066.18,-1092.72,-1527.7,-0.05,23.31,4.29
Residential,0.2,2.31,3.3,-24.12,-0.07,-11.04,-85334.57,3023.94,-1921.23,-0.13,15.55,6.43
Residential,-0.66,1.0,5.6,-4.12,-2.67,-11.04,-212189.88,2854.1,-2354.35,0.06,24.51,4.08
Residential,-0.29,0.39,7.09,-8.87,0.24,-11.04,-12659.17,-4048.26,-2739.14,0.06,16.86,5.93
Residential,-0.52,3.44,-10.45,5.15,0.7,-1.04,33181.23,-1307.37,418.19,-0.18,9.78,10.22
Residential,0.58,-1.7,9.53,34.49,-0.19,-1.04,-220144.56,-114.73,2059.28,0.11,4.47,22.36
Residential,1.2,1.44,6.71,-24.22,0.86,8.96,233435.28,826.46,4545.48,0.01,8.38,11.94
Residential,-0.3,-3.98,-13.54,-27.89,1.27,8.96,-324435.41,-4377.75,-3757.95,0.04,6.31,15.85
Residential,-0.76,5.01,2.32,19.88,0.77,-11.04,438988.48,3272.91,5691.76,-0.01,10.13,9.87
Residential,-1.2,-0.95,-12.5,4.66,-1.52,8.96,-160335.61,734.54,-3423.92,-0.18,25.0,3.7
Residential,-0.81,-4.34,-8.37,-17.65,-1.76,-1.04,-429981.97,-3189.65,-4754.5,0.13,8.03,12.45
Residential,0.16,1.32,8.67,29.75,0.71,-1.04,-19307.2,-378.72,3780.85,-0.15,5.81,17.21
Residential,-1.0,-1.43,-11.64,-12.96,-2.53,-11.04,-20749.38,-3092.45,-755.43,-0.04,18.21,5.49
Residential,-0.84,-4.16,-5.68,18.64,-1.55,-1.04,-340309.1,2986.48,-4763.28,-0.03,25.0,1.07
Residential,-0.19,-2.88,0.79,-4.16,-1.94,-1.04,-171155.09,522.66,-3376.82,-0.07,25.0,3.53
Residential,-0.0,0.83,3.62,7.02,-0.67,-1.04,319629.17,1.88,1782.61,-0.04,16.0,6.25
Residential,-1.04,-1.05,-14.16,11.74,-0.41,-1.04,-129791.76,-155.37,-1764.74,-0.07,12.41,8.06
Residential,0.97,-2.98,-2.21,3.09,0.92,8.96,-241269.84,-3672.23,-1835.28,0.09,6.17,16.22
Residential,-0.83,-4.7,-12.55,24.1,1.71,8.96,-367541.58,-2094.37,-4781.09,-0.08,8.0,12.5
Residential,0.25,-3.96,-0.95,32.19,-0.97,8.96,-351780.5,1602.36,-5210.99,0.08,25.0,0.89
Residential,0.18,-3.94,10.22,-6.11,2.15,-11.04,-312624.03,2600.18,-4780.23,0.14,17.95,5.57
Residential,0.73,1.77,3.23,12.73,0.8,-11.04,-50467.07,2119.66,5386.81,0.04,4.71,21.23
Residential,-0.79,-3.54,6.57,-6.9,-0.53,-1.04,-363379.32,-4132.22,-2907.57,-0.13,4.54,22.03
Residential,-0.83,4.2,-10.09,29.01,2.72,8.96,374704.19,402.8,-67.42,-0.12,14.29,7.0
Residential,-0.58,2.39,-11.27,8.29,-1.78,-11.04,170761.75,588.32,7765.65,-0.02,8.87,11.28
Residential,0.51,-4.88,8.78,-8.54,2.42,-1.04,-425855.9,-4051.9,-5803.49,-0.17,10.18,9.82
Residential,-1.1,-1.73,-13.63,-16.54,2.71,-1.04,-44038.09,-2117.24,-2653.89,0.04,11.89,8.41
Residential,-0.82,-1.14,-7.49,28.67,2.49,8.96,-233712.32,2820.52,-4506.64,0.12,19.96,5.01
Residential,-0.63,-1.42,-12.6,-20.11,1.98,-11.04,-195156.45,731.43,-3263.86,-0.08,11.26,8.88
Residential,0.23,-0.89,-11.0,9.2,-0.03,-1.04,-180442.6,4004.54,979.87,-0.02,6.41,15.6
Residential,-0.29,4.99,5.35,-32.68,-1.91,-11.04,669617.53,26.66,3528.26,0.05,23.7,4.22
Residential,-0.74,-0.32,-7.77,-21.0,-1.27,8.96,50798.58,-3294.19,-2099.02,-0.07,21.46,4.66
Residential,0.67,-3.5,13.52,-0.63,-0.92,-1.04,-248023.8,-2867.58,-3827.45,-0.07,15.29,6.54
Residential,1.19,2.86,8.59,5.35,1.66,-1.04,253598.72,1208.8,8105.23,0.04,5.81,17.2
Residential,0.53,-0.59,12.47,-18.32,0.79,8.96,-78072.62,-2495.47,-328.1,0.08,8.29,12.07
Residential,-1.03,-2.7,-12.59,18.53,-2.38,-1.04,-187031.89,-1237.06,-4551.22,-0.17,25.0,1.8
Residential,1.09,2.13,-4.71,0.57,1.26,8.96,62243.2,-3174.14,-1686.81,0.05,13.55,7.38
Residential,-0.91,2.6,0.38,-5.02,-0.2,-1.04,-230047.72,-3765.1,-1438.98,0.09,6.95,14.39
Residential,0.51,-3.62,8.35,23.1,0.99,-1.04,-313759.48,-1556.67,-3448.46,-0.11,7.12,14.05
Residential,0.74,-3.24,10.76,-20.29,-1.93,-11.04,-305725.39,-399.62,-3287.91,0.2,13.61,7.35
Residential,-0.38,1.35,5.88,26.18,-0.9,8.96,-19507.08,-1586.57,796.54,-0.15,10.53,9.5
Residential,0.72,-2.47,16.75,18.12,1.42,-11.04,-130544.37,-2062.58,-1595.9,0.04,8.52,11.74
Residential,0.61,-3.29,-8.73,-1.09,-0.53,-1.04,-236575.89,-3435.21,-3938.02,0.1,15.11,6.62
Residential,-0.93,-1.66,-13.81,0.02,-1.57,-1.04,-312821.47,-3370.17,-4196.06,-0.2,14.18,7.05
Residential,0.38,-1.04,14.27,21.36,2.12,-11.04,-56766.87,-2942.63,-1028.9,-0.09,8.33,12.0
Residential,-0.43,-2.5,1.07,4.93,1.48,-11.04,-195968.47,-2104.37,-974.6,-0.01,5.99,16.7
Residential,0.67,2.04,11.1,30.32,1.07,-1.04,2253.77,3407.68,-567.26,-0.09,11.49,8.7
Residential,-1.2,2.17,-2.87,19.4,1.94,-1.04,-17658.32,-3053.75,-1379.84,0.19,9.96,10.04
Residential,-0.54,1.57,-11.54,23.93,2.52,-1.04,107859.38,289.35,-1588.26,0.11,13.42,7.45
Residential,0.35,3.0,6.09,-30.45,-2.2,8.96,14502.01,3563.08,404.65,0.19,18.76,5.33
Residential,-0.27,5.01,7.78,-27.97,0.9,-11.04,184906.02,2051.68,3552.79,-0.16,8.72,11.47
Residential,-0.24,-1.03,4.76,32.0,0.86,-1.04,122755.19,-2627.81,208.48,-0.09,11.36,8.8
Residential,-0.65,-1.56,-12.04,-6.54,0.29,-11.04,-215615.18,2533.52,-3135.21,0.01,14.31,6.99
Residential,-0.65,-1.54,-14.34,20.05,-1.4,8.96,23507.64,3014.54,-2356.9,-0.16,25.0,3.2
Residential,-0.37,-0.97,8.81,-23.23,-0.52,-11.04,-196563.4,637.41,-1605.13,-0.14,10.05,9.95
Residential,-0.56,-2.08,-4.1,-16.95,2.23,8.96,-269267.9,2157.34,-4051.24,0.05,12.29,8.14
Residential,0.52,2.78,2.68,-8.62,-0.34,-1.04,451347.77,-984.78,7640.64,0.05,9.83,10.17
Residential,-0.59,-2.96,-14.23,-31.78,2.11,-11.04,-130202.27,-1149.36,-2565.33,0.09,10.2,9.8
Residential,0.88,-3.73,11.62,-19.78,1.46,-11.04,-208217.02,-2726.12,-2616.55,0.02,8.22,12.16
Residential,0.04,4.78,8.65,-28.79,1.77,-1.04,424743.08,5050.11,10566.66,0.1,6.19,16.15
Residential,0.5,-4.83,-1.81,-28.25,0.61,-1.04,-416037.15,1592.75,-5525.33,0.17,25.0,1.32
Residential,-1.15,3.1,-15.17,-9.94,0.25,-1.04,133222.76,246.73,-692.85,-0.13,15.77,6.34
Residential,-0.31,-4.66,-3.86,4.38,-0.07,-1.04,-404963.02,-2167.66,-5564.5,-0.0,19.72,5.07
Residential,1.12,-3.23,3.23,-19.76,-1.61,8.96,-261981.35,2447.62,-3191.15,-0.02,19.27,5.19
Residential,0.27,0.03,10.7,-20.94,0.92,8.96,93969.76,-2251.2,220.56,-0.13,10.79,9.27
Residential,-0.88,1.1,-15.89,8.76,0.15,8.96,-191607.11,-2161.08,-1317.57,-0.13,7.82,12.79
Residential,-1.0,1.02,-17.62,-32.9,2.14,-1.04,330758.75,906.4,-1952.0,-0.0,21.65,4.62
Residential,0.82,1.4,-7.0,-33.88,2.17,-1.04,24745.83,1428.9,593.96,-0.09,8.14,12.29
Residential,-0.51,2.32,-15.06,-20.76,2.42,-11.04,211642.01,3182.65,2808.26,0.14,8.28,12.08
Residential,-0.49,-1.28,4.5,0.61,-0.0,-11.04,-23736.83,418.86,-2611.12,0.1,19.72,5.07
Residential,-1.25,-2.86,-19.59,31.34,-0.83,-1.04,-184880.69,592.79,-4026.56,-0.14,25.0,3.49
Residential,0.32,4.32,12.8,28.22,-0.17,8.96,-189747.41,6044.29,454.6,-0.04,7.32,13.66
Residential,0.04,4.68,-0.57,10.99,0.59,-11.04,-103907.7,2954.78,-207.47,0.1,8.82,11.34
Residential,-0.47,4.16,-9.35,24.66,2.0,8.96,25575.25,-56.55,720.37,0.01,7.96,12.56
Residential,-0.07,-2.01,11.64,-29.32,0.23,-11.04,-89157.72,2613.89,-799.04,-0.04,10.87,9.2
Residential,-0.91,-2.24,3.27,13.64,2.29,-1.04,-184321.48,3526.7,-1617.09,-0.05,7.42,13.48
Residential,1.0,-3.68,13.44,-24.31,2.25,8.96,-311948.22,1811.37,-3969.34,-0.15,8.98,11.13
Residential,0.82,-2.3,0.51,-7.21,2.35,8.96,-250744.86,-3524.14,-3345.91,-0.12,7.5,13.34
Residential,0.27,1.54,-9.44,-28.77,-0.34,8.96,-53628.32,4012.18,1000.37,0.07,9.73,10.28
Residential,-1.1,-1.55,-1.71,-9.68,1.42,-11.04,-275038.27,2710.56,-3674.08,0.11,11.49,8.7
Residential,-1.2,1.14,-7.89,-10.11,-0.98,-1.04,-203874.72,1895.73,-3164.18,-0.18,19.42,5.15
Residential,0.6,3.93,-2.63,-9.78,0.07,-1.04,447708.61,1406.66,8435.42,-0.04,8.9,11.23
Residential,-1.11,0.49,-16.92,-14.86,-2.67,-1.04,-1890.17,-2111.92,-2120.45,0.18,25.0,3.54
Residential,0.87,-0.94,12.96,-29.07,0.9,-11.04,-166724.48,-634.7,-404.23,-0.03,6.65,15.04
Residential,0.86,3.46,13.8,-30.88,-1.25,-1.04,230129.72,-297.0,2195.94,0.17,14.84,6.74
Residential,-1.04,-3.33,2.93,19.74,-2.35,-1.04,-290956.94,-2643.05,-4683.25,-0.1,25.0,3.32
Residential,0.08,-4.58,1.38,-13.68,1.6,-1.04,-351232.5,-772.85,-5019.09,-0.04,13.14,7.61
Residential,0.03,4.47,6.2,20.95,0.19,-11.04,624659.41,-561.15,12890.95,-0.08,7.81,12.8
Residential,-0.87,1.34,-17.62,5.64,0.83,-1.04,85421.35,-2372.29,1507.13,0.05,8.92,11.21
Residential,-0.63,3.17,6.03,-29.14,2.13,-11.04,490541.25,-3936.6,3862.34,-0.16,9.95,10.05
Residential,0.17,4.94,-11.13,-13.63,1.97,8.96,561603.62,3754.15,6009.76,0.02,9.64,10.37
Residential,-1.18,-3.57,0.55,-12.06,-1.92,-11.04,-260664.99,2638.34,-4650.69,-0.18,25.0,0.77
Residential,0.07,-2.56,1.49,-7.06,-0.83,-1.04,-362059.74,169.94,-4519.31,-0.15,14.81,6.75
Residential,0.81,-3.71,14.2,-33.75,-1.47,-1.04,-337076.79,-2873.34,-4476.99,-0.18,14.43,6.93
Residential,-0.58,-2.31,-15.35,-13.76,-0.99,-11.04,-168159.28,-285.32,-3722.05,0.19,24.51,4.08
Residential,-0.86,4.27,1.57,-32.72,0.05,-1.04,716344.5,2400.15,4245.75,0.04,16.72,5.98
Residential,0.89,-2.37,3.73,-27.34,-2.6,-11.04,-273646.25,2092.86,-768.11,-0.09,10.27,9.74
Residential,0.2,0.47,-6.31,18.94,1.46,8.96,-17509.95,3625.91,-938.91,-0.19,11.31,8.84
Residential,-0.86,-3.25,-10.06,32.59,-1.98,8.96,-290752.85,-1486.45,-5420.45,-0.02,25.0,0.87
Residential,-0.32,-3.24,-7.27,10.93,-1.68,-1.04,-85576.97,133.97,-3329.79,0.11,25.0,3.13
Residential,0.47,4.8,-7.8,-31.22,-1.48,-1.04,90614.76,-4207.13,15073.25,-0.0,4.52,22.11
Residential,-0.02,4.97,-11.6,-20.43,-0.66,-11.04,694008.53,289.4,11827.47,-0.17,10.08,9.92
Residential,-0.01,0.96,-6.89,-21.93,-0.98,-11.04,-129740.36,-3908.24,3035.19,-0.09,5.79,17.27
Residential,-0.87,0.16,-12.14,-18.02,0.62,-11.04,-57409.78,490.38,1447.19,-0.11,7.2,13.88
Residential,-1.14,4.42,0.43,-27.91,-1.7,-1.04,128748.0,-2594.9,-578.79,-0.13,19.92,5.02
Residential,0.26,4.39,-5.73,-33.13,0.42,-1.04,276228.12,1794.21,6850.3,-0.03,7.79,12.84
Residential,0.23,-2.32,12.88,-30.57,0.97,-1.04,-222525.37,-161.4,-2749.65,0.01,9.47,10.56
Residential,-0.73,4.21,-16.02,-8.62,0.53,-1.04,617247.58,1085.64,5072.63,-0.0,12.94,7.73
Residential,-0.56,2.1,-3.8,-16.98,-0.03,-11.04,410513.52,2551.5,2652.08,0.01,15.06,6.64
Residential,0.07,4.82,1.94,21.37,-0.34,-11.04,13300.39,-410.29,2405.17,0.03,8.48,11.79
Residential,0.36,2.43,-0.05,-21.1,0.21,-11.04,41975.27,-623.66,2317.84,0.04,8.32,12.02
Residential,1.0,4.49,15.37,-8.5,2.38,-1.04,310834.36,3245.85,3676.93,-0.06,8.65,11.56
Residential,1.02,-0.62,3.53,-12.17,2.55,-1.04,-60211.07,-2633.39,-379.87,0.1,7.05,14.19
Residential,1.1,2.85,13.84,-5.41,-0.42,-11.04,-97834.06,-2051.88,1952.59,0.02,6.78,14.74
Residential,0.01,-4.15,-8.35,-15.61,-1.91,-11.04,-289383.74,-756.52,-3955.59,-0.1,20.37,4.91
Residential,-0.82,-4.79,-4.38,-26.76,2.71,-11.04,-401792.55,-378.68,-5890.39,-0.11,25.0,1.83
Residential,0.87,-2.7,9.08,4.01,2.04,-1.04,-164097.59,-3901.33,-1088.49,0.1,6.16,16.24
Residential,0.8,1.25,8.31,6.7,2.52,-11.04,136705.14,453.74,2071.51,-0.02,7.7,12.99
Residential,0.19,1.38,-10.23,-28.69,2.74,-1.04,513014.94,-2919.45,7882.77,0.08,6.91,14.47
Residential,-0.09,-3.34,6.2,-4.3,1.84,-1.04,-330930.48,390.52,-4511.52,-0.13,10.75,9.3
Residential,0.7,-0.0,-0.11,-12.89,2.59,-11.04,-82539.17,-526.11,2476.98,0.08,4.58,21.84
Residential,0.56,-1.45,10.63,-1.82,1.75,-1.04,-57695.27,-1534.17,1141.04,0.14,6.27,15.95
Residential,0.84,-2.56,8.93,12.71,-0.29,-11.04,-125776.08,456.52,-417.03,0.09,9.34,10.71
Residential,1.17,0.06,18.07,-6.45,-0.55,-1.04,192848.57,-3587.59,1529.07,-0.12,12.69,7.88
Residential,0.76,4.27,-0.71,33.28,-2.35,-1.04,521787.41,2295.81,2861.11,0.19,25.0,3.84
Residential,0.93,-0.36,16.1,-23.41,1.8,-1.04,-123937.6,1914.67,-1773.17,-0.1,9.57,10.45
Residential,0.48,2.68,-8.47,-13.85,0.05,-11.04,97674.85,5223.79,-208.51,-0.07,15.95,6.27
Residential,0.35,-2.86,-4.03,3.08,-0.34,-11.04,-250093.17,-2500.97,-2686.36,0.08,9.24,10.82
Residential,-1.23,0.38,-10.2,10.51,0.43,8.96,-58458.59,-2883.12,-2275.61,0.14,13.57,7.37
Residential,0.92,2.22,12.06,22.07,2.71,-1.04,-69025.69,4771.05,-866.07,0.01,8.56,11.68
Residential,-0.2,-1.33,-12.58,-19.55,0.98,8.96,166542.79,-2035.56,-929.55,0.18,14.81,6.75
Residential,-0.51,-0.21,8.38,-32.37,-0.68,-1.04,-229941.94,1188.54,-2223.72,0.14,11.04,9.06
Residential,0.23,0.41,8.54,8.27,2.02,8.96,-207183.03,267.44,-1148.09,0.06,5.86,17.07
Residential,0.79,-1.91,12.88,21.91,0.05,8.96,-311987.04,-2823.75,-1726.72,0.2,4.79,20.86
Residential,0.46,-4.43,-0.43,11.14,1.8,-11.04,-326780.97,-1001.7,-3828.6,0.11,6.97,14.35
Residential,0.4,3.61,-6.34,1.12,-2.7,8.96,216756.69,4904.44,4641.63,-0.09,17.04,5.87
Residential,-1.18,-1.31,-18.85,33.03,0.51,8.96,-137049.74,-2741.02,-3923.17,0.04,18.83,5.31
Residential,0.79,-3.43,1.02,-3.79,0.21,8.96,-316013.29,-2688.86,-4082.25,-0.09,9.78,10.22
Residential,0.05,3.02,-8.73,-31.98,1.81,-1.04,57788.69,-2088.05,564.26,0.02,8.59,11.64
Residential,-1.08,4.92,3.89,28.23,-2.29,-1.04,980793.77,-452.27,2297.74,0.05,25.0,2.66
Residential,-1.13,0.52,-14.43,-12.33,-2.43,-1.04,-170410.28,1579.96,-2848.88,-0.02,25.0,3.48
Residential,0.99,1.43,-3.18,-6.1,0.91,8.96,-26855.84,-1391.33,350.04,0.13,8.44,11.85
Residential,0.16,2.72,0.62,-24.76,-2.25,-1.04,76819.31,2587.92,1285.89,-0.2,17.7,5.65
Residential,-0.84,-3.41,-1.7,-28.42,-0.69,-11.04,-309616.82,-2036.16,-5202.85,-0.04,25.0,3.25
Residential,-0.77,4.53,-2.09,13.65,0.44,-11.04,552337.03,5502.54,2483.83,0.14,17.45,5.73
Residential,-0.28,0.54,-7.98,24.18,0.3,-1.04,247692.49,-2302.33,2389.31,-0.15,11.14,8.98
Residential,-0.71,4.15,4.83,22.42,-0.9,-11.04,57055.43,1637.42,2530.1,-0.08,10.42,9.6
Residential,-0.1,-4.56,0.33,29.21,-2.52,-1.04,-403300.68,-86.56,-5339.68,0.08,25.0,0.0
Residential,1.01,-0.74,0.3,-4.32,2.63,-1.04,52207.79,1063.39,2503.27,0.11,6.25,15.99
Residential,0.1,4.91,-8.0,8.38,-1.14,-1.04,700414.26,5212.59,7815.72,-0.04,15.2,6.58
Residential,-0.07,2.95,-12.81,16.33,0.06,8.96,67291.08,-287.74,-551.6,-0.05,13.89,7.2
Residential,0.9,0.58,4.37,9.85,-1.64,-1.04,24876.27,4770.19,-881.13,-0.07,23.2,4.31
Residential,-0.36,5.0,-11.94,-22.18,1.61,-11.04,504576.95,-1099.21,4194.28,0.19,10.7,9.35
Residential,-0.38,0.84,6.48,14.35,0.18,-11.04,227141.35,755.33,2819.13,0.16,10.98,9.11
Residential,-1.04,4.69,-3.3,-3.77,2.03,8.96,244023.52,1461.63,2202.9,0.01,9.56,10.46
Residential,-0.58,2.3,-0.61,-22.43,-1.63,-1.04,46772.15,1846.01,140.34,-0.02,17.15,5.83
Residential,1.12,0.99,-1.81,-15.54,1.21,8.96,-115968.03,4304.56,-1601.88,-0.15,10.96,9.12
Residential,0.85,-0.95,6.91,-12.13,-0.32,8.96,-199521.41,-841.55,1677.77,-0.0,5.13,19.5
Residential,-0.42,2.16,-4.29,-27.12,-1.91,-1.04,290794.84,3440.24,-1020.45,-0.02,25.0,2.67
Residential,0.96,1.34,-4.0,-14.88,0.06,8.96,193649.39,-1026.62,772.99,-0.09,13.5,7.41
Residential,0.44,-1.85,-7.85,9.81,-0.6,8.96,-230030.46,955.28,-4566.95,-0.05,25.0,2.74
Residential,-0.92,-1.08,5.24,2.46,-1.7,-11.04,-115479.87,2884.31,-1463.85,0.09,18.02,5.55
Residential,-0.04,1.29,-7.83,32.11,-2.74,-1.04,69161.65,-2932.59,-227.76,0.12,21.01,4.76
Residential,-0.95,1.17,-0.69,-19.83,1.0,-1.04,546737.77,-1003.44,-331.47,0.02,21.69,4.61
Residential,-0.63,-3.69,-13.3,32.68,1.17,-1.04,-242614.58,-4103.97,-4001.98,-0.18,11.22,8.91
Residential,0.81,0.1,-2.13,-27.05,0.94,-1.04,-17183.47,-3640.93,161.29,0.11,8.48,11.79
Residential,0.3,-0.24,5.09,-18.53,-0.32,8.96,-193896.18,-350.13,1663.67,0.11,5.3,18.88
Residential,0.53,2.46,11.49,-33.78,0.54,-11.04,311456.93,-1553.01,6765.52,0.18,7.81,12.81
Residential,1.17,2.3,-4.41,-33.62,2.21,8.96,142633.05,-53.06,3927.26,0.12,6.5,15.38
Residential,1.0,1.1,5.46,-20.49,0.19,-1.04,-253857.24,-2097.81,330.75,-0.17,4.48,22.34
Residential,-0.74,-0.21,-1.08,24.68,1.53,-1.04,-4233.47,-2871.85,397.92,-0.16,7.92,12.62
Residential,1.07,3.64,1.28,1.53,0.13,-1.04,517927.44,2227.0,6142.03,0.16,11.47,8.72
Residential,-0.6,0.09,5.11,33.65,0.27,-1.04,-179822.18,1979.0,-1361.01,-0.14,9.15,10.93
Residential,0.98,-0.23,11.89,32.54,-2.56,8.96,-83252.66,-4508.43,3017.44,-0.17,8.83,11.33
Residential,-0.69,4.74,-14.82,20.24,1.53,-11.04,24302.08,-917.17,-483.57,-0.16,10.09,9.91
Residential,-0.79,1.12,4.31,-32.72,1.66,8.96,131797.65,1949.82,3058.93,-0.07,7.66,13.06
Residential,-0.5,-4.54,-9.15,-13.76,-1.76,-11.04,-401298.01,-4331.35,-5039.27,-0.12,12.79,7.82
Residential,0.55,-1.08,-4.27,25.99,1.69,-1.04,-195263.92,-2206.78,3260.57,0.08,3.22,31.07
Residential,-1.03,4.87,-11.63,17.94,0.3,-1.04,165036.77,4619.2,-204.88,-0.2,16.78,5.96
Residential,-0.66,2.82,5.09,7.13,-1.65,-11.04,41.49,-235.2,-2037.6,0.2,23.75,4.21
Residential,-1.19,4.48,1.46,-12.56,1.53,-1.04,160967.52,1263.0,1710.6,0.15,9.54,10.48
Residential,0.8,-3.8,3.86,28.17,-1.46,-11.04,-373863.52,-2113.37,-3570.38,-0.06,7.6,13.16
Residential,0.29,-0.59,-7.4,4.23,-1.01,-1.04,46464.17,-3800.6,1911.24,0.16,10.1,9.9
Residential,-0.54,-2.78,3.59,0.66,2.21,-1.04,-174472.91,620.7,-2459.17,-0.2,8.96,11.16
Residential,0.08,-0.24,-8.74,-6.47,-0.43,-11.04,-16793.65,1216.39,-2711.03,-0.04,23.36,4.28
Residential,0.37,4.63,6.43,23.37,2.07,-1.04,684588.77,4483.68,5577.94,0.14,11.16,8.96
Residential,-1.05,-0.57,-18.29,-19.92,0.55,8.96,-229631.74,468.68,-693.92,-0.05,6.0,16.68
Residential,-0.72,4.75,4.53,33.36,-0.69,-1.04,490852.22,4880.46,6232.69,0.05,13.07,7.65
Residential,0.69,-0.54,8.2,19.78,-0.1,8.96,-81089.67,2750.68,-1611.64,-0.1,14.35,6.97
Residential,-0.29,4.59,-10.02,-9.88,1.64,-1.04,266852.39,3251.13,3012.04,0.19,9.62,10.4
Residential,-1.01,1.91,-5.61,-11.28,-0.8,8.96,240481.1,-1937.83,-2110.04,-0.07,25.0,3.51
Residential,0.72,4.61,-2.5,9.18,-2.08,-1.04,152740.48,-2167.82,851.06,0.09,17.92,5.58
Residential,0.36,-3.34,7.77,16.87,-1.06,-1.04,-369942.18,2193.53,-5161.42,0.17,25.0,0.62
Residential,0.15,-2.65,-9.02,7.66,0.55,-11.04,-190932.6,1166.27,-1802.0,-0.09,9.12,10.96
Residential,-0.51,0.41,8.37,-15.14,-0.08,8.96,-64535.5,3758.13,-2260.58,-0.11,18.87,5.3
Residential,-0.06,-1.3,-4.38,-16.38,-0.55,-1.04,-268159.96,2666.89,-3468.99,0.14,16.26,6.15
Residential,-0.55,3.81,-6.1,-32.05,-2.07,-11.04,-31445.69,-246.1,584.36,-0.01,13.91,7.19
Residential,1.16,3.61,-4.99,-10.81,0.13,-1.04,354117.03,2226.11,8143.95,0.06,8.16,12.26
Residential,-0.8,0.74,-5.61,23.76,1.67,8.96,115483.65,1111.3,-622.38,0.18,12.58,7.95
Residential,0.79,-3.41,13.93,4.16,-2.53,-1.04,-222727.58,647.83,-4201.01,0.12,25.0,1.84
Residential,-0.69,2.66,4.1,11.3,-2.27,-11.04,22581.8,-1424.62,-550.16,-0.11,19.27,5.19
Residential,0.73,-1.19,10.52,-32.89,-0.59,-1.04,-154937.85,2298.62,-500.64,-0.06,9.67,10.34
Residential,0.96,-3.36,-0.81,-13.45,-1.05,-1.04,-159526.53,1499.06,-2331.0,-0.0,16.29,6.14
Residential,0.03,4.16,-5.03,-1.27,-0.16,-11.04,-94986.58,-888.75,3241.57,-0.06,5.75,17.38
Residential,-0.26,3.9,9.17,-4.64,-2.06,8.96,343627.57,1788.55,4480.04,-0.15,16.34,6.12
Residential,-0.92,1.39,-7.67,-16.07,-2.08,-1.04,117969.1,606.64,-2411.19,0.15,25.0,2.55
Residential,0.81,1.74,4.36,-13.98,1.21,-1.04,-77930.17,2182.42,8142.65,-0.01,3.34,29.97
Residential,-0.24,2.15,4.49,-28.72,2.03,-1.04,-123842.42,2955.96,1104.48,0.11,5.48,18.25
Residential,0.09,-2.72,7.2,16.59,0.64,-1.04,-266274.25,-3409.24,-3779.56,0.02,10.21,9.79
Residential,-0.91,2.12,3.64,15.75,0.42,-1.04,100988.49,-320.76,360.86,-0.12,11.9,8.4
Residential,-0.01,-3.85,8.77,-26.11,-2.49,-11.04,-203180.61,780.84,-3079.11,0.08,25.0,3.71
Residential,0.1,-4.89,0.38,-21.59,2.36,8.96,-429833.91,1509.46,-5852.03,-0.15,25.0,0.0
Residential,-0.88,-1.64,-3.89,29.08,-2.45,-1.04,-46326.98,-4191.56,-2715.7,0.17,25.0,3.96
Residential,0.87,4.51,-1.31,-32.56,0.03,8.96,483359.91,-4263.77,8101.31,0.16,9.02,11.09
Residential,-0.41,3.28,-1.09,26.82,1.16,-11.04,507521.29,-3708.34,7441.36,0.15,8.4,11.9
Residential,-0.41,-2.81,-14.31,10.64,0.76,-11.04,-195961.63,159.09,-3905.13,-0.1,17.57,5.69
Residential,-0.11,2.78,1.13,-23.3,-1.25,-1.04,396196.19,1680.43,10424.22,0.03,9.14,10.94
Residential,-0.5,-2.29,-8.36,21.8,-0.71,-1.04,-296825.3,-2072.39,-3027.99,0.15,8.8,11.36
Residential,-0.25,2.37,-7.59,-13.84,0.66,-1.04,173280.06,-2025.88,-2535.89,0.09,22.73,4.4
Residential,0.45,1.41,-6.54,-21.75,0.75,-11.04,146078.15,1241.0,5040.67,-0.01,7.13,14.02
Residential,0.95,3.42,17.85,7.88,-2.06,8.96,122374.96,1294.22,1006.23,-0.0,18.38,5.44
Residential,1.03,2.49,-6.08,13.18,2.32,8.96,245653.13,2668.15,5615.97,-0.12,6.57,15.21
Residential,-0.13,2.91,0.81,9.6,-2.37,-1.04,332533.96,-2203.65,3216.47,0.05,18.18,5.5
Residential,-0.59,-3.68,7.91,30.36,-2.08,-11.04,-335836.55,-112.1,-5152.82,0.04,25.0,1.09
Residential,0.72,-0.81,1.81,-20.94,1.03,-11.04,-92736.18,1023.57,1363.27,0.01,6.35,15.75
Residential,-0.87,-1.4,-9.5,-7.1,-0.87,-1.04,-93648.37,-1813.4,-3559.4,0.08,24.69,4.05
Residential,-1.21,-1.96,-7.14,-15.33,-1.53,8.96,-331190.3,1935.84,-4432.19,-0.01,25.0,3.19
Residential,1.1,-2.27,10.0,31.19,0.18,-11.04,-34719.78,-1118.21,-1719.47,0.1,13.77,7.26
Residential,-1.06,-4.35,-15.54,15.46,1.7,8.96,-392990.89,-2194.26,-5478.21,0.09,11.79,8.48
Residential,-0.65,-1.22,-11.4,-32.03,0.2,-11.04,43617.63,-4031.03,-593.98,0.14,11.93,8.38
Residential,-0.04,0.1,6.93,-26.4,0.55,-1.04,214897.76,2119.7,1317.72,-0.03,12.71,7.87
Residential,-1.16,3.16,1.05,14.68,1.13,-11.04,756590.21,4927.35,3168.37,0.18,17.21,5.81
Residential,-0.44,-3.56,3.36,10.68,1.19,-11.04,-235076.73,1819.45,-3206.49,-0.06,11.12,8.99
Residential,1.0,-0.23,-0.98,20.75,-0.3,-11.04,-102405.74,4470.83,2106.12,0.07,7.29,13.72
Residential,-0.52,0.44,7.21,-21.07,-0.1,-1.04,-11204.73,-3794.98,717.43,-0.13,9.1,10.99
Residential,0.81,-1.03,-3.15,-7.94,-2.47,-1.04,-186508.19,419.1,-530.7,0.08,12.52,7.99
Residential,-0.92,2.6,-13.07,-26.31,0.11,8.96,241384.87,1383.93,264.42,0.03,16.42,6.09
Residential,0.52,-0.71,-8.7,-29.54,2.26,-11.04,-189849.56,-4835.64,-976.0,-0.15,5.29,18.91
Residential,0.95,4.35,0.33,5.42,-1.92,-1.04,-4074.18,-1233.07,7886.13,0.1,6.4,15.63
Residential,-0.03,-2.24,-11.26,-2.3,-1.1,-1.04,-192559.36,2660.08,-4386.03,-0.1,25.0,1.77
Residential,-0.2,3.76,-7.03,-24.33,-1.14,-11.04,219228.99,-1992.07,1722.04,-0.02,14.66,6.82
Residential,-1.16,2.75,-19.45,-7.29,2.15,-11.04,186900.64,-383.66,226.57,-0.1,11.15,8.97
Residential,0.51,-2.86,7.83,-7.29,-0.07,8.96,-102675.57,2857.72,-237.94,0.17,9.9,10.1
Residential,0.77,-0.36,9.38,29.83,-0.76,8.96,137073.09,375.26,222.11,0.13,15.95,6.27
Residential,-1.2,0.89,-5.27,-24.08,-0.39,-11.04,377815.26,-1396.49,-2216.53,-0.16,25.0,3.01
Residential,1.05,-4.71,2.55,-20.67,-0.46,-11.04,-431609.18,402.63,-5830.09,-0.08,25.0,0.0
Residential,-0.01,0.25,-0.03,-2.76,1.15,-1.04,188174.05,-2908.5,993.79,0.07,10.79,9.27
Residential,-1.17,-2.94,-19.22,-14.43,0.03,-1.04,-338100.08,348.15,-2781.78,0.02,6.03,16.59
Residential,-1.08,-0.28,-8.1,7.26,-0.92,-1.04,142833.33,-918.05,438.48,0.17,15.48,6.46
Residential,0.7,-4.02,11.84,22.53,0.14,-1.04,-307785.68,-1584.33,-3890.89,-0.14,10.24,9.77
Residential,0.7,0.25,-2.22,7.56,0.06,-11.04,53199.47,-842.41,1621.46,0.16,9.47,10.56
Residential,0.69,2.76,12.1,-21.8,2.14,-1.04,202702.63,2052.85,2468.01,0.2,8.67,11.53
Residential,-0.52,0.19,-5.75,-7.68,2.61,-1.04,-107681.16,-1175.43,-860.52,0.02,6.93,14.44
Residential,-0.27,1.6,-0.35,34.07,0.7,-1.04,-15221.53,-2340.66,6402.58,-0.07,4.53,22.08
Residential,-0.31,-2.44,-14.01,-20.37,1.84,-1.04,-163480.36,-192.57,-1035.5,0.12,6.77,14.78
Residential,1.22,0.63,0.21,22.16,1.93,-1.04,-45632.55,-1235.38,-152.9,0.18,7.73,12.94
Residential,-0.3,3.62,5.05,28.92,1.64,-1.04,573731.58,-290.09,8701.45,0.14,7.97,12.54
Residential,-1.18,-3.2,-8.61,-10.16,-2.1,-1.04,-200827.46,969.25,-3068.84,0.07,24.1,4.15
Residential,0.62,-0.56,3.45,-10.41,0.25,-11.04,131520.83,-2261.24,2633.85,0.01,9.13,10.95
Residential,-0.59,-4.01,8.53,-3.11,-1.78,-11.04,-300223.04,-603.77,-4750.85,0.12,25.0,2.74
Residential,-0.67,0.63,-3.05,-21.76,0.56,-1.04,89606.04,943.8,-1100.58,0.13,15.46,6.47
Residential,1.09,-3.2,-3.09,-33.62,0.57,8.96,-151920.08,-670.84,-1303.29,-0.13,8.73,11.46
Residential,0.24,-1.12,3.27,29.11,1.9,8.96,-108101.69,2932.42,-2572.77,-0.12,12.82,7.8
Residential,-0.6,-2.95,6.84,-28.12,1.31,8.96,-328558.67,1747.99,-4795.71,0.06,17.92,5.58
Residential,-0.18,0.31,-3.97,4.68,0.55,-1.04,89382.63,276.73,2473.03,0.07,8.62,11.6
Residential,0.38,-0.55,8.7,30.51,-2.72,8.96,-223662.08,1688.32,1487.71,-0.15,8.46,11.82
Residential,-0.41,-4.17,6.52,29.57,-2.57,-11.04,-400430.71,921.96,-5756.13,0.13,25.0,0.0
Residential,-0.34,3.9,9.83,3.54,-1.59,-11.04,259113.29,-2158.7,8887.32,-0.0,8.67,11.54
Residential,-1.03,0.72,-14.59,-1.08,-1.12,-1.04,-121324.01,-2304.25,-3847.08,-0.19,25.0,3.78
Residential,0.97,2.17,9.78,-28.62,-1.32,-1.04,-120142.18,5259.0,-1960.13,0.16,21.46,4.66
Residential,-0.16,-3.64,-7.83,5.42,-1.01,-1.04,-298794.19,-3254.79,-4268.12,-0.08,14.39,6.95
Residential,-0.26,-2.06,1.54,-21.65,-1.97,-1.04,-339314.66,-4148.02,-3518.7,0.09,8.97,11.15
Residential,0.42,-3.33,-0.69,26.62,2.6,8.96,-374256.94,-3027.55,-4573.18,0.14,5.43,18.4
Residential,1.1,2.98,16.86,1.33,-2.42,8.96,-89396.81,2751.54,2636.11,-0.15,10.57,9.46
Residential,0.44,-1.94,-1.54,-4.93,-0.36,-11.04,-53254.91,885.93,-358.81,-0.14,11.47,8.72
Residential,-0.63,3.53,-15.73,21.79,1.32,-1.04,320410.05,-3323.88,9499.65,-0.18,5.81,17.2
Residential,0.93,1.17,9.92,-21.24,0.98,8.96,26017.31,2341.48,345.29,0.01,10.09,9.91
Residential,-0.69,-4.55,2.12,-0.52,-0.36,-1.04,-365809.91,309.26,-4927.37,-0.11,19.69,5.08
Residential,-1.24,-0.33,-3.72,-4.17,2.5,8.96,85274.69,637.35,-3105.81,-0.01,20.04,4.99
Residential,1.17,0.98,-2.02,26.55,1.7,8.96,137374.43,1153.26,2689.86,-0.17,7.94,12.59
Residential,-0.15,-4.37,2.34,33.25,2.39,8.96,-423267.3,-91.42,-5266.46,0.15,6.92,14.46
Residential,-0.7,-0.63,-10.29,-17.15,-2.01,-1.04,-144259.99,-4151.51,499.25,0.15,9.17,10.91
Residential,-0.32,1.23,7.72,-33.64,-1.64,8.96,10616.86,4545.65,1493.43,-0.17,13.74,7.28
Residential,0.46,4.83,-9.03,23.12,-2.11,-1.04,575580.34,4070.76,14187.53,0.1,10.78,9.28
Residential,0.18,2.73,12.53,26.34,-1.75,-1.04,83153.91,2265.61,723.58,0.05,17.24,5.8
Residential,-0.82,3.1,6.02,-34.59,-2.37,-1.04,87821.39,-244.4,-2405.0,-0.07,25.0,2.62
Residential,1.24,4.54,15.01,-32.39,0.03,-11.04,337206.06,4133.18,7453.44,0.17,8.72,11.47
Residential,1.04,-3.29,13.02,-11.62,2.73,-1.04,-348665.38,-18.33,-3878.5,0.19,5.56,17.98
Residential,0.25,3.53,-6.86,-24.68,-1.14,-1.04,781183.86,3258.19,8277.28,0.05,15.29,6.54
Residential,1.11,-2.3,8.24,-31.72,1.93,8.96,-265565.56,-4723.4,-2332.55,-0.06,5.31,18.84
Residential,-0.32,-1.91,-2.24,-6.51,-1.27,8.96,-106909.82,2028.87,-2901.59,0.11,25.0,3.88
Residential,0.9,4.58,-3.26,-16.76,0.15,-11.04,741176.57,2131.44,6965.41,-0.03,13.09,7.64
Residential,0.04,-2.15,-6.46,12.86,-1.7,-11.04,-123486.66,-3746.68,-4107.81,-0.17,25.0,3.33
Residential,0.67,1.37,15.82,28.15,1.47,-1.04,413181.61,-2730.91,2229.19,-0.15,11.92,8.39
Residential,-1.14,2.13,-5.09,-13.0,-2.72,-1.04,655475.01,-396.24,4015.52,-0.0,25.0,3.77
Residential,-0.37,-3.78,7.25,-5.54,-1.82,-1.04,-398391.49,625.63,-5034.73,0.1,25.0,2.35
Residential,0.36,4.8,10.1,16.16,0.69,-1.04,536198.61,289.2,3073.95,0.12,14.2,7.04
Residential,0.2,4.15,5.98,-18.46,-1.57,-11.04,700198.25,3318.03,4019.76,0.11,22.94,4.36
Residential,1.07,4.94,16.45,-7.9,2.44,-1.04,238857.83,3427.49,1531.78,-0.13,10.15,9.85
Residential,-0.98,-3.76,-18.34,30.71,1.74,-11.04,-389750.93,-4516.62,-5077.24,-0.18,7.6,13.16
Residential,0.82,2.96,-7.17,-12.92,2.3,-1.04,213613.95,798.95,-373.94,-0.07,12.89,7.76
Residential,0.7,3.09,-5.71,19.06,-1.53,-11.04,528720.01,43.45,5537.66,-0.06,15.72,6.36
Residential,-0.65,-3.34,-13.05,-1.4,0.95,8.96,-357124.82,907.38,-5510.08,-0.13,25.0,1.86
Residential,0.82,-0.17,-0.15,-8.34,0.33,8.96,184428.28,-1070.51,1530.78,0.05,11.48,8.71
Residential,0.23,-2.7,13.57,-2.22,0.57,-1.04,-116432.32,1877.1,-2234.71,0.02,13.35,7.49
Residential,0.65,-2.88,4.07,-10.22,-2.65,8.96,-296679.56,2210.5,-3021.99,-0.02,21.14,4.73
Residential,-0.91,3.89,-13.07,-4.04,1.05,8.96,557963.55,4757.87,7380.5,-0.03,9.73,10.28
Residential,1.14,3.29,15.48,-18.23,1.46,8.96,126335.99,4800.04,4713.6,0.01,6.75,14.81
Residential,-0.83,0.07,-9.33,-23.21,-2.0,-11.04,-116059.18,3864.16,-479.23,0.18,15.85,6.31
Residential,0.58,3.66,11.47,-14.97,0.14,8.96,-32774.92,-51.31,1810.64,-0.04,7.73,12.94
Residential,0.23,4.06,-4.92,7.84,1.05,-1.04,507471.76,4897.54,7831.9,-0.17,8.94,11.19
Residential,0.04,-4.08,12.33,-11.69,1.55,-1.04,-414771.43,108.53,-4680.57,0.05,6.02,16.62
Residential,-1.15,-0.54,-11.06,-26.54,2.06,-1.04,-147372.48,-3802.6,-3812.77,-0.06,13.4,7.46
Residential,-0.72,-0.46,-16.28,33.24,-1.12,-1.04,-151470.39,-2737.62,-3512.76,-0.14,20.28,4.93
Residential,0.73,-0.52,-7.52,-10.25,-1.51,-11.04,156586.83,-2309.12,4555.8,-0.02,10.34,9.67
Residential,0.14,3.05,-0.66,-15.78,1.31,-1.04,457180.48,2134.28,3396.65,-0.15,11.92,8.39
Residential,-0.35,4.91,-11.45,-16.25,-1.04,-1.04,741008.59,2183.14,2263.58,0.04,25.0,3.88
Residential,0.48,-1.96,-9.64,-11.27,1.11,8.96,-38965.61,-432.3,-1170.68,-0.09,10.74,9.31
Residential,0.35,-1.83,10.32,31.22,1.85,-11.04,-102115.58,-1827.0,-1777.49,0.1,9.17,10.91
Residential,0.59,1.4,7.83,-19.97,2.03,-1.04,93196.47,328.08,-816.46,-0.04,11.81,8.47
Residential,0.11,-1.32,-8.13,-1.1,1.46,-1.04,-74273.19,-1674.2,187.4,-0.12,7.16,13.97
Residential,0.73,-1.58,14.84,7.72,1.46,-11.04,-75084.35,-430.95,2648.43,0.15,5.22,19.15
Residential,-0.42,-4.07,4.77,-19.26,0.98,8.96,-408803.96,-3404.17,-5095.68,0.05,5.96,16.77
Residential,-0.72,-2.42,-4.94,4.24,2.33,8.96,-302700.32,1723.32,-4021.74,0.16,9.62,10.39
Residential,1.05,-3.72,4.09,-9.71,-0.01,-1.04,-259023.05,-643.22,-3912.22,-0.05,14.79,6.76
Residential,-0.55,0.5,0.62,4.47,2.15,8.96,13378.23,-2217.29,1572.32,0.15,6.57,15.23
Residential,0.34,2.56,10.89,-24.92,1.6,-1.04,433840.87,2428.55,7554.77,0.04,7.7,12.99
Residential,-0.63,2.55,3.51,-24.42,-2.58,8.96,202407.75,4003.77,66.17,-0.18,25.0,3.13
Residential,-1.21,-3.34,-17.19,29.46,-2.61,8.96,-143094.28,-2451.33,-4421.82,0.03,25.0,1.96
Residential,-0.55,2.84,-10.97,-0.33,-0.07,-1.04,406963.56,-400.45,6706.5,0.18,9.71,10.3
Residential,0.55,-2.65,-9.18,-7.28,-2.42,-1.04,-144721.95,-140.3,-2231.55,0.17,21.41,4.67
Residential,0.55,-4.6,-9.16,-4.39,1.9,-1.04,-388152.57,-1791.21,-5631.97,0.2,16.75,5.97
Residential,-0.71,3.45,-0.66,-30.27,1.27,-1.04,584908.49,-2568.91,4409.93,0.17,11.63,8.6
Residential,0.98,-0.21,8.96,34.68,-2.3,-1.04,273969.06,-1046.67,827.6,0.06,23.36,4.28
Residential,-0.98,-3.42,-16.37,22.9,0.21,8.96,-317904.06,1461.8,-4054.41,0.01,12.97,7.71
Residential,-0.94,1.38,-5.25,-24.59,-2.42,-11.04,361121.09,-1716.55,2285.95,0.12,21.51,4.65
Residential,0.18,0.83,11.2,12.85,0.16,-1.04,90082.19,-3203.57,947.45,0.09,10.48,9.54
Residential,-0.55,4.77,6.54,14.58,0.66,-11.04,421909.58,411.36,3255.46,0.17,12.41,8.06
Residential,1.23,-4.45,1.82,-0.06,-1.68,-1.04,-449203.77,-1477.18,-5019.82,0.04,11.61,8.61
Residential,1.05,-3.73,11.4,-26.44,2.51,-11.04,-287378.8,-1102.55,-2656.86,-0.17,5.33,18.75
Residential,1.08,-2.61,12.37,15.49,-2.32,8.96,-113933.42,-4132.81,-1431.0,0.06,15.06,6.64
Residential,1.11,-4.2,4.53,-9.09,-2.67,-1.04,-404054.92,-3677.5,-3617.75,-0.09,6.34,15.78
Residential,0.42,3.33,6.4,-23.59,-0.26,-1.04,465178.74,-2780.42,1800.96,-0.06,16.81,5.95
Residential,0.82,0.34,-4.73,23.54,-2.7,-1.04,-126115.23,1532.11,2232.8,-0.0,10.49,9.53
Residential,-1.06,-4.12,-14.74,23.63,-2.27,-11.04,-359917.45,-1067.22,-5043.17,0.2,25.0,2.37
Residential,-0.75,1.44,-0.78,5.15,-1.1,-1.04,103361.09,598.07,1872.92,-0.06,12.55,7.97
Residential,-0.87,4.36,3.32,16.12,-0.96,-1.04,344767.52,2783.41,-1010.05,-0.14,25.0,3.24
Residential,-0.78,-3.62,-15.42,-25.53,-1.87,-11.04,-350197.09,-455.58,-5092.07,0.08,25.0,2.06
Residential,-1.03,-4.32,-7.41,31.71,0.4,-11.04,-400045.45,2238.92,-5622.19,-0.09,25.0,0.0
Residential,0.01,0.62,-11.15,26.15,-2.44,-1.04,506606.4,1048.15,5804.56,-0.18,18.55,5.39
Residential,0.14,0.89,-10.61,-21.06,2.74,-1.04,65512.57,3199.75,2966.08,-0.1,6.15,16.25
Residential,-1.0,4.02,-4.87,-29.66,-0.23,-11.04,741504.13,3054.2,2624.52,-0.15,21.69,4.61
Residential,-0.09,-2.77,-8.36,4.92,0.78,-1.04,-289517.75,1886.47,-2546.12,-0.05,7.19,13.9
Residential,0.24,-4.93,12.82,-31.2,0.75,8.96,-423049.43,-1875.36,-5514.12,0.19,10.71,9.34
Residential,0.46,2.02,11.9,11.68,1.38,-1.04,-49737.97,-1939.17,5186.22,-0.2,4.27,23.42
Residential,0.96,2.18,-3.26,-14.61,-1.23,-1.04,186294.11,2648.97,1417.63,-0.09,16.53,6.05
Residential,-0.52,-3.23,-13.69,29.98,0.15,8.96,-346321.19,-1084.6,-4668.51,0.01,12.94,7.73
Residential,0.03,-2.28,-10.15,32.93,1.94,-11.04,-197829.51,-3631.64,-846.96,-0.16,5.32,18.79
Residential,-0.79,-1.59,3.28,16.83,-1.83,-1.04,-210929.57,-4289.93,-4156.37,-0.02,22.52,4.44
Residential,-0.22,-4.28,-8.34,-3.63,-1.43,8.96,-297493.04,-611.67,-3968.02,-0.12,17.3,5.78
Residential,-0.46,4.28,-14.22,12.98,-2.28,8.96,276611.57,4189.04,4379.06,0.18,16.81,5.95
Residential,0.3,4.92,3.11,23.06,-0.14,-1.04,474808.83,2169.26,4691.42,-0.08,13.05,7.66
Residential,-0.48,2.54,-3.88,31.99,-2.72,-11.04,-129420.82,2206.59,540.39,0.17,14.08,7.1
Residential,-1.23,4.13,-10.85,22.92,1.93,8.96,283206.32,2735.59,1774.0,-0.14,10.99,9.1
Residential,0.69,0.57,12.27,-21.05,2.35,8.96,37737.36,-1604.58,-340.18,0.09,9.04,11.06
Residential,0.4,2.13,-1.39,-6.22,2.58,-1.04,87072.01,3719.51,3585.93,-0.18,6.12,16.35
Residential,1.15,4.42,-4.6,2.32,-1.32,-1.04,1167319.36,5853.07,11859.82,-0.03,16.75,5.97
Residential,-0.41,-4.86,0.08,-34.45,0.9,8.96,-424182.53,-907.75,-6011.7,0.06,25.0,0.0
Residential,-0.86,-1.93,-6.61,-13.23,0.11,-1.04,-10364.68,-3763.41,-2196.97,-0.02,15.15,6.6
Residential,-0.36,-3.92,6.69,27.17,-2.43,-1.04,-398046.82,-1517.76,-4432.66,-0.03,12.74,7.85
Residential,0.95,2.92,-4.99,-31.32,-1.7,8.96,285930.25,1833.01,11050.77,0.17,8.35,11.97
Residential,-1.03,-3.08,-14.7,4.98,-2.42,8.96,-178096.94,-2719.6,-3506.06,0.1,25.0,3.97
Residential,1.19,2.91,4.25,-23.07,0.99,-11.04,142752.19,688.74,4321.99,-0.15,7.31,13.68
Residential,0.18,-4.19,-7.94,34.34,-2.31,8.96,-297696.25,-1598.88,-4505.52,0.17,25.0,3.4
Residential,-1.18,-4.53,4.57,-31.46,-0.59,8.96,-406851.28,-3641.83,-5507.75,-0.07,12.5,8.0
Residential,-0.69,1.06,8.18,10.47,0.23,-1.04,347139.54,4038.82,2263.76,-0.12,14.47,6.91
Residential,0.4,1.61,-1.65,-26.54,0.35,-1.04,430371.12,-862.03,7913.86,0.2,8.53,11.73
Residential,-0.11,1.45,-7.99,17.05,-1.31,-11.04,161306.39,-3665.66,2349.71,-0.04,12.38,8.08
Residential,0.04,-3.89,-11.81,18.56,0.84,8.96,-358711.06,-3292.76,-4805.0,0.18,9.17,10.9
Residential,-0.24,2.25,-13.36,15.4,-2.61,8.96,27665.37,-1128.7,1832.32,-0.16,14.51,6.89
Residential,0.87,1.18,14.75,9.76,-2.61,-1.04,202482.88,-4646.34,644.02,-0.04,20.88,4.79
Residential,-0.8,-3.17,-7.42,18.06,-0.39,8.96,-328699.1,-3103.71,-4820.52,0.19,14.97,6.68
Residential,0.47,0.92,-0.98,19.0,0.55,-1.04,204164.31,1249.93,919.42,0.15,13.05,7.66
Residential,0.88,3.15,16.94,-15.21,1.83,-1.04,-75873.37,5838.73,380.99,0.08,7.58,13.2
Residential,0.31,3.16,-2.3,-0.5,1.75,-1.04,261701.22,1396.57,5692.74,0.15,7.05,14.19
Residential,-0.35,0.11,-10.15,-30.66,1.46,8.96,197053.2,3206.59,-1025.65,0.05,16.84,5.94
Residential,-0.17,-4.76,-10.28,31.33,-2.5,-1.04,-372131.05,-1122.15,-4778.14,-0.01,25.0,3.77
Residential,-0.6,-2.23,2.84,-4.56,-1.34,8.96,-288760.76,-149.03,-2477.27,-0.13,9.69,10.32
Residential,-1.13,-1.73,-0.84,-10.99,-1.6,8.96,-66704.8,290.3,-2584.95,0.18,24.63,4.06
Residential,-0.93,1.41,-1.07,-33.04,-2.47,8.96,126776.36,-2550.43,290.31,0.11,20.24,4.94
Residential,0.72,-1.06,2.66,15.89,-0.59,-1.04,-299054.68,1810.08,-1649.47,0.12,6.7,14.93
Residential,-0.65,4.12,-9.84,-13.52,2.66,-1.04,215943.8,1777.15,364.37,0.19,11.12,8.99
Residential,0.41,3.09,-9.43,-16.61,1.38,-1.04,254417.2,789.77,4272.38,0.19,8.28,12.08
Residential,0.04,1.49,8.88,-14.66,-2.51,-1.04,168730.79,3251.75,278.92,-0.09,25.0,3.65
Residential,-0.07,-3.03,1.64,26.51,1.29,8.96,-335624.26,-124.14,-3909.86,-0.0,7.67,13.03
Residential,-0.76,-0.37,-8.15,-8.96,-0.91,-11.04,-185463.86,-3095.16,-746.22,-0.07,8.25,12.12
Residential,1.01,-2.59,-2.16,-22.83,2.59,-1.04,-327135.91,297.9,-1887.5,-0.06,3.48,28.7
Residential,-0.4,2.77,-6.92,19.03,-0.26,-11.04,273931.99,-2232.12,307.79,0.08,16.64,6.01
Residential,0.63,3.28,10.72,23.83,-2.36,8.96,157880.79,1182.3,8770.74,-0.14,9.2,10.87
Residential,-0.56,-1.68,1.85,33.45,1.06,-1.04,-138385.51,1941.06,-1298.46,0.05,9.09,11.0
Residential,0.85,-4.73,16.26,29.88,0.89,-1.04,-455865.13,-641.82,-5423.23,0.05,10.55,9.48
Residential,-0.03,-4.22,-4.95,29.82,2.4,8.96,-377705.17,-696.45,-3630.62,0.03,3.82,26.2
Residential,-1.0,1.3,-7.47,-24.84,2.43,-1.04,75439.86,943.07,-1795.83,0.01,13.66,7.32
Residential,0.36,-4.45,12.96,-13.55,-1.52,-11.04,-368859.38,2070.27,-5647.14,0.05,25.0,0.0
Residential,0.77,-4.36,9.17,31.07,1.94,-1.04,-354564.39,-4289.77,-4961.17,-0.13,8.39,11.92
Residential,0.54,1.06,7.98,2.08,2.01,-1.04,19277.88,528.92,5320.66,0.18,4.68,21.38
Residential,-0.29,-4.82,-12.13,17.73,-1.09,-11.04,-443343.99,-3224.04,-5820.97,-0.03,25.0,3.12
Residential,-1.08,-3.68,0.31,-9.9,-2.11,8.96,-319529.58,1423.48,-5366.34,0.01,25.0,0.0
Residential,0.11,2.25,0.4,21.16,1.11,-1.04,-75316.85,-166.41,3628.45,-0.13,4.91,20.36
Residential,-0.2,3.06,-10.52,30.88,1.94,-11.04,77934.72,807.32,-56.11,-0.15,10.19,9.81
Residential,1.12,3.99,-5.4,-22.12,0.39,-1.04,351237.41,-2633.9,3915.1,0.14,10.63,9.41
Residential,-0.71,1.67,-14.87,30.58,2.3,-1.04,-183585.02,1463.68,16.09,0.12,5.08,19.69
Residential,0.71,-4.65,13.13,-12.84,-1.13,-1.04,-439870.82,-1877.83,-5176.59,0.13,11.76,8.5
Residential,1.09,0.62,7.04,-17.32,1.1,-1.04,95008.6,-4106.45,-673.58,-0.09,11.79,8.48
Residential,1.14,-4.72,13.21,21.91,-2.15,-11.04,-352606.38,-117.73,-3811.84,0.19,14.14,7.07
Residential,-0.02,1.69,-7.28,-3.73,-2.61,-1.04,-14752.85,-2015.08,1301.81,-0.05,13.91,7.19
Residential,-0.64,-0.26,-15.21,15.05,1.25,8.96,-102206.81,-1626.18,-899.87,-0.07,8.26,12.1
Residential,0.59,-4.13,13.31,26.82,-0.54,-1.04,-306807.41,845.6,-4612.9,0.19,25.0,4.0
Residential,-1.05,1.67,4.39,-0.26,-0.56,8.96,89283.86,3793.06,-1528.04,0.19,23.09,4.33
Residential,-0.87,-3.59,-9.86,-7.26,0.12,-11.04,-362916.34,-1580.17,-4575.19,0.06,10.44,9.58
Residential,1.17,3.97,18.5,33.87,-0.14,-1.04,771256.75,4937.71,9641.05,-0.07,11.83,8.45
Residential,-0.23,-0.58,-7.99,31.75,0.04,-1.04,167978.39,1279.4,26.83,-0.11,15.48,6.46
Residential,0.27,-2.94,-4.45,24.03,-0.09,-1.04,-274604.34,-2763.97,-3581.56,0.11,10.5,9.52
Residential,-1.09,2.86,-15.5,-34.53,1.41,-1.04,615978.57,1683.75,6400.9,0.1,10.31,9.7
Residential,-0.11,-3.33,-5.35,-23.23,1.41,8.96,-246829.1,2632.13,-3063.93,-0.05,9.99,10.01
Residential,0.69,2.76,13.92,1.64,1.94,8.96,390520.13,147.75,5508.16,-0.01,8.14,12.28
Residential,-0.33,0.8,2.05,-22.8,-2.01,8.96,40582.01,-2491.11,142.96,0.19,16.03,6.24
Residential,1.16,4.47,16.81,-23.57,-1.09,-1.04,617104.91,3148.49,2780.25,-0.09,22.32,4.48
Residential,0.1,2.12,-4.61,-19.29,2.67,-1.04,144917.23,3717.28,1568.41,0.1,8.56,11.68
Residential,0.49,1.15,-6.9,20.38,0.54,8.96,-152840.14,-568.79,-1152.63,0.14,8.49,11.78
Residential,0.13,-1.36,1.43,0.97,2.11,-11.04,153746.77,2794.55,1807.56,0.06,8.87,11.28
Residential,-0.71,0.34,-12.55,-8.77,0.18,8.96,110860.31,495.62,-1544.01,0.01,18.59,5.38
Residential,-0.83,-2.15,-10.07,23.2,-0.76,-1.04,-236367.04,2376.52,-4730.13,0.1,25.0,1.59
Residential,-0.37,-0.65,1.55,18.65,-2.53,-1.04,-20503.08,2281.94,-2122.04,-0.03,25.0,2.84
Residential,-0.64,4.63,4.22,-4.63,-1.26,8.96,588211.16,1141.7,2986.55,-0.09,21.01,4.76
Residential,-0.77,5.0,-15.17,-15.64,1.64,-1.04,1103072.1,2739.71,6553.02,-0.06,14.49,6.9
Residential,-0.4,3.33,-3.6,20.27,-0.38,-1.04,589892.53,2567.65,5173.04,0.18,14.62,6.84
Residential,0.03,-4.35,-1.01,-30.28,-2.08,-1.04,-286423.96,1698.27,-4275.18,-0.15,25.0,2.3
Residential,0.87,-4.21,15.45,18.67,0.16,-1.04,-371726.88,2274.42,-4426.04,0.07,12.22,8.18
Residential,0.48,-2.58,-2.0,-5.26,0.33,8.96,-296635.01,2603.22,-3896.1,-0.02,14.35,6.97
Residential,-0.95,1.94,-11.17,20.88,2.72,-1.04,98783.76,-97.1,1597.56,0.1,7.45,13.43
Residential,-1.13,4.54,2.02,5.47,-1.92,-11.04,243495.2,2591.66,3523.25,0.14,15.7,6.37
Residential,1.08,4.28,1.3,13.31,2.28,-1.04,287873.2,-940.46,2043.63,-0.14,9.75,10.26
Residential,0.14,1.39,-3.5,-34.08,-1.99,-1.04,77355.81,-2138.65,-441.59,-0.13,19.16,5.22
Residential,-0.15,-4.28,-3.95,31.05,2.09,-1.04,-386157.03,1443.15,-5562.98,-0.1,25.0,2.88
Residential,0.33,1.71,-10.37,-15.19,0.1,8.96,73098.98,2849.72,3437.85,-0.13,8.32,12.02
Residential,-1.09,-2.0,-0.04,-7.12,0.18,-1.04,-87391.46,1149.71,-2679.85,0.17,17.3,5.78
Residential,-1.15,0.55,-3.78,-22.77,-2.07,8.96,-213.93,2618.01,-2128.26,0.11,25.0,3.08
Residential,0.2,-1.43,-5.5,34.15,0.62,-1.04,-269033.41,-2632.09,-3552.97,-0.17,9.62,10.4
Residential,0.41,-2.08,8.2,-29.12,-2.3,8.96,-269442.54,1677.47,-3370.48,-0.12,24.27,4.12
Residential,0.06,1.0,-11.97,13.66,-1.08,-1.04,36118.63,2992.6,-450.66,0.01,17.42,5.74
Residential,-0.01,2.47,-8.88,-5.92,0.09,8.96,480194.82,-1123.65,3507.84,0.13,13.66,7.32
Residential,0.01,3.46,-4.65,7.95,2.22,-1.04,431277.88,1250.09,3924.12,0.13,9.7,10.31
Residential,1.19,1.92,4.88,25.3,1.36,8.96,67181.3,1810.42,2429.67,-0.04,7.63,13.11
Residential,0.17,3.04,10.42,-8.39,-2.48,-11.04,8416.76,2082.57,2372.6,-0.02,13.76,7.27
Residential,-0.83,3.52,-12.29,-30.66,2.27,-1.04,707413.73,26.34,3334.77,-0.2,13.25,7.55
Residential,-0.14,-4.69,10.43,28.86,2.73,-1.04,-425291.38,497.59,-5987.64,0.09,25.0,0.0
Residential,1.2,0.1,17.52,-1.61,1.84,-1.04,-174631.44,-4459.32,255.12,-0.02,4.81,20.81
Residential,-1.12,1.74,-18.54,21.88,2.16,-1.04,298276.18,2610.95,877.2,-0.04,12.36,8.09
Residential,-0.74,-1.35,0.32,29.01,-1.51,8.96,-181424.04,1539.87,-4100.52,-0.01,25.0,2.34
Residential,1.16,4.76,13.68,6.09,2.56,-1.04,67572.28,657.49,2617.13,-0.19,6.37,15.7
Residential,-0.43,-0.15,4.75,-15.41,-1.99,8.96,-34391.15,-1205.94,-1979.29,-0.02,22.32,4.48
Residential,-0.32,-1.92,-5.6,-27.42,-1.53,-1.04,-228176.3,825.26,-4162.84,0.11,25.0,2.92
Residential,0.01,4.73,3.94,-4.31,1.32,-1.04,599182.18,-1042.09,11949.3,-0.08,6.92,14.46
Residential,0.95,4.76,-1.19,12.94,0.06,-1.04,593480.28,3855.16,16006.18,0.12,6.82,14.67
Residential,0.87,0.41,4.51,-11.99,-0.29,8.96,-73216.02,-967.09,3879.39,-0.11,5.8,17.24
Residential,0.32,-0.82,-8.76,-19.84,2.17,-1.04,-18216.83,1401.72,1361.13,0.04,6.63,15.09
Residential,0.3,1.36,-2.85,-14.49,0.05,-1.04,353347.05,-3900.75,5056.0,0.07,9.88,10.12
Residential,-0.96,4.72,-15.86,-3.35,-2.18,-1.04,334752.94,1024.11,4374.14,-0.17,16.53,6.05
Residential,0.43,1.91,-1.22,2.01,-2.55,-1.04,252922.06,-2155.25,3408.84,0.1,16.72,5.98
Residential,0.06,-3.83,10.58,30.02,0.26,-11.04,-367307.86,-564.69,-4884.13,0.2,14.37,6.96
Residential,0.87,-0.92,-1.72,6.04,2.06,-1.04,-201182.91,3628.04,-1754.52,0.19,7.47,13.38
Residential,-0.61,-0.51,-3.83,28.95,1.81,-11.04,-163461.0,2149.32,-2703.02,0.16,11.15,8.97
Residential,-1.13,-4.43,-15.68,-30.35,-2.54,8.96,-429508.41,-3750.81,-5307.36,0.2,12.72,7.86
Residential,0.58,1.16,-3.97,20.97,1.8,-1.04,69897.35,3608.94,-2515.54,-0.15,19.57,5.11
Residential,0.72,-2.86,-6.66,19.93,-2.51,-1.04,-250411.92,2505.63,-3080.61,-0.15,25.0,3.69
Residential,-0.78,2.04,2.01,34.14,0.9,-1.04,355129.87,-2528.78,-212.68,-0.01,16.89,5.92
Residential,-0.72,3.4,-3.32,32.39,-1.3,-1.04,437826.77,2717.95,3775.27,0.01,17.09,5.85
Residential,0.2,-2.94,-7.15,24.83,-1.23,-1.04,-246253.75,-891.24,-1911.56,-0.18,9.6,10.42
Residential,1.22,-3.77,-1.49,3.96,-1.66,-1.04,-315012.08,2820.92,-3203.05,-0.14,15.15,6.6
Residential,-0.46,1.91,7.02,-26.63,1.3,-11.04,-128346.75,2099.7,-2654.27,-0.12,13.19,7.58
Residential,-1.25,1.32,-12.31,30.01,-0.43,-11.04,307932.72,1671.81,-1781.25,0.14,25.0,3.25
Residential,0.73,0.57,9.77,-6.11,-1.01,-1.04,28405.98,-112.22,1805.5,-0.2,10.65,9.39
Residential,-1.21,-0.78,-1.22,-33.61,0.69,-1.04,-279311.29,-100.52,-4594.44,0.18,18.73,5.34
Residential,0.85,1.05,16.13,9.02,-2.22,-1.04,19117.98,3563.63,2277.25,-0.0,13.91,7.19
Residential,-0.65,-3.31,-14.74,34.4,-1.68,-11.04,-293668.54,1127.7,-4363.45,-0.14,25.0,2.99
Residential,0.1,-0.14,11.0,-20.02,0.4,-11.04,-157232.0,-2254.01,-1291.5,0.09,8.4,11.9
Residential,0.04,-4.66,-11.61,-24.68,-2.67,-1.04,-382607.51,2450.45,-5499.95,0.11,25.0,0.0
Residential,0.04,-3.18,-1.09,22.97,0.54,8.96,-152253.7,274.35,-2915.44,-0.03,14.03,7.13
Residential,-1.11,-2.0,3.69,10.28,-1.28,-1.04,-264735.2,2455.92,-3334.29,0.06,18.52,5.4
Residential,0.5,1.54,7.93,-1.6,-1.82,8.96,-21676.82,4381.52,-1424.81,0.18,25.0,3.95
Residential,0.95,-1.02,-1.05,21.14,-0.23,8.96,142242.85,18.24,1298.13,0.16,12.33,8.11
Residential,0.47,-1.4,13.87,31.12,-2.67,-1.04,12467.71,-2327.1,-1409.18,0.11,24.1,4.15
Residential,-0.06,3.76,7.94,-8.9,2.28,-11.04,418093.07,-1235.64,5220.61,0.09,8.19,12.21
Residential,-0.73,-0.24,5.71,-31.2,1.82,-1.04,-134992.74,-1031.07,-1607.81,-0.19,8.22,12.16
Residential,-0.87,-4.74,-10.36,3.89,1.99,8.96,-417944.4,-572.32,-4993.2,-0.12,5.36,18.67
Residential,0.31,-0.57,-3.17,-29.61,2.1,-1.04,159381.88,2710.22,199.18,-0.18,11.39,8.78
Residential,0.04,-1.18,-7.21,16.49,-2.36,8.96,-111640.38,-2711.43,-848.71,-0.01,14.41,6.94
Residential,0.16,-4.0,8.43,-11.3,1.57,-1.04,-373064.8,-91.7,-5074.7,-0.15,12.39,8.07
Residential,-0.0,3.57,-6.98,21.04,2.57,-1.04,-31916.6,-371.1,3976.63,0.13,4.42,22.61
Residential,0.76,0.57,-7.29,13.47,0.85,8.96,294884.23,-3437.63,5069.08,0.11,8.28,12.08
Residential,-0.43,-3.14,7.63,32.92,-0.07,-1.04,-191179.77,2900.96,-3918.76,0.07,25.0,3.74
Residential,0.33,2.86,13.39,9.73,2.3,-1.04,319481.1,-1293.0,3408.62,0.09,8.64,11.57
Residential,-0.34,1.89,8.43,-22.14,-2.5,-1.04,-61105.07,-1264.74,-3118.42,-0.15,25.0,2.86
Residential,1.18,-2.71,16.81,29.28,-1.12,-1.04,-270751.3,-600.36,-3061.63,0.01,12.14,8.24
Residential,0.17,4.99,-2.5,33.8,-1.78,-1.04,844155.76,2532.4,4102.07,-0.05,25.0,3.81
Residential,-0.03,-3.14,7.76,-4.18,-0.84,-1.04,-306630.39,-176.64,-2636.41,0.11,8.23,12.15
Residential,-0.06,-2.55,-9.45,-6.03,-1.85,-1.04,-290618.16,-3029.02,-3144.73,0.17,11.36,8.8
Residential,-0.24,-2.03,3.58,12.69,-2.47,-11.04,-188117.35,592.22,-1825.67,-0.12,17.36,5.76
Residential,-0.83,-4.93,3.09,-19.55,2.34,8.96,-444751.35,-4557.01,-5047.56,0.05,2.97,33.7
Residential,0.73,4.09,-1.26,6.45,-1.14,-1.04,307734.89,-1772.83,6127.14,-0.12,10.54,9.49
Residential,0.37,4.76,-1.57,-10.95,-0.47,8.96,335695.47,1971.33,6199.03,-0.01,10.18,9.82
Residential,0.17,3.27,-2.02,14.75,-1.76,-1.04,52821.36,1775.85,1393.27,-0.14,14.43,6.93
Residential,-0.83,-2.51,4.45,27.43,1.6,-1.04,-285011.54,2210.63,-4795.66,-0.0,23.31,4.29
Residential,-0.81,-3.62,-12.28,-23.15,2.7,-1.04,-404428.81,965.1,-4940.82,-0.16,7.28,13.74
Residential,0.37,-4.53,13.63,-13.69,-1.41,-1.04,-389621.7,-369.52,-4974.68,0.07,20.83,4.8
Residential,-0.51,2.26,3.97,11.31,-0.38,-1.04,102063.72,3960.98,-152.44,-0.07,16.58,6.03
Residential,0.62,-3.75,-5.64,-21.01,0.36,-1.04,-346596.12,1930.94,-3950.06,0.06,9.87,10.13
Residential,1.04,-2.04,5.15,24.81,2.17,-1.04,-225642.21,2105.38,-1464.9,-0.07,5.98,16.72
Residential,0.73,3.16,-3.55,-33.97,2.57,8.96,491734.81,-1251.25,6308.83,0.09,7.84,12.75
Residential,-0.81,2.3,2.59,-12.04,0.86,-1.04,391066.19,4114.06,-156.5,0.05,20.33,4.92
Residential,-0.2,-3.79,3.94,7.0,2.06,-11.04,-310437.86,1973.5,-5193.33,0.16,25.0,3.32
Residential,-0.96,-1.06,2.27,6.56,-2.07,8.96,-113206.59,-2927.96,1269.64,0.12,9.42,10.62
Residential,-0.19,-1.38,-7.88,3.51,-0.46,-11.04,-125264.09,1933.19,-1330.53,-0.05,12.3,8.13
Residential,-0.36,-2.95,-9.78,-28.73,0.4,-1.04,-299972.91,2909.3,-2963.93,-0.05,8.85,11.3
Residential,-0.87,3.92,-4.78,22.15,-2.57,8.96,707922.7,-584.97,9301.06,-0.2,17.04,5.87
Residential,-1.15,-0.32,-5.17,26.39,1.72,-1.04,-167551.98,-170.93,-406.89,0.05,6.01,16.63
Residential,0.19,1.71,3.82,15.09,-2.58,8.96,539994.04,-169.32,4060.71,-0.05,22.99,4.35
Residential,1.05,-4.92,14.78,28.31,2.64,8.96,-389166.53,1572.86,-4853.73,0.03,7.95,12.58
Residential,1.12,-3.87,15.96,0.96,-1.26,-1.04,-365083.41,1732.67,-2388.72,-0.18,5.88,17.02
Residential,-0.65,-4.18,-0.17,12.23,-1.8,8.96,-380917.23,1759.96,-5465.27,-0.12,25.0,0.0
Residential,-0.66,1.23,-0.72,7.23,1.44,-11.04,-57299.63,973.02,2595.81,-0.04,5.61,17.82
Residential,0.78,3.69,7.49,-3.54,2.23,8.96,141614.36,-3589.05,-414.82,-0.16,10.8,9.26
Residential,-0.23,4.54,-6.02,-3.72,0.75,-1.04,135388.31,1129.7,4859.39,-0.07,7.12,14.05
Residential,0.82,-4.81,4.19,29.81,-2.36,-1.04,-413021.83,-3465.11,-5820.79,-0.08,25.0,1.64
Residential,0.76,-1.87,3.39,-7.5,-1.82,8.96,-144048.24,437.95,-2303.95,-0.09,19.27,5.19
Residential,0.54,-2.7,5.49,14.02,1.14,-1.04,-304872.03,1048.57,-4210.7,-0.0,12.45,8.03
Residential,0.48,0.99,13.55,-20.59,-2.5,-1.04,-148173.88,-2874.63,-2283.62,0.16,18.55,5.39
Residential,0.48,-4.47,12.15,-33.25,-0.99,-1.04,-314294.4,-3441.98,-4399.91,-0.1,13.76,7.27
Residential,-0.0,0.03,2.67,17.48,-1.1,8.96,-208292.07,2059.04,-1043.66,0.1,9.94,10.06
Residential,-0.75,3.36,-13.24,-1.74,1.24,8.96,-170655.68,258.42,-1429.48,-0.09,7.87,12.71
Residential,0.7,-2.51,-5.2,28.63,2.15,-1.04,-307294.74,-4418.36,-3939.33,-0.19,6.8,14.71
Residential,-0.85,-2.88,-13.04,5.93,2.02,-1.04,-275759.83,-2526.2,-4820.22,0.14,14.6,6.85
Residential,0.75,-4.63,-4.91,32.23,1.73,8.96,-379849.13,2449.14,-4712.59,-0.15,10.19,9.81
Residential,0.4,-3.1,0.12,5.16,0.39,8.96,-238798.26,2202.8,-2439.01,0.06,9.68,10.33
Residential,0.72,1.05,-6.28,-18.34,0.29,8.96,-89497.4,-1057.57,-1149.36,0.16,10.44,9.58
Residential,-0.41,3.05,-4.76,-1.6,1.13,8.96,157420.3,4344.35,-539.83,0.01,15.41,6.49
Residential,0.51,-2.52,3.84,20.9,1.39,-1.04,-314542.24,-939.27,-3287.77,-0.02,6.46,15.47
Residential,0.84,1.27,16.15,35.14,1.5,8.96,174537.26,1195.54,-949.6,-0.05,15.15,6.6
Residential,-0.43,1.73,-2.08,-34.6,1.39,-1.04,244924.48,730.48,3587.73,0.14,8.75,11.43
Residential,0.79,0.37,-4.29,21.56,1.3,8.96,70087.78,3949.88,5861.92,0.2,5.56,18.0
Residential,0.74,-3.37,-4.66,34.93,-1.86,-1.04,-306329.73,-3228.32,-4333.27,-0.01,17.3,5.78
Residential,0.4,2.75,6.01,8.76,-1.39,-1.04,662495.06,1605.17,2932.97,-0.15,23.42,4.27
Residential,-0.78,-2.25,-4.98,0.28,-0.15,8.96,-283984.13,-1314.92,-3606.77,-0.0,11.09,9.02
Residential,-0.44,4.31,-6.1,25.96,0.29,-1.04,554851.45,2853.41,6871.46,0.05,11.01,9.08
Residential,0.35,-2.09,0.2,-14.6,-2.69,8.96,-179771.88,1291.45,1044.81,-0.11,10.48,9.54
Residential,-1.1,-3.79,-5.0,-18.16,0.18,-11.04,-387235.27,-2065.02,-5211.25,-0.12,14.93,6.7
Residential,-0.57,3.84,-10.44,-13.06,-1.81,-11.04,8054.41,5449.92,1445.94,-0.01,14.75,6.78
Residential,-0.31,4.32,-4.93,34.39,-1.62,8.96,985992.38,837.84,8056.22,-0.09,19.19,5.21
Residential,-1.11,-0.42,0.75,4.91,-1.38,8.96,1890.2,811.78,-4338.73,0.05,25.0,1.35
Residential,0.37,-1.45,8.28,33.19,-2.69,-11.04,-162886.09,-3300.99,-1877.48,0.15,16.31,6.13
Residential,0.25,-3.96,-1.96,30.71,1.52,-1.04,-273436.21,939.73,-4228.08,-0.11,13.91,7.19
Residential,-0.17,-4.13,3.89,19.24,1.39,-1.04,-334975.6,-1386.98,-4162.39,-0.15,8.02,12.47
Residential,-1.1,-1.91,-10.76,-28.34,-1.9,-1.04,-156190.49,3084.85,-4189.14,-0.15,25.0,1.18
Residential,-0.47,-3.86,-12.24,-26.39,1.23,-1.04,-371503.36,1836.17,-3640.54,-0.18,5.53,18.07
Residential,1.08,-1.75,6.5,22.46,-0.72,-1.04,-264170.54,2897.48,-1018.1,-0.06,7.39,13.54
Residential,0.86,-3.8,-0.15,-6.76,1.69,-11.04,-404563.71,2286.16,-4418.08,-0.02,7.47,13.38
Residential,-0.49,1.24,7.95,-31.99,0.71,-1.04,495854.61,3280.21,4108.79,0.1,12.66,7.9
Residential,0.12,-3.53,-10.09,-34.06,-2.23,-11.04,-341430.54,-2385.96,-4273.89,-0.12,15.95,6.27
Residential,-0.0,3.79,4.69,29.76,-0.84,-1.04,360261.15,-1952.07,6406.59,0.07,10.43,9.59
Residential,0.94,-4.6,-0.3,3.89,-2.58,-1.04,-414215.9,1935.76,-4895.7,-0.08,25.0,0.0
Residential,-0.11,-1.45,-12.28,7.14,-0.57,8.96,-140538.02,-2974.08,-1343.05,0.13,10.19,9.81
Residential,-0.96,-3.66,-2.18,-15.36,0.44,8.96,-317657.47,267.51,-3666.55,-0.01,9.18,10.89
Residential,-0.45,-1.07,-9.51,3.18,-2.65,8.96,-62138.32,3249.22,-2081.49,-0.14,25.0,2.8
Residential,1.25,-1.65,16.0,20.99,1.74,-11.04,10887.78,2229.08,1707.9,-0.09,7.18,13.93
Residential,-0.11,0.28,3.43,-8.13,1.24,-1.04,-13012.74,500.57,-3619.42,-0.07,24.1,4.15
Residential,-0.85,-1.41,-7.2,-7.06,0.68,-1.04,-204508.03,374.55,-3928.7,-0.01,17.73,5.64
Residential,-0.17,-1.53,4.83,30.36,1.1,-1.04,-201389.15,-2236.74,-1741.19,0.15,7.21,13.87
Residential,0.44,3.46,-4.2,9.69,2.04,-1.04,83873.74,51.53,11412.61,0.08,3.41,29.31
Residential,-0.36,-4.02,-6.74,-29.64,-0.62,8.96,-399457.94,-1066.44,-5081.0,-0.09,13.4,7.46
Residential,0.95,1.32,0.9,-15.78,-2.3,8.96,439178.19,-965.01,6226.9,0.15,15.53,6.44
Residential,0.66,-1.99,0.79,10.16,1.82,8.96,-184999.35,-3869.83,-3627.64,0.13,11.33,8.83
Residential,-0.36,4.17,-0.73,11.49,0.48,-1.04,251047.43,3604.97,5259.81,0.13,8.74,11.44
Residential,1.03,4.9,14.1,14.8,0.17,-1.04,725659.57,4433.42,6589.59,0.14,13.62,7.34
Residential,0.72,0.82,15.84,19.59,0.47,8.96,461405.71,-3403.86,6361.42,0.11,9.51,10.51
Residential,-1.09,5.0,-13.64,-17.92,-1.96,-1.04,304228.38,3899.32,5978.65,-0.1,13.62,7.34
Residential,0.8,1.97,7.57,31.3,-2.59,8.96,550328.73,3774.7,6851.06,0.1,19.27,5.19
Residential,-0.04,-4.85,7.0,-29.48,2.34,8.96,-437802.29,-2607.8,-5434.69,-0.1,5.45,18.35
Residential,-1.16,0.8,-15.58,23.8,2.6,-1.04,79216.75,-2077.09,-2968.29,0.01,17.09,5.85
Residential,-0.45,-1.95,-14.39,-2.38,0.87,-1.04,-265088.47,-501.87,-3336.36,-0.15,9.62,10.4
Residential,1.07,-0.35,-5.31,-10.51,2.1,8.96,11143.12,861.7,1893.7,-0.05,6.58,15.2
Residential,1.23,0.18,8.75,27.32,-0.99,-11.04,76612.75,-902.21,7248.15,0.18,6.66,15.01
Residential,-0.79,-1.17,-1.51,-16.36,-1.91,8.96,-170276.88,-1608.1,-3634.91,-0.09,25.0,3.8
Residential,0.51,-4.36,11.65,16.36,2.63,-1.04,-360243.72,1506.57,-5189.48,-0.13,16.31,6.13
Residential,-1.0,-0.8,-18.05,-33.74,-1.34,-1.04,-185374.12,-54.37,-4040.4,-0.02,25.0,3.22
Residential,-0.78,-0.64,-3.73,-14.56,2.1,8.96,128002.39,1688.34,431.68,0.05,10.22,9.78
Residential,-1.09,-1.65,0.37,15.73,2.62,8.96,-206893.73,500.48,-3100.49,0.12,9.24,10.82
Residential,-0.68,4.16,-13.96,-8.93,1.91,-1.04,557585.07,-2559.3,3172.17,0.1,11.89,8.41
Residential,-0.07,-2.47,-7.06,31.64,-0.94,-1.04,-305779.81,-2328.19,-4699.43,-0.12,19.65,5.09
Residential,-0.13,-2.05,-6.5,32.0,-1.83,-11.04,-327206.75,-676.69,-3179.35,-0.01,10.71,9.34
Residential,-0.36,-0.56,-5.07,-3.05,2.04,8.96,-76800.83,1266.64,-2046.28,-0.07,11.11,9.0
Residential,-0.14,-3.86,4.7,25.62,1.78,8.96,-303183.55,-4133.98,-3383.34,0.09,6.02,16.62
Residential,0.7,-0.73,5.05,-31.3,-1.96,8.96,-141168.27,-1378.21,-2749.18,-0.15,20.88,4.79
Residential,0.66,4.05,5.16,20.41,-0.74,-11.04,511196.45,-3630.57,12120.52,-0.02,8.18,12.22
Residential,-0.3,5.0,-6.07,28.19,-0.9,-1.04,316646.67,1486.82,7676.16,-0.15,9.43,10.61
Residential,-0.04,-4.41,2.83,-19.26,0.63,8.96,-365277.99,421.79,-4606.47,0.15,10.98,9.11
Residential,-0.28,3.7,3.23,7.15,0.09,8.96,582022.77,4978.26,7686.84,-0.03,11.16,8.96
Residential,-0.61,0.75,-9.99,11.89,-2.59,-11.04,79182.24,-2370.05,-914.58,-0.14,24.1,4.15
Residential,-0.72,2.0,-10.76,13.1,-0.57,-1.04,-98574.7,1275.11,2995.3,-0.08,6.49,15.41
Residential,0.21,-3.76,5.55,6.86,-1.27,8.96,-200045.83,1733.77,-3908.71,0.05,25.0,3.09
Residential,0.43,-1.66,8.54,-5.71,-1.28,-1.04,-291920.03,-699.85,-2308.5,-0.15,8.67,11.53
Residential,0.53,-4.67,10.48,-4.08,0.37,-1.04,-454059.18,-1198.22,-5792.43,-0.1,25.0,2.92
Residential,0.51,2.38,2.46,13.14,-2.37,-11.04,-42501.47,-1615.17,-352.4,-0.0,16.37,6.11
Residential,0.15,-3.77,2.07,7.09,0.35,-1.04,-223749.12,-2342.44,-4393.28,0.16,18.59,5.38
Residential,0.22,-2.61,7.72,-28.13,-2.15,-11.04,-213915.47,-358.8,-3601.01,-0.08,25.0,3.75
Residential,0.79,2.0,9.17,-30.99,-1.86,-1.04,-57678.32,-151.12,573.94,-0.06,12.52,7.99
Residential,0.75,4.75,-2.82,-15.09,-0.88,-11.04,579824.52,2459.33,3709.43,-0.13,18.32,5.46
Residential,0.58,-2.77,-7.34,-29.44,-2.27,8.96,-268985.79,2309.57,-1375.87,0.1,11.29,8.86
Residential,-0.81,-0.1,-12.76,-32.62,-1.67,-11.04,-194028.82,-833.6,-1780.8,-0.08,12.64,7.91
Residential,-0.12,-2.9,-5.16,-16.55,1.77,8.96,-209969.23,2178.27,-1235.78,0.02,6.38,15.67
Residential,-0.24,3.9,-10.11,-29.05,-0.43,8.96,298316.1,1574.12,6330.91,0.11,9.49,10.54
Residential,-1.05,4.87,-15.87,-8.39,-0.21,8.96,963694.1,-217.32,7695.85,-0.0,15.08,6.63
Residential,-0.69,-3.0,6.23,26.23,-0.6,-11.04,-381652.32,2653.18,-3254.44,0.12,7.25,13.79
Residential,0.38,-1.92,2.17,17.6,-2.22,-11.04,-262113.66,-537.38,-3314.7,-0.08,18.83,5.31
Residential,-1.24,-3.43,-2.08,-32.78,-2.33,-11.04,-362735.05,-850.49,-4523.75,-0.05,22.42,4.46
Residential,0.03,-4.25,-3.23,-0.16,-0.28,-1.04,-388685.63,51.71,-5410.11,0.09,25.0,2.78
Residential,0.16,-2.22,-1.77,33.27,-0.42,8.96,-92418.91,2061.93,-2080.72,-0.14,16.47,6.07
Residential,-0.08,0.48,-9.58,-12.65,1.91,-1.04,47467.04,-2067.48,-1153.36,0.04,11.17,8.95
Residential,0.43,-3.06,14.35,-0.34,-2.56,-1.04,-205796.88,-3913.87,-1797.96,-0.07,12.9,7.75
Residential,-0.67,2.33,-8.64,9.11,0.14,-11.04,490791.89,859.69,4369.65,-0.09,12.9,7.75
Residential,-0.97,2.57,2.38,28.03,2.22,-1.04,-7906.93,726.4,-580.96,0.1,9.11,10.98
Residential,0.7,-4.54,12.84,-17.7,-0.61,-11.04,-453656.53,-2142.46,-5748.73,0.03,25.0,3.12
Residential,0.62,-0.92,3.08,23.63,-1.44,-1.04,78515.27,-2372.64,3134.97,-0.07,10.32,9.69
Residential,-0.15,1.21,3.6,-27.54,1.43,-1.04,78869.89,1792.63,346.84,0.07,10.38,9.63
Residential,0.56,-1.63,-2.17,21.36,-1.87,8.96,-248148.76,432.54,-2295.05,0.17,13.19,7.58
Residential,1.18,-0.09,13.58,22.2,0.69,-1.04,-18125.64,2713.44,-495.86,0.04,11.29,8.86
Residential,0.91,4.26,-7.04,-18.09,-1.8,8.96,633506.01,-18.45,8691.78,0.07,14.22,7.03
Residential,0.5,3.58,12.79,-14.07,-0.21,-1.04,271052.35,-1409.47,2759.95,-0.12,12.03,8.31
Residential,-1.11,-1.67,-15.36,9.05,1.94,-1.04,-97345.07,-4114.35,-2413.11,0.01,10.08,9.92
Residential,0.06,-0.89,1.46,-6.03,-0.06,-11.04,-116328.77,2069.26,-1496.02,0.11,12.25,8.16
Residential,0.58,-3.33,-2.56,33.95,-0.64,-1.04,-386051.22,-2176.25,-3627.13,-0.03,5.15,19.4
Residential,-0.6,-0.89,1.69,18.54,2.26,-1.04,108384.06,-4535.56,-73.31,-0.02,9.48,10.55
Residential,-0.6,-2.26,-10.28,15.57,-0.5,8.96,-78899.1,-2220.88,-27.45,0.15,9.58,10.44
Residential,-0.96,-1.18,-0.75,-16.21,-1.32,-1.04,-44424.08,-3707.88,-2195.38,0.19,17.83,5.61
Residential,0.76,1.88,4.56,8.26,-0.22,-1.04,-40626.64,-640.47,4577.23,-0.08,5.82,17.17
Residential,0.85,-2.48,5.15,-27.15,-1.5,8.96,-178758.91,-4295.25,-1990.44,-0.14,11.68,8.56
Residential,-0.48,-2.96,-13.63,33.69,0.4,-11.04,-288719.22,-2723.83,-3377.36,-0.0,8.35,11.97
Residential,-0.76,-2.11,-10.25,7.7,2.7,-1.04,-220731.61,-3134.79,-1749.48,0.12,5.41,18.48
Residential,0.59,1.62,11.68,17.22,-1.87,-1.04,100153.56,253.31,4309.1,-0.06,10.83,9.23
Residential,-0.85,4.18,3.5,-2.87,2.05,-11.04,94798.84,287.3,3825.53,-0.16,6.19,16.16
Residential,-0.4,-0.31,8.48,11.54,0.11,8.96,-165615.85,3025.23,-2523.67,0.16,14.39,6.95
Residential,-1.22,2.19,-9.27,-0.21,-0.58,-1.04,174376.45,-4161.99,-1341.39,-0.05,19.34,5.17
Residential,1.24,-4.48,19.22,-12.37,-0.05,-1.04,-354190.13,2193.06,-5403.02,-0.06,25.0,0.34
Residential,-0.17,4.45,6.82,3.16,-2.46,-1.04,363254.98,2208.56,6390.81,-0.17,15.41,6.49
Residential,-0.05,-2.17,-8.16,6.09,-0.75,-1.04,88670.1,2732.21,-591.03,0.15,18.35,5.45
Residential,-0.79,-4.62,7.08,22.68,-2.05,8.96,-369933.11,-1756.9,-5065.68,0.14,25.0,3.67
Residential,0.59,4.74,12.2,9.33,-0.65,-11.04,-123266.65,-160.02,1436.11,-0.1,7.29,13.72
Residential,-1.22,4.81,4.81,-17.97,-0.67,-1.04,896032.48,-2469.44,8116.42,-0.09,14.6,6.85
Residential,0.8,3.84,-6.46,-26.38,0.46,-1.04,588719.12,3956.31,7166.79,0.1,10.96,9.12
Residential,0.43,4.14,-9.85,-28.21,-0.91,-1.04,334129.81,4327.89,1291.17,0.12,20.2,4.95
Residential,1.07,-1.1,11.23,1.79,-1.6,-1.04,-164855.66,2105.36,-589.15,-0.11,11.74,8.52
Residential,1.21,3.69,13.67,6.36,1.52,8.96,746714.12,-2950.0,10024.81,-0.01,8.49,11.78
Residential,-0.68,2.67,-13.89,-21.48,-0.66,8.96,147837.28,-1684.69,-1691.39,-0.19,21.98,4.55
Residential,-0.96,4.16,2.51,25.54,2.23,8.96,106209.46,2093.65,1189.94,-0.13,8.7,11.49
Residential,1.24,2.99,3.26,-11.92,-0.48,8.96,718947.7,2618.65,6842.36,-0.0,14.39,6.95
Residential,-0.06,3.58,8.12,14.8,1.45,8.96,197242.01,-188.83,1343.3,0.08,10.48,9.54
Residential,0.95,-4.8,12.12,-3.52,2.27,-11.04,-430009.01,-4176.93,-5380.43,-0.05,6.99,14.3
Residential,0.95,2.83,10.02,-25.1,-1.16,8.96,216508.36,-886.07,9610.77,0.09,7.3,13.69
Residential,-0.83,3.35,-12.07,-25.39,1.49,8.96,-93425.23,1713.88,-2026.58,0.15,11.56,8.65
Residential,-1.02,-0.11,-15.48,-1.14,-0.98,8.96,151228.34,2770.4,2076.98,0.02,13.57,7.37
Residential,-0.48,0.12,-1.67,-20.21,-0.5,8.96,217797.02,2292.87,3448.93,-0.07,11.51,8.69
Residential,0.06,2.86,-0.02,-8.15,-1.97,-11.04,466525.98,588.56,2668.84,0.06,22.08,4.53
Residential,-1.0,-4.48,-12.85,13.06,1.17,-1.04,-329786.85,2058.43,-5670.42,0.06,25.0,0.0
Residential,-0.59,-2.36,-6.46,16.72,1.54,8.96,-35152.06,540.86,-1598.44,0.11,11.52,8.68
Residential,-0.07,3.32,6.74,-1.2,-2.43,-11.04,-142307.54,5417.11,3280.95,0.1,9.0,11.11
Residential,1.06,-2.8,9.93,30.45,2.49,-1.04,-153415.13,1120.39,-1984.6,0.19,8.26,12.1
Residential,1.05,-0.92,6.66,-18.39,1.69,-11.04,-99902.34,-1948.5,-619.22,0.09,7.42,13.48
Residential,-0.95,3.86,-17.33,-30.47,0.97,-1.04,182603.89,-820.37,-2018.94,0.14,19.96,5.01
Residential,-0.28,1.24,-4.62,27.65,-2.69,-1.04,59999.85,1440.11,2455.51,-0.1,15.62,6.4
Residential,-0.8,4.1,-12.58,-15.34,1.21,-1.04,508042.28,-606.68,3734.83,0.02,11.88,8.42
Residential,0.19,1.37,-8.47,-24.07,-1.75,-11.04,-69985.31,-3788.09,2325.35,0.13,8.49,11.78
Residential,-0.07,1.04,-3.84,-0.42,2.57,8.96,409835.59,3132.48,3209.78,0.13,10.03,9.97
Residential,1.22,-4.27,12.46,-7.91,-2.39,-1.04,-408965.61,-366.24,-5286.19,-0.15,25.0,0.83
Residential,0.74,0.81,3.66,18.61,-2.57,8.96,129239.82,4469.53,-45.6,0.02,25.0,3.36
Residential,0.06,2.95,-0.36,-31.07,-2.67,-11.04,207943.67,2066.61,-586.36,-0.06,25.0,2.86
Residential,0.73,-2.37,7.16,19.26,0.64,-11.04,-166385.13,-3810.37,-937.08,-0.11,7.07,14.14
Residential,-1.08,0.96,3.78,4.98,0.85,8.96,-30987.52,3463.55,-2076.41,-0.18,16.03,6.24
Residential,-1.05,-1.31,-6.2,-34.08,-1.93,-1.04,101255.79,2061.5,-1993.47,0.14,25.0,2.87
Residential,-0.27,-1.09,-10.71,27.8,-2.21,-1.04,-138622.15,-2098.2,-2954.42,-0.03,22.94,4.36
Residential,-1.02,-3.88,-7.57,17.91,-2.69,-1.04,-306767.56,2249.16,-5156.71,0.12,25.0,0.0
Residential,1.13,-4.63,6.07,-34.3,-0.18,8.96,-421268.93,1863.63,-5368.51,-0.19,25.0,1.6
Residential,-0.77,2.3,3.78,26.29,2.52,-11.04,16322.18,-425.73,-2025.04,0.16,12.32,8.12
Residential,0.28,-3.64,7.47,-24.27,2.34,-1.04,-344145.52,-4198.68,-4700.66,0.01,7.45,13.42
Residential,1.1,0.28,8.65,10.02,-2.29,8.96,-108084.3,3192.18,882.74,-0.04,12.92,7.74
Residential,0.13,0.13,12.13,16.67,-2.46,-11.04,126835.41,-1255.7,2312.34,0.14,15.7,6.37
Residential,-0.81,-3.75,-2.2,-30.01,0.45,-1.04,-291482.9,578.61,-4192.8,-0.16,14.71,6.8
Residential,-0.64,-1.07,-16.02,-7.15,2.07,-11.04,-191809.37,-3581.86,-3501.07,0.04,10.36,9.65
Residential,0.84,2.83,14.34,21.74,1.22,-1.04,525892.85,-169.34,13840.44,-0.02,5.93,16.87
Residential,1.11,-2.22,-3.63,31.21,0.65,-11.04,-201253.78,-2967.74,-2465.32,-0.15,8.97,11.15
Residential,-1.05,1.75,-10.89,17.96,-0.95,-11.04,-31755.63,1107.35,-2554.88,-0.0,23.81,4.2
Residential,-0.87,-1.02,1.34,6.94,1.5,-11.04,-193400.83,3835.77,-3974.02,-0.13,20.75,4.82
Residential,0.89,-1.83,14.11,13.14,1.59,-1.04,-231118.82,-1862.62,-2284.17,-0.19,6.93,14.44
Residential,-0.22,-2.48,-12.98,-4.5,-1.5,-11.04,-67926.84,-930.19,-280.11,-0.09,12.8,7.81
Residential,0.45,4.8,9.37,17.05,-0.37,-1.04,237762.09,-543.31,8728.99,-0.04,7.04,14.2
Residential,1.13,4.66,5.49,-10.52,-1.36,-1.04,-9456.37,-3141.72,2649.62,-0.13,8.87,11.27
Residential,1.02,0.63,-6.39,10.74,-1.01,-11.04,-28245.53,2463.67,2286.34,0.19,9.35,10.7
Residential,-0.71,-3.83,0.18,-4.94,1.61,8.96,-314023.69,-3839.93,-4182.63,0.08,7.93,12.61
Residential,0.19,-3.68,6.95,19.83,2.25,-11.04,-397496.19,1615.98,-5062.52,-0.08,12.5,8.0
Residential,0.34,4.28,-3.5,32.34,-1.2,8.96,176872.82,2915.22,3384.44,0.09,12.52,7.99
Residential,-0.03,0.07,0.7,-13.29,-0.5,-1.04,-98017.9,4840.82,2821.97,-0.12,7.0,14.29
Residential,1.04,-2.43,18.14,15.64,-0.2,-11.04,-176272.92,2016.28,-446.76,-0.19,8.23,12.15
Residential,-0.15,0.74,-1.93,-1.83,2.71,8.96,-54830.24,-2449.84,-1867.52,-0.18,9.43,10.61
Residential,0.64,4.1,10.36,24.36,1.36,-1.04,546653.41,-985.25,6937.75,-0.16,9.07,11.02
Residential,1.09,0.23,17.91,19.07,0.64,-1.04,67917.88,-323.74,56.35,-0.19,11.42,8.76
Residential,-0.84,-1.99,-14.66,14.03,-2.04,-1.04,-56740.21,1357.35,-1249.56,-0.1,20.12,4.97
Residential,-0.53,0.16,-4.51,5.09,-2.26,-1.04,10214.32,3405.32,914.77,-0.15,17.06,5.86
Residential,-0.67,-4.71,2.44,19.74,-0.44,8.96,-380891.92,-2964.77,-5561.41,0.01,21.79,4.59
Residential,0.36,-3.32,10.13,33.67,-2.49,-1.04,-307203.08,-725.87,-4559.21,0.19,25.0,2.66
Residential,0.77,0.83,10.88,27.24,0.58,8.96,-27321.64,-4033.55,-2056.15,0.05,13.07,7.65
Residential,1.11,-4.23,19.03,18.71,2.31,-11.04,-452110.49,427.56,-5373.03,-0.13,10.34,9.67
Residential,0.57,1.18,2.23,8.66,2.41,8.96,8426.9,32.96,2562.43,0.16,5.75,17.38
Residential,-0.07,-4.73,5.73,9.35,1.04,8.96,-425848.61,-228.33,-5373.46,-0.14,10.8,9.26
Residential,-0.96,1.57,-1.22,-32.52,-1.81,8.96,-17067.55,-1210.14,-1578.95,0.1,20.08,4.98
Residential,-0.34,-4.81,-1.36,-19.19,2.42,8.96,-429896.62,-2021.82,-5456.15,-0.06,6.41,15.59
Residential,0.77,0.84,-3.69,27.64,1.62,8.96,-112700.6,684.9,5607.36,-0.0,3.48,28.7
Residential,0.77,3.42,11.39,6.18,-1.06,8.96,126765.27,-3968.85,3708.45,0.14,9.62,10.4
Residential,1.0,0.31,9.87,-24.1,2.2,8.96,-1281.25,741.57,2875.26,-0.06,5.61,17.81
Residential,-0.11,1.75,-8.73,11.71,1.88,8.96,85880.39,2274.37,178.63,0.2,10.29,9.72
Residential,-1.16,-2.12,-9.72,-29.86,-1.41,-11.04,-277398.49,-2491.7,-4285.64,0.13,19.19,5.21
Residential,-0.09,1.06,8.95,-12.49,0.43,-11.04,231648.72,2946.5,1320.88,-0.12,13.46,7.43
Residential,0.83,0.28,2.63,29.68,1.95,-1.04,-33904.82,-664.72,2751.13,0.17,5.36,18.66
Residential,0.99,-1.82,9.66,-9.96,-1.79,-1.04,-158026.9,610.29,440.22,0.15,9.75,10.26
Residential,0.1,2.84,1.59,-7.37,1.5,-1.04,221857.66,-1407.22,6789.6,-0.19,6.11,16.36
Residential,-0.45,5.01,1.09,3.93,1.6,-11.04,476158.43,3198.8,3911.11,-0.0,11.24,8.9
Residential,0.22,-0.23,-5.97,29.28,1.89,-11.04,-19740.57,843.17,662.32,-0.11,7.5,13.33
Residential,-0.56,-0.27,-4.09,27.51,1.25,8.96,4723.88,-3337.03,-217.02,0.11,9.13,10.95
Residential,0.65,0.48,2.24,-12.85,1.89,-1.04,-55185.05,-1606.24,-536.5,0.17,8.06,12.41
Residential,-0.88,-1.58,-17.44,30.8,1.54,-1.04,113470.04,-3794.49,119.95,0.01,10.19,9.81
Residential,-0.48,-3.6,-5.35,-19.23,-0.06,-1.04,-227908.34,-4730.39,-3793.95,-0.0,12.67,7.89
Residential,-0.13,-2.48,-2.84,34.52,-2.73,-1.04,-170975.12,-66.63,-1899.56,-0.13,19.57,5.11
Residential,-0.23,-0.67,-2.68,-20.01,-2.52,-11.04,34802.18,-2450.04,-398.65,0.12,19.57,5.11
Residential,1.18,3.25,8.59,3.44,0.5,-1.04,289513.21,4898.48,860.65,0.14,16.1,6.21
Residential,-0.67,-2.08,5.53,8.72,1.58,8.96,-347685.59,145.93,-3982.53,-0.06,7.02,14.25
Residential,0.11,3.69,0.81,-23.06,-1.41,8.96,774517.82,-3257.9,4990.43,-0.03,19.12,5.23
Residential,1.18,3.15,-4.38,-4.58,-0.62,-1.04,-23623.88,1721.82,3247.32,-0.2,7.7,12.98
Residential,1.1,-2.02,1.75,-28.75,2.49,-1.04,-284354.52,2243.55,-990.27,-0.08,3.93,25.45
Residential,-1.25,2.14,3.84,-4.53,1.86,-1.04,79256.55,-135.05,715.59,0.17,8.97,11.15
Residential,0.98,2.33,-5.48,19.96,-0.2,-1.04,383095.85,-2315.22,3770.87,-0.11,12.24,8.17
Residential,1.09,-4.23,9.5,-0.31,-1.48,-1.04,-369214.91,-3184.56,-3843.27,-0.1,7.56,13.23
Residential,0.47,-2.3,10.83,-33.63,0.12,-1.04,-123936.87,-3402.15,-1251.05,-0.18,9.32,10.73
Residential,0.43,-3.14,14.87,-10.09,2.39,-1.04,-138765.75,1811.07,-1568.36,0.14,8.05,12.43
Residential,0.63,3.69,1.38,-2.55,-1.47,-1.04,79801.65,-499.45,8853.09,0.11,6.53,15.32
Residential,1.01,0.32,-2.15,-22.2,-0.0,8.96,68060.22,1467.5,-697.2,-0.03,15.15,6.6
Residential,1.0,4.05,9.18,15.71,0.22,8.96,84805.21,4108.29,585.73,-0.08,12.66,7.9
Residential,-0.53,-0.68,-10.05,7.95,-1.0,8.96,-152284.97,-2082.6,-3864.13,-0.0,24.04,4.16
Residential,-0.42,2.18,-0.51,26.63,-1.0,-1.04,354569.9,-154.07,3090.09,-0.13,15.02,6.66
Residential,-0.44,-2.69,2.99,24.65,0.53,8.96,-217005.53,2996.73,-3930.44,0.05,21.23,4.71
Residential,-0.11,-1.81,6.8,4.3,1.49,-1.04,-38126.97,2618.51,-1972.55,-0.18,13.44,7.44
Residential,0.97,1.33,16.1,14.74,2.26,-1.04,165335.99,-1543.05,5190.57,-0.15,5.87,17.05
Residential,0.45,1.45,-6.87,-6.59,-1.04,-11.04,-57137.92,-46.95,7386.02,0.15,5.07,19.73
Residential,-0.24,-1.57,-4.59,-8.21,-0.76,8.96,-131102.32,3355.9,-1945.75,-0.12,16.16,6.19
Residential,1.11,3.39,4.91,6.28,2.58,-1.04,272808.89,1265.6,8326.04,-0.04,5.3,18.88
Residential,-0.31,-0.0,4.8,-9.21,1.51,8.96,-89914.62,1684.88,1020.65,-0.03,6.38,15.68
Residential,0.96,-0.72,-2.47,-18.71,0.77,8.96,-177674.97,-86.87,-545.68,-0.01,6.78,14.74
Residential,-0.32,1.97,8.6,1.64,2.58,-11.04,97328.55,1285.25,293.05,0.12,9.31,10.74
Residential,0.16,-0.0,6.4,12.69,1.0,-11.04,74421.07,-1894.68,645.37,0.17,9.72,10.29
Residential,0.82,-3.21,1.28,-26.05,1.93,-11.04,-275553.15,754.87,-3179.88,-0.08,7.75,12.91
Residential,0.57,4.55,-2.65,6.12,0.35,-1.04,186835.83,1141.76,712.26,-0.12,13.5,7.41
Residential,1.11,-0.78,-2.6,-32.01,-0.25,-11.04,-118651.45,-2598.07,-653.87,0.09,9.12,10.96
Residential,-0.26,2.73,-0.55,20.55,2.69,8.96,-83239.15,-1786.96,-2078.58,-0.13,9.39,10.65
Residential,1.01,-4.7,15.24,-30.65,0.74,8.96,-419065.4,624.87,-5509.86,-0.09,24.15,4.14
Residential,0.65,-4.3,3.7,-27.11,-0.9,-11.04,-391242.87,-2718.89,-3817.99,0.05,6.46,15.47
Residential,-0.96,2.08,-14.33,21.72,-1.37,-1.04,528306.27,1602.14,2055.22,0.03,23.04,4.34
Residential,0.1,2.84,-1.77,-27.73,1.82,8.96,138176.59,3980.65,-2059.82,0.08,19.34,5.17
Residential,-1.04,4.52,-10.63,-9.12,-0.01,8.96,921995.53,-1705.08,4438.57,-0.02,18.35,5.45
Residential,0.76,-4.95,16.48,3.68,-1.59,-11.04,-403655.89,156.44,-5820.78,-0.0,25.0,0.0
Residential,-0.46,-2.69,-0.58,-6.73,2.42,-11.04,-273906.39,-712.64,-3316.76,0.19,7.27,13.75
Residential,0.62,-4.38,6.57,11.0,1.52,-1.04,-300307.92,-1566.4,-4403.68,0.18,11.21,8.92
Residential,0.18,4.93,-6.8,31.55,2.29,8.96,353542.68,1587.96,3838.28,-0.09,8.9,11.23
Residential,0.02,-2.7,4.62,-17.74,-2.64,-11.04,-319005.46,-700.45,-1905.68,-0.04,9.17,10.9
Residential,1.2,-0.02,13.25,30.53,1.52,-1.04,-190135.89,-2383.19,-93.36,-0.04,5.18,19.32
Residential,-1.24,-4.19,-12.76,-29.84,-1.09,8.96,-410322.3,-1046.32,-4722.95,0.19,8.76,11.42
Residential,-0.34,4.03,-2.81,9.2,-1.76,-1.04,376765.33,-969.42,4145.88,-0.01,15.65,6.39
Residential,0.02,-1.79,10.47,-34.03,1.47,8.96,-37950.37,2918.43,1352.27,-0.07,7.09,14.1
Residential,1.01,-1.88,-5.62,-23.17,2.34,-1.04,-122192.88,1416.67,-1872.7,-0.05,9.07,11.03
Residential,-0.3,0.38,1.02,17.05,1.66,-1.04,61690.98,-2507.38,-1683.59,0.09,13.09,7.64
Residential,1.06,-4.71,18.56,-33.01,1.67,-1.04,-356461.17,-251.99,-5373.9,0.18,21.1,4.74
Residential,-0.28,3.03,1.14,19.21,0.86,-1.04,447676.32,-1372.98,410.79,-0.03,17.48,5.72
Residential,-0.46,2.69,-0.82,15.87,2.37,-1.04,159719.93,-1459.39,6664.86,-0.17,5.09,19.66
Residential,-0.77,-4.92,-4.99,-23.75,1.63,-1.04,-428754.16,-3315.64,-5688.77,0.08,10.66,9.38
Residential,-0.23,-3.48,-10.08,-31.36,-1.86,8.96,-276517.84,-1752.63,-4636.62,0.09,25.0,3.24
Residential,-0.42,-4.84,-3.94,0.23,2.3,-1.04,-423533.63,-4082.3,-6068.62,0.1,18.69,5.35
Residential,0.09,4.17,-4.07,-33.51,-1.29,-1.04,943075.64,-1083.5,8073.54,0.12,17.09,5.85
Residential,-0.55,4.69,-1.98,-8.24,-2.73,-1.04,490803.41,3321.32,2908.93,0.19,25.0,3.5
Residential,-0.12,1.99,-0.16,-16.18,-1.58,-1.04,123301.52,-2579.41,1248.6,-0.03,14.41,6.94
Residential,-1.13,-2.78,4.27,-11.68,-1.58,-11.04,-69824.12,689.61,-2720.0,0.02,25.0,3.82
Residential,-0.23,-2.48,-1.98,28.82,1.62,-1.04,-313775.64,-2393.63,-3678.36,-0.03,6.86,14.58
Residential,-0.54,-3.27,-11.89,28.61,-0.77,-1.04,-206167.77,-4284.63,-3052.75,0.01,12.32,8.12
Residential,-0.23,3.08,4.65,-28.88,-1.39,8.96,543713.44,-1311.66,3291.75,0.14,18.98,5.27
Residential,-0.59,-0.7,-9.35,-5.32,-0.8,8.96,-154600.36,2539.09,-1292.52,-0.01,12.2,8.2
Residential,-0.98,1.03,-8.31,-19.53,-0.48,-1.04,87191.13,3049.01,-3590.16,0.2,25.0,2.03
Residential,-0.02,3.73,-6.51,-21.83,2.27,-11.04,228314.07,-987.28,-379.97,0.01,12.8,7.81
Residential,-0.64,0.29,-1.17,30.34,1.69,8.96,-159616.0,-3710.69,-1180.96,0.17,6.65,15.04
Residential,-0.33,-0.79,-13.79,28.24,1.77,-11.04,-121869.32,1767.24,-2889.44,-0.15,13.39,7.47
Residential,-0.93,-0.66,2.1,-5.3,-0.34,-11.04,-129036.34,-2890.13,-1384.68,0.11,10.28,9.73
Residential,-0.73,0.4,0.4,7.6,1.99,-1.04,77133.64,1883.18,193.4,-0.13,9.89,10.11
Residential,0.54,3.39,10.98,4.11,-1.25,-1.04,-183512.74,700.02,-1.42,-0.03,8.64,11.57
Residential,-0.23,-3.11,-13.43,19.5,2.32,-1.04,-368116.13,-2063.08,-2635.57,-0.08,2.91,34.41
Residential,-0.47,-3.11,-6.18,-5.3,0.7,-11.04,-395285.02,3405.48,-5283.06,0.13,25.0,1.19
Residential,-1.12,1.93,-3.92,21.8,-1.07,8.96,67311.22,-1632.02,-800.17,0.16,17.01,5.88
Residential,-1.17,4.55,0.07,-29.61,-1.13,-1.04,381372.63,4154.75,873.36,-0.18,23.87,4.19
Residential,-0.33,3.75,9.57,-11.28,1.49,-1.04,588653.65,3709.26,4852.22,-0.17,11.67,8.57
Residential,-0.38,2.69,-12.35,-23.22,-1.48,-11.04,80131.77,1828.43,-626.9,-0.01,20.62,4.85
Residential,0.32,0.49,3.74,-29.55,0.26,-11.04,129440.09,820.95,930.66,-0.03,11.99,8.34
Residential,1.24,4.22,16.44,-20.63,-0.12,8.96,77643.16,-462.37,14987.59,-0.14,3.67,27.26
Residential,0.77,2.86,4.55,-19.5,-1.19,8.96,220247.4,-249.66,3823.91,-0.13,11.98,8.35
Residential,0.98,-1.1,18.03,30.13,1.72,-1.04,-139401.2,-2614.04,-452.36,0.07,6.32,15.82
Residential,-0.55,0.39,2.02,5.64,-0.78,-1.04,-261568.64,1611.18,-3959.2,0.19,21.88,4.57
Residential,-0.68,2.97,-10.81,20.98,2.39,-1.04,102592.71,3573.43,719.24,-0.18,9.32,10.73
Residential,0.98,-3.63,-3.83,16.23,1.79,-1.04,-256617.84,-1521.93,-2951.36,-0.0,7.36,13.58
Residential,0.98,-0.75,8.35,19.96,2.29,-1.04,-35694.28,2417.44,4601.13,-0.0,4.37,22.86
Residential,-0.38,-2.43,-0.97,9.29,2.42,8.96,-268034.03,-2677.24,-3769.05,0.04,8.24,12.13
Residential,-0.87,-2.06,-14.8,28.58,-2.68,-1.04,-176216.59,-1183.97,-2827.32,-0.06,23.75,4.21
Residential,0.75,-2.22,14.69,21.65,-1.69,8.96,-166822.31,1949.89,-3246.4,0.05,25.0,3.52
Residential,0.45,4.27,-5.62,34.65,0.64,8.96,179579.89,-2007.43,4544.0,0.04,7.7,12.99
Residential,1.17,1.87,-2.83,-19.64,-1.3,-1.04,-50219.54,570.97,800.16,-0.14,11.15,8.97
Residential,-0.03,-0.11,4.52,2.84,1.24,8.96,136847.99,-1743.16,-1213.75,-0.1,14.53,6.88
Residential,1.11,-4.11,16.28,3.78,-2.23,-1.04,-334484.96,593.88,-3295.84,-0.08,13.51,7.4
Residential,-0.4,2.02,-0.84,18.36,1.79,8.96,-139094.0,5179.57,-1595.45,-0.1,9.61,10.41
Residential,-0.45,1.03,-13.22,12.41,-1.32,-1.04,736.91,1072.1,-2310.31,-0.19,25.0,3.9
Residential,-0.5,0.61,6.04,29.16,-0.03,-1.04,-46856.61,1287.37,-774.6,-0.0,12.09,8.27
Residential,-0.81,4.7,-16.91,-0.46,-0.68,-1.04,19504.52,-551.99,2461.45,0.15,9.0,11.11
Residential,0.41,-2.1,5.04,27.5,-1.11,-11.04,-240057.16,-296.1,-2475.12,0.06,11.63,8.6
Residential,-0.35,-0.14,8.4,15.19,0.2,-1.04,-186525.45,-2310.92,-2540.65,-0.06,10.57,9.46
Residential,0.95,1.39,10.19,16.78,0.96,-11.04,-158561.88,-2635.88,-57.72,0.06,6.12,16.33
Residential,0.6,3.71,3.37,21.22,-0.2,-1.04,542140.11,854.7,7090.96,-0.01,11.25,8.89
Residential,0.62,-3.27,13.12,33.57,-1.54,-11.04,-311683.73,1227.35,-3462.43,0.05,14.73,6.79
Residential,-0.93,4.07,-0.25,-22.45,-2.62,8.96,186944.25,3581.61,508.96,0.16,25.0,3.54
Residential,-0.59,1.79,-11.14,-31.71,-2.51,-11.04,69683.6,3120.41,2375.74,0.03,16.13,6.2
Residential,-0.02,2.11,-11.71,-33.65,-0.1,-11.04,16468.49,-717.92,4146.59,-0.0,6.76,14.8
Residential,-0.47,0.51,-10.5,34.19,-0.29,-11.04,307497.92,-761.09,4072.43,0.13,11.21,8.92
Residential,-0.35,4.95,2.99,-4.71,0.36,8.96,525183.48,668.62,4273.66,0.19,13.04,7.67
Residential,0.95,-3.91,15.7,-19.44,0.83,-1.04,-395510.98,2601.75,-4751.31,-0.14,11.78,8.49
Residential,-1.06,-4.78,-11.68,-14.41,-2.16,8.96,-394575.18,-2293.86,-5975.85,0.19,25.0,0.0
Residential,-0.48,0.74,-10.8,-29.66,1.94,-1.04,30175.89,-4492.76,-895.01,0.14,9.75,10.26
Residential,0.76,-1.75,16.5,-5.58,-1.79,-11.04,-112705.88,107.28,-2708.65,-0.14,23.64,4.23
Residential,-0.96,1.37,-3.74,-0.96,-0.6,-1.04,200501.27,-2832.82,-365.49,-0.06,17.45,5.73
Residential,0.96,-0.67,16.2,-22.93,-1.77,-1.04,-135391.95,-254.42,-1173.0,0.06,13.89,7.2
Residential,0.57,1.61,0.46,4.3,1.81,-1.04,-17246.72,4260.69,5590.3,-0.13,4.48,22.3
Residential,-0.36,-1.24,-4.5,27.39,0.16,-1.04,-146588.36,1509.49,-1553.2,-0.0,10.73,9.32
Residential,0.73,0.25,12.83,19.4,0.36,-1.04,-255184.02,-2885.18,-1525.41,0.1,5.97,16.75
Residential,1.21,-3.97,-0.96,12.41,-1.1,-11.04,-316025.7,-1297.67,-2469.04,-0.13,7.34,13.63
Residential,-0.25,-0.12,-4.91,6.86,0.98,-1.04,250401.11,-3068.17,75.99,0.2,13.77,7.26
Residential,-0.86,-0.42,-1.97,-33.38,2.7,-11.04,-62128.89,-640.91,-2622.43,-0.1,11.79,8.48
Residential,0.57,-0.03,-1.62,-25.67,-1.03,-1.04,-198262.73,-2654.62,-822.78,0.11,8.27,12.09
Residential,-1.1,0.36,-17.8,-14.2,-0.87,-1.04,43054.51,-2710.2,-2849.49,-0.04,24.81,4.03
Residential,0.81,-1.85,-1.97,17.87,-0.32,-1.04,-170680.17,-1166.0,-658.02,0.17,8.16,12.25
Residential,-1.23,-0.03,0.54,29.75,-2.04,-11.04,-137011.6,-2755.37,-2531.75,0.15,18.55,5.39
Residential,0.17,-1.34,13.22,5.04,1.0,-11.04,-81716.38,-958.9,-3674.58,-0.14,20.16,4.96
Residential,1.03,4.58,-4.59,12.6,-2.36,-11.04,-26793.41,48.5,3890.69,-0.18,9.76,10.25
Residential,0.42,4.84,6.51,-11.94,-1.23,-11.04,157529.88,4584.56,12454.52,-0.05,6.0,16.67
Residential,0.11,4.65,-5.95,-17.89,-0.63,8.96,472268.31,-1652.79,5962.99,-0.06,11.92,8.39
Residential,-0.8,-3.75,-1.27,-34.65,-1.39,-1.04,-342105.89,709.21,-3373.34,0.17,10.35,9.66
Residential,0.75,-2.15,12.15,9.47,0.45,-1.04,-317968.8,260.08,-3937.91,0.11,10.48,9.54
Residential,-0.91,-3.8,-17.82,26.73,-1.38,-1.04,-366548.79,2018.34,-5068.39,-0.08,25.0,0.84
Residential,-0.16,2.3,6.8,12.58,-2.49,8.96,251185.12,-1808.86,91.43,0.17,25.0,3.83
Residential,-1.02,-1.51,-1.57,-2.13,0.92,8.96,-11950.06,-1422.26,-2171.41,-0.16,14.39,6.95
Residential,1.1,-3.26,3.36,-4.42,1.82,-1.04,-296353.09,-1165.63,-3411.29,0.06,7.07,14.15
Residential,-1.23,3.31,-11.85,27.02,1.82,8.96,464058.2,3828.72,3298.85,-0.17,11.63,8.6
Residential,-0.08,-2.25,3.97,34.56,-0.03,-1.04,-63808.55,-922.45,-2709.49,-0.01,17.54,5.7
Residential,-1.21,1.54,3.82,-28.82,2.41,8.96,169070.01,-990.83,1646.63,-0.08,8.5,11.76
Residential,-0.09,2.64,6.52,2.16,0.42,8.96,192718.45,91.61,19.49,0.09,14.75,6.78
Residential,0.7,-1.11,12.49,14.36,0.71,-1.04,-309742.17,607.29,-2562.22,-0.11,6.16,16.23
Residential,-0.31,-3.53,-7.69,-19.15,-0.66,8.96,-295330.53,-3397.94,-3461.86,0.09,9.54,10.48
Residential,-1.2,1.57,-1.82,28.1,1.97,-1.04,567888.07,-2417.69,4400.37,-0.04,10.56,9.47
Residential,0.67,1.38,-2.95,-30.13,-0.48,8.96,151322.82,-4292.14,4138.69,0.2,8.71,11.48
Residential,-0.71,-0.34,-10.92,-21.1,2.29,-11.04,-187874.63,-1368.85,-1539.24,0.18,6.38,15.67
Residential,0.43,-2.06,2.48,19.89,2.24,-1.04,-78884.71,-3455.47,-334.49,0.15,6.81,14.69
Residential,-0.83,-1.83,6.1,-21.21,1.84,-11.04,-9305.95,2746.86,-1265.71,0.15,11.49,8.7
Residential,0.47,1.85,14.43,2.57,0.19,-11.04,245511.75,-3995.64,4483.3,-0.16,8.85,11.3
Residential,-0.33,2.4,-10.84,-9.97,1.1,8.96,97227.78,-1353.18,1630.75,0.06,8.8,11.37
Residential,0.29,3.22,11.01,6.57,-1.43,-1.04,166609.28,-3298.59,4837.17,-0.13,9.93,10.07
Residential,-0.37,1.32,0.57,3.13,1.21,8.96,357808.28,3120.87,4107.28,-0.18,10.11,9.89
Residential,-0.67,4.35,-4.15,11.34,0.69,-1.04,116566.4,-2962.28,-1061.91,-0.1,14.25,7.02
Residential,-0.62,-4.2,6.9,-14.42,1.42,8.96,-387070.66,-926.88,-4728.1,0.17,7.16,13.97
Residential,-0.91,-4.34,3.81,-15.31,-1.66,-1.04,-383219.47,2419.23,-5069.93,0.14,25.0,0.0
Residential,0.09,-4.17,-1.26,-25.94,1.57,8.96,-331385.88,-1516.29,-4827.27,0.16,12.12,8.25
Residential,0.77,4.15,-2.38,-2.82,0.53,8.96,240802.03,3158.61,6454.16,0.1,7.65,13.07
Residential,0.13,4.45,-1.28,22.48,-2.03,-11.04,143334.38,325.95,5127.77,0.04,11.14,8.98
Residential,0.71,-2.82,15.59,-28.72,-1.41,-1.04,-143191.99,-1400.14,-1089.89,-0.06,11.79,8.48
Residential,1.17,-0.03,10.01,14.11,2.64,-1.04,-46534.98,-3165.36,5163.69,0.13,3.7,27.03
Residential,0.45,-2.24,9.85,30.91,0.94,8.96,-153362.72,-1429.13,-54.7,0.08,6.39,15.64
Residential,-0.9,-3.58,-6.15,-10.75,0.44,-1.04,-259522.9,1077.89,-3215.92,-0.19,10.96,9.12
Residential,0.88,0.15,10.33,-30.98,-2.13,8.96,227660.56,2587.52,3679.01,0.18,15.8,6.33
Residential,0.81,2.66,16.67,-7.32,1.56,8.96,270991.23,-1410.02,454.5,0.09,12.8,7.81
Residential,0.81,-2.69,-0.66,-20.14,1.83,-11.04,-183106.62,-612.6,-3994.41,-0.05,15.48,6.46
Residential,0.31,3.31,10.36,-17.71,-0.69,-1.04,274867.62,1980.24,1891.98,0.19,15.55,6.43
Residential,0.94,0.83,12.07,18.98,-0.05,-1.04,199849.2,-2716.92,8173.57,0.02,6.46,15.47
Residential,-0.1,-3.04,-8.51,-18.14,-1.24,-1.04,-293927.44,3232.23,-2036.06,0.01,9.57,10.45
Residential,-0.22,-0.88,11.02,-14.17,-1.01,-1.04,-167202.65,206.86,72.25,-0.11,8.48,11.79
Residential,0.78,4.21,6.63,31.48,-2.72,-1.04,496522.03,-4217.26,10780.07,0.09,12.53,7.98
Residential,0.82,-4.67,13.98,-11.34,-1.95,-1.04,-381765.65,1391.92,-4496.48,-0.02,23.75,4.21
Residential,-0.21,-0.95,-5.34,-16.26,-1.26,8.96,74786.41,2060.38,-568.04,0.05,19.34,5.17
Residential,-0.89,-4.17,-6.61,-13.74,-1.98,-1.04,-419943.95,-2656.14,-5629.35,-0.16,25.0,2.56
Residential,0.35,4.24,-9.39,-0.22,-2.32,8.96,363066.12,-576.3,4935.02,0.01,16.16,6.19
Residential,-0.91,-3.73,-8.51,-21.85,2.03,-1.04,-276830.3,2285.67,-5583.52,-0.13,25.0,0.65
Residential,0.69,3.96,1.96,-1.1,0.25,-1.04,119733.87,-676.55,1722.55,0.19,10.28,9.73
Residential,0.67,1.82,4.35,17.06,-1.38,8.96,125377.15,-3958.91,4139.23,-0.11,9.72,10.29
Residential,-0.64,-4.5,-3.98,-34.45,-1.36,8.96,-405859.49,-3774.35,-4879.73,0.04,7.89,12.67
Residential,-0.44,0.22,-14.81,12.75,1.21,8.96,-139321.24,-3430.21,-3234.51,-0.07,12.63,7.92
Residential,0.68,0.52,3.43,20.14,1.24,-1.04,-265860.82,-983.01,17.9,0.05,3.93,25.45
Residential,-0.7,-2.2,-0.75,-30.38,-1.03,8.96,-77681.16,1137.45,-2570.56,-0.16,21.83,4.58
Residential,0.96,2.75,-5.66,28.56,0.72,8.96,-3733.38,2261.9,-825.88,-0.16,12.25,8.16
Residential,1.13,4.17,-2.53,33.25,1.73,-11.04,452430.14,4559.05,1333.01,0.17,15.13,6.61
Residential,-0.21,1.22,-10.68,-17.4,-1.28,-1.04,118460.37,-1588.59,473.62,-0.01,15.5,6.45
Residential,1.08,-0.22,12.96,-3.36,-0.91,8.96,-145565.81,-3448.54,2079.48,-0.0,6.13,16.3
Residential,-0.98,-1.34,-4.1,6.55,0.3,8.96,595.58,-1735.47,-2511.39,0.1,17.57,5.69
Residential,-0.53,-1.26,1.1,24.52,-2.48,-11.04,-83013.76,-85.52,-3133.16,0.06,25.0,2.72
Residential,-0.4,4.82,5.3,-34.14,0.18,8.96,474143.7,-1800.52,4831.94,0.11,11.66,8.58
Residential,0.74,0.27,-1.13,28.02,1.39,-1.04,-83217.33,1461.89,2771.95,0.12,5.22,19.17
Residential,-0.77,-2.3,5.44,-22.08,0.29,-11.04,-202244.7,-2528.41,-3567.62,0.11,13.66,7.32
Residential,-0.48,4.15,-0.7,10.97,-0.66,8.96,949970.17,-2868.98,7556.23,-0.02,15.72,6.36
Residential,0.08,-0.21,11.8,19.17,-1.08,-11.04,97559.2,125.54,-2432.5,-0.02,25.0,3.45
Residential,-0.36,-4.68,-5.61,-10.18,-2.04,-1.04,-438964.8,-3405.47,-4760.49,-0.01,7.79,12.84
Residential,-0.34,-3.2,-10.43,24.16,-2.08,8.96,-370790.63,-564.78,-4487.6,0.1,18.12,5.52
Residential,0.73,-0.76,-2.01,23.5,1.66,-1.04,-285073.78,2838.6,-3220.26,-0.1,8.53,11.72
Residential,0.64,-1.74,4.85,-9.82,-2.02,8.96,-242902.42,3222.85,-3960.07,-0.08,25.0,1.98
Residential,0.64,2.63,0.11,8.31,0.8,-11.04,138574.05,2398.6,1287.75,-0.13,10.98,9.11
Residential,1.2,0.34,1.77,22.69,1.1,-1.04,-55993.19,-1846.42,-1461.31,0.12,10.59,9.44
Residential,-1.2,-0.46,-8.06,-32.96,2.11,-1.04,70951.54,134.21,-3201.95,0.13,20.88,4.79
Residential,0.31,3.98,-4.2,-24.13,-1.14,-11.04,674681.06,1815.9,7086.48,-0.03,15.06,6.64
Residential,0.78,-4.21,-4.02,-15.44,-0.45,-11.04,-348939.31,1303.85,-4499.19,-0.08,17.09,5.85
Residential,1.09,3.77,17.14,29.76,2.17,-1.04,553957.33,4079.02,5765.48,-0.16,9.58,10.44
Residential,-0.99,-2.94,0.68,24.84,-2.35,-1.04,-210212.33,-3419.26,-4551.27,0.03,25.0,2.83
Residential,-1.2,-2.74,-1.2,1.51,0.71,-11.04,-79524.2,-1586.52,-2459.78,-0.17,13.57,7.37
Residential,-0.44,4.29,4.42,-21.67,-0.14,-1.04,906242.05,-2487.85,6736.08,0.16,15.04,6.65
Residential,1.03,1.35,2.06,10.95,-2.71,8.96,-27263.47,4235.5,1292.38,-0.13,17.3,5.78
Residential,-1.17,-3.85,-3.35,5.18,2.6,-11.04,-327010.15,-3533.44,-4240.33,0.17,6.71,14.91
Residential,0.35,0.49,-2.29,-11.02,2.49,-1.04,-62637.15,1911.48,2457.81,-0.11,5.03,19.89
Residential,0.3,0.58,9.86,-19.56,-2.69,-1.04,-140498.86,-2007.11,-2045.95,-0.13,19.69,5.08
Residential,-0.5,-0.26,-10.06,19.7,-0.26,-1.04,-142108.24,-103.67,2115.44,-0.2,5.91,16.93
Residential,0.47,3.39,8.24,-2.28,0.01,-1.04,479159.44,304.59,5725.41,0.14,11.36,8.8
Residential,0.42,2.07,3.66,-5.79,-0.88,-11.04,396532.41,-1222.2,10434.23,0.1,8.32,12.02
Residential,1.02,-2.59,8.87,24.97,-1.51,-1.04,-303332.5,-333.68,-4070.69,-0.13,18.8,5.32
Residential,-1.09,-4.85,-9.06,-30.86,1.42,-1.04,-422911.25,-3270.23,-5865.92,0.09,16.64,6.01
Residential,-0.83,1.41,-11.89,-0.54,-0.34,8.96,-11552.08,-2294.96,-2207.03,-0.17,17.12,5.84
Residential,1.23,-4.33,19.45,22.64,-1.75,-11.04,-423173.85,-418.95,-5516.9,0.17,25.0,0.31
Residential,0.03,2.69,-11.53,-31.8,0.37,-1.04,265048.33,-3356.25,1295.5,0.11,12.72,7.86
Residential,1.13,-0.21,7.48,13.89,2.29,8.96,118319.56,-1233.83,1333.79,-0.18,8.24,12.14
Residential,-0.09,-4.71,2.91,-32.23,-0.75,8.96,-382867.2,-4384.65,-5332.74,0.13,12.92,7.74
Residential,-1.14,-1.7,-10.03,-19.21,-0.73,-11.04,-106354.55,-3078.38,-2176.65,0.09,13.95,7.17
Residential,1.23,0.67,11.14,2.08,1.32,-11.04,-198422.0,-2320.38,979.5,-0.08,4.38,22.83
Residential,0.01,-0.23,9.88,-0.97,-0.89,8.96,-201207.11,3276.18,1486.3,-0.17,6.32,15.83
Residential,-0.3,1.19,-6.59,19.46,-0.4,-11.04,-99986.81,853.16,-1864.98,0.07,14.37,6.96
Residential,1.03,5.0,6.24,21.51,0.06,-1.04,381367.75,4715.2,3875.66,-0.0,12.87,7.77
Residential,-1.21,0.57,-15.28,-30.7,-0.95,-1.04,253487.71,-1682.44,-309.28,-0.15,20.45,4.89
Residential,1.17,-3.0,18.52,-24.68,0.81,-11.04,-61897.99,1732.3,-816.45,-0.01,10.41,9.61
Residential,0.49,2.25,-0.82,0.75,1.36,-1.04,-51752.66,897.37,2623.6,-0.07,5.72,17.48
Residential,0.74,-3.0,2.65,-16.79,1.79,-1.04,-298827.2,1213.02,-1186.66,-0.03,4.03,24.83
Residential,1.01,3.89,5.41,4.41,-2.66,-11.04,231928.64,-2299.34,1811.28,-0.03,20.12,4.97
Residential,-1.09,0.86,5.78,-17.95,-0.39,-1.04,71419.04,-2731.38,-3417.92,-0.0,25.0,3.44
Residential,1.02,-0.56,11.63,-26.54,-2.69,-1.04,-84392.97,-2257.04,-238.1,-0.11,15.24,6.56
Residential,-0.68,-1.93,4.89,-14.38,1.52,-1.04,-4489.92,1080.33,-1997.36,0.1,13.87,7.21
Residential,1.14,-0.87,8.44,5.43,-0.17,-1.04,-326324.71,-2187.93,-2078.04,-0.09,5.0,19.99
Residential,-1.19,0.45,-0.84,21.91,2.28,-1.04,-38631.17,570.2,-3890.33,-0.05,22.12,4.52
Residential,-0.21,0.85,-4.6,-32.49,1.07,-1.04,81052.49,-2803.57,-412.37,0.01,11.34,8.82
Residential,1.22,3.8,11.54,-21.44,-1.9,-1.04,364717.02,2562.03,10285.35,-0.12,10.17,9.83
Residential,0.63,-3.19,16.14,-23.24,1.32,-1.04,-298852.3,-1763.04,-4210.25,0.02,10.33,9.68
Residential,-0.43,-2.16,1.54,-4.59,-2.58,8.96,-229382.23,-821.89,-4061.38,0.08,25.0,2.73
Residential,-0.76,3.76,4.79,-7.96,-0.53,-11.04,268148.48,483.15,2072.46,0.08,14.2,7.04
Residential,-0.71,3.82,0.63,-24.18,-2.09,8.96,285883.25,1282.71,3611.16,-0.09,16.61,6.02
Residential,0.68,3.91,-3.25,29.46,-1.8,-11.04,334330.96,-3253.57,7669.77,0.17,10.68,9.36
Residential,-0.01,-2.83,7.01,-22.0,-0.6,-1.04,-247496.53,1303.22,-2228.83,-0.07,10.12,9.88
Residential,-0.65,4.56,-2.44,-21.91,-1.18,-1.04,320694.73,2008.48,-151.06,0.14,25.0,3.94
Residential,-1.21,-3.94,-10.69,12.47,-1.81,-11.04,-395709.24,1676.14,-5029.84,-0.03,25.0,0.8
Residential,0.7,-1.24,-0.98,2.21,0.94,-1.04,-57754.43,4145.79,-1613.27,0.09,13.32,7.51
Residential,0.07,-2.45,0.5,27.14,-2.63,-1.04,-164164.8,2406.11,-906.42,0.09,17.09,5.85
Residential,1.06,3.4,4.71,35.25,1.26,-11.04,-44350.72,645.18,5509.15,0.15,4.38,22.83
Residential,0.92,4.2,-7.0,7.06,0.84,-1.04,382671.15,-247.48,9721.12,0.11,6.72,14.88
Residential,-0.99,4.87,3.92,32.79,-0.17,-1.04,288784.46,1852.99,7023.44,0.18,8.53,11.73
Residential,0.08,2.3,-9.44,-17.22,-1.26,-1.04,208843.31,-2536.05,1977.29,0.11,14.12,7.08
Residential,-0.7,-4.34,-3.31,-20.31,-2.32,8.96,-393740.53,-1139.31,-5773.19,0.14,25.0,0.0
Residential,0.38,1.68,7.74,-18.17,-0.79,-1.04,-158226.2,-2926.01,703.38,-0.19,7.01,14.26
Residential,-0.66,4.42,-3.79,-5.59,0.9,-11.04,486962.35,1365.77,4073.13,-0.02,11.96,8.36
Residential,-0.7,-3.22,5.23,-34.49,-0.56,8.96,-181680.26,6.35,-4263.63,-0.16,25.0,3.35
Residential,0.52,-4.43,-3.44,-14.65,-1.17,-1.04,-400012.88,-751.7,-5672.33,-0.11,25.0,0.38
Residential,0.03,0.72,7.42,-3.31,1.22,-1.04,-61237.96,1412.36,-822.67,0.06,9.76,10.25
Residential,1.13,3.68,0.72,10.77,-0.71,-1.04,717528.23,1242.82,11058.89,-0.08,10.94,9.14
Residential,-0.07,0.74,11.21,-11.03,2.33,-1.04,38955.81,3570.84,-1481.52,-0.05,12.79,7.82
Residential,0.02,2.83,12.07,-19.25,-0.85,-1.04,200588.29,-1234.54,6220.39,0.11,8.64,11.57
Residential,-0.94,-0.71,-10.21,-25.96,2.64,-11.04,-72081.93,614.1,-2763.81,0.03,12.56,7.96
Residential,0.03,-2.35,8.27,-33.9,-2.6,8.96,-60583.34,1456.05,-16.6,-0.06,17.67,5.66
Residential,-1.14,3.56,-10.72,30.85,1.13,-11.04,389443.75,4258.33,-1560.38,0.16,25.0,3.74
Residential,-0.18,3.35,0.55,4.68,1.35,-1.04,659922.26,817.65,5354.6,0.04,11.72,8.53
Residential,0.65,-4.3,1.17,-27.08,1.41,-1.04,-348792.18,106.62,-4599.51,0.12,10.52,9.51
Residential,-0.56,2.46,4.4,5.82,-1.11,8.96,-23751.98,5170.51,4082.05,0.07,8.15,12.27
Residential,0.91,-0.81,5.11,-10.86,2.17,-1.04,-166976.49,-1864.74,-499.05,0.18,5.61,17.81
Residential,-1.24,-0.5,-12.78,35.24,1.98,8.96,114618.95,2793.26,-1271.29,-0.13,14.37,6.96
Residential,0.65,1.24,15.91,-4.4,-0.48,-1.04,104500.96,1270.67,2167.57,-0.09,10.98,9.11
Residential,-0.89,-4.18,-6.54,2.99,1.82,-11.04,-370067.29,-3013.46,-5736.68,0.05,21.37,4.68
Residential,-1.02,4.66,4.09,-20.04,-0.37,-11.04,86941.95,3565.69,208.8,0.04,14.88,6.72
Residential,-1.09,3.86,-8.47,18.83,1.59,-11.04,279913.0,2996.23,1082.7,-0.15,12.66,7.9
Residential,-0.85,3.15,3.9,-31.88,1.82,-1.04,303305.79,2030.44,23.67,-0.0,14.77,6.77
Residential,0.88,-4.15,9.08,21.17,-2.68,-1.04,-294019.18,-1115.8,-2424.35,0.16,12.36,8.09
Residential,0.83,-0.22,15.71,6.97,0.65,-1.04,13959.69,-2623.45,3543.78,0.04,6.26,15.97
Residential,-0.27,-0.29,-7.43,21.65,-0.11,8.96,7585.86,2450.29,-3.58,0.05,12.29,8.14
Residential,0.09,-4.66,3.93,-7.98,2.54,-1.04,-421108.38,-3106.51,-5961.9,0.17,17.89,5.59
Residential,1.07,1.32,-3.99,-8.97,1.71,-1.04,421018.52,893.6,5070.62,-0.02,9.08,11.01
Residential,-1.17,-1.33,1.03,10.12,-1.96,8.96,94965.99,1497.62,-2794.44,-0.09,25.0,2.22
Residential,-0.3,-0.62,-13.65,-27.24,-1.67,-1.04,-222160.85,2176.02,-2686.37,-0.18,18.08,5.53
Residential,-0.56,0.86,-0.78,27.79,-1.48,-1.04,-95768.44,-3431.03,52.52,-0.19,10.4,9.62
Residential,0.23,2.4,-2.07,13.49,-0.92,-1.04,69643.43,-3641.37,3656.97,-0.0,8.58,11.65
Residential,-0.77,-4.36,-6.05,-19.61,0.96,-1.04,-294007.99,-2811.84,-5276.53,0.2,22.52,4.44
Residential,-0.23,1.48,-6.63,18.18,1.04,8.96,223524.88,-203.67,2283.32,0.06,10.16,9.84
Residential,-0.82,4.91,-9.2,-5.45,-0.46,8.96,390875.03,-1613.81,479.71,0.03,19.65,5.09
Residential,0.33,-1.03,0.72,19.1,0.82,8.96,-217587.49,1976.74,-163.99,-0.01,5.67,17.63
Residential,-0.66,0.67,-9.42,-23.21,-1.74,8.96,188876.22,2405.18,-892.06,-0.07,25.0,3.5
Residential,-0.64,-1.41,-14.78,-21.64,1.73,8.96,-129925.56,1049.47,-3855.41,0.13,19.08,5.24
Residential,-1.09,4.98,4.86,4.93,2.37,8.96,319234.85,4033.78,1530.71,-0.01,11.51,8.69
Residential,-0.7,-4.65,-11.63,5.13,-2.52,8.96,-438168.14,-528.87,-5897.06,-0.11,25.0,0.0
Residential,1.02,1.27,4.65,29.22,-1.65,-1.04,16634.96,71.36,1520.62,-0.06,12.3,8.13
Residential,0.28,-2.81,1.08,23.64,1.07,-1.04,-164601.79,494.89,-1782.61,0.01,8.99,11.12
Residential,0.91,-0.36,17.5,18.89,1.36,-1.04,23114.14,3047.54,3374.0,-0.13,6.37,15.69
Residential,-0.49,-3.42,-1.54,-3.51,1.44,-11.04,-343085.76,-2144.11,-5126.01,0.2,13.79,7.25
Residential,-0.36,-4.41,-3.98,27.57,0.06,8.96,-386500.9,-2217.67,-5576.42,-0.11,22.08,4.53
Residential,-0.57,3.33,-3.21,3.28,2.2,-11.04,461214.6,936.52,1615.58,0.19,13.11,7.63
Residential,-1.2,0.45,-10.68,29.71,-0.69,8.96,-120323.92,3020.12,-4213.96,0.06,25.0,1.89
Residential,1.16,1.11,-5.28,-28.95,-2.49,-1.04,63971.22,1652.19,-117.11,0.18,23.04,4.34
Residential,0.8,-2.41,9.71,-19.56,-2.64,-1.04,-268257.63,-3322.92,-3475.62,-0.02,17.24,5.8
Residential,-0.8,-2.67,-12.5,-21.34,-1.88,-11.04,-272909.98,-1600.11,-4617.03,-0.14,25.0,3.14
Residential,-0.0,1.26,-2.57,-11.68,-2.53,-1.04,-12981.09,-3213.34,-2076.86,-0.06,24.69,4.05
Residential,-0.24,-1.39,-6.03,11.38,-2.25,8.96,-56286.87,964.56,-3202.38,-0.16,25.0,2.4
Residential,1.05,3.28,-4.84,-23.75,2.59,-1.04,567062.76,-1318.04,9692.57,-0.01,6.64,15.07
Residential,-1.19,-1.66,-1.19,33.45,-0.31,8.96,73045.81,-1121.16,-3023.16,0.02,25.0,3.68
Residential,-0.16,3.67,-10.29,-30.28,0.66,-1.04,1004273.43,-629.9,4739.69,0.19,17.42,5.74
Residential,-0.51,-0.6,6.98,31.96,2.37,-11.04,-132377.55,-3238.42,-2245.8,0.14,8.53,11.72
Residential,0.91,-4.73,5.71,-24.59,-1.1,-11.04,-384742.66,-304.72,-4746.05,-0.08,17.18,5.82
Residential,0.5,0.22,3.64,-17.76,1.65,8.96,95746.42,-1949.64,2227.23,0.09,7.54,13.26
Residential,1.09,-0.4,-2.16,5.29,1.54,-1.04,57946.37,2786.22,4791.2,0.18,5.74,17.42
Residential,-0.5,3.15,5.37,23.47,-1.07,-1.04,493577.78,-334.47,2923.4,-0.0,18.08,5.53
Residential,0.61,1.61,-4.59,11.55,-1.87,-1.04,105906.13,1329.11,-1317.44,0.01,25.0,3.66
Residential,-0.38,-4.8,-9.84,-25.37,2.38,8.96,-435157.22,-4545.54,-5810.34,-0.02,7.04,14.2
Residential,1.05,0.08,0.59,33.83,-2.16,8.96,-100773.14,-1303.06,708.3,-0.19,11.31,8.84
Residential,0.54,2.96,-4.2,-15.62,-1.74,-11.04,30050.24,-3430.97,1112.25,0.02,12.48,8.01
Residential,0.3,-4.31,9.97,28.09,-1.25,-1.04,-341344.83,-2414.11,-4714.2,0.18,16.53,6.05
Residential,-0.64,1.0,6.47,-18.09,0.61,-1.04,179963.79,-634.11,-2465.61,0.09,23.81,4.2
Residential,-0.73,-3.41,-14.38,21.32,-1.51,-11.04,-340028.43,-2390.06,-4343.13,-0.15,13.81,7.24
Residential,-0.76,0.47,0.76,-22.86,2.53,-1.04,-108932.2,1684.7,-3000.66,-0.05,12.95,7.72
Residential,0.38,4.37,13.0,-30.22,1.59,8.96,760685.16,4444.66,13185.81,0.09,7.46,13.41
Residential,0.92,1.73,6.16,-23.54,1.67,-1.04,-26239.3,-2250.27,7864.56,-0.17,3.51,28.45
Residential,-0.63,-0.58,-5.43,-20.14,0.93,8.96,-94205.15,-1847.1,-1.34,0.11,7.48,13.37
Residential,-1.05,0.46,4.8,16.28,1.78,8.96,263513.64,-3648.77,-326.08,-0.13,13.42,7.45
Residential,-0.25,2.35,-12.86,-15.53,1.5,-1.04,88626.03,-3060.48,2120.78,0.07,7.56,13.22
Residential,1.18,0.42,1.65,-25.58,0.54,8.96,172203.75,3083.55,279.9,-0.06,14.35,6.97
Residential,-1.19,3.86,-12.06,-34.04,-0.06,-1.04,196864.75,-1149.3,318.87,0.13,14.79,6.76
Residential,-1.13,-2.34,-3.46,-29.38,1.03,-11.04,-145451.19,1078.09,-1657.95,-0.11,9.5,10.53
Residential,-0.43,-1.99,-4.23,28.42,0.67,8.96,-58824.81,2721.92,-3254.57,-0.07,22.94,4.36
Residential,0.45,-2.26,11.36,-23.91,-0.58,-1.04,-78711.6,2750.01,-2882.96,0.1,24.27,4.12
Residential,0.38,-1.41,-6.87,-26.78,-0.59,-1.04,-11193.69,2418.32,-900.95,0.13,15.46,6.47
Residential,-0.14,0.6,3.63,5.25,0.87,-11.04,-55915.45,-183.0,-824.58,-0.14,10.0,10.0
Residential,1.01,3.45,-3.63,-10.82,-1.43,-1.04,416475.06,2021.45,6725.61,-0.13,12.71,7.87
Residential,0.39,0.56,5.44,18.14,2.09,-1.04,-47077.57,-2576.77,-1993.34,-0.07,10.58,9.45
Residential,1.22,3.48,2.42,-27.89,-2.66,8.96,101314.8,3548.99,5486.36,-0.02,12.41,8.06
Residential,-0.8,-3.68,-16.27,-24.32,-1.01,-11.04,-260930.4,-4198.99,-4037.0,-0.05,14.64,6.83
Residential,-1.25,-2.69,4.8,33.01,2.26,-1.04,-215478.06,-1832.02,-4215.6,0.12,13.53,7.39
Residential,-0.89,-2.95,-5.3,-10.79,-2.41,-1.04,-350731.27,2225.54,-4543.47,0.15,25.0,1.33
Residential,-0.07,4.53,8.04,-29.04,-2.6,-1.04,456543.07,3961.14,-881.61,0.12,25.0,1.78
Residential,-0.46,-1.55,-2.07,17.05,-2.56,8.96,-84045.89,752.74,-2874.14,-0.18,25.0,2.75
Residential,0.25,-0.2,7.73,-10.95,1.39,-1.04,166033.78,-1449.74,-1496.36,0.15,15.97,6.26
Residential,-1.04,-1.39,-4.33,-22.03,-0.31,-1.04,-193445.06,-1929.21,-4152.37,0.14,21.28,4.7
Residential,-0.68,3.83,4.03,-1.58,0.45,-1.04,87845.83,-755.86,3904.33,0.02,7.33,13.64
Residential,0.58,-0.14,0.86,-9.02,1.46,8.96,141837.69,194.22,148.08,0.12,11.56,8.65
Residential,0.15,-0.84,-5.65,-31.14,-1.58,-1.04,5256.75,-3320.16,460.58,-0.0,12.67,7.89
Residential,0.72,2.77,5.07,0.91,-0.34,-1.04,755337.0,-1641.63,4403.68,0.02,17.04,5.87
Residential,0.14,-2.7,12.39,-12.3,-2.73,8.96,-311969.19,-1154.17,-4393.54,0.08,25.0,3.17
Residential,-0.31,-3.47,-1.27,34.16,1.14,-1.04,-388881.25,-287.11,-4742.24,0.15,7.91,12.64
Residential,1.19,-0.07,9.66,30.23,1.72,-1.04,-50061.78,-2838.35,-1401.35,0.14,9.58,10.44
Residential,-0.98,4.66,-18.37,-10.53,1.83,8.96,257680.38,4321.46,4025.14,0.07,8.4,11.91
Residential,0.07,2.96,5.63,10.66,-0.73,-1.04,147946.82,2881.57,4416.91,0.16,9.78,10.23
Residential,-0.26,3.21,6.96,21.08,-2.17,8.96,328769.82,2314.29,4436.95,-0.0,16.69,5.99
Residential,-1.15,-1.8,-3.15,-7.83,-0.49,-11.04,-228413.38,-1052.86,-4401.79,0.17,24.27,4.12
Residential,0.97,-0.54,12.33,-33.53,-1.83,8.96,-186505.19,-104.81,-752.81,0.07,10.93,9.15
Residential,0.08,4.65,-8.83,15.23,-2.19,8.96,712366.19,2238.07,8537.58,-0.01,17.27,5.79
Residential,-0.29,-4.81,8.25,-27.55,1.9,8.96,-377474.46,-292.77,-5139.9,0.18,11.61,8.61
Residential,-1.03,-0.27,-11.4,-29.26,1.9,-1.04,-177609.15,-3807.1,-2619.77,0.17,8.44,11.85
Residential,0.44,-2.07,9.18,-9.78,2.56,8.96,-177216.63,439.28,-2191.45,0.06,7.85,12.74
Residential,0.26,1.48,4.27,-11.54,-2.15,8.96,398109.21,-1223.12,7699.76,-0.09,12.71,7.87
Residential,-0.63,-3.43,-13.55,20.46,-1.13,8.96,-178938.22,-3036.84,-3365.34,0.09,17.21,5.81
Residential,0.93,1.43,-2.72,14.97,0.58,-11.04,374147.64,-594.42,2452.26,0.14,12.84,7.79
Residential,-1.0,-2.96,-0.84,0.17,2.08,-11.04,-323974.67,449.54,-4894.73,-0.11,14.99,6.67
Residential,-0.39,1.04,-5.18,-12.05,1.27,-11.04,220517.36,-1588.27,2860.91,0.07,9.01,11.1
Residential,-1.21,1.44,-0.74,7.46,1.94,-11.04,-62863.52,4919.39,-3221.47,-0.07,20.0,5.0
Residential,-1.2,0.54,0.37,-28.52,-2.37,8.96,-115274.83,397.16,-4579.36,0.08,25.0,0.93
Residential,0.14,-2.07,12.15,34.14,-0.97,8.96,-1174.18,-2877.06,-1340.02,0.09,15.62,6.4
Residential,-0.68,-3.59,8.33,-18.81,-0.27,-1.04,-351338.07,-922.68,-4044.58,0.09,9.12,10.97
Residential,-0.2,0.97,-8.73,16.02,0.89,-1.04,-59229.78,-3053.96,1931.47,-0.0,6.13,16.32
Residential,0.84,1.84,-3.55,-9.38,-2.64,8.96,406762.47,938.45,4888.6,0.16,19.05,5.25
Residential,-0.06,4.93,9.29,24.65,1.57,-1.04,347198.84,3054.33,4956.52,0.07,8.76,11.42
Residential,0.83,0.74,4.25,24.7,2.37,-11.04,-61238.52,2969.21,589.79,0.19,6.72,14.87
Residential,-0.44,-2.13,6.43,-5.25,-0.81,-11.04,-249119.02,2104.03,-3618.68,-0.13,19.8,5.05
Residential,0.83,2.5,10.84,-1.56,-1.41,-1.04,851676.9,-1126.21,8975.09,0.14,15.31,6.53
Residential,-0.92,1.05,-1.26,8.19,1.18,-1.04,270985.09,-517.72,3954.18,0.07,8.83,11.33
Residential,1.02,3.03,15.22,22.92,0.39,-1.04,387487.49,883.41,10844.79,0.15,6.76,14.8
Residential,0.48,-3.65,-9.32,-15.47,1.42,-1.04,-320803.26,2058.11,-3174.45,-0.0,6.75,14.82
Residential,-1.22,-3.92,0.78,-34.28,0.46,-11.04,-323857.06,327.84,-3485.98,-0.11,8.11,12.33
Residential,0.75,-4.15,16.78,-29.02,-1.0,8.96,-375747.58,-3991.46,-4527.66,0.12,8.44,11.85
Residential,0.86,2.48,14.54,28.62,-1.45,-1.04,-86040.62,-1735.48,3060.3,-0.15,7.37,13.56
Residential,0.38,4.39,-2.11,18.04,2.25,-1.04,735533.35,2288.98,12931.79,-0.06,6.78,14.76
Residential,0.38,-3.56,-9.2,16.69,2.34,-11.04,-302632.05,511.79,-2775.47,-0.04,5.43,18.4
Residential,-0.74,3.48,-12.04,24.09,-0.07,-1.04,239745.01,2220.47,-824.75,0.09,21.28,4.7
Residential,-0.99,-1.65,-16.46,-1.12,0.81,-1.04,-104630.12,-1143.91,-4239.11,0.16,25.0,3.91
Residential,-0.71,4.15,5.65,34.83,-0.85,8.96,428460.23,4959.99,4103.67,0.12,15.58,6.42
Residential,-0.0,-1.17,-1.89,1.01,0.37,-11.04,-80558.39,-3874.21,-1935.94,0.01,11.57,8.64
Residential,-0.5,-1.37,6.72,-1.95,1.11,8.96,-314588.1,1532.45,-3426.78,-0.18,8.02,12.47
Residential,1.24,3.81,-3.96,2.4,2.28,8.96,885526.95,-4030.25,9333.82,0.03,9.01,11.1
Residential,1.07,0.45,18.15,11.15,0.34,-11.04,-93714.52,26.1,1570.85,-0.08,6.67,15.0
Residential,-0.22,4.79,-5.06,20.35,-0.81,-1.04,264828.41,2750.9,2105.06,0.05,15.48,6.46
Residential,-1.17,2.85,-6.0,31.74,1.74,-1.04,369154.31,2577.09,3139.14,0.08,10.57,9.46
Residential,-0.28,-1.32,-8.92,-28.24,-1.53,-11.04,-178116.16,-2150.36,-3341.72,0.09,19.72,5.07
Residential,1.22,4.07,8.2,20.07,0.21,-1.04,914485.44,6129.62,7256.8,-0.13,15.13,6.61
Residential,1.0,2.89,9.88,-4.61,-1.64,8.96,262500.09,-1018.57,3979.17,0.13,13.44,7.44
Residential,-0.5,3.18,-12.41,14.01,-2.63,8.96,501148.48,3248.58,3843.14,0.1,24.88,4.02
Residential,1.07,0.03,15.77,-21.13,2.6,-1.04,139896.38,-2514.07,-40.68,-0.05,9.9,10.1
Residential,-0.77,-2.5,-9.67,-30.26,2.43,-1.04,-243043.24,-2186.15,-1877.5,-0.05,5.33,18.75
Residential,-0.64,5.02,-0.09,16.96,0.48,8.96,377675.72,1226.44,4471.4,0.11,10.78,9.28
Residential,0.97,-1.63,12.87,-24.87,-1.48,-1.04,-123889.23,-960.48,-3775.47,-0.02,25.0,3.24
Residential,0.23,-2.01,-4.05,15.51,-0.4,-1.04,-222736.97,-314.37,-3642.59,0.04,16.84,5.94
Residential,-0.46,2.92,-5.88,-0.82,1.0,-1.04,420168.91,1872.99,7576.69,0.02,8.12,12.31
Residential,-0.08,-1.22,9.21,-13.18,1.9,-1.04,-134229.63,-2274.16,-4004.58,-0.13,16.56,6.04
Residential,-0.54,0.91,8.16,-34.39,-0.13,8.96,292014.68,837.57,-434.02,0.16,20.49,4.88
Residential,-0.59,-2.9,-7.11,-14.27,1.62,8.96,-224386.54,2340.28,-1346.84,-0.04,6.33,15.79
Residential,-0.35,-4.17,-7.57,19.51,-1.75,-1.04,-385979.88,626.79,-4574.59,-0.04,18.59,5.38
Residential,-0.7,-2.42,2.18,28.71,-1.33,-1.04,-218454.03,-2805.84,-2184.08,-0.19,10.89,9.18
Residential,0.55,2.66,13.05,14.56,-0.99,8.96,412555.4,2401.5,7706.57,0.16,10.83,9.23
Residential,-0.87,-2.55,-8.93,31.58,-0.91,-11.04,-349924.35,591.86,-3368.55,0.02,8.5,11.77
Residential,0.99,0.47,13.5,-14.73,-1.26,-11.04,249975.44,-361.17,5614.3,0.02,10.63,9.41
Residential,-0.04,3.31,-6.71,24.5,-2.73,8.96,208418.48,-2282.16,10063.73,0.14,9.44,10.59
Residential,-0.58,4.52,-8.4,11.12,-1.45,-11.04,127539.85,-816.51,987.0,-0.04,15.34,6.52
Residential,1.04,3.96,13.93,-11.6,-1.01,8.96,-101129.16,5141.34,598.12,0.11,10.86,9.21
Residential,1.16,3.19,13.27,30.52,-1.82,-11.04,342552.66,3056.31,6335.72,-0.09,13.25,7.55
Residential,-1.02,-2.21,2.83,-15.18,1.17,8.96,-194585.8,2928.09,-4846.0,0.04,25.0,2.16
Residential,-0.86,-2.13,-4.56,9.0,0.19,-1.04,-249780.66,1349.02,-2705.07,0.13,10.06,9.94
Residential,-1.17,-3.47,-7.74,-31.33,1.8,-1.04,-297800.1,-2630.17,-5370.93,0.02,21.65,4.62
Residential,-0.7,-4.16,-15.07,22.49,0.25,8.96,-379693.99,-3758.55,-5176.18,0.05,10.41,9.61
Residential,1.01,-4.08,1.38,9.57,1.13,8.96,-259479.35,2821.56,-4268.76,-0.02,19.31,5.18
Residential,0.34,1.58,12.9,5.65,1.35,-1.04,97484.73,-3417.61,-2714.49,0.1,18.28,5.47
Residential,-0.98,2.13,5.9,-11.67,1.63,-1.04,164027.1,3481.39,2433.43,-0.06,8.9,11.23
Residential,0.98,0.35,12.89,-29.65,-0.51,-1.04,88088.04,1424.5,5126.72,0.2,7.75,12.9
Residential,0.39,2.88,14.15,16.65,-1.95,-1.04,329517.14,4898.82,6771.63,-0.09,13.3,7.52
Residential,1.16,-4.41,5.46,25.5,-0.19,-1.04,-383327.72,-3580.58,-4484.96,-0.1,6.73,14.85
Residential,-1.2,-1.31,-19.37,5.31,2.38,-1.04,-152813.19,2728.48,-3446.69,-0.17,14.45,6.92
Residential,-0.84,-4.43,-1.78,30.31,0.99,8.96,-349078.88,1235.15,-4923.41,0.08,17.89,5.59
Residential,0.28,2.66,-3.41,19.64,1.43,8.96,162240.36,1417.91,4541.89,0.06,7.04,14.21
Residential,-1.24,2.16,0.81,19.1,1.5,8.96,-16383.85,4297.84,575.02,-0.06,8.58,11.66
Residential,1.02,-1.58,16.56,7.52,-0.06,-1.04,6540.67,3108.63,3679.11,-0.08,7.31,13.68
Residential,0.98,2.22,1.61,5.31,-2.57,-1.04,-127561.14,-2195.96,-47.03,-0.03,12.72,7.86
Residential,1.02,2.48,9.55,-21.49,1.84,-1.04,-56670.26,1043.15,-803.78,0.12,8.97,11.15
Residential,0.13,-4.33,-6.62,13.95,1.83,8.96,-437151.47,1170.19,-5552.79,-0.18,17.92,5.58
Residential,0.16,4.29,3.16,31.19,-1.1,-1.04,199025.64,165.42,3557.97,0.08,11.83,8.45
Residential,1.12,0.14,-1.96,8.83,0.58,-1.04,69713.97,703.77,-895.44,-0.03,14.12,7.08
Residential,-1.01,3.33,2.35,-27.68,-0.12,-1.04,574740.7,-294.56,104.32,0.11,24.75,4.04
Residential,1.1,4.63,3.24,18.49,1.05,-11.04,110364.01,645.76,3129.63,0.03,7.78,12.85
Residential,0.22,4.55,2.12,21.82,-2.58,-1.04,782622.15,4975.77,6767.91,0.1,24.33,4.11
Residential,-0.32,0.16,1.4,-27.51,2.73,-1.04,86662.45,1246.89,-914.78,-0.01,11.15,8.97
Residential,0.3,2.25,12.65,-33.08,-1.67,-1.04,188577.68,826.13,5404.3,-0.0,10.91,9.17
Residential,-0.24,0.51,2.02,-11.45,-0.11,8.96,-190550.75,-2652.37,-552.57,0.16,6.95,14.39
Residential,-1.09,1.78,-0.77,-28.73,2.4,8.96,-112052.55,3450.36,3358.2,-0.06,4.09,24.45
Residential,-0.52,-4.47,0.85,13.64,2.02,-11.04,-432661.02,-2087.2,-5406.73,0.11,9.34,10.71
Residential,1.2,-1.88,7.71,22.15,-0.26,-1.04,-238618.71,3218.55,2920.63,-0.12,3.99,25.08
Residential,0.64,-3.78,2.31,-21.14,-2.1,-1.04,-293869.48,1985.21,-3424.7,0.01,21.1,4.74
Residential,-0.85,-1.36,-14.77,7.57,-0.76,-1.04,-254605.17,3170.52,-3511.08,-0.0,19.69,5.08
Residential,0.1,-2.52,-11.02,1.72,1.81,-1.04,-203579.42,3127.13,-973.95,-0.13,6.29,15.91
Residential,-0.15,-1.52,-1.35,27.95,2.58,8.96,52202.78,-1797.6,896.79,0.18,7.46,13.41
Residential,1.13,1.35,15.1,1.65,2.64,-11.04,-11569.14,-951.75,587.77,0.18,6.88,14.53
Residential,0.47,3.66,-7.84,1.43,2.45,-1.04,539900.97,2270.79,7375.97,0.19,7.9,12.66
Residential,1.12,-3.4,18.58,27.93,-0.16,8.96,-330460.52,1634.51,-4450.76,-0.13,18.08,5.53
Residential,-0.52,-3.61,-4.66,29.26,1.58,8.96,-274129.74,-2403.41,-4508.01,-0.01,12.92,7.74
Residential,-0.31,4.88,-14.14,-32.18,2.13,8.96,496880.3,4124.65,5591.43,-0.08,9.23,10.83
Residential,-0.48,-3.15,8.75,7.16,-2.16,-1.04,-344637.03,1423.17,-3577.43,0.1,15.72,6.36
Residential,-0.0,-4.53,5.21,3.36,0.3,-1.04,-425731.22,-4431.57,-5804.95,-0.2,13.55,7.38
Residential,0.97,3.56,0.01,-27.42,-0.69,-1.04,447675.47,-1980.88,1049.04,0.13,19.84,5.04
Residential,-0.78,3.64,4.43,-8.77,1.64,-1.04,433306.58,-2743.53,341.39,-0.01,15.38,6.5
Residential,0.55,2.79,14.71,32.14,-2.5,8.96,-209105.46,-1226.67,1125.11,-0.19,8.12,12.31
Residential,-0.61,4.71,-4.21,-17.94,0.41,-1.04,329945.9,6089.13,4372.87,-0.04,11.06,9.04
Residential,0.6,-3.52,1.87,-24.02,2.6,8.96,-342293.59,-3465.54,-3441.25,0.1,4.35,22.98
Residential,1.22,1.3,13.51,11.13,0.61,-1.04,411572.04,259.72,7366.64,-0.19,8.48,11.79
Residential,-0.02,0.1,-3.62,-12.97,-0.28,-1.04,-52227.78,-1866.55,1784.89,-0.16,7.64,13.09
Residential,0.68,3.76,3.88,22.43,-0.47,8.96,385476.6,1327.4,1965.24,0.01,16.81,5.95
Residential,0.28,2.52,7.72,-8.02,-0.85,8.96,351443.76,480.93,7884.64,0.17,9.49,10.54
Residential,-0.29,0.14,-12.02,-33.62,-2.14,-1.04,-53618.61,3759.05,233.67,0.12,16.53,6.05
Residential,-0.46,3.89,-8.59,-2.05,0.98,-1.04,216941.0,865.61,4932.68,-0.15,7.76,12.89
Residential,-0.82,3.3,-15.63,-7.47,2.46,8.96,527031.83,-4036.49,6994.94,0.06,7.63,13.1
Residential,0.25,-4.13,-2.51,30.02,1.03,-1.04,-364364.56,1272.9,-4935.63,-0.2,15.75,6.35
Residential,0.71,-4.01,-0.68,-4.4,-1.21,-11.04,-418018.35,-1684.73,-5279.65,-0.2,21.55,4.64
Residential,-0.9,-2.91,-17.7,-17.59,-1.56,-1.04,-119128.99,-2911.45,-3956.69,-0.2,25.0,3.4
Residential,-0.27,-1.51,-9.05,33.07,-2.54,-1.04,-625.18,-3409.26,-2339.58,0.08,25.0,3.71
Residential,0.48,-3.7,8.89,14.4,2.36,-1.04,-336635.81,-951.68,-4178.65,0.18,7.12,14.04
Residential,0.54,-2.47,3.51,12.76,0.39,-1.04,-77168.11,3210.89,-1989.68,-0.12,14.99,6.67
Residential,-1.0,-3.93,-9.89,0.43,0.55,-1.04,-360566.09,-4257.74,-4282.8,-0.03,6.53,15.31
Residential,1.09,-2.82,17.72,-16.78,-1.55,8.96,-253271.98,-3843.92,-4228.3,0.1,19.05,5.25
Residential,0.87,-0.37,-7.17,-11.21,0.67,-1.04,45126.55,1848.37,-306.84,-0.18,12.18,8.21
Residential,-0.54,-0.24,4.51,30.01,2.58,-1.04,-282517.65,-2643.68,-3406.32,0.13,6.56,15.25
Residential,0.82,-4.21,13.08,-20.49,-0.78,-1.04,-347010.82,1382.48,-4965.92,-0.13,25.0,2.58
Residential,0.46,-2.82,13.55,-24.05,1.15,-1.04,-273326.85,-3877.97,-4693.09,0.04,13.93,7.18
Residential,0.51,0.5,-8.99,20.66,-0.75,8.96,127375.01,789.12,6831.4,-0.08,7.38,13.55
Residential,-0.56,0.79,-9.26,-31.23,1.54,-1.04,22532.72,-2154.75,1844.74,0.13,6.94,14.4
Residential,-0.06,-2.67,0.38,24.29,-1.22,-1.04,-65108.26,-4673.22,-1417.22,0.09,13.48,7.42
Residential,-0.7,1.1,0.69,-4.61,-0.83,-1.04,306389.83,130.15,4490.81,0.19,11.89,8.41
Residential,-1.14,-4.82,-18.18,-15.38,-0.69,-1.04,-332610.78,-1602.75,-5602.32,0.18,25.0,1.53
Residential,0.46,4.64,4.84,-15.41,-2.36,-1.04,275448.16,3152.52,2331.39,-0.1,21.6,4.63
Residential,0.34,2.21,7.64,22.81,-2.52,-11.04,-93321.14,-2329.52,-1081.92,-0.14,16.78,5.96
Residential,-0.7,3.53,-11.25,14.8,1.29,-11.04,-50323.33,4231.36,1255.53,0.14,7.32,13.66
Residential,-1.08,3.95,-15.64,-1.79,-0.37,-11.04,253142.25,-1524.67,1145.44,0.01,14.75,6.78
Residential,0.48,1.25,11.61,22.78,-2.33,8.96,77350.31,2608.2,4256.88,0.05,12.18,8.21
Residential,-0.8,-0.85,-2.08,-5.06,2.19,-1.04,-47245.87,2152.09,-2122.91,-0.15,12.27,8.15
Residential,0.72,1.85,-4.99,5.23,-1.68,-11.04,156575.39,-436.45,728.08,0.04,17.73,5.64
Residential,1.22,1.89,-1.48,-29.88,-0.45,-11.04,685799.29,3541.59,5052.7,0.12,16.53,6.05
Residential,-0.05,-0.28,-0.06,-30.07,2.17,-1.04,-184705.95,505.65,-3581.22,-0.08,12.82,7.8
Residential,-0.75,-4.79,-2.94,-12.2,0.38,-1.04,-388083.05,-3173.13,-5851.94,0.09,25.0,3.61
Residential,-0.69,-0.05,3.27,5.49,-2.3,8.96,51450.79,-1421.67,-1347.53,-0.17,24.39,4.1
Residential,1.09,1.34,2.16,-1.39,1.05,-1.04,-135341.0,4993.02,-347.9,-0.05,8.1,12.34
Residential,-0.3,0.31,-5.87,11.73,-1.25,8.96,208237.67,3330.44,552.91,0.06,20.16,4.96
Residential,0.26,0.53,-4.35,34.22,0.12,-11.04,-101404.74,884.91,-498.04,0.18,9.61,10.41
Residential,1.16,-0.17,14.33,26.89,1.51,8.96,271000.32,-3268.91,5634.37,-0.03,7.06,14.17
Residential,0.24,1.25,0.11,-9.09,0.43,-1.04,434466.44,790.23,4326.84,0.1,11.68,8.56
Residential,-0.15,0.52,4.88,-31.88,0.04,-1.04,183389.28,1954.56,4021.89,0.09,9.35,10.69
Residential,0.03,-4.56,-5.02,-9.43,-2.04,-1.04,-375817.6,-2489.41,-4390.99,-0.19,11.67,8.57
Residential,0.34,4.76,7.84,-30.54,2.62,-11.04,461669.16,-975.87,8112.81,-0.16,6.61,15.12
Residential,-0.62,3.15,5.27,-6.43,-0.27,-1.04,244814.94,1817.12,7748.33,-0.1,7.7,12.98
Residential,-0.62,-4.4,-13.44,16.52,-0.35,-1.04,-412538.42,-799.71,-5562.89,-0.04,25.0,2.85
Residential,0.86,3.37,-3.27,12.98,-0.65,-1.04,634323.47,3305.22,11141.42,-0.07,10.21,9.79
Residential,-0.36,-2.8,-12.94,-19.41,-2.31,-11.04,-292409.34,-4306.9,-2255.23,0.17,8.91,11.22
Residential,-0.55,-3.72,-2.3,0.64,1.25,8.96,-356487.17,1223.71,-4873.4,-0.04,14.77,6.77
Residential,0.6,-0.29,-7.93,14.02,1.09,8.96,-146647.57,-312.2,-3414.49,-0.06,15.31,6.53
Residential,0.85,0.48,-6.26,20.89,-1.34,-1.04,-43058.05,-3318.73,-2937.85,0.05,22.47,4.45
Residential,0.8,4.04,16.53,-18.7,2.46,-1.04,566285.99,-251.66,5982.57,0.18,8.86,11.29
Residential,0.75,-2.88,0.88,-12.42,-0.06,-1.04,-162896.2,730.99,-1057.7,0.12,9.19,10.88
Residential,-0.34,-1.5,6.59,10.54,-2.22,-1.04,-149023.35,1935.07,-3387.61,-0.14,25.0,2.53
Residential,-1.19,-1.15,-5.46,-27.99,-0.73,-11.04,-221069.92,-3427.64,-3590.97,0.08,14.49,6.9
Residential,0.66,4.74,-7.68,18.77,0.29,8.96,306589.93,-1217.51,2172.03,0.06,12.59,7.94
Residential,-1.18,4.49,-17.81,-29.88,2.41,8.96,163937.69,-1101.06,2378.98,-0.11,7.7,12.99
Residential,0.28,0.8,9.86,-26.37,2.55,8.96,-7614.42,-1954.03,-2455.96,-0.13,12.52,7.99
Residential,-0.54,4.51,-8.34,21.75,-1.8,-1.04,211391.49,-258.8,4213.57,-0.01,12.77,7.83
Residential,0.23,-0.94,-1.6,32.41,-0.74,-1.04,171548.81,-2651.94,3504.25,-0.17,10.24,9.77
Residential,0.52,1.5,6.5,31.5,0.97,-1.04,532490.17,-1974.23,3687.4,0.16,12.39,8.07
Residential,-0.9,-3.45,6.16,6.13,1.07,-11.04,-258538.52,-4000.95,-4938.41,-0.01,17.61,5.68
Residential,0.24,-2.93,-9.98,-32.12,-0.56,-11.04,-286852.58,-3823.35,-3383.42,0.02,9.35,10.69
Residential,-0.83,1.86,-8.77,25.59,-0.65,-1.04,182052.69,675.46,-2305.75,-0.04,25.0,3.33
Residential,0.62,3.86,-5.24,21.82,1.71,-1.04,94042.66,-3357.12,7795.62,-0.13,4.44,22.54
Residential,-0.56,-2.67,-6.65,0.06,-0.99,-11.04,-72397.51,764.81,-3925.62,0.03,25.0,2.5
Residential,0.7,3.19,8.1,-6.72,-2.02,-1.04,71046.69,584.72,3929.19,-0.07,11.12,8.99
Residential,0.36,2.35,11.95,-17.05,-2.17,-11.04,123673.39,2795.98,4685.9,-0.16,12.2,8.2
Residential,0.73,-3.11,14.51,-21.67,0.43,-11.04,-292180.26,-134.71,-3453.57,0.07,9.57,10.45
Residential,-0.11,2.24,5.67,22.87,-0.69,-1.04,-125500.32,1507.86,-2136.97,-0.1,15.75,6.35
Residential,1.22,-0.18,16.58,-25.4,1.3,-1.04,-99573.59,-2680.94,-1704.48,-0.19,9.52,10.5
Residential,0.28,1.64,3.23,8.11,0.18,8.96,111365.14,2697.0,2223.46,0.14,10.17,9.83
Residential,0.96,1.52,10.73,-26.9,0.41,-1.04,203411.08,-1599.98,-1064.98,0.12,17.64,5.67
Residential,0.32,4.44,12.4,33.96,0.61,-11.04,282882.57,1344.01,2161.65,-0.18,12.18,8.21
Residential,-1.19,-3.57,-7.68,-24.13,0.03,-11.04,-217439.43,1415.73,-4345.67,0.08,25.0,3.59
Residential,-0.58,4.21,-11.25,-6.34,-1.15,8.96,313021.81,2245.92,2047.32,-0.16,17.54,5.7
Residential,1.21,-2.96,19.45,-1.69,2.05,-1.04,-393560.52,-2874.11,-3781.32,0.17,3.27,30.57
Residential,-1.22,-0.26,-18.32,-22.94,-2.42,-1.04,-198646.28,-3658.82,-3752.11,-0.18,23.92,4.18
Residential,0.48,3.91,-1.05,12.66,0.4,-1.04,322061.27,485.59,2099.49,-0.15,13.12,7.62
Residential,-0.18,0.45,4.24,14.09,1.78,8.96,114620.8,-1889.11,915.51,-0.08,9.11,10.98
Residential,0.82,3.28,14.19,-29.17,-0.96,8.96,547756.16,5397.17,2736.08,-0.01,21.46,4.66
Residential,-0.18,0.62,-8.92,-4.52,-2.05,-1.04,106922.52,-3481.75,-95.17,0.04,18.42,5.43
Residential,-0.32,-3.82,-12.35,11.06,2.34,-1.04,-360354.63,-1346.86,-4737.44,-0.12,8.03,12.46
Residential,0.13,-4.74,3.18,19.69,-2.59,-11.04,-380406.15,1886.76,-5434.1,0.14,25.0,0.0
Residential,1.16,-2.27,4.57,20.96,-0.95,-1.04,-149634.61,-3266.29,-1565.21,0.11,10.98,9.11
Residential,-0.15,0.26,-4.58,12.17,-1.93,-11.04,293187.64,427.45,-571.28,-0.14,25.0,3.36
Residential,-0.01,5.03,-8.18,-20.46,0.53,-11.04,255375.87,343.45,5923.82,-0.09,7.92,12.62
