city,date,irradiance,temperature,humidity,wind_speed,AC_POWER,DC_POWER,IRRADIATION,solar_performance_score,Unnamed: 0,Dates,Andhra Pradesh,Arunachal Pradesh,Assam,Bihar,Chandigarh,Chhattisgarh,DD,Delhi,DNH,DVC,Essar steel,Goa,Gujarat,Haryana,HP,J&K,Jharkhand,Karnataka,Kerala,Maharashtra,Manipur,Meghalaya,Mizoram,MP,Nagaland,Odisha,Pondy,Punjab,Rajasthan,Sikkim,Tamil Nadu,Telangana,Tripura,UP,Uttarakhand,West Bengal,Total Consumption,year,month,day,day_of_week,quarter,total_consumption,daily_growth_rate,rolling_7_day_avg,rolling_30_day_avg
Delhi,2020-05-15,7.0716,33.41,33.82,3.31,281.8991603902216,2879.8562655433675,0.21432107508880857,2.9989196322598706,2312,2020-05-15,181.9,2.0,22.2,100.6,3.4,79.4,4.2,72.0,7.5,49.7,13.9,10.0,306.3,120.4,21.9,43.2,23.2,209.5,71.9,405.5,2.3,5.1,1.6,202.9,2.1,81.2,8.5,121.2,219.7,1.2,303.5,156.8,3.9,339.7,30.1,145.2,3368.9,2020,5,15,4,2,6742.599999999999,1.589549652709743,6476.0,6003.933333333334
Delhi,2020-05-16,7.6356,33.13,28.31,3.9,293.8778807796024,3002.1393577453105,0.21217020889626623,3.175236474799966,2313,2020-05-16,185.5,1.9,22.1,101.9,3.5,76.5,4.3,73.3,7.6,53.0,16.2,8.9,306.5,128.5,22.4,43.8,25.9,204.1,71.2,405.1,2.2,5.1,1.5,205.5,2.4,81.3,8.5,129.8,225.2,0.9,296.5,152.8,3.9,350.6,30.5,151.7,3405.6,2020,5,16,5,2,6816.200000000001,1.09156705128588,6511.099999999999,6033.223333333333
Delhi,2020-05-17,6.6514,34.34,25.48,2.17,312.96183204783614,3200.565600194744,0.23886852248987903,3.7662443065004467,2314,2020-05-17,177.6,1.9,21.5,101.6,3.4,75.7,3.8,75.7,7.3,51.4,16.3,9.1,299.7,128.2,20.6,43.0,26.3,192.5,63.7,404.9,2.4,4.8,1.5,204.5,2.2,81.3,8.5,135.7,220.8,0.9,277.3,144.2,3.9,361.1,28.0,149.0,3344.7,2020,5,17,6,2,6695.0,-1.77811683929463,6590.5142857142855,6057.35
Delhi,2020-05-18,7.3142,34.03,22.57,2.49,222.99702127311505,2278.668814254924,0.15902588630644315,2.463815608425709,2315,2020-05-18,174.1,1.9,27.6,105.9,3.8,76.3,4.2,78.7,7.4,52.9,14.9,10.3,303.5,135.5,22.4,43.3,26.9,169.2,63.3,418.3,2.6,5.0,1.5,205.3,2.1,83.4,8.5,142.3,225.6,1.3,270.5,149.5,3.9,367.1,30.6,157.7,3391.9,2020,5,18,0,2,6789.2,1.40702016430172,6685.128571428571,6089.726666666667
Delhi,2020-05-19,7.5792,33.72,17.27,2.62,267.4625583268417,2732.640628746392,0.19740737122800353,3.1133584237305145,2316,2020-05-19,164.7,1.9,30.9,102.2,3.9,76.2,4.4,81.3,7.9,52.7,14.8,10.5,307.0,134.0,23.6,44.2,26.5,174.0,65.6,420.9,2.6,5.2,1.7,208.3,2.1,74.2,8.5,143.6,231.8,1.2,274.7,151.3,3.9,370.6,31.7,148.2,3401.3,2020,5,19,1,2,6808.099999999999,0.2783833146762227,6730.228571428571,6125.856666666668
Delhi,2020-05-20,8.1835,33.12,18.47,2.95,314.0457938884043,3215.0632596869136,0.24007292401894353,4.604665450162271,2317,2020-05-20,175.5,2.0,28.4,93.3,4.0,74.8,4.4,82.3,8.1,47.3,15.0,10.6,308.6,139.8,23.8,45.3,19.3,188.0,70.1,426.2,2.4,5.0,1.6,203.8,2.2,57.4,8.5,145.4,230.0,1.2,296.7,159.8,3.9,383.2,32.9,75.1,3371.2000000000003,2020,5,20,2,2,6747.1,-0.8959915394897044,6747.9,6159.816666666667
Delhi,2020-05-21,7.9397,34.13,17.42,3.89,484.46085482791665,4956.921158773319,0.37877404931821124,6.39677026960725,2318,2020-05-21,186.9,2.1,20.2,81.6,4.2,78.0,4.5,84.8,8.2,47.3,16.6,10.6,316.6,142.4,24.3,43.4,17.4,196.5,71.2,434.5,2.8,4.4,1.5,207.2,2.3,70.0,8.5,160.4,233.5,1.1,302.2,166.9,3.9,382.7,33.7,51.5,3419.3,2020,5,21,3,2,6843.2,1.4243156319011074,6777.342857142857,6201.990000000001
Delhi,2020-05-22,7.969,36.52,15.93,1.86,309.5809210920232,3166.017998627707,0.23995086973168883,3.8626216955439454,2319,2020-05-22,192.3,2.0,21.7,92.5,4.5,79.2,4.5,91.7,8.6,52.5,16.3,10.3,317.1,154.5,24.8,44.9,23.5,201.3,72.4,442.1,2.4,4.7,1.7,209.3,2.3,77.2,8.5,168.2,237.2,1.3,306.5,173.3,3.9,402.6,35.2,78.3,3565.1,2020,5,22,4,2,7134.4,4.255319148936176,6833.314285714286,6246.483333333334
Delhi,2020-05-23,7.0056,38.66,15.66,2.01,380.9419243993407,3896.9444239727577,0.2933331639016568,4.962811838029397,2320,2020-05-23,195.9,1.5,23.6,98.6,4.6,79.4,4.6,95.2,8.1,54.7,16.5,10.7,315.2,158.0,24.1,41.2,27.3,201.2,74.0,443.5,2.5,5.1,1.4,216.6,2.1,84.5,8.5,171.0,244.1,1.3,311.9,168.1,3.9,417.5,36.1,102.9,3651.1,2020,5,23,5,2,7306.5,2.4122561112357,6903.357142857143,6295.37
Delhi,2020-05-24,7.579,38.32,15.52,3.19,331.3531300728466,3390.319078053461,0.2597622941068829,4.231194467057071,2321,2020-05-24,194.0,1.6,22.9,109.2,4.5,83.8,4.1,98.0,8.7,55.0,17.3,10.0,312.2,154.3,22.4,46.2,27.7,192.6,69.7,447.4,2.4,4.6,1.6,216.2,2.1,85.0,7.6,168.3,245.8,0.9,302.2,172.3,4.3,426.9,34.6,118.4,3674.8,2020,5,24,6,2,7349.6,0.589885718196137,6996.871428571429,6345.823333333334
Delhi,2020-05-25,7.9462,37.83,18.47,3.06,374.5515346174102,3834.449084009233,0.29073825950854004,5.1105555840430945,2322,2020-05-25,191.6,1.5,20.0,105.8,5.0,85.8,4.4,101.5,9.0,55.3,17.3,10.6,319.8,162.7,24.5,47.4,28.3,200.9,75.9,457.9,2.4,4.3,1.7,220.3,2.1,85.8,7.6,175.9,249.6,1.1,306.3,177.1,4.3,426.5,36.1,113.4,3735.8,2020,5,25,0,2,7475.500000000001,1.7130183955589515,7094.914285714285,6401.906666666667
Delhi,2020-05-26,7.5576,38.37,15.49,3.35,332.76243708534076,3403.815119968726,0.25744746328390405,4.12586275347288,2323,2020-05-26,193.5,1.3,15.7,108.9,5.4,87.1,4.7,106.9,9.3,56.7,17.5,10.9,323.1,167.8,25.4,44.4,27.9,187.3,77.4,462.7,1.8,3.7,1.3,218.0,1.6,86.7,7.6,184.3,253.8,1.2,318.9,176.3,4.3,425.3,36.3,120.2,3771.6,2020,5,26,1,2,7546.800000000001,0.9537823556952764,7200.442857142857,6470.550000000001
Delhi,2020-05-27,7.0279,38.92,14.54,2.09,285.4326782238401,2916.9235397521443,0.2201191109291045,3.1892448036591685,2324,2020-05-27,194.8,1.4,17.8,79.3,5.5,86.7,4.8,110.4,9.2,53.8,17.3,10.8,321.1,168.2,25.6,41.3,24.4,187.0,77.7,460.7,1.8,4.2,1.6,218.3,1.8,88.2,8.2,182.7,260.7,1.2,324.6,176.9,1.9,395.3,35.5,104.6,3705.2999999999993,2020,5,27,2,2,7410.5999999999985,-1.804738432183206,7295.228571428571,6534.8966666666665
Delhi,2020-05-28,6.2282,36.75,26.53,4.83,370.26235136925806,3788.58341870952,0.2892487116306813,4.893855943973852,2325,2020-05-28,195.4,1.6,23.4,79.0,5.0,90.0,4.6,105.6,9.4,51.7,16.8,10.7,321.5,139.3,24.2,43.3,22.2,192.1,74.3,457.3,2.2,4.8,1.3,210.9,2.1,79.3,7.8,150.3,249.4,1.3,307.0,180.5,3.2,350.0,34.1,89.8,3541.4000000000005,2020,5,28,3,2,7082.800000000001,-4.42339351739397,7329.457142857143,6582.003333333333
Delhi,2020-05-29,5.8711,34.91,32.66,4.37,478.5977366602617,4896.060546520335,0.3660857445467344,5.9730673078322445,2326,2020-05-29,193.3,1.9,24.0,95.5,4.3,82.5,4.8,88.4,8.9,53.7,17.4,10.9,323.9,109.0,24.7,44.1,23.4,192.8,69.8,462.6,2.5,5.2,1.4,203.7,2.1,73.6,7.8,134.0,250.1,1.2,298.8,182.4,3.2,337.1,33.8,113.9,3483.6000000000004,2020,5,29,4,2,6970.300000000001,-1.5883548878974365,7306.014285714286,6623.58
Delhi,2020-05-30,6.323,31.65,43.82,2.81,301.15681564388825,3078.7466348776184,0.2278651475883544,3.790631005788724,2327,2020-05-30,186.4,1.9,25.6,91.0,3.4,74.6,4.8,73.3,9.3,53.2,17.6,10.6,326.5,96.1,19.6,41.8,24.9,183.5,70.5,461.2,2.5,5.4,1.7,206.0,2.0,75.1,8.0,127.5,186.9,1.2,306.6,164.0,3.6,282.0,28.2,129.5,3306.0,2020,5,30,5,2,6612.0,-5.140381332223876,7206.800000000001,6646.9766666666665
Delhi,2020-05-31,5.2262,29.66,55.57,1.3,249.73370133051708,2553.9185660072176,0.1841215946829328,2.8606834218397292,2328,2020-05-31,184.1,2.0,25.1,78.0,3.4,74.0,4.4,73.3,9.1,48.3,16.0,9.1,319.2,96.1,19.6,41.8,21.2,168.5,63.5,443.5,2.2,5.5,1.7,204.8,2.2,84.9,7.2,127.5,186.9,0.9,288.5,145.9,4.1,282.0,28.2,120.4,3193.1000000000004,2020,5,31,6,2,6386.200000000001,-3.415003024803376,7069.171428571429,6664.65
Delhi,2020-06-01,6.9643,31.02,50.07,1.83,241.33120264978788,2466.919523359967,0.18384629539216754,2.8114872508835966,2329,2020-06-01,178.2,1.6,24.2,94.1,3.9,72.7,4.5,74.6,9.2,54.9,15.9,9.1,325.4,109.4,22.7,41.3,20.3,164.5,68.3,388.3,2.5,5.2,1.5,200.7,2.2,80.3,7.7,134.9,197.4,1.2,303.3,138.5,4.4,331.0,29.4,123.1,3246.4,2020,6,1,0,2,6492.8,1.669224264821012,6928.785714285716,6681.33
Delhi,2020-06-02,6.7135,31.92,45.23,1.4,310.66454541812976,3176.1546364767623,0.2262529446429115,4.039883290228578,2330,2020-06-02,172.0,2.0,24.8,99.6,4.0,73.7,4.6,81.1,9.2,57.9,17.8,8.2,314.4,119.1,24.3,42.7,23.6,155.9,65.6,374.1,2.4,5.0,1.6,184.4,2.2,75.6,7.7,141.5,201.2,1.3,305.1,140.2,4.4,348.7,33.2,130.9,3255.8,2020,6,2,1,2,6515.799999999999,0.3542385411532622,6781.5,6701.130000000001
Delhi,2020-06-03,6.8263,33.32,40.7,1.25,313.6845465959038,3207.1259654874643,0.23081798780294885,4.1373462709369155,2331,2020-06-03,175.3,2.0,23.2,106.7,4.1,76.8,2.8,85.7,7.1,59.6,17.4,7.7,301.9,127.1,24.6,43.3,26.6,144.6,65.6,288.2,2.6,5.2,1.4,182.9,2.3,77.0,7.7,140.0,203.8,1.3,311.9,139.7,4.4,365.4,35.3,138.6,3205.5,2020,6,3,2,2,6415.300000000001,-1.542404616470705,6639.314285714287,6714.986666666667
Delhi,2020-06-04,3.4286,31.8,47.52,2.31,348.81831807760136,3567.7541219780264,0.2645036245518558,4.582115335423527,2332,2020-06-04,174.3,2.0,23.9,100.7,4.1,76.4,4.1,85.1,8.9,59.5,17.7,8.4,298.3,126.0,24.9,44.4,25.0,166.4,66.3,283.6,2.4,5.1,1.7,143.2,2.3,79.6,7.7,146.5,201.2,1.4,319.5,142.8,4.4,342.0,35.1,148.8,3179.4,2020,6,4,3,2,6363.1,-0.8136797967359444,6536.5,6723.79
Delhi,2020-06-05,5.9009,31.1,48.71,1.92,324.3144980561957,3316.573958372721,0.24530647431597363,4.187136047529455,2333,2020-06-05,181.6,1.9,26.0,74.0,3.9,74.9,4.9,81.0,10.0,61.1,17.4,8.8,288.9,121.4,25.3,42.8,24.7,177.3,66.4,335.2,2.5,5.3,1.7,149.8,2.2,84.5,7.6,151.0,198.0,1.4,321.4,149.2,3.2,284.9,32.9,141.3,3164.4,2020,6,5,4,2,6328.799999999999,-0.5390454338294437,6444.857142857143,6731.493333333333
Delhi,2020-06-06,6.5506,31.45,46.92,1.7,273.06653265259115,2792.8550195045905,0.20928817963404567,3.4253800892322954,2334,2020-06-06,186.6,1.7,24.2,85.3,3.9,76.5,5.1,80.2,10.0,62.3,12.4,8.4,279.5,129.4,24.7,35.0,26.5,175.2,64.2,357.0,2.4,4.5,1.7,162.3,2.1,93.9,7.6,143.4,206.1,1.4,299.3,153.9,4.3,324.9,34.2,157.4,3247.5000000000005,2020,6,6,5,2,6495.000000000001,2.626090254076629,6428.142857142857,6743.356666666668
Mumbai,2020-05-15,6.9871,32.91,51.15,2.9,281.8991603902216,2879.8562655433675,0.21432107508880857,2.9989196322598706,2312,2020-05-15,181.9,2.0,22.2,100.6,3.4,79.4,4.2,72.0,7.5,49.7,13.9,10.0,306.3,120.4,21.9,43.2,23.2,209.5,71.9,405.5,2.3,5.1,1.6,202.9,2.1,81.2,8.5,121.2,219.7,1.2,303.5,156.8,3.9,339.7,30.1,145.2,3368.9,2020,5,15,4,2,6742.599999999999,1.589549652709743,6476.0,6003.933333333334
Mumbai,2020-05-16,6.6029,32.33,54.15,2.89,293.8778807796024,3002.1393577453105,0.21217020889626623,3.175236474799966,2313,2020-05-16,185.5,1.9,22.1,101.9,3.5,76.5,4.3,73.3,7.6,53.0,16.2,8.9,306.5,128.5,22.4,43.8,25.9,204.1,71.2,405.1,2.2,5.1,1.5,205.5,2.4,81.3,8.5,129.8,225.2,0.9,296.5,152.8,3.9,350.6,30.5,151.7,3405.6,2020,5,16,5,2,6816.200000000001,1.09156705128588,6511.099999999999,6033.223333333333
Mumbai,2020-05-17,6.42,32.18,56.3,3.84,312.96183204783614,3200.565600194744,0.23886852248987903,3.7662443065004467,2314,2020-05-17,177.6,1.9,21.5,101.6,3.4,75.7,3.8,75.7,7.3,51.4,16.3,9.1,299.7,128.2,20.6,43.0,26.3,192.5,63.7,404.9,2.4,4.8,1.5,204.5,2.2,81.3,8.5,135.7,220.8,0.9,277.3,144.2,3.9,361.1,28.0,149.0,3344.7,2020,5,17,6,2,6695.0,-1.77811683929463,6590.5142857142855,6057.35
Mumbai,2020-05-18,6.8462,32.13,56.93,4.11,222.99702127311505,2278.668814254924,0.15902588630644315,2.463815608425709,2315,2020-05-18,174.1,1.9,27.6,105.9,3.8,76.3,4.2,78.7,7.4,52.9,14.9,10.3,303.5,135.5,22.4,43.3,26.9,169.2,63.3,418.3,2.6,5.0,1.5,205.3,2.1,83.4,8.5,142.3,225.6,1.3,270.5,149.5,3.9,367.1,30.6,157.7,3391.9,2020,5,18,0,2,6789.2,1.40702016430172,6685.128571428571,6089.726666666667
Mumbai,2020-05-19,7.2214,31.71,57.97,3.51,267.4625583268417,2732.640628746392,0.19740737122800353,3.1133584237305145,2316,2020-05-19,164.7,1.9,30.9,102.2,3.9,76.2,4.4,81.3,7.9,52.7,14.8,10.5,307.0,134.0,23.6,44.2,26.5,174.0,65.6,420.9,2.6,5.2,1.7,208.3,2.1,74.2,8.5,143.6,231.8,1.2,274.7,151.3,3.9,370.6,31.7,148.2,3401.3,2020,5,19,1,2,6808.099999999999,0.2783833146762227,6730.228571428571,6125.856666666668
Mumbai,2020-05-20,7.3747,31.8,58.45,2.95,314.0457938884043,3215.0632596869136,0.24007292401894353,4.604665450162271,2317,2020-05-20,175.5,2.0,28.4,93.3,4.0,74.8,4.4,82.3,8.1,47.3,15.0,10.6,308.6,139.8,23.8,45.3,19.3,188.0,70.1,426.2,2.4,5.0,1.6,203.8,2.2,57.4,8.5,145.4,230.0,1.2,296.7,159.8,3.9,383.2,32.9,75.1,3371.2000000000003,2020,5,20,2,2,6747.1,-0.8959915394897044,6747.9,6159.816666666667
Mumbai,2020-05-21,7.3198,32.21,59.0,2.94,484.46085482791665,4956.921158773319,0.37877404931821124,6.39677026960725,2318,2020-05-21,186.9,2.1,20.2,81.6,4.2,78.0,4.5,84.8,8.2,47.3,16.6,10.6,316.6,142.4,24.3,43.4,17.4,196.5,71.2,434.5,2.8,4.4,1.5,207.2,2.3,70.0,8.5,160.4,233.5,1.1,302.2,166.9,3.9,382.7,33.7,51.5,3419.3,2020,5,21,3,2,6843.2,1.4243156319011074,6777.342857142857,6201.990000000001
Mumbai,2020-05-22,7.5394,32.42,56.44,3.23,309.5809210920232,3166.017998627707,0.23995086973168883,3.8626216955439454,2319,2020-05-22,192.3,2.0,21.7,92.5,4.5,79.2,4.5,91.7,8.6,52.5,16.3,10.3,317.1,154.5,24.8,44.9,23.5,201.3,72.4,442.1,2.4,4.7,1.7,209.3,2.3,77.2,8.5,168.2,237.2,1.3,306.5,173.3,3.9,402.6,35.2,78.3,3565.1,2020,5,22,4,2,7134.4,4.255319148936176,6833.314285714286,6246.483333333334
Mumbai,2020-05-23,7.704,32.5,57.2,3.13,380.9419243993407,3896.9444239727577,0.2933331639016568,4.962811838029397,2320,2020-05-23,195.9,1.5,23.6,98.6,4.6,79.4,4.6,95.2,8.1,54.7,16.5,10.7,315.2,158.0,24.1,41.2,27.3,201.2,74.0,443.5,2.5,5.1,1.4,216.6,2.1,84.5,8.5,171.0,244.1,1.3,311.9,168.1,3.9,417.5,36.1,102.9,3651.1,2020,5,23,5,2,7306.5,2.4122561112357,6903.357142857143,6295.37
Mumbai,2020-05-24,7.5199,32.72,57.55,2.75,331.3531300728466,3390.319078053461,0.2597622941068829,4.231194467057071,2321,2020-05-24,194.0,1.6,22.9,109.2,4.5,83.8,4.1,98.0,8.7,55.0,17.3,10.0,312.2,154.3,22.4,46.2,27.7,192.6,69.7,447.4,2.4,4.6,1.6,216.2,2.1,85.0,7.6,168.3,245.8,0.9,302.2,172.3,4.3,426.9,34.6,118.4,3674.8,2020,5,24,6,2,7349.6,0.589885718196137,6996.871428571429,6345.823333333334
Mumbai,2020-05-25,7.3752,32.74,58.56,2.76,374.5515346174102,3834.449084009233,0.29073825950854004,5.1105555840430945,2322,2020-05-25,191.6,1.5,20.0,105.8,5.0,85.8,4.4,101.5,9.0,55.3,17.3,10.6,319.8,162.7,24.5,47.4,28.3,200.9,75.9,457.9,2.4,4.3,1.7,220.3,2.1,85.8,7.6,175.9,249.6,1.1,306.3,177.1,4.3,426.5,36.1,113.4,3735.8,2020,5,25,0,2,7475.500000000001,1.7130183955589515,7094.914285714285,6401.906666666667
Mumbai,2020-05-26,7.3358,32.17,60.14,2.66,332.76243708534076,3403.815119968726,0.25744746328390405,4.12586275347288,2323,2020-05-26,193.5,1.3,15.7,108.9,5.4,87.1,4.7,106.9,9.3,56.7,17.5,10.9,323.1,167.8,25.4,44.4,27.9,187.3,77.4,462.7,1.8,3.7,1.3,218.0,1.6,86.7,7.6,184.3,253.8,1.2,318.9,176.3,4.3,425.3,36.3,120.2,3771.6,2020,5,26,1,2,7546.800000000001,0.9537823556952764,7200.442857142857,6470.550000000001
Mumbai,2020-05-27,7.5173,31.7,60.88,3.0,285.4326782238401,2916.9235397521443,0.2201191109291045,3.1892448036591685,2324,2020-05-27,194.8,1.4,17.8,79.3,5.5,86.7,4.8,110.4,9.2,53.8,17.3,10.8,321.1,168.2,25.6,41.3,24.4,187.0,77.7,460.7,1.8,4.2,1.6,218.3,1.8,88.2,8.2,182.7,260.7,1.2,324.6,176.9,1.9,395.3,35.5,104.6,3705.2999999999993,2020,5,27,2,2,7410.5999999999985,-1.804738432183206,7295.228571428571,6534.8966666666665
Mumbai,2020-05-28,7.327,31.75,62.09,3.56,370.26235136925806,3788.58341870952,0.2892487116306813,4.893855943973852,2325,2020-05-28,195.4,1.6,23.4,79.0,5.0,90.0,4.6,105.6,9.4,51.7,16.8,10.7,321.5,139.3,24.2,43.3,22.2,192.1,74.3,457.3,2.2,4.8,1.3,210.9,2.1,79.3,7.8,150.3,249.4,1.3,307.0,180.5,3.2,350.0,34.1,89.8,3541.4000000000005,2020,5,28,3,2,7082.800000000001,-4.42339351739397,7329.457142857143,6582.003333333333
Mumbai,2020-05-29,7.3222,31.95,61.8,3.35,478.5977366602617,4896.060546520335,0.3660857445467344,5.9730673078322445,2326,2020-05-29,193.3,1.9,24.0,95.5,4.3,82.5,4.8,88.4,8.9,53.7,17.4,10.9,323.9,109.0,24.7,44.1,23.4,192.8,69.8,462.6,2.5,5.2,1.4,203.7,2.1,73.6,7.8,134.0,250.1,1.2,298.8,182.4,3.2,337.1,33.8,113.9,3483.6000000000004,2020,5,29,4,2,6970.300000000001,-1.5883548878974365,7306.014285714286,6623.58
Mumbai,2020-05-30,7.3522,31.94,62.19,2.88,301.15681564388825,3078.7466348776184,0.2278651475883544,3.790631005788724,2327,2020-05-30,186.4,1.9,25.6,91.0,3.4,74.6,4.8,73.3,9.3,53.2,17.6,10.6,326.5,96.1,19.6,41.8,24.9,183.5,70.5,461.2,2.5,5.4,1.7,206.0,2.0,75.1,8.0,127.5,186.9,1.2,306.6,164.0,3.6,282.0,28.2,129.5,3306.0,2020,5,30,5,2,6612.0,-5.140381332223876,7206.800000000001,6646.9766666666665
Mumbai,2020-05-31,7.2314,31.52,62.9,2.96,249.73370133051708,2553.9185660072176,0.1841215946829328,2.8606834218397292,2328,2020-05-31,184.1,2.0,25.1,78.0,3.4,74.0,4.4,73.3,9.1,48.3,16.0,9.1,319.2,96.1,19.6,41.8,21.2,168.5,63.5,443.5,2.2,5.5,1.7,204.8,2.2,84.9,7.2,127.5,186.9,0.9,288.5,145.9,4.1,282.0,28.2,120.4,3193.1000000000004,2020,5,31,6,2,6386.200000000001,-3.415003024803376,7069.171428571429,6664.65
Mumbai,2020-06-01,3.9274,31.31,58.28,1.01,241.33120264978788,2466.919523359967,0.18384629539216754,2.8114872508835966,2329,2020-06-01,178.2,1.6,24.2,94.1,3.9,72.7,4.5,74.6,9.2,54.9,15.9,9.1,325.4,109.4,22.7,41.3,20.3,164.5,68.3,388.3,2.5,5.2,1.5,200.7,2.2,80.3,7.7,134.9,197.4,1.2,303.3,138.5,4.4,331.0,29.4,123.1,3246.4,2020,6,1,0,2,6492.8,1.669224264821012,6928.785714285716,6681.33
Mumbai,2020-06-02,2.0225,29.82,62.21,2.13,310.66454541812976,3176.1546364767623,0.2262529446429115,4.039883290228578,2330,2020-06-02,172.0,2.0,24.8,99.6,4.0,73.7,4.6,81.1,9.2,57.9,17.8,8.2,314.4,119.1,24.3,42.7,23.6,155.9,65.6,374.1,2.4,5.0,1.6,184.4,2.2,75.6,7.7,141.5,201.2,1.3,305.1,140.2,4.4,348.7,33.2,130.9,3255.8,2020,6,2,1,2,6515.799999999999,0.3542385411532622,6781.5,6701.130000000001
Mumbai,2020-06-03,2.3143,27.43,83.91,4.87,313.6845465959038,3207.1259654874643,0.23081798780294885,4.1373462709369155,2331,2020-06-03,175.3,2.0,23.2,106.7,4.1,76.8,2.8,85.7,7.1,59.6,17.4,7.7,301.9,127.1,24.6,43.3,26.6,144.6,65.6,288.2,2.6,5.2,1.4,182.9,2.3,77.0,7.7,140.0,203.8,1.3,311.9,139.7,4.4,365.4,35.3,138.6,3205.5,2020,6,3,2,2,6415.300000000001,-1.542404616470705,6639.314285714287,6714.986666666667
Mumbai,2020-06-04,4.019,27.52,86.55,3.49,348.81831807760136,3567.7541219780264,0.2645036245518558,4.582115335423527,2332,2020-06-04,174.3,2.0,23.9,100.7,4.1,76.4,4.1,85.1,8.9,59.5,17.7,8.4,298.3,126.0,24.9,44.4,25.0,166.4,66.3,283.6,2.4,5.1,1.7,143.2,2.3,79.6,7.7,146.5,201.2,1.4,319.5,142.8,4.4,342.0,35.1,148.8,3179.4,2020,6,4,3,2,6363.1,-0.8136797967359444,6536.5,6723.79
Mumbai,2020-06-05,6.3403,28.31,76.93,2.64,324.3144980561957,3316.573958372721,0.24530647431597363,4.187136047529455,2333,2020-06-05,181.6,1.9,26.0,74.0,3.9,74.9,4.9,81.0,10.0,61.1,17.4,8.8,288.9,121.4,25.3,42.8,24.7,177.3,66.4,335.2,2.5,5.3,1.7,149.8,2.2,84.5,7.6,151.0,198.0,1.4,321.4,149.2,3.2,284.9,32.9,141.3,3164.4,2020,6,5,4,2,6328.799999999999,-0.5390454338294437,6444.857142857143,6731.493333333333
Mumbai,2020-06-06,6.48,28.56,81.92,3.3,273.06653265259115,2792.8550195045905,0.20928817963404567,3.4253800892322954,2334,2020-06-06,186.6,1.7,24.2,85.3,3.9,76.5,5.1,80.2,10.0,62.3,12.4,8.4,279.5,129.4,24.7,35.0,26.5,175.2,64.2,357.0,2.4,4.5,1.7,162.3,2.1,93.9,7.6,143.4,206.1,1.4,299.3,153.9,4.3,324.9,34.2,157.4,3247.5000000000005,2020,6,6,5,2,6495.000000000001,2.626090254076629,6428.142857142857,6743.356666666668
Bengaluru,2020-05-15,6.3679,30.03,39.97,2.57,281.8991603902216,2879.8562655433675,0.21432107508880857,2.9989196322598706,2312,2020-05-15,181.9,2.0,22.2,100.6,3.4,79.4,4.2,72.0,7.5,49.7,13.9,10.0,306.3,120.4,21.9,43.2,23.2,209.5,71.9,405.5,2.3,5.1,1.6,202.9,2.1,81.2,8.5,121.2,219.7,1.2,303.5,156.8,3.9,339.7,30.1,145.2,3368.9,2020,5,15,4,2,6742.599999999999,1.589549652709743,6476.0,6003.933333333334
Bengaluru,2020-05-16,5.1895,30.25,40.33,2.87,293.8778807796024,3002.1393577453105,0.21217020889626623,3.175236474799966,2313,2020-05-16,185.5,1.9,22.1,101.9,3.5,76.5,4.3,73.3,7.6,53.0,16.2,8.9,306.5,128.5,22.4,43.8,25.9,204.1,71.2,405.1,2.2,5.1,1.5,205.5,2.4,81.3,8.5,129.8,225.2,0.9,296.5,152.8,3.9,350.6,30.5,151.7,3405.6,2020,5,16,5,2,6816.200000000001,1.09156705128588,6511.099999999999,6033.223333333333
Bengaluru,2020-05-17,5.4322,28.65,54.06,2.28,312.96183204783614,3200.565600194744,0.23886852248987903,3.7662443065004467,2314,2020-05-17,177.6,1.9,21.5,101.6,3.4,75.7,3.8,75.7,7.3,51.4,16.3,9.1,299.7,128.2,20.6,43.0,26.3,192.5,63.7,404.9,2.4,4.8,1.5,204.5,2.2,81.3,8.5,135.7,220.8,0.9,277.3,144.2,3.9,361.1,28.0,149.0,3344.7,2020,5,17,6,2,6695.0,-1.77811683929463,6590.5142857142855,6057.35
Bengaluru,2020-05-18,5.0626,25.75,70.22,5.31,222.99702127311505,2278.668814254924,0.15902588630644315,2.463815608425709,2315,2020-05-18,174.1,1.9,27.6,105.9,3.8,76.3,4.2,78.7,7.4,52.9,14.9,10.3,303.5,135.5,22.4,43.3,26.9,169.2,63.3,418.3,2.6,5.0,1.5,205.3,2.1,83.4,8.5,142.3,225.6,1.3,270.5,149.5,3.9,367.1,30.6,157.7,3391.9,2020,5,18,0,2,6789.2,1.40702016430172,6685.128571428571,6089.726666666667
Bengaluru,2020-05-19,5.5555,27.45,61.87,5.46,267.4625583268417,2732.640628746392,0.19740737122800353,3.1133584237305145,2316,2020-05-19,164.7,1.9,30.9,102.2,3.9,76.2,4.4,81.3,7.9,52.7,14.8,10.5,307.0,134.0,23.6,44.2,26.5,174.0,65.6,420.9,2.6,5.2,1.7,208.3,2.1,74.2,8.5,143.6,231.8,1.2,274.7,151.3,3.9,370.6,31.7,148.2,3401.3,2020,5,19,1,2,6808.099999999999,0.2783833146762227,6730.228571428571,6125.856666666668
Bengaluru,2020-05-20,6.1322,28.54,57.06,4.35,314.0457938884043,3215.0632596869136,0.24007292401894353,4.604665450162271,2317,2020-05-20,175.5,2.0,28.4,93.3,4.0,74.8,4.4,82.3,8.1,47.3,15.0,10.6,308.6,139.8,23.8,45.3,19.3,188.0,70.1,426.2,2.4,5.0,1.6,203.8,2.2,57.4,8.5,145.4,230.0,1.2,296.7,159.8,3.9,383.2,32.9,75.1,3371.2000000000003,2020,5,20,2,2,6747.1,-0.8959915394897044,6747.9,6159.816666666667
Bengaluru,2020-05-21,6.667,28.75,55.83,3.61,484.46085482791665,4956.921158773319,0.37877404931821124,6.39677026960725,2318,2020-05-21,186.9,2.1,20.2,81.6,4.2,78.0,4.5,84.8,8.2,47.3,16.6,10.6,316.6,142.4,24.3,43.4,17.4,196.5,71.2,434.5,2.8,4.4,1.5,207.2,2.3,70.0,8.5,160.4,233.5,1.1,302.2,166.9,3.9,382.7,33.7,51.5,3419.3,2020,5,21,3,2,6843.2,1.4243156319011074,6777.342857142857,6201.990000000001
Bengaluru,2020-05-22,6.456,28.85,49.33,3.67,309.5809210920232,3166.017998627707,0.23995086973168883,3.8626216955439454,2319,2020-05-22,192.3,2.0,21.7,92.5,4.5,79.2,4.5,91.7,8.6,52.5,16.3,10.3,317.1,154.5,24.8,44.9,23.5,201.3,72.4,442.1,2.4,4.7,1.7,209.3,2.3,77.2,8.5,168.2,237.2,1.3,306.5,173.3,3.9,402.6,35.2,78.3,3565.1,2020,5,22,4,2,7134.4,4.255319148936176,6833.314285714286,6246.483333333334
Bengaluru,2020-05-23,6.2522,30.62,42.06,1.73,380.9419243993407,3896.9444239727577,0.2933331639016568,4.962811838029397,2320,2020-05-23,195.9,1.5,23.6,98.6,4.6,79.4,4.6,95.2,8.1,54.7,16.5,10.7,315.2,158.0,24.1,41.2,27.3,201.2,74.0,443.5,2.5,5.1,1.4,216.6,2.1,84.5,8.5,171.0,244.1,1.3,311.9,168.1,3.9,417.5,36.1,102.9,3651.1,2020,5,23,5,2,7306.5,2.4122561112357,6903.357142857143,6295.37
Bengaluru,2020-05-24,6.7138,30.82,45.97,2.38,331.3531300728466,3390.319078053461,0.2597622941068829,4.231194467057071,2321,2020-05-24,194.0,1.6,22.9,109.2,4.5,83.8,4.1,98.0,8.7,55.0,17.3,10.0,312.2,154.3,22.4,46.2,27.7,192.6,69.7,447.4,2.4,4.6,1.6,216.2,2.1,85.0,7.6,168.3,245.8,0.9,302.2,172.3,4.3,426.9,34.6,118.4,3674.8,2020,5,24,6,2,7349.6,0.589885718196137,6996.871428571429,6345.823333333334
Bengaluru,2020-05-25,6.6365,28.98,61.46,1.5,374.5515346174102,3834.449084009233,0.29073825950854004,5.1105555840430945,2322,2020-05-25,191.6,1.5,20.0,105.8,5.0,85.8,4.4,101.5,9.0,55.3,17.3,10.6,319.8,162.7,24.5,47.4,28.3,200.9,75.9,457.9,2.4,4.3,1.7,220.3,2.1,85.8,7.6,175.9,249.6,1.1,306.3,177.1,4.3,426.5,36.1,113.4,3735.8,2020,5,25,0,2,7475.500000000001,1.7130183955589515,7094.914285714285,6401.906666666667
Bengaluru,2020-05-26,6.6386,28.8,64.73,1.75,332.76243708534076,3403.815119968726,0.25744746328390405,4.12586275347288,2323,2020-05-26,193.5,1.3,15.7,108.9,5.4,87.1,4.7,106.9,9.3,56.7,17.5,10.9,323.1,167.8,25.4,44.4,27.9,187.3,77.4,462.7,1.8,3.7,1.3,218.0,1.6,86.7,7.6,184.3,253.8,1.2,318.9,176.3,4.3,425.3,36.3,120.2,3771.6,2020,5,26,1,2,7546.800000000001,0.9537823556952764,7200.442857142857,6470.550000000001
Bengaluru,2020-05-27,5.9909,27.39,73.56,1.88,285.4326782238401,2916.9235397521443,0.2201191109291045,3.1892448036591685,2324,2020-05-27,194.8,1.4,17.8,79.3,5.5,86.7,4.8,110.4,9.2,53.8,17.3,10.8,321.1,168.2,25.6,41.3,24.4,187.0,77.7,460.7,1.8,4.2,1.6,218.3,1.8,88.2,8.2,182.7,260.7,1.2,324.6,176.9,1.9,395.3,35.5,104.6,3705.2999999999993,2020,5,27,2,2,7410.5999999999985,-1.804738432183206,7295.228571428571,6534.8966666666665
Bengaluru,2020-05-28,6.6722,27.16,71.57,1.88,370.26235136925806,3788.58341870952,0.2892487116306813,4.893855943973852,2325,2020-05-28,195.4,1.6,23.4,79.0,5.0,90.0,4.6,105.6,9.4,51.7,16.8,10.7,321.5,139.3,24.2,43.3,22.2,192.1,74.3,457.3,2.2,4.8,1.3,210.9,2.1,79.3,7.8,150.3,249.4,1.3,307.0,180.5,3.2,350.0,34.1,89.8,3541.4000000000005,2020,5,28,3,2,7082.800000000001,-4.42339351739397,7329.457142857143,6582.003333333333
Bengaluru,2020-05-29,6.8846,24.53,80.29,2.52,478.5977366602617,4896.060546520335,0.3660857445467344,5.9730673078322445,2326,2020-05-29,193.3,1.9,24.0,95.5,4.3,82.5,4.8,88.4,8.9,53.7,17.4,10.9,323.9,109.0,24.7,44.1,23.4,192.8,69.8,462.6,2.5,5.2,1.4,203.7,2.1,73.6,7.8,134.0,250.1,1.2,298.8,182.4,3.2,337.1,33.8,113.9,3483.6000000000004,2020,5,29,4,2,6970.300000000001,-1.5883548878974365,7306.014285714286,6623.58
Bengaluru,2020-05-30,5.6004,25.68,72.94,1.32,301.15681564388825,3078.7466348776184,0.2278651475883544,3.790631005788724,2327,2020-05-30,186.4,1.9,25.6,91.0,3.4,74.6,4.8,73.3,9.3,53.2,17.6,10.6,326.5,96.1,19.6,41.8,24.9,183.5,70.5,461.2,2.5,5.4,1.7,206.0,2.0,75.1,8.0,127.5,186.9,1.2,306.6,164.0,3.6,282.0,28.2,129.5,3306.0,2020,5,30,5,2,6612.0,-5.140381332223876,7206.800000000001,6646.9766666666665
Bengaluru,2020-05-31,6.1913,26.36,70.31,2.35,249.73370133051708,2553.9185660072176,0.1841215946829328,2.8606834218397292,2328,2020-05-31,184.1,2.0,25.1,78.0,3.4,74.0,4.4,73.3,9.1,48.3,16.0,9.1,319.2,96.1,19.6,41.8,21.2,168.5,63.5,443.5,2.2,5.5,1.7,204.8,2.2,84.9,7.2,127.5,186.9,0.9,288.5,145.9,4.1,282.0,28.2,120.4,3193.1000000000004,2020,5,31,6,2,6386.200000000001,-3.415003024803376,7069.171428571429,6664.65
Bengaluru,2020-06-01,5.7701,25.15,77.56,2.49,241.33120264978788,2466.919523359967,0.18384629539216754,2.8114872508835966,2329,2020-06-01,178.2,1.6,24.2,94.1,3.9,72.7,4.5,74.6,9.2,54.9,15.9,9.1,325.4,109.4,22.7,41.3,20.3,164.5,68.3,388.3,2.5,5.2,1.5,200.7,2.2,80.3,7.7,134.9,197.4,1.2,303.3,138.5,4.4,331.0,29.4,123.1,3246.4,2020,6,1,0,2,6492.8,1.669224264821012,6928.785714285716,6681.33
Bengaluru,2020-06-02,5.6009,25.15,72.43,3.09,310.66454541812976,3176.1546364767623,0.2262529446429115,4.039883290228578,2330,2020-06-02,172.0,2.0,24.8,99.6,4.0,73.7,4.6,81.1,9.2,57.9,17.8,8.2,314.4,119.1,24.3,42.7,23.6,155.9,65.6,374.1,2.4,5.0,1.6,184.4,2.2,75.6,7.7,141.5,201.2,1.3,305.1,140.2,4.4,348.7,33.2,130.9,3255.8,2020,6,2,1,2,6515.799999999999,0.3542385411532622,6781.5,6701.130000000001
Bengaluru,2020-06-03,5.4535,24.3,77.64,3.56,313.6845465959038,3207.1259654874643,0.23081798780294885,4.1373462709369155,2331,2020-06-03,175.3,2.0,23.2,106.7,4.1,76.8,2.8,85.7,7.1,59.6,17.4,7.7,301.9,127.1,24.6,43.3,26.6,144.6,65.6,288.2,2.6,5.2,1.4,182.9,2.3,77.0,7.7,140.0,203.8,1.3,311.9,139.7,4.4,365.4,35.3,138.6,3205.5,2020,6,3,2,2,6415.300000000001,-1.542404616470705,6639.314285714287,6714.986666666667
Bengaluru,2020-06-04,5.5493,24.02,78.72,3.49,348.81831807760136,3567.7541219780264,0.2645036245518558,4.582115335423527,2332,2020-06-04,174.3,2.0,23.9,100.7,4.1,76.4,4.1,85.1,8.9,59.5,17.7,8.4,298.3,126.0,24.9,44.4,25.0,166.4,66.3,283.6,2.4,5.1,1.7,143.2,2.3,79.6,7.7,146.5,201.2,1.4,319.5,142.8,4.4,342.0,35.1,148.8,3179.4,2020,6,4,3,2,6363.1,-0.8136797967359444,6536.5,6723.79
Bengaluru,2020-06-05,6.0542,25.25,71.74,3.42,324.3144980561957,3316.573958372721,0.24530647431597363,4.187136047529455,2333,2020-06-05,181.6,1.9,26.0,74.0,3.9,74.9,4.9,81.0,10.0,61.1,17.4,8.8,288.9,121.4,25.3,42.8,24.7,177.3,66.4,335.2,2.5,5.3,1.7,149.8,2.2,84.5,7.6,151.0,198.0,1.4,321.4,149.2,3.2,284.9,32.9,141.3,3164.4,2020,6,5,4,2,6328.799999999999,-0.5390454338294437,6444.857142857143,6731.493333333333
Bengaluru,2020-06-06,5.9801,24.44,75.63,3.29,273.06653265259115,2792.8550195045905,0.20928817963404567,3.4253800892322954,2334,2020-06-06,186.6,1.7,24.2,85.3,3.9,76.5,5.1,80.2,10.0,62.3,12.4,8.4,279.5,129.4,24.7,35.0,26.5,175.2,64.2,357.0,2.4,4.5,1.7,162.3,2.1,93.9,7.6,143.4,206.1,1.4,299.3,153.9,4.3,324.9,34.2,157.4,3247.5000000000005,2020,6,6,5,2,6495.000000000001,2.626090254076629,6428.142857142857,6743.356666666668
Chennai,2020-05-15,6.588,30.21,73.73,2.8,281.8991603902216,2879.8562655433675,0.21432107508880857,2.9989196322598706,2312,2020-05-15,181.9,2.0,22.2,100.6,3.4,79.4,4.2,72.0,7.5,49.7,13.9,10.0,306.3,120.4,21.9,43.2,23.2,209.5,71.9,405.5,2.3,5.1,1.6,202.9,2.1,81.2,8.5,121.2,219.7,1.2,303.5,156.8,3.9,339.7,30.1,145.2,3368.9,2020,5,15,4,2,6742.599999999999,1.589549652709743,6476.0,6003.933333333334
Chennai,2020-05-16,5.958,29.74,76.57,3.06,293.8778807796024,3002.1393577453105,0.21217020889626623,3.175236474799966,2313,2020-05-16,185.5,1.9,22.1,101.9,3.5,76.5,4.3,73.3,7.6,53.0,16.2,8.9,306.5,128.5,22.4,43.8,25.9,204.1,71.2,405.1,2.2,5.1,1.5,205.5,2.4,81.3,8.5,129.8,225.2,0.9,296.5,152.8,3.9,350.6,30.5,151.7,3405.6,2020,5,16,5,2,6816.200000000001,1.09156705128588,6511.099999999999,6033.223333333333
Chennai,2020-05-17,5.2817,29.73,72.43,2.55,312.96183204783614,3200.565600194744,0.23886852248987903,3.7662443065004467,2314,2020-05-17,177.6,1.9,21.5,101.6,3.4,75.7,3.8,75.7,7.3,51.4,16.3,9.1,299.7,128.2,20.6,43.0,26.3,192.5,63.7,404.9,2.4,4.8,1.5,204.5,2.2,81.3,8.5,135.7,220.8,0.9,277.3,144.2,3.9,361.1,28.0,149.0,3344.7,2020,5,17,6,2,6695.0,-1.77811683929463,6590.5142857142855,6057.35
Chennai,2020-05-18,3.8777,30.92,70.0,2.4,222.99702127311505,2278.668814254924,0.15902588630644315,2.463815608425709,2315,2020-05-18,174.1,1.9,27.6,105.9,3.8,76.3,4.2,78.7,7.4,52.9,14.9,10.3,303.5,135.5,22.4,43.3,26.9,169.2,63.3,418.3,2.6,5.0,1.5,205.3,2.1,83.4,8.5,142.3,225.6,1.3,270.5,149.5,3.9,367.1,30.6,157.7,3391.9,2020,5,18,0,2,6789.2,1.40702016430172,6685.128571428571,6089.726666666667
Chennai,2020-05-19,5.1341,32.91,58.51,3.1,267.4625583268417,2732.640628746392,0.19740737122800353,3.1133584237305145,2316,2020-05-19,164.7,1.9,30.9,102.2,3.9,76.2,4.4,81.3,7.9,52.7,14.8,10.5,307.0,134.0,23.6,44.2,26.5,174.0,65.6,420.9,2.6,5.2,1.7,208.3,2.1,74.2,8.5,143.6,231.8,1.2,274.7,151.3,3.9,370.6,31.7,148.2,3401.3,2020,5,19,1,2,6808.099999999999,0.2783833146762227,6730.228571428571,6125.856666666668
Chennai,2020-05-20,5.4636,33.12,57.39,4.03,314.0457938884043,3215.0632596869136,0.24007292401894353,4.604665450162271,2317,2020-05-20,175.5,2.0,28.4,93.3,4.0,74.8,4.4,82.3,8.1,47.3,15.0,10.6,308.6,139.8,23.8,45.3,19.3,188.0,70.1,426.2,2.4,5.0,1.6,203.8,2.2,57.4,8.5,145.4,230.0,1.2,296.7,159.8,3.9,383.2,32.9,75.1,3371.2000000000003,2020,5,20,2,2,6747.1,-0.8959915394897044,6747.9,6159.816666666667
Chennai,2020-05-21,6.1685,32.81,57.19,4.42,484.46085482791665,4956.921158773319,0.37877404931821124,6.39677026960725,2318,2020-05-21,186.9,2.1,20.2,81.6,4.2,78.0,4.5,84.8,8.2,47.3,16.6,10.6,316.6,142.4,24.3,43.4,17.4,196.5,71.2,434.5,2.8,4.4,1.5,207.2,2.3,70.0,8.5,160.4,233.5,1.1,302.2,166.9,3.9,382.7,33.7,51.5,3419.3,2020,5,21,3,2,6843.2,1.4243156319011074,6777.342857142857,6201.990000000001
Chennai,2020-05-22,6.0187,32.61,60.58,3.65,309.5809210920232,3166.017998627707,0.23995086973168883,3.8626216955439454,2319,2020-05-22,192.3,2.0,21.7,92.5,4.5,79.2,4.5,91.7,8.6,52.5,16.3,10.3,317.1,154.5,24.8,44.9,23.5,201.3,72.4,442.1,2.4,4.7,1.7,209.3,2.3,77.2,8.5,168.2,237.2,1.3,306.5,173.3,3.9,402.6,35.2,78.3,3565.1,2020,5,22,4,2,7134.4,4.255319148936176,6833.314285714286,6246.483333333334
Chennai,2020-05-23,6.084,31.38,72.38,3.27,380.9419243993407,3896.9444239727577,0.2933331639016568,4.962811838029397,2320,2020-05-23,195.9,1.5,23.6,98.6,4.6,79.4,4.6,95.2,8.1,54.7,16.5,10.7,315.2,158.0,24.1,41.2,27.3,201.2,74.0,443.5,2.5,5.1,1.4,216.6,2.1,84.5,8.5,171.0,244.1,1.3,311.9,168.1,3.9,417.5,36.1,102.9,3651.1,2020,5,23,5,2,7306.5,2.4122561112357,6903.357142857143,6295.37
Chennai,2020-05-24,6.1937,30.78,77.43,2.82,331.3531300728466,3390.319078053461,0.2597622941068829,4.231194467057071,2321,2020-05-24,194.0,1.6,22.9,109.2,4.5,83.8,4.1,98.0,8.7,55.0,17.3,10.0,312.2,154.3,22.4,46.2,27.7,192.6,69.7,447.4,2.4,4.6,1.6,216.2,2.1,85.0,7.6,168.3,245.8,0.9,302.2,172.3,4.3,426.9,34.6,118.4,3674.8,2020,5,24,6,2,7349.6,0.589885718196137,6996.871428571429,6345.823333333334
Chennai,2020-05-25,6.2405,30.44,79.62,3.3,374.5515346174102,3834.449084009233,0.29073825950854004,5.1105555840430945,2322,2020-05-25,191.6,1.5,20.0,105.8,5.0,85.8,4.4,101.5,9.0,55.3,17.3,10.6,319.8,162.7,24.5,47.4,28.3,200.9,75.9,457.9,2.4,4.3,1.7,220.3,2.1,85.8,7.6,175.9,249.6,1.1,306.3,177.1,4.3,426.5,36.1,113.4,3735.8,2020,5,25,0,2,7475.500000000001,1.7130183955589515,7094.914285714285,6401.906666666667
Chennai,2020-05-26,6.2215,30.68,77.66,3.13,332.76243708534076,3403.815119968726,0.25744746328390405,4.12586275347288,2323,2020-05-26,193.5,1.3,15.7,108.9,5.4,87.1,4.7,106.9,9.3,56.7,17.5,10.9,323.1,167.8,25.4,44.4,27.9,187.3,77.4,462.7,1.8,3.7,1.3,218.0,1.6,86.7,7.6,184.3,253.8,1.2,318.9,176.3,4.3,425.3,36.3,120.2,3771.6,2020,5,26,1,2,7546.800000000001,0.9537823556952764,7200.442857142857,6470.550000000001
Chennai,2020-05-27,6.2789,31.49,74.36,3.15,285.4326782238401,2916.9235397521443,0.2201191109291045,3.1892448036591685,2324,2020-05-27,194.8,1.4,17.8,79.3,5.5,86.7,4.8,110.4,9.2,53.8,17.3,10.8,321.1,168.2,25.6,41.3,24.4,187.0,77.7,460.7,1.8,4.2,1.6,218.3,1.8,88.2,8.2,182.7,260.7,1.2,324.6,176.9,1.9,395.3,35.5,104.6,3705.2999999999993,2020,5,27,2,2,7410.5999999999985,-1.804738432183206,7295.228571428571,6534.8966666666665
Chennai,2020-05-28,6.1874,32.01,71.82,2.87,370.26235136925806,3788.58341870952,0.2892487116306813,4.893855943973852,2325,2020-05-28,195.4,1.6,23.4,79.0,5.0,90.0,4.6,105.6,9.4,51.7,16.8,10.7,321.5,139.3,24.2,43.3,22.2,192.1,74.3,457.3,2.2,4.8,1.3,210.9,2.1,79.3,7.8,150.3,249.4,1.3,307.0,180.5,3.2,350.0,34.1,89.8,3541.4000000000005,2020,5,28,3,2,7082.800000000001,-4.42339351739397,7329.457142857143,6582.003333333333
Chennai,2020-05-29,6.0876,31.45,68.65,3.4,478.5977366602617,4896.060546520335,0.3660857445467344,5.9730673078322445,2326,2020-05-29,193.3,1.9,24.0,95.5,4.3,82.5,4.8,88.4,8.9,53.7,17.4,10.9,323.9,109.0,24.7,44.1,23.4,192.8,69.8,462.6,2.5,5.2,1.4,203.7,2.1,73.6,7.8,134.0,250.1,1.2,298.8,182.4,3.2,337.1,33.8,113.9,3483.6000000000004,2020,5,29,4,2,6970.300000000001,-1.5883548878974365,7306.014285714286,6623.58
Chennai,2020-05-30,6.3794,30.99,70.24,3.48,301.15681564388825,3078.7466348776184,0.2278651475883544,3.790631005788724,2327,2020-05-30,186.4,1.9,25.6,91.0,3.4,74.6,4.8,73.3,9.3,53.2,17.6,10.6,326.5,96.1,19.6,41.8,24.9,183.5,70.5,461.2,2.5,5.4,1.7,206.0,2.0,75.1,8.0,127.5,186.9,1.2,306.6,164.0,3.6,282.0,28.2,129.5,3306.0,2020,5,30,5,2,6612.0,-5.140381332223876,7206.800000000001,6646.9766666666665
Chennai,2020-05-31,6.5006,29.82,75.78,3.59,249.73370133051708,2553.9185660072176,0.1841215946829328,2.8606834218397292,2328,2020-05-31,184.1,2.0,25.1,78.0,3.4,74.0,4.4,73.3,9.1,48.3,16.0,9.1,319.2,96.1,19.6,41.8,21.2,168.5,63.5,443.5,2.2,5.5,1.7,204.8,2.2,84.9,7.2,127.5,186.9,0.9,288.5,145.9,4.1,282.0,28.2,120.4,3193.1000000000004,2020,5,31,6,2,6386.200000000001,-3.415003024803376,7069.171428571429,6664.65
Chennai,2020-06-01,5.4638,30.49,73.6,3.19,241.33120264978788,2466.919523359967,0.18384629539216754,2.8114872508835966,2329,2020-06-01,178.2,1.6,24.2,94.1,3.9,72.7,4.5,74.6,9.2,54.9,15.9,9.1,325.4,109.4,22.7,41.3,20.3,164.5,68.3,388.3,2.5,5.2,1.5,200.7,2.2,80.3,7.7,134.9,197.4,1.2,303.3,138.5,4.4,331.0,29.4,123.1,3246.4,2020,6,1,0,2,6492.8,1.669224264821012,6928.785714285716,6681.33
Chennai,2020-06-02,6.0226,29.94,71.93,3.8,310.66454541812976,3176.1546364767623,0.2262529446429115,4.039883290228578,2330,2020-06-02,172.0,2.0,24.8,99.6,4.0,73.7,4.6,81.1,9.2,57.9,17.8,8.2,314.4,119.1,24.3,42.7,23.6,155.9,65.6,374.1,2.4,5.0,1.6,184.4,2.2,75.6,7.7,141.5,201.2,1.3,305.1,140.2,4.4,348.7,33.2,130.9,3255.8,2020,6,2,1,2,6515.799999999999,0.3542385411532622,6781.5,6701.130000000001
Chennai,2020-06-03,6.6317,30.17,67.69,3.69,313.6845465959038,3207.1259654874643,0.23081798780294885,4.1373462709369155,2331,2020-06-03,175.3,2.0,23.2,106.7,4.1,76.8,2.8,85.7,7.1,59.6,17.4,7.7,301.9,127.1,24.6,43.3,26.6,144.6,65.6,288.2,2.6,5.2,1.4,182.9,2.3,77.0,7.7,140.0,203.8,1.3,311.9,139.7,4.4,365.4,35.3,138.6,3205.5,2020,6,3,2,2,6415.300000000001,-1.542404616470705,6639.314285714287,6714.986666666667
Chennai,2020-06-04,6.3067,31.08,64.61,2.75,348.81831807760136,3567.7541219780264,0.2645036245518558,4.582115335423527,2332,2020-06-04,174.3,2.0,23.9,100.7,4.1,76.4,4.1,85.1,8.9,59.5,17.7,8.4,298.3,126.0,24.9,44.4,25.0,166.4,66.3,283.6,2.4,5.1,1.7,143.2,2.3,79.6,7.7,146.5,201.2,1.4,319.5,142.8,4.4,342.0,35.1,148.8,3179.4,2020,6,4,3,2,6363.1,-0.8136797967359444,6536.5,6723.79
Chennai,2020-06-05,5.9311,31.11,66.28,2.26,324.3144980561957,3316.573958372721,0.24530647431597363,4.187136047529455,2333,2020-06-05,181.6,1.9,26.0,74.0,3.9,74.9,4.9,81.0,10.0,61.1,17.4,8.8,288.9,121.4,25.3,42.8,24.7,177.3,66.4,335.2,2.5,5.3,1.7,149.8,2.2,84.5,7.6,151.0,198.0,1.4,321.4,149.2,3.2,284.9,32.9,141.3,3164.4,2020,6,5,4,2,6328.799999999999,-0.5390454338294437,6444.857142857143,6731.493333333333
Chennai,2020-06-06,6.2707,30.13,69.26,3.6,273.06653265259115,2792.8550195045905,0.20928817963404567,3.4253800892322954,2334,2020-06-06,186.6,1.7,24.2,85.3,3.9,76.5,5.1,80.2,10.0,62.3,12.4,8.4,279.5,129.4,24.7,35.0,26.5,175.2,64.2,357.0,2.4,4.5,1.7,162.3,2.1,93.9,7.6,143.4,206.1,1.4,299.3,153.9,4.3,324.9,34.2,157.4,3247.5000000000005,2020,6,6,5,2,6495.000000000001,2.626090254076629,6428.142857142857,6743.356666666668
Kolkata,2020-05-15,7.0164,31.84,65.59,3.47,281.8991603902216,2879.8562655433675,0.21432107508880857,2.9989196322598706,2312,2020-05-15,181.9,2.0,22.2,100.6,3.4,79.4,4.2,72.0,7.5,49.7,13.9,10.0,306.3,120.4,21.9,43.2,23.2,209.5,71.9,405.5,2.3,5.1,1.6,202.9,2.1,81.2,8.5,121.2,219.7,1.2,303.5,156.8,3.9,339.7,30.1,145.2,3368.9,2020,5,15,4,2,6742.599999999999,1.589549652709743,6476.0,6003.933333333334
Kolkata,2020-05-16,7.1623,32.35,63.84,3.22,293.8778807796024,3002.1393577453105,0.21217020889626623,3.175236474799966,2313,2020-05-16,185.5,1.9,22.1,101.9,3.5,76.5,4.3,73.3,7.6,53.0,16.2,8.9,306.5,128.5,22.4,43.8,25.9,204.1,71.2,405.1,2.2,5.1,1.5,205.5,2.4,81.3,8.5,129.8,225.2,0.9,296.5,152.8,3.9,350.6,30.5,151.7,3405.6,2020,5,16,5,2,6816.200000000001,1.09156705128588,6511.099999999999,6033.223333333333
Kolkata,2020-05-17,6.287,32.61,63.32,2.48,312.96183204783614,3200.565600194744,0.23886852248987903,3.7662443065004467,2314,2020-05-17,177.6,1.9,21.5,101.6,3.4,75.7,3.8,75.7,7.3,51.4,16.3,9.1,299.7,128.2,20.6,43.0,26.3,192.5,63.7,404.9,2.4,4.8,1.5,204.5,2.2,81.3,8.5,135.7,220.8,0.9,277.3,144.2,3.9,361.1,28.0,149.0,3344.7,2020,5,17,6,2,6695.0,-1.77811683929463,6590.5142857142855,6057.35
Kolkata,2020-05-18,6.9684,31.83,64.5,2.69,222.99702127311505,2278.668814254924,0.15902588630644315,2.463815608425709,2315,2020-05-18,174.1,1.9,27.6,105.9,3.8,76.3,4.2,78.7,7.4,52.9,14.9,10.3,303.5,135.5,22.4,43.3,26.9,169.2,63.3,418.3,2.6,5.0,1.5,205.3,2.1,83.4,8.5,142.3,225.6,1.3,270.5,149.5,3.9,367.1,30.6,157.7,3391.9,2020,5,18,0,2,6789.2,1.40702016430172,6685.128571428571,6089.726666666667
Kolkata,2020-05-19,2.9959,28.4,72.08,3.35,267.4625583268417,2732.640628746392,0.19740737122800353,3.1133584237305145,2316,2020-05-19,164.7,1.9,30.9,102.2,3.9,76.2,4.4,81.3,7.9,52.7,14.8,10.5,307.0,134.0,23.6,44.2,26.5,174.0,65.6,420.9,2.6,5.2,1.7,208.3,2.1,74.2,8.5,143.6,231.8,1.2,274.7,151.3,3.9,370.6,31.7,148.2,3401.3,2020,5,19,1,2,6808.099999999999,0.2783833146762227,6730.228571428571,6125.856666666668
Kolkata,2020-05-20,1.1659,26.33,90.18,7.87,314.0457938884043,3215.0632596869136,0.24007292401894353,4.604665450162271,2317,2020-05-20,175.5,2.0,28.4,93.3,4.0,74.8,4.4,82.3,8.1,47.3,15.0,10.6,308.6,139.8,23.8,45.3,19.3,188.0,70.1,426.2,2.4,5.0,1.6,203.8,2.2,57.4,8.5,145.4,230.0,1.2,296.7,159.8,3.9,383.2,32.9,75.1,3371.2000000000003,2020,5,20,2,2,6747.1,-0.8959915394897044,6747.9,6159.816666666667
Kolkata,2020-05-21,2.6138,27.25,80.55,5.01,484.46085482791665,4956.921158773319,0.37877404931821124,6.39677026960725,2318,2020-05-21,186.9,2.1,20.2,81.6,4.2,78.0,4.5,84.8,8.2,47.3,16.6,10.6,316.6,142.4,24.3,43.4,17.4,196.5,71.2,434.5,2.8,4.4,1.5,207.2,2.3,70.0,8.5,160.4,233.5,1.1,302.2,166.9,3.9,382.7,33.7,51.5,3419.3,2020,5,21,3,2,6843.2,1.4243156319011074,6777.342857142857,6201.990000000001
Kolkata,2020-05-22,5.5565,29.53,76.1,2.37,309.5809210920232,3166.017998627707,0.23995086973168883,3.8626216955439454,2319,2020-05-22,192.3,2.0,21.7,92.5,4.5,79.2,4.5,91.7,8.6,52.5,16.3,10.3,317.1,154.5,24.8,44.9,23.5,201.3,72.4,442.1,2.4,4.7,1.7,209.3,2.3,77.2,8.5,168.2,237.2,1.3,306.5,173.3,3.9,402.6,35.2,78.3,3565.1,2020,5,22,4,2,7134.4,4.255319148936176,6833.314285714286,6246.483333333334
Kolkata,2020-05-23,5.9074,30.21,80.44,2.97,380.9419243993407,3896.9444239727577,0.2933331639016568,4.962811838029397,2320,2020-05-23,195.9,1.5,23.6,98.6,4.6,79.4,4.6,95.2,8.1,54.7,16.5,10.7,315.2,158.0,24.1,41.2,27.3,201.2,74.0,443.5,2.5,5.1,1.4,216.6,2.1,84.5,8.5,171.0,244.1,1.3,311.9,168.1,3.9,417.5,36.1,102.9,3651.1,2020,5,23,5,2,7306.5,2.4122561112357,6903.357142857143,6295.37
Kolkata,2020-05-24,5.4756,30.49,80.53,4.86,331.3531300728466,3390.319078053461,0.2597622941068829,4.231194467057071,2321,2020-05-24,194.0,1.6,22.9,109.2,4.5,83.8,4.1,98.0,8.7,55.0,17.3,10.0,312.2,154.3,22.4,46.2,27.7,192.6,69.7,447.4,2.4,4.6,1.6,216.2,2.1,85.0,7.6,168.3,245.8,0.9,302.2,172.3,4.3,426.9,34.6,118.4,3674.8,2020,5,24,6,2,7349.6,0.589885718196137,6996.871428571429,6345.823333333334
Kolkata,2020-05-25,3.9598,30.09,80.38,5.8,374.5515346174102,3834.449084009233,0.29073825950854004,5.1105555840430945,2322,2020-05-25,191.6,1.5,20.0,105.8,5.0,85.8,4.4,101.5,9.0,55.3,17.3,10.6,319.8,162.7,24.5,47.4,28.3,200.9,75.9,457.9,2.4,4.3,1.7,220.3,2.1,85.8,7.6,175.9,249.6,1.1,306.3,177.1,4.3,426.5,36.1,113.4,3735.8,2020,5,25,0,2,7475.500000000001,1.7130183955589515,7094.914285714285,6401.906666666667
Kolkata,2020-05-26,4.1928,30.06,79.14,6.41,332.76243708534076,3403.815119968726,0.25744746328390405,4.12586275347288,2323,2020-05-26,193.5,1.3,15.7,108.9,5.4,87.1,4.7,106.9,9.3,56.7,17.5,10.9,323.1,167.8,25.4,44.4,27.9,187.3,77.4,462.7,1.8,3.7,1.3,218.0,1.6,86.7,7.6,184.3,253.8,1.2,318.9,176.3,4.3,425.3,36.3,120.2,3771.6,2020,5,26,1,2,7546.800000000001,0.9537823556952764,7200.442857142857,6470.550000000001
Kolkata,2020-05-27,3.9761,29.97,81.23,5.33,285.4326782238401,2916.9235397521443,0.2201191109291045,3.1892448036591685,2324,2020-05-27,194.8,1.4,17.8,79.3,5.5,86.7,4.8,110.4,9.2,53.8,17.3,10.8,321.1,168.2,25.6,41.3,24.4,187.0,77.7,460.7,1.8,4.2,1.6,218.3,1.8,88.2,8.2,182.7,260.7,1.2,324.6,176.9,1.9,395.3,35.5,104.6,3705.2999999999993,2020,5,27,2,2,7410.5999999999985,-1.804738432183206,7295.228571428571,6534.8966666666665
Kolkata,2020-05-28,1.6198,28.92,84.86,2.98,370.26235136925806,3788.58341870952,0.2892487116306813,4.893855943973852,2325,2020-05-28,195.4,1.6,23.4,79.0,5.0,90.0,4.6,105.6,9.4,51.7,16.8,10.7,321.5,139.3,24.2,43.3,22.2,192.1,74.3,457.3,2.2,4.8,1.3,210.9,2.1,79.3,7.8,150.3,249.4,1.3,307.0,180.5,3.2,350.0,34.1,89.8,3541.4000000000005,2020,5,28,3,2,7082.800000000001,-4.42339351739397,7329.457142857143,6582.003333333333
Kolkata,2020-05-29,6.0984,29.16,81.23,1.74,478.5977366602617,4896.060546520335,0.3660857445467344,5.9730673078322445,2326,2020-05-29,193.3,1.9,24.0,95.5,4.3,82.5,4.8,88.4,8.9,53.7,17.4,10.9,323.9,109.0,24.7,44.1,23.4,192.8,69.8,462.6,2.5,5.2,1.4,203.7,2.1,73.6,7.8,134.0,250.1,1.2,298.8,182.4,3.2,337.1,33.8,113.9,3483.6000000000004,2020,5,29,4,2,6970.300000000001,-1.5883548878974365,7306.014285714286,6623.58
Kolkata,2020-05-30,5.6234,29.65,79.52,1.94,301.15681564388825,3078.7466348776184,0.2278651475883544,3.790631005788724,2327,2020-05-30,186.4,1.9,25.6,91.0,3.4,74.6,4.8,73.3,9.3,53.2,17.6,10.6,326.5,96.1,19.6,41.8,24.9,183.5,70.5,461.2,2.5,5.4,1.7,206.0,2.0,75.1,8.0,127.5,186.9,1.2,306.6,164.0,3.6,282.0,28.2,129.5,3306.0,2020,5,30,5,2,6612.0,-5.140381332223876,7206.800000000001,6646.9766666666665
Kolkata,2020-05-31,4.9697,29.95,79.62,2.1,249.73370133051708,2553.9185660072176,0.1841215946829328,2.8606834218397292,2328,2020-05-31,184.1,2.0,25.1,78.0,3.4,74.0,4.4,73.3,9.1,48.3,16.0,9.1,319.2,96.1,19.6,41.8,21.2,168.5,63.5,443.5,2.2,5.5,1.7,204.8,2.2,84.9,7.2,127.5,186.9,0.9,288.5,145.9,4.1,282.0,28.2,120.4,3193.1000000000004,2020,5,31,6,2,6386.200000000001,-3.415003024803376,7069.171428571429,6664.65
Kolkata,2020-06-01,5.4797,29.47,82.02,2.42,241.33120264978788,2466.919523359967,0.18384629539216754,2.8114872508835966,2329,2020-06-01,178.2,1.6,24.2,94.1,3.9,72.7,4.5,74.6,9.2,54.9,15.9,9.1,325.4,109.4,22.7,41.3,20.3,164.5,68.3,388.3,2.5,5.2,1.5,200.7,2.2,80.3,7.7,134.9,197.4,1.2,303.3,138.5,4.4,331.0,29.4,123.1,3246.4,2020,6,1,0,2,6492.8,1.669224264821012,6928.785714285716,6681.33
Kolkata,2020-06-02,6.2822,29.81,81.08,2.79,310.66454541812976,3176.1546364767623,0.2262529446429115,4.039883290228578,2330,2020-06-02,172.0,2.0,24.8,99.6,4.0,73.7,4.6,81.1,9.2,57.9,17.8,8.2,314.4,119.1,24.3,42.7,23.6,155.9,65.6,374.1,2.4,5.0,1.6,184.4,2.2,75.6,7.7,141.5,201.2,1.3,305.1,140.2,4.4,348.7,33.2,130.9,3255.8,2020,6,2,1,2,6515.799999999999,0.3542385411532622,6781.5,6701.130000000001
Kolkata,2020-06-03,6.5138,29.87,77.88,2.34,313.6845465959038,3207.1259654874643,0.23081798780294885,4.1373462709369155,2331,2020-06-03,175.3,2.0,23.2,106.7,4.1,76.8,2.8,85.7,7.1,59.6,17.4,7.7,301.9,127.1,24.6,43.3,26.6,144.6,65.6,288.2,2.6,5.2,1.4,182.9,2.3,77.0,7.7,140.0,203.8,1.3,311.9,139.7,4.4,365.4,35.3,138.6,3205.5,2020,6,3,2,2,6415.300000000001,-1.542404616470705,6639.314285714287,6714.986666666667
Kolkata,2020-06-04,6.5311,29.76,79.88,2.74,348.81831807760136,3567.7541219780264,0.2645036245518558,4.582115335423527,2332,2020-06-04,174.3,2.0,23.9,100.7,4.1,76.4,4.1,85.1,8.9,59.5,17.7,8.4,298.3,126.0,24.9,44.4,25.0,166.4,66.3,283.6,2.4,5.1,1.7,143.2,2.3,79.6,7.7,146.5,201.2,1.4,319.5,142.8,4.4,342.0,35.1,148.8,3179.4,2020,6,4,3,2,6363.1,-0.8136797967359444,6536.5,6723.79
Kolkata,2020-06-05,6.353,29.17,85.5,3.02,324.3144980561957,3316.573958372721,0.24530647431597363,4.187136047529455,2333,2020-06-05,181.6,1.9,26.0,74.0,3.9,74.9,4.9,81.0,10.0,61.1,17.4,8.8,288.9,121.4,25.3,42.8,24.7,177.3,66.4,335.2,2.5,5.3,1.7,149.8,2.2,84.5,7.6,151.0,198.0,1.4,321.4,149.2,3.2,284.9,32.9,141.3,3164.4,2020,6,5,4,2,6328.799999999999,-0.5390454338294437,6444.857142857143,6731.493333333333
Kolkata,2020-06-06,6.221,29.79,82.06,1.95,273.06653265259115,2792.8550195045905,0.20928817963404567,3.4253800892322954,2334,2020-06-06,186.6,1.7,24.2,85.3,3.9,76.5,5.1,80.2,10.0,62.3,12.4,8.4,279.5,129.4,24.7,35.0,26.5,175.2,64.2,357.0,2.4,4.5,1.7,162.3,2.1,93.9,7.6,143.4,206.1,1.4,299.3,153.9,4.3,324.9,34.2,157.4,3247.5000000000005,2020,6,6,5,2,6495.000000000001,2.626090254076629,6428.142857142857,6743.356666666668
Lucknow,2020-05-15,6.5642,34.66,35.27,2.77,281.8991603902216,2879.8562655433675,0.21432107508880857,2.9989196322598706,2312,2020-05-15,181.9,2.0,22.2,100.6,3.4,79.4,4.2,72.0,7.5,49.7,13.9,10.0,306.3,120.4,21.9,43.2,23.2,209.5,71.9,405.5,2.3,5.1,1.6,202.9,2.1,81.2,8.5,121.2,219.7,1.2,303.5,156.8,3.9,339.7,30.1,145.2,3368.9,2020,5,15,4,2,6742.599999999999,1.589549652709743,6476.0,6003.933333333334
Lucknow,2020-05-16,7.4112,33.84,28.41,3.85,293.8778807796024,3002.1393577453105,0.21217020889626623,3.175236474799966,2313,2020-05-16,185.5,1.9,22.1,101.9,3.5,76.5,4.3,73.3,7.6,53.0,16.2,8.9,306.5,128.5,22.4,43.8,25.9,204.1,71.2,405.1,2.2,5.1,1.5,205.5,2.4,81.3,8.5,129.8,225.2,0.9,296.5,152.8,3.9,350.6,30.5,151.7,3405.6,2020,5,16,5,2,6816.200000000001,1.09156705128588,6511.099999999999,6033.223333333333
Lucknow,2020-05-17,7.417,33.7,27.23,3.25,312.96183204783614,3200.565600194744,0.23886852248987903,3.7662443065004467,2314,2020-05-17,177.6,1.9,21.5,101.6,3.4,75.7,3.8,75.7,7.3,51.4,16.3,9.1,299.7,128.2,20.6,43.0,26.3,192.5,63.7,404.9,2.4,4.8,1.5,204.5,2.2,81.3,8.5,135.7,220.8,0.9,277.3,144.2,3.9,361.1,28.0,149.0,3344.7,2020,5,17,6,2,6695.0,-1.77811683929463,6590.5142857142855,6057.35
Lucknow,2020-05-18,6.2081,34.78,26.01,1.68,222.99702127311505,2278.668814254924,0.15902588630644315,2.463815608425709,2315,2020-05-18,174.1,1.9,27.6,105.9,3.8,76.3,4.2,78.7,7.4,52.9,14.9,10.3,303.5,135.5,22.4,43.3,26.9,169.2,63.3,418.3,2.6,5.0,1.5,205.3,2.1,83.4,8.5,142.3,225.6,1.3,270.5,149.5,3.9,367.1,30.6,157.7,3391.9,2020,5,18,0,2,6789.2,1.40702016430172,6685.128571428571,6089.726666666667
Lucknow,2020-05-19,7.3661,34.18,25.21,1.64,267.4625583268417,2732.640628746392,0.19740737122800353,3.1133584237305145,2316,2020-05-19,164.7,1.9,30.9,102.2,3.9,76.2,4.4,81.3,7.9,52.7,14.8,10.5,307.0,134.0,23.6,44.2,26.5,174.0,65.6,420.9,2.6,5.2,1.7,208.3,2.1,74.2,8.5,143.6,231.8,1.2,274.7,151.3,3.9,370.6,31.7,148.2,3401.3,2020,5,19,1,2,6808.099999999999,0.2783833146762227,6730.228571428571,6125.856666666668
Lucknow,2020-05-20,7.3963,33.85,20.88,2.03,314.0457938884043,3215.0632596869136,0.24007292401894353,4.604665450162271,2317,2020-05-20,175.5,2.0,28.4,93.3,4.0,74.8,4.4,82.3,8.1,47.3,15.0,10.6,308.6,139.8,23.8,45.3,19.3,188.0,70.1,426.2,2.4,5.0,1.6,203.8,2.2,57.4,8.5,145.4,230.0,1.2,296.7,159.8,3.9,383.2,32.9,75.1,3371.2000000000003,2020,5,20,2,2,6747.1,-0.8959915394897044,6747.9,6159.816666666667
Lucknow,2020-05-21,7.9534,34.43,20.66,2.22,484.46085482791665,4956.921158773319,0.37877404931821124,6.39677026960725,2318,2020-05-21,186.9,2.1,20.2,81.6,4.2,78.0,4.5,84.8,8.2,47.3,16.6,10.6,316.6,142.4,24.3,43.4,17.4,196.5,71.2,434.5,2.8,4.4,1.5,207.2,2.3,70.0,8.5,160.4,233.5,1.1,302.2,166.9,3.9,382.7,33.7,51.5,3419.3,2020,5,21,3,2,6843.2,1.4243156319011074,6777.342857142857,6201.990000000001
Lucknow,2020-05-22,7.9807,35.72,20.42,2.02,309.5809210920232,3166.017998627707,0.23995086973168883,3.8626216955439454,2319,2020-05-22,192.3,2.0,21.7,92.5,4.5,79.2,4.5,91.7,8.6,52.5,16.3,10.3,317.1,154.5,24.8,44.9,23.5,201.3,72.4,442.1,2.4,4.7,1.7,209.3,2.3,77.2,8.5,168.2,237.2,1.3,306.5,173.3,3.9,402.6,35.2,78.3,3565.1,2020,5,22,4,2,7134.4,4.255319148936176,6833.314285714286,6246.483333333334
Lucknow,2020-05-23,7.4784,36.55,22.61,1.89,380.9419243993407,3896.9444239727577,0.2933331639016568,4.962811838029397,2320,2020-05-23,195.9,1.5,23.6,98.6,4.6,79.4,4.6,95.2,8.1,54.7,16.5,10.7,315.2,158.0,24.1,41.2,27.3,201.2,74.0,443.5,2.5,5.1,1.4,216.6,2.1,84.5,8.5,171.0,244.1,1.3,311.9,168.1,3.9,417.5,36.1,102.9,3651.1,2020,5,23,5,2,7306.5,2.4122561112357,6903.357142857143,6295.37
Lucknow,2020-05-24,7.0826,37.76,21.32,2.57,331.3531300728466,3390.319078053461,0.2597622941068829,4.231194467057071,2321,2020-05-24,194.0,1.6,22.9,109.2,4.5,83.8,4.1,98.0,8.7,55.0,17.3,10.0,312.2,154.3,22.4,46.2,27.7,192.6,69.7,447.4,2.4,4.6,1.6,216.2,2.1,85.0,7.6,168.3,245.8,0.9,302.2,172.3,4.3,426.9,34.6,118.4,3674.8,2020,5,24,6,2,7349.6,0.589885718196137,6996.871428571429,6345.823333333334
Lucknow,2020-05-25,7.4006,38.46,16.87,2.54,374.5515346174102,3834.449084009233,0.29073825950854004,5.1105555840430945,2322,2020-05-25,191.6,1.5,20.0,105.8,5.0,85.8,4.4,101.5,9.0,55.3,17.3,10.6,319.8,162.7,24.5,47.4,28.3,200.9,75.9,457.9,2.4,4.3,1.7,220.3,2.1,85.8,7.6,175.9,249.6,1.1,306.3,177.1,4.3,426.5,36.1,113.4,3735.8,2020,5,25,0,2,7475.500000000001,1.7130183955589515,7094.914285714285,6401.906666666667
Lucknow,2020-05-26,6.2489,39.27,17.53,2.39,332.76243708534076,3403.815119968726,0.25744746328390405,4.12586275347288,2323,2020-05-26,193.5,1.3,15.7,108.9,5.4,87.1,4.7,106.9,9.3,56.7,17.5,10.9,323.1,167.8,25.4,44.4,27.9,187.3,77.4,462.7,1.8,3.7,1.3,218.0,1.6,86.7,7.6,184.3,253.8,1.2,318.9,176.3,4.3,425.3,36.3,120.2,3771.6,2020,5,26,1,2,7546.800000000001,0.9537823556952764,7200.442857142857,6470.550000000001
Lucknow,2020-05-27,6.7169,39.2,19.84,2.41,285.4326782238401,2916.9235397521443,0.2201191109291045,3.1892448036591685,2324,2020-05-27,194.8,1.4,17.8,79.3,5.5,86.7,4.8,110.4,9.2,53.8,17.3,10.8,321.1,168.2,25.6,41.3,24.4,187.0,77.7,460.7,1.8,4.2,1.6,218.3,1.8,88.2,8.2,182.7,260.7,1.2,324.6,176.9,1.9,395.3,35.5,104.6,3705.2999999999993,2020,5,27,2,2,7410.5999999999985,-1.804738432183206,7295.228571428571,6534.8966666666665
Lucknow,2020-05-28,7.026,35.02,36.48,4.96,370.26235136925806,3788.58341870952,0.2892487116306813,4.893855943973852,2325,2020-05-28,195.4,1.6,23.4,79.0,5.0,90.0,4.6,105.6,9.4,51.7,16.8,10.7,321.5,139.3,24.2,43.3,22.2,192.1,74.3,457.3,2.2,4.8,1.3,210.9,2.1,79.3,7.8,150.3,249.4,1.3,307.0,180.5,3.2,350.0,34.1,89.8,3541.4000000000005,2020,5,28,3,2,7082.800000000001,-4.42339351739397,7329.457142857143,6582.003333333333
Lucknow,2020-05-29,5.8632,34.39,34.73,3.32,478.5977366602617,4896.060546520335,0.3660857445467344,5.9730673078322445,2326,2020-05-29,193.3,1.9,24.0,95.5,4.3,82.5,4.8,88.4,8.9,53.7,17.4,10.9,323.9,109.0,24.7,44.1,23.4,192.8,69.8,462.6,2.5,5.2,1.4,203.7,2.1,73.6,7.8,134.0,250.1,1.2,298.8,182.4,3.2,337.1,33.8,113.9,3483.6000000000004,2020,5,29,4,2,6970.300000000001,-1.5883548878974365,7306.014285714286,6623.58
Lucknow,2020-05-30,3.6948,34.59,35.08,3.28,301.15681564388825,3078.7466348776184,0.2278651475883544,3.790631005788724,2327,2020-05-30,186.4,1.9,25.6,91.0,3.4,74.6,4.8,73.3,9.3,53.2,17.6,10.6,326.5,96.1,19.6,41.8,24.9,183.5,70.5,461.2,2.5,5.4,1.7,206.0,2.0,75.1,8.0,127.5,186.9,1.2,306.6,164.0,3.6,282.0,28.2,129.5,3306.0,2020,5,30,5,2,6612.0,-5.140381332223876,7206.800000000001,6646.9766666666665
Lucknow,2020-05-31,5.4389,30.59,52.78,2.89,249.73370133051708,2553.9185660072176,0.1841215946829328,2.8606834218397292,2328,2020-05-31,184.1,2.0,25.1,78.0,3.4,74.0,4.4,73.3,9.1,48.3,16.0,9.1,319.2,96.1,19.6,41.8,21.2,168.5,63.5,443.5,2.2,5.5,1.7,204.8,2.2,84.9,7.2,127.5,186.9,0.9,288.5,145.9,4.1,282.0,28.2,120.4,3193.1000000000004,2020,5,31,6,2,6386.200000000001,-3.415003024803376,7069.171428571429,6664.65
Lucknow,2020-06-01,6.84,31.38,48.65,1.57,241.33120264978788,2466.919523359967,0.18384629539216754,2.8114872508835966,2329,2020-06-01,178.2,1.6,24.2,94.1,3.9,72.7,4.5,74.6,9.2,54.9,15.9,9.1,325.4,109.4,22.7,41.3,20.3,164.5,68.3,388.3,2.5,5.2,1.5,200.7,2.2,80.3,7.7,134.9,197.4,1.2,303.3,138.5,4.4,331.0,29.4,123.1,3246.4,2020,6,1,0,2,6492.8,1.669224264821012,6928.785714285716,6681.33
Lucknow,2020-06-02,4.8463,32.93,41.35,2.24,310.66454541812976,3176.1546364767623,0.2262529446429115,4.039883290228578,2330,2020-06-02,172.0,2.0,24.8,99.6,4.0,73.7,4.6,81.1,9.2,57.9,17.8,8.2,314.4,119.1,24.3,42.7,23.6,155.9,65.6,374.1,2.4,5.0,1.6,184.4,2.2,75.6,7.7,141.5,201.2,1.3,305.1,140.2,4.4,348.7,33.2,130.9,3255.8,2020,6,2,1,2,6515.799999999999,0.3542385411532622,6781.5,6701.130000000001
Lucknow,2020-06-03,4.379,32.46,43.46,2.15,313.6845465959038,3207.1259654874643,0.23081798780294885,4.1373462709369155,2331,2020-06-03,175.3,2.0,23.2,106.7,4.1,76.8,2.8,85.7,7.1,59.6,17.4,7.7,301.9,127.1,24.6,43.3,26.6,144.6,65.6,288.2,2.6,5.2,1.4,182.9,2.3,77.0,7.7,140.0,203.8,1.3,311.9,139.7,4.4,365.4,35.3,138.6,3205.5,2020,6,3,2,2,6415.300000000001,-1.542404616470705,6639.314285714287,6714.986666666667
Lucknow,2020-06-04,2.3083,30.06,50.13,2.46,348.81831807760136,3567.7541219780264,0.2645036245518558,4.582115335423527,2332,2020-06-04,174.3,2.0,23.9,100.7,4.1,76.4,4.1,85.1,8.9,59.5,17.7,8.4,298.3,126.0,24.9,44.4,25.0,166.4,66.3,283.6,2.4,5.1,1.7,143.2,2.3,79.6,7.7,146.5,201.2,1.4,319.5,142.8,4.4,342.0,35.1,148.8,3179.4,2020,6,4,3,2,6363.1,-0.8136797967359444,6536.5,6723.79
Lucknow,2020-06-05,2.238,25.54,75.89,4.39,324.3144980561957,3316.573958372721,0.24530647431597363,4.187136047529455,2333,2020-06-05,181.6,1.9,26.0,74.0,3.9,74.9,4.9,81.0,10.0,61.1,17.4,8.8,288.9,121.4,25.3,42.8,24.7,177.3,66.4,335.2,2.5,5.3,1.7,149.8,2.2,84.5,7.6,151.0,198.0,1.4,321.4,149.2,3.2,284.9,32.9,141.3,3164.4,2020,6,5,4,2,6328.799999999999,-0.5390454338294437,6444.857142857143,6731.493333333333
Lucknow,2020-06-06,6.48,30.0,56.43,1.52,273.06653265259115,2792.8550195045905,0.20928817963404567,3.4253800892322954,2334,2020-06-06,186.6,1.7,24.2,85.3,3.9,76.5,5.1,80.2,10.0,62.3,12.4,8.4,279.5,129.4,24.7,35.0,26.5,175.2,64.2,357.0,2.4,4.5,1.7,162.3,2.1,93.9,7.6,143.4,206.1,1.4,299.3,153.9,4.3,324.9,34.2,157.4,3247.5000000000005,2020,6,6,5,2,6495.000000000001,2.626090254076629,6428.142857142857,6743.356666666668
Jaipur,2020-05-15,6.5086,34.17,28.23,3.38,281.8991603902216,2879.8562655433675,0.21432107508880857,2.9989196322598706,2312,2020-05-15,181.9,2.0,22.2,100.6,3.4,79.4,4.2,72.0,7.5,49.7,13.9,10.0,306.3,120.4,21.9,43.2,23.2,209.5,71.9,405.5,2.3,5.1,1.6,202.9,2.1,81.2,8.5,121.2,219.7,1.2,303.5,156.8,3.9,339.7,30.1,145.2,3368.9,2020,5,15,4,2,6742.599999999999,1.589549652709743,6476.0,6003.933333333334
Jaipur,2020-05-16,7.0841,33.75,28.13,2.48,293.8778807796024,3002.1393577453105,0.21217020889626623,3.175236474799966,2313,2020-05-16,185.5,1.9,22.1,101.9,3.5,76.5,4.3,73.3,7.6,53.0,16.2,8.9,306.5,128.5,22.4,43.8,25.9,204.1,71.2,405.1,2.2,5.1,1.5,205.5,2.4,81.3,8.5,129.8,225.2,0.9,296.5,152.8,3.9,350.6,30.5,151.7,3405.6,2020,5,16,5,2,6816.200000000001,1.09156705128588,6511.099999999999,6033.223333333333
Jaipur,2020-05-17,6.4435,34.35,20.14,2.59,312.96183204783614,3200.565600194744,0.23886852248987903,3.7662443065004467,2314,2020-05-17,177.6,1.9,21.5,101.6,3.4,75.7,3.8,75.7,7.3,51.4,16.3,9.1,299.7,128.2,20.6,43.0,26.3,192.5,63.7,404.9,2.4,4.8,1.5,204.5,2.2,81.3,8.5,135.7,220.8,0.9,277.3,144.2,3.9,361.1,28.0,149.0,3344.7,2020,5,17,6,2,6695.0,-1.77811683929463,6590.5142857142855,6057.35
Jaipur,2020-05-18,7.1155,33.48,14.07,2.64,222.99702127311505,2278.668814254924,0.15902588630644315,2.463815608425709,2315,2020-05-18,174.1,1.9,27.6,105.9,3.8,76.3,4.2,78.7,7.4,52.9,14.9,10.3,303.5,135.5,22.4,43.3,26.9,169.2,63.3,418.3,2.6,5.0,1.5,205.3,2.1,83.4,8.5,142.3,225.6,1.3,270.5,149.5,3.9,367.1,30.6,157.7,3391.9,2020,5,18,0,2,6789.2,1.40702016430172,6685.128571428571,6089.726666666667
Jaipur,2020-05-19,7.819,33.12,14.44,3.38,267.4625583268417,2732.640628746392,0.19740737122800353,3.1133584237305145,2316,2020-05-19,164.7,1.9,30.9,102.2,3.9,76.2,4.4,81.3,7.9,52.7,14.8,10.5,307.0,134.0,23.6,44.2,26.5,174.0,65.6,420.9,2.6,5.2,1.7,208.3,2.1,74.2,8.5,143.6,231.8,1.2,274.7,151.3,3.9,370.6,31.7,148.2,3401.3,2020,5,19,1,2,6808.099999999999,0.2783833146762227,6730.228571428571,6125.856666666668
Jaipur,2020-05-20,8.1715,32.51,14.37,3.75,314.0457938884043,3215.0632596869136,0.24007292401894353,4.604665450162271,2317,2020-05-20,175.5,2.0,28.4,93.3,4.0,74.8,4.4,82.3,8.1,47.3,15.0,10.6,308.6,139.8,23.8,45.3,19.3,188.0,70.1,426.2,2.4,5.0,1.6,203.8,2.2,57.4,8.5,145.4,230.0,1.2,296.7,159.8,3.9,383.2,32.9,75.1,3371.2000000000003,2020,5,20,2,2,6747.1,-0.8959915394897044,6747.9,6159.816666666667
Jaipur,2020-05-21,8.0352,33.89,15.51,3.2,484.46085482791665,4956.921158773319,0.37877404931821124,6.39677026960725,2318,2020-05-21,186.9,2.1,20.2,81.6,4.2,78.0,4.5,84.8,8.2,47.3,16.6,10.6,316.6,142.4,24.3,43.4,17.4,196.5,71.2,434.5,2.8,4.4,1.5,207.2,2.3,70.0,8.5,160.4,233.5,1.1,302.2,166.9,3.9,382.7,33.7,51.5,3419.3,2020,5,21,3,2,6843.2,1.4243156319011074,6777.342857142857,6201.990000000001
Jaipur,2020-05-22,7.8552,35.73,19.76,3.68,309.5809210920232,3166.017998627707,0.23995086973168883,3.8626216955439454,2319,2020-05-22,192.3,2.0,21.7,92.5,4.5,79.2,4.5,91.7,8.6,52.5,16.3,10.3,317.1,154.5,24.8,44.9,23.5,201.3,72.4,442.1,2.4,4.7,1.7,209.3,2.3,77.2,8.5,168.2,237.2,1.3,306.5,173.3,3.9,402.6,35.2,78.3,3565.1,2020,5,22,4,2,7134.4,4.255319148936176,6833.314285714286,6246.483333333334
Jaipur,2020-05-23,7.0956,37.01,22.9,4.65,380.9419243993407,3896.9444239727577,0.2933331639016568,4.962811838029397,2320,2020-05-23,195.9,1.5,23.6,98.6,4.6,79.4,4.6,95.2,8.1,54.7,16.5,10.7,315.2,158.0,24.1,41.2,27.3,201.2,74.0,443.5,2.5,5.1,1.4,216.6,2.1,84.5,8.5,171.0,244.1,1.3,311.9,168.1,3.9,417.5,36.1,102.9,3651.1,2020,5,23,5,2,7306.5,2.4122561112357,6903.357142857143,6295.37
Jaipur,2020-05-24,7.6476,36.52,19.08,3.62,331.3531300728466,3390.319078053461,0.2597622941068829,4.231194467057071,2321,2020-05-24,194.0,1.6,22.9,109.2,4.5,83.8,4.1,98.0,8.7,55.0,17.3,10.0,312.2,154.3,22.4,46.2,27.7,192.6,69.7,447.4,2.4,4.6,1.6,216.2,2.1,85.0,7.6,168.3,245.8,0.9,302.2,172.3,4.3,426.9,34.6,118.4,3674.8,2020,5,24,6,2,7349.6,0.589885718196137,6996.871428571429,6345.823333333334
Jaipur,2020-05-25,7.4522,36.89,20.53,4.25,374.5515346174102,3834.449084009233,0.29073825950854004,5.1105555840430945,2322,2020-05-25,191.6,1.5,20.0,105.8,5.0,85.8,4.4,101.5,9.0,55.3,17.3,10.6,319.8,162.7,24.5,47.4,28.3,200.9,75.9,457.9,2.4,4.3,1.7,220.3,2.1,85.8,7.6,175.9,249.6,1.1,306.3,177.1,4.3,426.5,36.1,113.4,3735.8,2020,5,25,0,2,7475.500000000001,1.7130183955589515,7094.914285714285,6401.906666666667
Jaipur,2020-05-26,7.4162,37.62,21.1,5.2,332.76243708534076,3403.815119968726,0.25744746328390405,4.12586275347288,2323,2020-05-26,193.5,1.3,15.7,108.9,5.4,87.1,4.7,106.9,9.3,56.7,17.5,10.9,323.1,167.8,25.4,44.4,27.9,187.3,77.4,462.7,1.8,3.7,1.3,218.0,1.6,86.7,7.6,184.3,253.8,1.2,318.9,176.3,4.3,425.3,36.3,120.2,3771.6,2020,5,26,1,2,7546.800000000001,0.9537823556952764,7200.442857142857,6470.550000000001
Jaipur,2020-05-27,7.8821,37.48,20.44,4.48,285.4326782238401,2916.9235397521443,0.2201191109291045,3.1892448036591685,2324,2020-05-27,194.8,1.4,17.8,79.3,5.5,86.7,4.8,110.4,9.2,53.8,17.3,10.8,321.1,168.2,25.6,41.3,24.4,187.0,77.7,460.7,1.8,4.2,1.6,218.3,1.8,88.2,8.2,182.7,260.7,1.2,324.6,176.9,1.9,395.3,35.5,104.6,3705.2999999999993,2020,5,27,2,2,7410.5999999999985,-1.804738432183206,7295.228571428571,6534.8966666666665
Jaipur,2020-05-28,7.1306,36.14,24.36,2.62,370.26235136925806,3788.58341870952,0.2892487116306813,4.893855943973852,2325,2020-05-28,195.4,1.6,23.4,79.0,5.0,90.0,4.6,105.6,9.4,51.7,16.8,10.7,321.5,139.3,24.2,43.3,22.2,192.1,74.3,457.3,2.2,4.8,1.3,210.9,2.1,79.3,7.8,150.3,249.4,1.3,307.0,180.5,3.2,350.0,34.1,89.8,3541.4000000000005,2020,5,28,3,2,7082.800000000001,-4.42339351739397,7329.457142857143,6582.003333333333
Jaipur,2020-05-29,6.8664,35.81,24.98,2.51,478.5977366602617,4896.060546520335,0.3660857445467344,5.9730673078322445,2326,2020-05-29,193.3,1.9,24.0,95.5,4.3,82.5,4.8,88.4,8.9,53.7,17.4,10.9,323.9,109.0,24.7,44.1,23.4,192.8,69.8,462.6,2.5,5.2,1.4,203.7,2.1,73.6,7.8,134.0,250.1,1.2,298.8,182.4,3.2,337.1,33.8,113.9,3483.6000000000004,2020,5,29,4,2,6970.300000000001,-1.5883548878974365,7306.014285714286,6623.58
Jaipur,2020-05-30,6.24,30.88,48.4,2.07,301.15681564388825,3078.7466348776184,0.2278651475883544,3.790631005788724,2327,2020-05-30,186.4,1.9,25.6,91.0,3.4,74.6,4.8,73.3,9.3,53.2,17.6,10.6,326.5,96.1,19.6,41.8,24.9,183.5,70.5,461.2,2.5,5.4,1.7,206.0,2.0,75.1,8.0,127.5,186.9,1.2,306.6,164.0,3.6,282.0,28.2,129.5,3306.0,2020,5,30,5,2,6612.0,-5.140381332223876,7206.800000000001,6646.9766666666665
Jaipur,2020-05-31,6.2585,29.1,54.16,1.99,249.73370133051708,2553.9185660072176,0.1841215946829328,2.8606834218397292,2328,2020-05-31,184.1,2.0,25.1,78.0,3.4,74.0,4.4,73.3,9.1,48.3,16.0,9.1,319.2,96.1,19.6,41.8,21.2,168.5,63.5,443.5,2.2,5.5,1.7,204.8,2.2,84.9,7.2,127.5,186.9,0.9,288.5,145.9,4.1,282.0,28.2,120.4,3193.1000000000004,2020,5,31,6,2,6386.200000000001,-3.415003024803376,7069.171428571429,6664.65
Jaipur,2020-06-01,6.4363,29.57,57.33,1.59,241.33120264978788,2466.919523359967,0.18384629539216754,2.8114872508835966,2329,2020-06-01,178.2,1.6,24.2,94.1,3.9,72.7,4.5,74.6,9.2,54.9,15.9,9.1,325.4,109.4,22.7,41.3,20.3,164.5,68.3,388.3,2.5,5.2,1.5,200.7,2.2,80.3,7.7,134.9,197.4,1.2,303.3,138.5,4.4,331.0,29.4,123.1,3246.4,2020,6,1,0,2,6492.8,1.669224264821012,6928.785714285716,6681.33
Jaipur,2020-06-02,7.3217,31.33,46.68,1.47,310.66454541812976,3176.1546364767623,0.2262529446429115,4.039883290228578,2330,2020-06-02,172.0,2.0,24.8,99.6,4.0,73.7,4.6,81.1,9.2,57.9,17.8,8.2,314.4,119.1,24.3,42.7,23.6,155.9,65.6,374.1,2.4,5.0,1.6,184.4,2.2,75.6,7.7,141.5,201.2,1.3,305.1,140.2,4.4,348.7,33.2,130.9,3255.8,2020,6,2,1,2,6515.799999999999,0.3542385411532622,6781.5,6701.130000000001
Jaipur,2020-06-03,5.874,32.78,40.01,0.98,313.6845465959038,3207.1259654874643,0.23081798780294885,4.1373462709369155,2331,2020-06-03,175.3,2.0,23.2,106.7,4.1,76.8,2.8,85.7,7.1,59.6,17.4,7.7,301.9,127.1,24.6,43.3,26.6,144.6,65.6,288.2,2.6,5.2,1.4,182.9,2.3,77.0,7.7,140.0,203.8,1.3,311.9,139.7,4.4,365.4,35.3,138.6,3205.5,2020,6,3,2,2,6415.300000000001,-1.542404616470705,6639.314285714287,6714.986666666667
Jaipur,2020-06-04,4.3555,30.17,49.48,2.96,348.81831807760136,3567.7541219780264,0.2645036245518558,4.582115335423527,2332,2020-06-04,174.3,2.0,23.9,100.7,4.1,76.4,4.1,85.1,8.9,59.5,17.7,8.4,298.3,126.0,24.9,44.4,25.0,166.4,66.3,283.6,2.4,5.1,1.7,143.2,2.3,79.6,7.7,146.5,201.2,1.4,319.5,142.8,4.4,342.0,35.1,148.8,3179.4,2020,6,4,3,2,6363.1,-0.8136797967359444,6536.5,6723.79
Jaipur,2020-06-05,6.605,30.36,48.57,2.17,324.3144980561957,3316.573958372721,0.24530647431597363,4.187136047529455,2333,2020-06-05,181.6,1.9,26.0,74.0,3.9,74.9,4.9,81.0,10.0,61.1,17.4,8.8,288.9,121.4,25.3,42.8,24.7,177.3,66.4,335.2,2.5,5.3,1.7,149.8,2.2,84.5,7.6,151.0,198.0,1.4,321.4,149.2,3.2,284.9,32.9,141.3,3164.4,2020,6,5,4,2,6328.799999999999,-0.5390454338294437,6444.857142857143,6731.493333333333
Jaipur,2020-06-06,7.0162,30.84,49.9,1.36,273.06653265259115,2792.8550195045905,0.20928817963404567,3.4253800892322954,2334,2020-06-06,186.6,1.7,24.2,85.3,3.9,76.5,5.1,80.2,10.0,62.3,12.4,8.4,279.5,129.4,24.7,35.0,26.5,175.2,64.2,357.0,2.4,4.5,1.7,162.3,2.1,93.9,7.6,143.4,206.1,1.4,299.3,153.9,4.3,324.9,34.2,157.4,3247.5000000000005,2020,6,6,5,2,6495.000000000001,2.626090254076629,6428.142857142857,6743.356666666668
Ahmedabad,2020-05-15,7.6104,36.43,30.36,2.75,281.8991603902216,2879.8562655433675,0.21432107508880857,2.9989196322598706,2312,2020-05-15,181.9,2.0,22.2,100.6,3.4,79.4,4.2,72.0,7.5,49.7,13.9,10.0,306.3,120.4,21.9,43.2,23.2,209.5,71.9,405.5,2.3,5.1,1.6,202.9,2.1,81.2,8.5,121.2,219.7,1.2,303.5,156.8,3.9,339.7,30.1,145.2,3368.9,2020,5,15,4,2,6742.599999999999,1.589549652709743,6476.0,6003.933333333334
Ahmedabad,2020-05-16,7.7753,36.5,28.46,3.52,293.8778807796024,3002.1393577453105,0.21217020889626623,3.175236474799966,2313,2020-05-16,185.5,1.9,22.1,101.9,3.5,76.5,4.3,73.3,7.6,53.0,16.2,8.9,306.5,128.5,22.4,43.8,25.9,204.1,71.2,405.1,2.2,5.1,1.5,205.5,2.4,81.3,8.5,129.8,225.2,0.9,296.5,152.8,3.9,350.6,30.5,151.7,3405.6,2020,5,16,5,2,6816.200000000001,1.09156705128588,6511.099999999999,6033.223333333333
Ahmedabad,2020-05-17,7.6409,35.33,32.84,4.23,312.96183204783614,3200.565600194744,0.23886852248987903,3.7662443065004467,2314,2020-05-17,177.6,1.9,21.5,101.6,3.4,75.7,3.8,75.7,7.3,51.4,16.3,9.1,299.7,128.2,20.6,43.0,26.3,192.5,63.7,404.9,2.4,4.8,1.5,204.5,2.2,81.3,8.5,135.7,220.8,0.9,277.3,144.2,3.9,361.1,28.0,149.0,3344.7,2020,5,17,6,2,6695.0,-1.77811683929463,6590.5142857142855,6057.35
Ahmedabad,2020-05-18,7.3354,35.16,32.12,3.5,222.99702127311505,2278.668814254924,0.15902588630644315,2.463815608425709,2315,2020-05-18,174.1,1.9,27.6,105.9,3.8,76.3,4.2,78.7,7.4,52.9,14.9,10.3,303.5,135.5,22.4,43.3,26.9,169.2,63.3,418.3,2.6,5.0,1.5,205.3,2.1,83.4,8.5,142.3,225.6,1.3,270.5,149.5,3.9,367.1,30.6,157.7,3391.9,2020,5,18,0,2,6789.2,1.40702016430172,6685.128571428571,6089.726666666667
Ahmedabad,2020-05-19,7.6219,35.48,31.18,3.24,267.4625583268417,2732.640628746392,0.19740737122800353,3.1133584237305145,2316,2020-05-19,164.7,1.9,30.9,102.2,3.9,76.2,4.4,81.3,7.9,52.7,14.8,10.5,307.0,134.0,23.6,44.2,26.5,174.0,65.6,420.9,2.6,5.2,1.7,208.3,2.1,74.2,8.5,143.6,231.8,1.2,274.7,151.3,3.9,370.6,31.7,148.2,3401.3,2020,5,19,1,2,6808.099999999999,0.2783833146762227,6730.228571428571,6125.856666666668
Ahmedabad,2020-05-20,7.9582,36.35,25.63,2.63,314.0457938884043,3215.0632596869136,0.24007292401894353,4.604665450162271,2317,2020-05-20,175.5,2.0,28.4,93.3,4.0,74.8,4.4,82.3,8.1,47.3,15.0,10.6,308.6,139.8,23.8,45.3,19.3,188.0,70.1,426.2,2.4,5.0,1.6,203.8,2.2,57.4,8.5,145.4,230.0,1.2,296.7,159.8,3.9,383.2,32.9,75.1,3371.2000000000003,2020,5,20,2,2,6747.1,-0.8959915394897044,6747.9,6159.816666666667
Ahmedabad,2020-05-21,7.8418,36.8,22.51,3.81,484.46085482791665,4956.921158773319,0.37877404931821124,6.39677026960725,2318,2020-05-21,186.9,2.1,20.2,81.6,4.2,78.0,4.5,84.8,8.2,47.3,16.6,10.6,316.6,142.4,24.3,43.4,17.4,196.5,71.2,434.5,2.8,4.4,1.5,207.2,2.3,70.0,8.5,160.4,233.5,1.1,302.2,166.9,3.9,382.7,33.7,51.5,3419.3,2020,5,21,3,2,6843.2,1.4243156319011074,6777.342857142857,6201.990000000001
Ahmedabad,2020-05-22,7.7321,36.21,29.52,4.24,309.5809210920232,3166.017998627707,0.23995086973168883,3.8626216955439454,2319,2020-05-22,192.3,2.0,21.7,92.5,4.5,79.2,4.5,91.7,8.6,52.5,16.3,10.3,317.1,154.5,24.8,44.9,23.5,201.3,72.4,442.1,2.4,4.7,1.7,209.3,2.3,77.2,8.5,168.2,237.2,1.3,306.5,173.3,3.9,402.6,35.2,78.3,3565.1,2020,5,22,4,2,7134.4,4.255319148936176,6833.314285714286,6246.483333333334
Ahmedabad,2020-05-23,8.0071,36.0,33.31,3.42,380.9419243993407,3896.9444239727577,0.2933331639016568,4.962811838029397,2320,2020-05-23,195.9,1.5,23.6,98.6,4.6,79.4,4.6,95.2,8.1,54.7,16.5,10.7,315.2,158.0,24.1,41.2,27.3,201.2,74.0,443.5,2.5,5.1,1.4,216.6,2.1,84.5,8.5,171.0,244.1,1.3,311.9,168.1,3.9,417.5,36.1,102.9,3651.1,2020,5,23,5,2,7306.5,2.4122561112357,6903.357142857143,6295.37
Ahmedabad,2020-05-24,7.807,36.84,28.87,3.07,331.3531300728466,3390.319078053461,0.2597622941068829,4.231194467057071,2321,2020-05-24,194.0,1.6,22.9,109.2,4.5,83.8,4.1,98.0,8.7,55.0,17.3,10.0,312.2,154.3,22.4,46.2,27.7,192.6,69.7,447.4,2.4,4.6,1.6,216.2,2.1,85.0,7.6,168.3,245.8,0.9,302.2,172.3,4.3,426.9,34.6,118.4,3674.8,2020,5,24,6,2,7349.6,0.589885718196137,6996.871428571429,6345.823333333334
Ahmedabad,2020-05-25,7.5994,36.73,29.51,3.23,374.5515346174102,3834.449084009233,0.29073825950854004,5.1105555840430945,2322,2020-05-25,191.6,1.5,20.0,105.8,5.0,85.8,4.4,101.5,9.0,55.3,17.3,10.6,319.8,162.7,24.5,47.4,28.3,200.9,75.9,457.9,2.4,4.3,1.7,220.3,2.1,85.8,7.6,175.9,249.6,1.1,306.3,177.1,4.3,426.5,36.1,113.4,3735.8,2020,5,25,0,2,7475.500000000001,1.7130183955589515,7094.914285714285,6401.906666666667
Ahmedabad,2020-05-26,7.9886,36.58,33.06,4.03,332.76243708534076,3403.815119968726,0.25744746328390405,4.12586275347288,2323,2020-05-26,193.5,1.3,15.7,108.9,5.4,87.1,4.7,106.9,9.3,56.7,17.5,10.9,323.1,167.8,25.4,44.4,27.9,187.3,77.4,462.7,1.8,3.7,1.3,218.0,1.6,86.7,7.6,184.3,253.8,1.2,318.9,176.3,4.3,425.3,36.3,120.2,3771.6,2020,5,26,1,2,7546.800000000001,0.9537823556952764,7200.442857142857,6470.550000000001
Ahmedabad,2020-05-27,7.8019,36.29,41.47,5.28,285.4326782238401,2916.9235397521443,0.2201191109291045,3.1892448036591685,2324,2020-05-27,194.8,1.4,17.8,79.3,5.5,86.7,4.8,110.4,9.2,53.8,17.3,10.8,321.1,168.2,25.6,41.3,24.4,187.0,77.7,460.7,1.8,4.2,1.6,218.3,1.8,88.2,8.2,182.7,260.7,1.2,324.6,176.9,1.9,395.3,35.5,104.6,3705.2999999999993,2020,5,27,2,2,7410.5999999999985,-1.804738432183206,7295.228571428571,6534.8966666666665
Ahmedabad,2020-05-28,7.1863,36.18,44.73,5.9,370.26235136925806,3788.58341870952,0.2892487116306813,4.893855943973852,2325,2020-05-28,195.4,1.6,23.4,79.0,5.0,90.0,4.6,105.6,9.4,51.7,16.8,10.7,321.5,139.3,24.2,43.3,22.2,192.1,74.3,457.3,2.2,4.8,1.3,210.9,2.1,79.3,7.8,150.3,249.4,1.3,307.0,180.5,3.2,350.0,34.1,89.8,3541.4000000000005,2020,5,28,3,2,7082.800000000001,-4.42339351739397,7329.457142857143,6582.003333333333
Ahmedabad,2020-05-29,6.9557,34.65,51.28,5.15,478.5977366602617,4896.060546520335,0.3660857445467344,5.9730673078322445,2326,2020-05-29,193.3,1.9,24.0,95.5,4.3,82.5,4.8,88.4,8.9,53.7,17.4,10.9,323.9,109.0,24.7,44.1,23.4,192.8,69.8,462.6,2.5,5.2,1.4,203.7,2.1,73.6,7.8,134.0,250.1,1.2,298.8,182.4,3.2,337.1,33.8,113.9,3483.6000000000004,2020,5,29,4,2,6970.300000000001,-1.5883548878974365,7306.014285714286,6623.58
Ahmedabad,2020-05-30,6.7826,34.98,48.19,3.37,301.15681564388825,3078.7466348776184,0.2278651475883544,3.790631005788724,2327,2020-05-30,186.4,1.9,25.6,91.0,3.4,74.6,4.8,73.3,9.3,53.2,17.6,10.6,326.5,96.1,19.6,41.8,24.9,183.5,70.5,461.2,2.5,5.4,1.7,206.0,2.0,75.1,8.0,127.5,186.9,1.2,306.6,164.0,3.6,282.0,28.2,129.5,3306.0,2020,5,30,5,2,6612.0,-5.140381332223876,7206.800000000001,6646.9766666666665
Ahmedabad,2020-05-31,6.7872,34.53,43.68,3.05,249.73370133051708,2553.9185660072176,0.1841215946829328,2.8606834218397292,2328,2020-05-31,184.1,2.0,25.1,78.0,3.4,74.0,4.4,73.3,9.1,48.3,16.0,9.1,319.2,96.1,19.6,41.8,21.2,168.5,63.5,443.5,2.2,5.5,1.7,204.8,2.2,84.9,7.2,127.5,186.9,0.9,288.5,145.9,4.1,282.0,28.2,120.4,3193.1000000000004,2020,5,31,6,2,6386.200000000001,-3.415003024803376,7069.171428571429,6664.65
Ahmedabad,2020-06-01,7.0985,34.24,45.29,2.88,241.33120264978788,2466.919523359967,0.18384629539216754,2.8114872508835966,2329,2020-06-01,178.2,1.6,24.2,94.1,3.9,72.7,4.5,74.6,9.2,54.9,15.9,9.1,325.4,109.4,22.7,41.3,20.3,164.5,68.3,388.3,2.5,5.2,1.5,200.7,2.2,80.3,7.7,134.9,197.4,1.2,303.3,138.5,4.4,331.0,29.4,123.1,3246.4,2020,6,1,0,2,6492.8,1.669224264821012,6928.785714285716,6681.33
Ahmedabad,2020-06-02,7.1366,34.89,43.29,2.6,310.66454541812976,3176.1546364767623,0.2262529446429115,4.039883290228578,2330,2020-06-02,172.0,2.0,24.8,99.6,4.0,73.7,4.6,81.1,9.2,57.9,17.8,8.2,314.4,119.1,24.3,42.7,23.6,155.9,65.6,374.1,2.4,5.0,1.6,184.4,2.2,75.6,7.7,141.5,201.2,1.3,305.1,140.2,4.4,348.7,33.2,130.9,3255.8,2020,6,2,1,2,6515.799999999999,0.3542385411532622,6781.5,6701.130000000001
Ahmedabad,2020-06-03,6.3833,34.89,39.87,3.15,313.6845465959038,3207.1259654874643,0.23081798780294885,4.1373462709369155,2331,2020-06-03,175.3,2.0,23.2,106.7,4.1,76.8,2.8,85.7,7.1,59.6,17.4,7.7,301.9,127.1,24.6,43.3,26.6,144.6,65.6,288.2,2.6,5.2,1.4,182.9,2.3,77.0,7.7,140.0,203.8,1.3,311.9,139.7,4.4,365.4,35.3,138.6,3205.5,2020,6,3,2,2,6415.300000000001,-1.542404616470705,6639.314285714287,6714.986666666667
Ahmedabad,2020-06-04,6.8287,35.01,37.65,2.67,348.81831807760136,3567.7541219780264,0.2645036245518558,4.582115335423527,2332,2020-06-04,174.3,2.0,23.9,100.7,4.1,76.4,4.1,85.1,8.9,59.5,17.7,8.4,298.3,126.0,24.9,44.4,25.0,166.4,66.3,283.6,2.4,5.1,1.7,143.2,2.3,79.6,7.7,146.5,201.2,1.4,319.5,142.8,4.4,342.0,35.1,148.8,3179.4,2020,6,4,3,2,6363.1,-0.8136797967359444,6536.5,6723.79
Ahmedabad,2020-06-05,6.8028,33.55,51.98,4.4,324.3144980561957,3316.573958372721,0.24530647431597363,4.187136047529455,2333,2020-06-05,181.6,1.9,26.0,74.0,3.9,74.9,4.9,81.0,10.0,61.1,17.4,8.8,288.9,121.4,25.3,42.8,24.7,177.3,66.4,335.2,2.5,5.3,1.7,149.8,2.2,84.5,7.6,151.0,198.0,1.4,321.4,149.2,3.2,284.9,32.9,141.3,3164.4,2020,6,5,4,2,6328.799999999999,-0.5390454338294437,6444.857142857143,6731.493333333333
Ahmedabad,2020-06-06,6.9389,31.8,62.04,4.01,273.06653265259115,2792.8550195045905,0.20928817963404567,3.4253800892322954,2334,2020-06-06,186.6,1.7,24.2,85.3,3.9,76.5,5.1,80.2,10.0,62.3,12.4,8.4,279.5,129.4,24.7,35.0,26.5,175.2,64.2,357.0,2.4,4.5,1.7,162.3,2.1,93.9,7.6,143.4,206.1,1.4,299.3,153.9,4.3,324.9,34.2,157.4,3247.5000000000005,2020,6,6,5,2,6495.000000000001,2.626090254076629,6428.142857142857,6743.356666666668
Hyderabad,2020-05-15,6.5638,33.44,38.22,2.24,281.8991603902216,2879.8562655433675,0.21432107508880857,2.9989196322598706,2312,2020-05-15,181.9,2.0,22.2,100.6,3.4,79.4,4.2,72.0,7.5,49.7,13.9,10.0,306.3,120.4,21.9,43.2,23.2,209.5,71.9,405.5,2.3,5.1,1.6,202.9,2.1,81.2,8.5,121.2,219.7,1.2,303.5,156.8,3.9,339.7,30.1,145.2,3368.9,2020,5,15,4,2,6742.599999999999,1.589549652709743,6476.0,6003.933333333334
Hyderabad,2020-05-16,5.4931,33.24,43.75,1.74,293.8778807796024,3002.1393577453105,0.21217020889626623,3.175236474799966,2313,2020-05-16,185.5,1.9,22.1,101.9,3.5,76.5,4.3,73.3,7.6,53.0,16.2,8.9,306.5,128.5,22.4,43.8,25.9,204.1,71.2,405.1,2.2,5.1,1.5,205.5,2.4,81.3,8.5,129.8,225.2,0.9,296.5,152.8,3.9,350.6,30.5,151.7,3405.6,2020,5,16,5,2,6816.200000000001,1.09156705128588,6511.099999999999,6033.223333333333
Hyderabad,2020-05-17,5.305,32.2,52.34,1.85,312.96183204783614,3200.565600194744,0.23886852248987903,3.7662443065004467,2314,2020-05-17,177.6,1.9,21.5,101.6,3.4,75.7,3.8,75.7,7.3,51.4,16.3,9.1,299.7,128.2,20.6,43.0,26.3,192.5,63.7,404.9,2.4,4.8,1.5,204.5,2.2,81.3,8.5,135.7,220.8,0.9,277.3,144.2,3.9,361.1,28.0,149.0,3344.7,2020,5,17,6,2,6695.0,-1.77811683929463,6590.5142857142855,6057.35
Hyderabad,2020-05-18,5.995,32.86,42.75,2.17,222.99702127311505,2278.668814254924,0.15902588630644315,2.463815608425709,2315,2020-05-18,174.1,1.9,27.6,105.9,3.8,76.3,4.2,78.7,7.4,52.9,14.9,10.3,303.5,135.5,22.4,43.3,26.9,169.2,63.3,418.3,2.6,5.0,1.5,205.3,2.1,83.4,8.5,142.3,225.6,1.3,270.5,149.5,3.9,367.1,30.6,157.7,3391.9,2020,5,18,0,2,6789.2,1.40702016430172,6685.128571428571,6089.726666666667
Hyderabad,2020-05-19,5.1766,33.33,34.35,3.53,267.4625583268417,2732.640628746392,0.19740737122800353,3.1133584237305145,2316,2020-05-19,164.7,1.9,30.9,102.2,3.9,76.2,4.4,81.3,7.9,52.7,14.8,10.5,307.0,134.0,23.6,44.2,26.5,174.0,65.6,420.9,2.6,5.2,1.7,208.3,2.1,74.2,8.5,143.6,231.8,1.2,274.7,151.3,3.9,370.6,31.7,148.2,3401.3,2020,5,19,1,2,6808.099999999999,0.2783833146762227,6730.228571428571,6125.856666666668
Hyderabad,2020-05-20,6.805,33.75,28.32,2.56,314.0457938884043,3215.0632596869136,0.24007292401894353,4.604665450162271,2317,2020-05-20,175.5,2.0,28.4,93.3,4.0,74.8,4.4,82.3,8.1,47.3,15.0,10.6,308.6,139.8,23.8,45.3,19.3,188.0,70.1,426.2,2.4,5.0,1.6,203.8,2.2,57.4,8.5,145.4,230.0,1.2,296.7,159.8,3.9,383.2,32.9,75.1,3371.2000000000003,2020,5,20,2,2,6747.1,-0.8959915394897044,6747.9,6159.816666666667
Hyderabad,2020-05-21,7.6675,33.04,17.84,3.57,484.46085482791665,4956.921158773319,0.37877404931821124,6.39677026960725,2318,2020-05-21,186.9,2.1,20.2,81.6,4.2,78.0,4.5,84.8,8.2,47.3,16.6,10.6,316.6,142.4,24.3,43.4,17.4,196.5,71.2,434.5,2.8,4.4,1.5,207.2,2.3,70.0,8.5,160.4,233.5,1.1,302.2,166.9,3.9,382.7,33.7,51.5,3419.3,2020,5,21,3,2,6843.2,1.4243156319011074,6777.342857142857,6201.990000000001
Hyderabad,2020-05-22,7.7112,33.98,18.43,2.5,309.5809210920232,3166.017998627707,0.23995086973168883,3.8626216955439454,2319,2020-05-22,192.3,2.0,21.7,92.5,4.5,79.2,4.5,91.7,8.6,52.5,16.3,10.3,317.1,154.5,24.8,44.9,23.5,201.3,72.4,442.1,2.4,4.7,1.7,209.3,2.3,77.2,8.5,168.2,237.2,1.3,306.5,173.3,3.9,402.6,35.2,78.3,3565.1,2020,5,22,4,2,7134.4,4.255319148936176,6833.314285714286,6246.483333333334
Hyderabad,2020-05-23,7.6274,34.75,24.63,2.14,380.9419243993407,3896.9444239727577,0.2933331639016568,4.962811838029397,2320,2020-05-23,195.9,1.5,23.6,98.6,4.6,79.4,4.6,95.2,8.1,54.7,16.5,10.7,315.2,158.0,24.1,41.2,27.3,201.2,74.0,443.5,2.5,5.1,1.4,216.6,2.1,84.5,8.5,171.0,244.1,1.3,311.9,168.1,3.9,417.5,36.1,102.9,3651.1,2020,5,23,5,2,7306.5,2.4122561112357,6903.357142857143,6295.37
Hyderabad,2020-05-24,6.7982,34.19,39.13,1.97,331.3531300728466,3390.319078053461,0.2597622941068829,4.231194467057071,2321,2020-05-24,194.0,1.6,22.9,109.2,4.5,83.8,4.1,98.0,8.7,55.0,17.3,10.0,312.2,154.3,22.4,46.2,27.7,192.6,69.7,447.4,2.4,4.6,1.6,216.2,2.1,85.0,7.6,168.3,245.8,0.9,302.2,172.3,4.3,426.9,34.6,118.4,3674.8,2020,5,24,6,2,7349.6,0.589885718196137,6996.871428571429,6345.823333333334
Hyderabad,2020-05-25,6.3358,34.8,38.02,2.66,374.5515346174102,3834.449084009233,0.29073825950854004,5.1105555840430945,2322,2020-05-25,191.6,1.5,20.0,105.8,5.0,85.8,4.4,101.5,9.0,55.3,17.3,10.6,319.8,162.7,24.5,47.4,28.3,200.9,75.9,457.9,2.4,4.3,1.7,220.3,2.1,85.8,7.6,175.9,249.6,1.1,306.3,177.1,4.3,426.5,36.1,113.4,3735.8,2020,5,25,0,2,7475.500000000001,1.7130183955589515,7094.914285714285,6401.906666666667
Hyderabad,2020-05-26,6.5712,35.17,40.91,2.52,332.76243708534076,3403.815119968726,0.25744746328390405,4.12586275347288,2323,2020-05-26,193.5,1.3,15.7,108.9,5.4,87.1,4.7,106.9,9.3,56.7,17.5,10.9,323.1,167.8,25.4,44.4,27.9,187.3,77.4,462.7,1.8,3.7,1.3,218.0,1.6,86.7,7.6,184.3,253.8,1.2,318.9,176.3,4.3,425.3,36.3,120.2,3771.6,2020,5,26,1,2,7546.800000000001,0.9537823556952764,7200.442857142857,6470.550000000001
Hyderabad,2020-05-27,7.1741,35.93,34.75,2.59,285.4326782238401,2916.9235397521443,0.2201191109291045,3.1892448036591685,2324,2020-05-27,194.8,1.4,17.8,79.3,5.5,86.7,4.8,110.4,9.2,53.8,17.3,10.8,321.1,168.2,25.6,41.3,24.4,187.0,77.7,460.7,1.8,4.2,1.6,218.3,1.8,88.2,8.2,182.7,260.7,1.2,324.6,176.9,1.9,395.3,35.5,104.6,3705.2999999999993,2020,5,27,2,2,7410.5999999999985,-1.804738432183206,7295.228571428571,6534.8966666666665
Hyderabad,2020-05-28,7.7076,37.04,26.36,2.98,370.26235136925806,3788.58341870952,0.2892487116306813,4.893855943973852,2325,2020-05-28,195.4,1.6,23.4,79.0,5.0,90.0,4.6,105.6,9.4,51.7,16.8,10.7,321.5,139.3,24.2,43.3,22.2,192.1,74.3,457.3,2.2,4.8,1.3,210.9,2.1,79.3,7.8,150.3,249.4,1.3,307.0,180.5,3.2,350.0,34.1,89.8,3541.4000000000005,2020,5,28,3,2,7082.800000000001,-4.42339351739397,7329.457142857143,6582.003333333333
Hyderabad,2020-05-29,7.0997,36.36,30.29,3.28,478.5977366602617,4896.060546520335,0.3660857445467344,5.9730673078322445,2326,2020-05-29,193.3,1.9,24.0,95.5,4.3,82.5,4.8,88.4,8.9,53.7,17.4,10.9,323.9,109.0,24.7,44.1,23.4,192.8,69.8,462.6,2.5,5.2,1.4,203.7,2.1,73.6,7.8,134.0,250.1,1.2,298.8,182.4,3.2,337.1,33.8,113.9,3483.6000000000004,2020,5,29,4,2,6970.300000000001,-1.5883548878974365,7306.014285714286,6623.58
Hyderabad,2020-05-30,6.133,33.47,39.98,3.06,301.15681564388825,3078.7466348776184,0.2278651475883544,3.790631005788724,2327,2020-05-30,186.4,1.9,25.6,91.0,3.4,74.6,4.8,73.3,9.3,53.2,17.6,10.6,326.5,96.1,19.6,41.8,24.9,183.5,70.5,461.2,2.5,5.4,1.7,206.0,2.0,75.1,8.0,127.5,186.9,1.2,306.6,164.0,3.6,282.0,28.2,129.5,3306.0,2020,5,30,5,2,6612.0,-5.140381332223876,7206.800000000001,6646.9766666666665
Hyderabad,2020-05-31,3.8455,31.61,51.06,2.28,249.73370133051708,2553.9185660072176,0.1841215946829328,2.8606834218397292,2328,2020-05-31,184.1,2.0,25.1,78.0,3.4,74.0,4.4,73.3,9.1,48.3,16.0,9.1,319.2,96.1,19.6,41.8,21.2,168.5,63.5,443.5,2.2,5.5,1.7,204.8,2.2,84.9,7.2,127.5,186.9,0.9,288.5,145.9,4.1,282.0,28.2,120.4,3193.1000000000004,2020,5,31,6,2,6386.200000000001,-3.415003024803376,7069.171428571429,6664.65
Hyderabad,2020-06-01,5.6314,28.46,70.01,1.23,241.33120264978788,2466.919523359967,0.18384629539216754,2.8114872508835966,2329,2020-06-01,178.2,1.6,24.2,94.1,3.9,72.7,4.5,74.6,9.2,54.9,15.9,9.1,325.4,109.4,22.7,41.3,20.3,164.5,68.3,388.3,2.5,5.2,1.5,200.7,2.2,80.3,7.7,134.9,197.4,1.2,303.3,138.5,4.4,331.0,29.4,123.1,3246.4,2020,6,1,0,2,6492.8,1.669224264821012,6928.785714285716,6681.33
Hyderabad,2020-06-02,6.2062,26.02,75.77,2.05,310.66454541812976,3176.1546364767623,0.2262529446429115,4.039883290228578,2330,2020-06-02,172.0,2.0,24.8,99.6,4.0,73.7,4.6,81.1,9.2,57.9,17.8,8.2,314.4,119.1,24.3,42.7,23.6,155.9,65.6,374.1,2.4,5.0,1.6,184.4,2.2,75.6,7.7,141.5,201.2,1.3,305.1,140.2,4.4,348.7,33.2,130.9,3255.8,2020,6,2,1,2,6515.799999999999,0.3542385411532622,6781.5,6701.130000000001
Hyderabad,2020-06-03,5.6119,27.05,75.31,3.05,313.6845465959038,3207.1259654874643,0.23081798780294885,4.1373462709369155,2331,2020-06-03,175.3,2.0,23.2,106.7,4.1,76.8,2.8,85.7,7.1,59.6,17.4,7.7,301.9,127.1,24.6,43.3,26.6,144.6,65.6,288.2,2.6,5.2,1.4,182.9,2.3,77.0,7.7,140.0,203.8,1.3,311.9,139.7,4.4,365.4,35.3,138.6,3205.5,2020,6,3,2,2,6415.300000000001,-1.542404616470705,6639.314285714287,6714.986666666667
Hyderabad,2020-06-04,5.7355,28.92,63.84,4.86,348.81831807760136,3567.7541219780264,0.2645036245518558,4.582115335423527,2332,2020-06-04,174.3,2.0,23.9,100.7,4.1,76.4,4.1,85.1,8.9,59.5,17.7,8.4,298.3,126.0,24.9,44.4,25.0,166.4,66.3,283.6,2.4,5.1,1.7,143.2,2.3,79.6,7.7,146.5,201.2,1.4,319.5,142.8,4.4,342.0,35.1,148.8,3179.4,2020,6,4,3,2,6363.1,-0.8136797967359444,6536.5,6723.79
Hyderabad,2020-06-05,6.7193,29.92,57.46,3.53,324.3144980561957,3316.573958372721,0.24530647431597363,4.187136047529455,2333,2020-06-05,181.6,1.9,26.0,74.0,3.9,74.9,4.9,81.0,10.0,61.1,17.4,8.8,288.9,121.4,25.3,42.8,24.7,177.3,66.4,335.2,2.5,5.3,1.7,149.8,2.2,84.5,7.6,151.0,198.0,1.4,321.4,149.2,3.2,284.9,32.9,141.3,3164.4,2020,6,5,4,2,6328.799999999999,-0.5390454338294437,6444.857142857143,6731.493333333333
Hyderabad,2020-06-06,6.9053,30.06,51.0,4.5,273.06653265259115,2792.8550195045905,0.20928817963404567,3.4253800892322954,2334,2020-06-06,186.6,1.7,24.2,85.3,3.9,76.5,5.1,80.2,10.0,62.3,12.4,8.4,279.5,129.4,24.7,35.0,26.5,175.2,64.2,357.0,2.4,4.5,1.7,162.3,2.1,93.9,7.6,143.4,206.1,1.4,299.3,153.9,4.3,324.9,34.2,157.4,3247.5000000000005,2020,6,6,5,2,6495.000000000001,2.626090254076629,6428.142857142857,6743.356666666668
Patna,2020-05-15,6.235,34.33,39.72,2.04,281.8991603902216,2879.8562655433675,0.21432107508880857,2.9989196322598706,2312,2020-05-15,181.9,2.0,22.2,100.6,3.4,79.4,4.2,72.0,7.5,49.7,13.9,10.0,306.3,120.4,21.9,43.2,23.2,209.5,71.9,405.5,2.3,5.1,1.6,202.9,2.1,81.2,8.5,121.2,219.7,1.2,303.5,156.8,3.9,339.7,30.1,145.2,3368.9,2020,5,15,4,2,6742.599999999999,1.589549652709743,6476.0,6003.933333333334
Patna,2020-05-16,6.6526,34.73,34.56,3.08,293.8778807796024,3002.1393577453105,0.21217020889626623,3.175236474799966,2313,2020-05-16,185.5,1.9,22.1,101.9,3.5,76.5,4.3,73.3,7.6,53.0,16.2,8.9,306.5,128.5,22.4,43.8,25.9,204.1,71.2,405.1,2.2,5.1,1.5,205.5,2.4,81.3,8.5,129.8,225.2,0.9,296.5,152.8,3.9,350.6,30.5,151.7,3405.6,2020,5,16,5,2,6816.200000000001,1.09156705128588,6511.099999999999,6033.223333333333
Patna,2020-05-17,7.2641,34.48,29.19,2.44,312.96183204783614,3200.565600194744,0.23886852248987903,3.7662443065004467,2314,2020-05-17,177.6,1.9,21.5,101.6,3.4,75.7,3.8,75.7,7.3,51.4,16.3,9.1,299.7,128.2,20.6,43.0,26.3,192.5,63.7,404.9,2.4,4.8,1.5,204.5,2.2,81.3,8.5,135.7,220.8,0.9,277.3,144.2,3.9,361.1,28.0,149.0,3344.7,2020,5,17,6,2,6695.0,-1.77811683929463,6590.5142857142855,6057.35
Patna,2020-05-18,6.6048,33.74,37.22,2.08,222.99702127311505,2278.668814254924,0.15902588630644315,2.463815608425709,2315,2020-05-18,174.1,1.9,27.6,105.9,3.8,76.3,4.2,78.7,7.4,52.9,14.9,10.3,303.5,135.5,22.4,43.3,26.9,169.2,63.3,418.3,2.6,5.0,1.5,205.3,2.1,83.4,8.5,142.3,225.6,1.3,270.5,149.5,3.9,367.1,30.6,157.7,3391.9,2020,5,18,0,2,6789.2,1.40702016430172,6685.128571428571,6089.726666666667
Patna,2020-05-19,5.7686,34.08,39.24,1.8,267.4625583268417,2732.640628746392,0.19740737122800353,3.1133584237305145,2316,2020-05-19,164.7,1.9,30.9,102.2,3.9,76.2,4.4,81.3,7.9,52.7,14.8,10.5,307.0,134.0,23.6,44.2,26.5,174.0,65.6,420.9,2.6,5.2,1.7,208.3,2.1,74.2,8.5,143.6,231.8,1.2,274.7,151.3,3.9,370.6,31.7,148.2,3401.3,2020,5,19,1,2,6808.099999999999,0.2783833146762227,6730.228571428571,6125.856666666668
Patna,2020-05-20,3.7793,31.95,47.73,3.92,314.0457938884043,3215.0632596869136,0.24007292401894353,4.604665450162271,2317,2020-05-20,175.5,2.0,28.4,93.3,4.0,74.8,4.4,82.3,8.1,47.3,15.0,10.6,308.6,139.8,23.8,45.3,19.3,188.0,70.1,426.2,2.4,5.0,1.6,203.8,2.2,57.4,8.5,145.4,230.0,1.2,296.7,159.8,3.9,383.2,32.9,75.1,3371.2000000000003,2020,5,20,2,2,6747.1,-0.8959915394897044,6747.9,6159.816666666667
Patna,2020-05-21,4.8178,31.04,48.1,1.83,484.46085482791665,4956.921158773319,0.37877404931821124,6.39677026960725,2318,2020-05-21,186.9,2.1,20.2,81.6,4.2,78.0,4.5,84.8,8.2,47.3,16.6,10.6,316.6,142.4,24.3,43.4,17.4,196.5,71.2,434.5,2.8,4.4,1.5,207.2,2.3,70.0,8.5,160.4,233.5,1.1,302.2,166.9,3.9,382.7,33.7,51.5,3419.3,2020,5,21,3,2,6843.2,1.4243156319011074,6777.342857142857,6201.990000000001
Patna,2020-05-22,7.6003,33.38,37.15,2.42,309.5809210920232,3166.017998627707,0.23995086973168883,3.8626216955439454,2319,2020-05-22,192.3,2.0,21.7,92.5,4.5,79.2,4.5,91.7,8.6,52.5,16.3,10.3,317.1,154.5,24.8,44.9,23.5,201.3,72.4,442.1,2.4,4.7,1.7,209.3,2.3,77.2,8.5,168.2,237.2,1.3,306.5,173.3,3.9,402.6,35.2,78.3,3565.1,2020,5,22,4,2,7134.4,4.255319148936176,6833.314285714286,6246.483333333334
Patna,2020-05-23,5.7173,33.98,41.51,2.51,380.9419243993407,3896.9444239727577,0.2933331639016568,4.962811838029397,2320,2020-05-23,195.9,1.5,23.6,98.6,4.6,79.4,4.6,95.2,8.1,54.7,16.5,10.7,315.2,158.0,24.1,41.2,27.3,201.2,74.0,443.5,2.5,5.1,1.4,216.6,2.1,84.5,8.5,171.0,244.1,1.3,311.9,168.1,3.9,417.5,36.1,102.9,3651.1,2020,5,23,5,2,7306.5,2.4122561112357,6903.357142857143,6295.37
Patna,2020-05-24,5.8085,36.75,29.01,2.48,331.3531300728466,3390.319078053461,0.2597622941068829,4.231194467057071,2321,2020-05-24,194.0,1.6,22.9,109.2,4.5,83.8,4.1,98.0,8.7,55.0,17.3,10.0,312.2,154.3,22.4,46.2,27.7,192.6,69.7,447.4,2.4,4.6,1.6,216.2,2.1,85.0,7.6,168.3,245.8,0.9,302.2,172.3,4.3,426.9,34.6,118.4,3674.8,2020,5,24,6,2,7349.6,0.589885718196137,6996.871428571429,6345.823333333334
Patna,2020-05-25,6.4865,38.2,21.18,2.73,374.5515346174102,3834.449084009233,0.29073825950854004,5.1105555840430945,2322,2020-05-25,191.6,1.5,20.0,105.8,5.0,85.8,4.4,101.5,9.0,55.3,17.3,10.6,319.8,162.7,24.5,47.4,28.3,200.9,75.9,457.9,2.4,4.3,1.7,220.3,2.1,85.8,7.6,175.9,249.6,1.1,306.3,177.1,4.3,426.5,36.1,113.4,3735.8,2020,5,25,0,2,7475.500000000001,1.7130183955589515,7094.914285714285,6401.906666666667
Patna,2020-05-26,7.0507,38.66,19.44,3.1,332.76243708534076,3403.815119968726,0.25744746328390405,4.12586275347288,2323,2020-05-26,193.5,1.3,15.7,108.9,5.4,87.1,4.7,106.9,9.3,56.7,17.5,10.9,323.1,167.8,25.4,44.4,27.9,187.3,77.4,462.7,1.8,3.7,1.3,218.0,1.6,86.7,7.6,184.3,253.8,1.2,318.9,176.3,4.3,425.3,36.3,120.2,3771.6,2020,5,26,1,2,7546.800000000001,0.9537823556952764,7200.442857142857,6470.550000000001
Patna,2020-05-27,6.1814,38.04,26.18,2.84,285.4326782238401,2916.9235397521443,0.2201191109291045,3.1892448036591685,2324,2020-05-27,194.8,1.4,17.8,79.3,5.5,86.7,4.8,110.4,9.2,53.8,17.3,10.8,321.1,168.2,25.6,41.3,24.4,187.0,77.7,460.7,1.8,4.2,1.6,218.3,1.8,88.2,8.2,182.7,260.7,1.2,324.6,176.9,1.9,395.3,35.5,104.6,3705.2999999999993,2020,5,27,2,2,7410.5999999999985,-1.804738432183206,7295.228571428571,6534.8966666666665
Patna,2020-05-28,6.613,33.17,51.62,4.96,370.26235136925806,3788.58341870952,0.2892487116306813,4.893855943973852,2325,2020-05-28,195.4,1.6,23.4,79.0,5.0,90.0,4.6,105.6,9.4,51.7,16.8,10.7,321.5,139.3,24.2,43.3,22.2,192.1,74.3,457.3,2.2,4.8,1.3,210.9,2.1,79.3,7.8,150.3,249.4,1.3,307.0,180.5,3.2,350.0,34.1,89.8,3541.4000000000005,2020,5,28,3,2,7082.800000000001,-4.42339351739397,7329.457142857143,6582.003333333333
Patna,2020-05-29,6.2935,33.43,47.23,3.54,478.5977366602617,4896.060546520335,0.3660857445467344,5.9730673078322445,2326,2020-05-29,193.3,1.9,24.0,95.5,4.3,82.5,4.8,88.4,8.9,53.7,17.4,10.9,323.9,109.0,24.7,44.1,23.4,192.8,69.8,462.6,2.5,5.2,1.4,203.7,2.1,73.6,7.8,134.0,250.1,1.2,298.8,182.4,3.2,337.1,33.8,113.9,3483.6000000000004,2020,5,29,4,2,6970.300000000001,-1.5883548878974365,7306.014285714286,6623.58
Patna,2020-05-30,6.101,34.48,44.16,3.14,301.15681564388825,3078.7466348776184,0.2278651475883544,3.790631005788724,2327,2020-05-30,186.4,1.9,25.6,91.0,3.4,74.6,4.8,73.3,9.3,53.2,17.6,10.6,326.5,96.1,19.6,41.8,24.9,183.5,70.5,461.2,2.5,5.4,1.7,206.0,2.0,75.1,8.0,127.5,186.9,1.2,306.6,164.0,3.6,282.0,28.2,129.5,3306.0,2020,5,30,5,2,6612.0,-5.140381332223876,7206.800000000001,6646.9766666666665
Patna,2020-05-31,5.857,33.17,50.12,2.0,249.73370133051708,2553.9185660072176,0.1841215946829328,2.8606834218397292,2328,2020-05-31,184.1,2.0,25.1,78.0,3.4,74.0,4.4,73.3,9.1,48.3,16.0,9.1,319.2,96.1,19.6,41.8,21.2,168.5,63.5,443.5,2.2,5.5,1.7,204.8,2.2,84.9,7.2,127.5,186.9,0.9,288.5,145.9,4.1,282.0,28.2,120.4,3193.1000000000004,2020,5,31,6,2,6386.200000000001,-3.415003024803376,7069.171428571429,6664.65
Patna,2020-06-01,5.7624,33.98,44.82,2.47,241.33120264978788,2466.919523359967,0.18384629539216754,2.8114872508835966,2329,2020-06-01,178.2,1.6,24.2,94.1,3.9,72.7,4.5,74.6,9.2,54.9,15.9,9.1,325.4,109.4,22.7,41.3,20.3,164.5,68.3,388.3,2.5,5.2,1.5,200.7,2.2,80.3,7.7,134.9,197.4,1.2,303.3,138.5,4.4,331.0,29.4,123.1,3246.4,2020,6,1,0,2,6492.8,1.669224264821012,6928.785714285716,6681.33
Patna,2020-06-02,5.1468,33.18,40.31,2.31,310.66454541812976,3176.1546364767623,0.2262529446429115,4.039883290228578,2330,2020-06-02,172.0,2.0,24.8,99.6,4.0,73.7,4.6,81.1,9.2,57.9,17.8,8.2,314.4,119.1,24.3,42.7,23.6,155.9,65.6,374.1,2.4,5.0,1.6,184.4,2.2,75.6,7.7,141.5,201.2,1.3,305.1,140.2,4.4,348.7,33.2,130.9,3255.8,2020,6,2,1,2,6515.799999999999,0.3542385411532622,6781.5,6701.130000000001
Patna,2020-06-03,4.0054,32.76,44.12,2.44,313.6845465959038,3207.1259654874643,0.23081798780294885,4.1373462709369155,2331,2020-06-03,175.3,2.0,23.2,106.7,4.1,76.8,2.8,85.7,7.1,59.6,17.4,7.7,301.9,127.1,24.6,43.3,26.6,144.6,65.6,288.2,2.6,5.2,1.4,182.9,2.3,77.0,7.7,140.0,203.8,1.3,311.9,139.7,4.4,365.4,35.3,138.6,3205.5,2020,6,3,2,2,6415.300000000001,-1.542404616470705,6639.314285714287,6714.986666666667
Patna,2020-06-04,2.4274,32.06,43.59,2.57,348.81831807760136,3567.7541219780264,0.2645036245518558,4.582115335423527,2332,2020-06-04,174.3,2.0,23.9,100.7,4.1,76.4,4.1,85.1,8.9,59.5,17.7,8.4,298.3,126.0,24.9,44.4,25.0,166.4,66.3,283.6,2.4,5.1,1.7,143.2,2.3,79.6,7.7,146.5,201.2,1.4,319.5,142.8,4.4,342.0,35.1,148.8,3179.4,2020,6,4,3,2,6363.1,-0.8136797967359444,6536.5,6723.79
Patna,2020-06-05,3.336,30.73,66.63,2.97,324.3144980561957,3316.573958372721,0.24530647431597363,4.187136047529455,2333,2020-06-05,181.6,1.9,26.0,74.0,3.9,74.9,4.9,81.0,10.0,61.1,17.4,8.8,288.9,121.4,25.3,42.8,24.7,177.3,66.4,335.2,2.5,5.3,1.7,149.8,2.2,84.5,7.6,151.0,198.0,1.4,321.4,149.2,3.2,284.9,32.9,141.3,3164.4,2020,6,5,4,2,6328.799999999999,-0.5390454338294437,6444.857142857143,6731.493333333333
Patna,2020-06-06,5.0225,30.71,57.83,3.81,273.06653265259115,2792.8550195045905,0.20928817963404567,3.4253800892322954,2334,2020-06-06,186.6,1.7,24.2,85.3,3.9,76.5,5.1,80.2,10.0,62.3,12.4,8.4,279.5,129.4,24.7,35.0,26.5,175.2,64.2,357.0,2.4,4.5,1.7,162.3,2.1,93.9,7.6,143.4,206.1,1.4,299.3,153.9,4.3,324.9,34.2,157.4,3247.5000000000005,2020,6,6,5,2,6495.000000000001,2.626090254076629,6428.142857142857,6743.356666666668
Amaravati,2020-05-15,7.086,33.91,52.69,2.99,281.8991603902216,2879.8562655433675,0.21432107508880857,2.9989196322598706,2312,2020-05-15,181.9,2.0,22.2,100.6,3.4,79.4,4.2,72.0,7.5,49.7,13.9,10.0,306.3,120.4,21.9,43.2,23.2,209.5,71.9,405.5,2.3,5.1,1.6,202.9,2.1,81.2,8.5,121.2,219.7,1.2,303.5,156.8,3.9,339.7,30.1,145.2,3368.9,2020,5,15,4,2,6742.599999999999,1.589549652709743,6476.0,6003.933333333334
Amaravati,2020-05-16,6.1454,34.37,52.3,2.75,293.8778807796024,3002.1393577453105,0.21217020889626623,3.175236474799966,2313,2020-05-16,185.5,1.9,22.1,101.9,3.5,76.5,4.3,73.3,7.6,53.0,16.2,8.9,306.5,128.5,22.4,43.8,25.9,204.1,71.2,405.1,2.2,5.1,1.5,205.5,2.4,81.3,8.5,129.8,225.2,0.9,296.5,152.8,3.9,350.6,30.5,151.7,3405.6,2020,5,16,5,2,6816.200000000001,1.09156705128588,6511.099999999999,6033.223333333333
Amaravati,2020-05-17,6.0038,34.93,46.14,2.71,312.96183204783614,3200.565600194744,0.23886852248987903,3.7662443065004467,2314,2020-05-17,177.6,1.9,21.5,101.6,3.4,75.7,3.8,75.7,7.3,51.4,16.3,9.1,299.7,128.2,20.6,43.0,26.3,192.5,63.7,404.9,2.4,4.8,1.5,204.5,2.2,81.3,8.5,135.7,220.8,0.9,277.3,144.2,3.9,361.1,28.0,149.0,3344.7,2020,5,17,6,2,6695.0,-1.77811683929463,6590.5142857142855,6057.35
Amaravati,2020-05-18,5.2692,35.11,41.03,2.54,222.99702127311505,2278.668814254924,0.15902588630644315,2.463815608425709,2315,2020-05-18,174.1,1.9,27.6,105.9,3.8,76.3,4.2,78.7,7.4,52.9,14.9,10.3,303.5,135.5,22.4,43.3,26.9,169.2,63.3,418.3,2.6,5.0,1.5,205.3,2.1,83.4,8.5,142.3,225.6,1.3,270.5,149.5,3.9,367.1,30.6,157.7,3391.9,2020,5,18,0,2,6789.2,1.40702016430172,6685.128571428571,6089.726666666667
Amaravati,2020-05-19,4.9584,35.96,38.18,3.18,267.4625583268417,2732.640628746392,0.19740737122800353,3.1133584237305145,2316,2020-05-19,164.7,1.9,30.9,102.2,3.9,76.2,4.4,81.3,7.9,52.7,14.8,10.5,307.0,134.0,23.6,44.2,26.5,174.0,65.6,420.9,2.6,5.2,1.7,208.3,2.1,74.2,8.5,143.6,231.8,1.2,274.7,151.3,3.9,370.6,31.7,148.2,3401.3,2020,5,19,1,2,6808.099999999999,0.2783833146762227,6730.228571428571,6125.856666666668
Amaravati,2020-05-20,5.7305,36.91,24.69,2.56,314.0457938884043,3215.0632596869136,0.24007292401894353,4.604665450162271,2317,2020-05-20,175.5,2.0,28.4,93.3,4.0,74.8,4.4,82.3,8.1,47.3,15.0,10.6,308.6,139.8,23.8,45.3,19.3,188.0,70.1,426.2,2.4,5.0,1.6,203.8,2.2,57.4,8.5,145.4,230.0,1.2,296.7,159.8,3.9,383.2,32.9,75.1,3371.2000000000003,2020,5,20,2,2,6747.1,-0.8959915394897044,6747.9,6159.816666666667
Amaravati,2020-05-21,7.0286,36.36,34.52,1.27,484.46085482791665,4956.921158773319,0.37877404931821124,6.39677026960725,2318,2020-05-21,186.9,2.1,20.2,81.6,4.2,78.0,4.5,84.8,8.2,47.3,16.6,10.6,316.6,142.4,24.3,43.4,17.4,196.5,71.2,434.5,2.8,4.4,1.5,207.2,2.3,70.0,8.5,160.4,233.5,1.1,302.2,166.9,3.9,382.7,33.7,51.5,3419.3,2020,5,21,3,2,6843.2,1.4243156319011074,6777.342857142857,6201.990000000001
Amaravati,2020-05-22,7.217,36.01,46.31,2.42,309.5809210920232,3166.017998627707,0.23995086973168883,3.8626216955439454,2319,2020-05-22,192.3,2.0,21.7,92.5,4.5,79.2,4.5,91.7,8.6,52.5,16.3,10.3,317.1,154.5,24.8,44.9,23.5,201.3,72.4,442.1,2.4,4.7,1.7,209.3,2.3,77.2,8.5,168.2,237.2,1.3,306.5,173.3,3.9,402.6,35.2,78.3,3565.1,2020,5,22,4,2,7134.4,4.255319148936176,6833.314285714286,6246.483333333334
Amaravati,2020-05-23,6.8726,34.18,57.61,3.09,380.9419243993407,3896.9444239727577,0.2933331639016568,4.962811838029397,2320,2020-05-23,195.9,1.5,23.6,98.6,4.6,79.4,4.6,95.2,8.1,54.7,16.5,10.7,315.2,158.0,24.1,41.2,27.3,201.2,74.0,443.5,2.5,5.1,1.4,216.6,2.1,84.5,8.5,171.0,244.1,1.3,311.9,168.1,3.9,417.5,36.1,102.9,3651.1,2020,5,23,5,2,7306.5,2.4122561112357,6903.357142857143,6295.37
Amaravati,2020-05-24,6.6187,34.15,57.96,3.3,331.3531300728466,3390.319078053461,0.2597622941068829,4.231194467057071,2321,2020-05-24,194.0,1.6,22.9,109.2,4.5,83.8,4.1,98.0,8.7,55.0,17.3,10.0,312.2,154.3,22.4,46.2,27.7,192.6,69.7,447.4,2.4,4.6,1.6,216.2,2.1,85.0,7.6,168.3,245.8,0.9,302.2,172.3,4.3,426.9,34.6,118.4,3674.8,2020,5,24,6,2,7349.6,0.589885718196137,6996.871428571429,6345.823333333334
Amaravati,2020-05-25,5.7895,33.81,59.12,4.04,374.5515346174102,3834.449084009233,0.29073825950854004,5.1105555840430945,2322,2020-05-25,191.6,1.5,20.0,105.8,5.0,85.8,4.4,101.5,9.0,55.3,17.3,10.6,319.8,162.7,24.5,47.4,28.3,200.9,75.9,457.9,2.4,4.3,1.7,220.3,2.1,85.8,7.6,175.9,249.6,1.1,306.3,177.1,4.3,426.5,36.1,113.4,3735.8,2020,5,25,0,2,7475.500000000001,1.7130183955589515,7094.914285714285,6401.906666666667
Amaravati,2020-05-26,5.9292,34.02,57.1,3.98,332.76243708534076,3403.815119968726,0.25744746328390405,4.12586275347288,2323,2020-05-26,193.5,1.3,15.7,108.9,5.4,87.1,4.7,106.9,9.3,56.7,17.5,10.9,323.1,167.8,25.4,44.4,27.9,187.3,77.4,462.7,1.8,3.7,1.3,218.0,1.6,86.7,7.6,184.3,253.8,1.2,318.9,176.3,4.3,425.3,36.3,120.2,3771.6,2020,5,26,1,2,7546.800000000001,0.9537823556952764,7200.442857142857,6470.550000000001
Amaravati,2020-05-27,6.1939,33.51,61.68,3.86,285.4326782238401,2916.9235397521443,0.2201191109291045,3.1892448036591685,2324,2020-05-27,194.8,1.4,17.8,79.3,5.5,86.7,4.8,110.4,9.2,53.8,17.3,10.8,321.1,168.2,25.6,41.3,24.4,187.0,77.7,460.7,1.8,4.2,1.6,218.3,1.8,88.2,8.2,182.7,260.7,1.2,324.6,176.9,1.9,395.3,35.5,104.6,3705.2999999999993,2020,5,27,2,2,7410.5999999999985,-1.804738432183206,7295.228571428571,6534.8966666666665
Amaravati,2020-05-28,6.1663,35.1,56.75,4.03,370.26235136925806,3788.58341870952,0.2892487116306813,4.893855943973852,2325,2020-05-28,195.4,1.6,23.4,79.0,5.0,90.0,4.6,105.6,9.4,51.7,16.8,10.7,321.5,139.3,24.2,43.3,22.2,192.1,74.3,457.3,2.2,4.8,1.3,210.9,2.1,79.3,7.8,150.3,249.4,1.3,307.0,180.5,3.2,350.0,34.1,89.8,3541.4000000000005,2020,5,28,3,2,7082.800000000001,-4.42339351739397,7329.457142857143,6582.003333333333
Amaravati,2020-05-29,6.5623,36.55,47.84,4.42,478.5977366602617,4896.060546520335,0.3660857445467344,5.9730673078322445,2326,2020-05-29,193.3,1.9,24.0,95.5,4.3,82.5,4.8,88.4,8.9,53.7,17.4,10.9,323.9,109.0,24.7,44.1,23.4,192.8,69.8,462.6,2.5,5.2,1.4,203.7,2.1,73.6,7.8,134.0,250.1,1.2,298.8,182.4,3.2,337.1,33.8,113.9,3483.6000000000004,2020,5,29,4,2,6970.300000000001,-1.5883548878974365,7306.014285714286,6623.58
Amaravati,2020-05-30,5.2642,35.3,50.96,3.08,301.15681564388825,3078.7466348776184,0.2278651475883544,3.790631005788724,2327,2020-05-30,186.4,1.9,25.6,91.0,3.4,74.6,4.8,73.3,9.3,53.2,17.6,10.6,326.5,96.1,19.6,41.8,24.9,183.5,70.5,461.2,2.5,5.4,1.7,206.0,2.0,75.1,8.0,127.5,186.9,1.2,306.6,164.0,3.6,282.0,28.2,129.5,3306.0,2020,5,30,5,2,6612.0,-5.140381332223876,7206.800000000001,6646.9766666666665
Amaravati,2020-05-31,6.1961,32.59,63.57,3.37,249.73370133051708,2553.9185660072176,0.1841215946829328,2.8606834218397292,2328,2020-05-31,184.1,2.0,25.1,78.0,3.4,74.0,4.4,73.3,9.1,48.3,16.0,9.1,319.2,96.1,19.6,41.8,21.2,168.5,63.5,443.5,2.2,5.5,1.7,204.8,2.2,84.9,7.2,127.5,186.9,0.9,288.5,145.9,4.1,282.0,28.2,120.4,3193.1000000000004,2020,5,31,6,2,6386.200000000001,-3.415003024803376,7069.171428571429,6664.65
Amaravati,2020-06-01,5.4607,31.84,64.43,1.5,241.33120264978788,2466.919523359967,0.18384629539216754,2.8114872508835966,2329,2020-06-01,178.2,1.6,24.2,94.1,3.9,72.7,4.5,74.6,9.2,54.9,15.9,9.1,325.4,109.4,22.7,41.3,20.3,164.5,68.3,388.3,2.5,5.2,1.5,200.7,2.2,80.3,7.7,134.9,197.4,1.2,303.3,138.5,4.4,331.0,29.4,123.1,3246.4,2020,6,1,0,2,6492.8,1.669224264821012,6928.785714285716,6681.33
Amaravati,2020-06-02,5.6297,31.88,62.57,2.11,310.66454541812976,3176.1546364767623,0.2262529446429115,4.039883290228578,2330,2020-06-02,172.0,2.0,24.8,99.6,4.0,73.7,4.6,81.1,9.2,57.9,17.8,8.2,314.4,119.1,24.3,42.7,23.6,155.9,65.6,374.1,2.4,5.0,1.6,184.4,2.2,75.6,7.7,141.5,201.2,1.3,305.1,140.2,4.4,348.7,33.2,130.9,3255.8,2020,6,2,1,2,6515.799999999999,0.3542385411532622,6781.5,6701.130000000001
Amaravati,2020-06-03,5.773,30.61,69.52,2.52,313.6845465959038,3207.1259654874643,0.23081798780294885,4.1373462709369155,2331,2020-06-03,175.3,2.0,23.2,106.7,4.1,76.8,2.8,85.7,7.1,59.6,17.4,7.7,301.9,127.1,24.6,43.3,26.6,144.6,65.6,288.2,2.6,5.2,1.4,182.9,2.3,77.0,7.7,140.0,203.8,1.3,311.9,139.7,4.4,365.4,35.3,138.6,3205.5,2020,6,3,2,2,6415.300000000001,-1.542404616470705,6639.314285714287,6714.986666666667
Amaravati,2020-06-04,5.0712,31.13,64.42,4.02,348.81831807760136,3567.7541219780264,0.2645036245518558,4.582115335423527,2332,2020-06-04,174.3,2.0,23.9,100.7,4.1,76.4,4.1,85.1,8.9,59.5,17.7,8.4,298.3,126.0,24.9,44.4,25.0,166.4,66.3,283.6,2.4,5.1,1.7,143.2,2.3,79.6,7.7,146.5,201.2,1.4,319.5,142.8,4.4,342.0,35.1,148.8,3179.4,2020,6,4,3,2,6363.1,-0.8136797967359444,6536.5,6723.79
Amaravati,2020-06-05,5.8565,32.19,59.6,3.01,324.3144980561957,3316.573958372721,0.24530647431597363,4.187136047529455,2333,2020-06-05,181.6,1.9,26.0,74.0,3.9,74.9,4.9,81.0,10.0,61.1,17.4,8.8,288.9,121.4,25.3,42.8,24.7,177.3,66.4,335.2,2.5,5.3,1.7,149.8,2.2,84.5,7.6,151.0,198.0,1.4,321.4,149.2,3.2,284.9,32.9,141.3,3164.4,2020,6,5,4,2,6328.799999999999,-0.5390454338294437,6444.857142857143,6731.493333333333
Amaravati,2020-06-06,6.1954,34.18,49.72,3.79,273.06653265259115,2792.8550195045905,0.20928817963404567,3.4253800892322954,2334,2020-06-06,186.6,1.7,24.2,85.3,3.9,76.5,5.1,80.2,10.0,62.3,12.4,8.4,279.5,129.4,24.7,35.0,26.5,175.2,64.2,357.0,2.4,4.5,1.7,162.3,2.1,93.9,7.6,143.4,206.1,1.4,299.3,153.9,4.3,324.9,34.2,157.4,3247.5000000000005,2020,6,6,5,2,6495.000000000001,2.626090254076629,6428.142857142857,6743.356666666668
Itanagar,2020-05-15,4.1074,25.18,75.69,0.64,281.8991603902216,2879.8562655433675,0.21432107508880857,2.9989196322598706,2312,2020-05-15,181.9,2.0,22.2,100.6,3.4,79.4,4.2,72.0,7.5,49.7,13.9,10.0,306.3,120.4,21.9,43.2,23.2,209.5,71.9,405.5,2.3,5.1,1.6,202.9,2.1,81.2,8.5,121.2,219.7,1.2,303.5,156.8,3.9,339.7,30.1,145.2,3368.9,2020,5,15,4,2,6742.599999999999,1.589549652709743,6476.0,6003.933333333334
Itanagar,2020-05-16,2.814,25.34,79.63,0.81,293.8778807796024,3002.1393577453105,0.21217020889626623,3.175236474799966,2313,2020-05-16,185.5,1.9,22.1,101.9,3.5,76.5,4.3,73.3,7.6,53.0,16.2,8.9,306.5,128.5,22.4,43.8,25.9,204.1,71.2,405.1,2.2,5.1,1.5,205.5,2.4,81.3,8.5,129.8,225.2,0.9,296.5,152.8,3.9,350.6,30.5,151.7,3405.6,2020,5,16,5,2,6816.200000000001,1.09156705128588,6511.099999999999,6033.223333333333
Itanagar,2020-05-17,4.5106,26.45,69.51,0.78,312.96183204783614,3200.565600194744,0.23886852248987903,3.7662443065004467,2314,2020-05-17,177.6,1.9,21.5,101.6,3.4,75.7,3.8,75.7,7.3,51.4,16.3,9.1,299.7,128.2,20.6,43.0,26.3,192.5,63.7,404.9,2.4,4.8,1.5,204.5,2.2,81.3,8.5,135.7,220.8,0.9,277.3,144.2,3.9,361.1,28.0,149.0,3344.7,2020,5,17,6,2,6695.0,-1.77811683929463,6590.5142857142855,6057.35
Itanagar,2020-05-18,3.005,27.23,70.33,0.7,222.99702127311505,2278.668814254924,0.15902588630644315,2.463815608425709,2315,2020-05-18,174.1,1.9,27.6,105.9,3.8,76.3,4.2,78.7,7.4,52.9,14.9,10.3,303.5,135.5,22.4,43.3,26.9,169.2,63.3,418.3,2.6,5.0,1.5,205.3,2.1,83.4,8.5,142.3,225.6,1.3,270.5,149.5,3.9,367.1,30.6,157.7,3391.9,2020,5,18,0,2,6789.2,1.40702016430172,6685.128571428571,6089.726666666667
Itanagar,2020-05-19,3.5467,27.64,70.44,0.88,267.4625583268417,2732.640628746392,0.19740737122800353,3.1133584237305145,2316,2020-05-19,164.7,1.9,30.9,102.2,3.9,76.2,4.4,81.3,7.9,52.7,14.8,10.5,307.0,134.0,23.6,44.2,26.5,174.0,65.6,420.9,2.6,5.2,1.7,208.3,2.1,74.2,8.5,143.6,231.8,1.2,274.7,151.3,3.9,370.6,31.7,148.2,3401.3,2020,5,19,1,2,6808.099999999999,0.2783833146762227,6730.228571428571,6125.856666666668
Itanagar,2020-05-20,2.029,25.09,79.38,1.18,314.0457938884043,3215.0632596869136,0.24007292401894353,4.604665450162271,2317,2020-05-20,175.5,2.0,28.4,93.3,4.0,74.8,4.4,82.3,8.1,47.3,15.0,10.6,308.6,139.8,23.8,45.3,19.3,188.0,70.1,426.2,2.4,5.0,1.6,203.8,2.2,57.4,8.5,145.4,230.0,1.2,296.7,159.8,3.9,383.2,32.9,75.1,3371.2000000000003,2020,5,20,2,2,6747.1,-0.8959915394897044,6747.9,6159.816666666667
Itanagar,2020-05-21,1.5569,25.48,83.07,1.94,484.46085482791665,4956.921158773319,0.37877404931821124,6.39677026960725,2318,2020-05-21,186.9,2.1,20.2,81.6,4.2,78.0,4.5,84.8,8.2,47.3,16.6,10.6,316.6,142.4,24.3,43.4,17.4,196.5,71.2,434.5,2.8,4.4,1.5,207.2,2.3,70.0,8.5,160.4,233.5,1.1,302.2,166.9,3.9,382.7,33.7,51.5,3419.3,2020,5,21,3,2,6843.2,1.4243156319011074,6777.342857142857,6201.990000000001
Itanagar,2020-05-22,2.0858,26.98,75.8,0.88,309.5809210920232,3166.017998627707,0.23995086973168883,3.8626216955439454,2319,2020-05-22,192.3,2.0,21.7,92.5,4.5,79.2,4.5,91.7,8.6,52.5,16.3,10.3,317.1,154.5,24.8,44.9,23.5,201.3,72.4,442.1,2.4,4.7,1.7,209.3,2.3,77.2,8.5,168.2,237.2,1.3,306.5,173.3,3.9,402.6,35.2,78.3,3565.1,2020,5,22,4,2,7134.4,4.255319148936176,6833.314285714286,6246.483333333334
Itanagar,2020-05-23,1.8096,26.46,83.35,0.92,380.9419243993407,3896.9444239727577,0.2933331639016568,4.962811838029397,2320,2020-05-23,195.9,1.5,23.6,98.6,4.6,79.4,4.6,95.2,8.1,54.7,16.5,10.7,315.2,158.0,24.1,41.2,27.3,201.2,74.0,443.5,2.5,5.1,1.4,216.6,2.1,84.5,8.5,171.0,244.1,1.3,311.9,168.1,3.9,417.5,36.1,102.9,3651.1,2020,5,23,5,2,7306.5,2.4122561112357,6903.357142857143,6295.37
Itanagar,2020-05-24,1.7117,26.51,84.12,2.53,331.3531300728466,3390.319078053461,0.2597622941068829,4.231194467057071,2321,2020-05-24,194.0,1.6,22.9,109.2,4.5,83.8,4.1,98.0,8.7,55.0,17.3,10.0,312.2,154.3,22.4,46.2,27.7,192.6,69.7,447.4,2.4,4.6,1.6,216.2,2.1,85.0,7.6,168.3,245.8,0.9,302.2,172.3,4.3,426.9,34.6,118.4,3674.8,2020,5,24,6,2,7349.6,0.589885718196137,6996.871428571429,6345.823333333334
Itanagar,2020-05-25,1.921,26.32,84.68,3.2,374.5515346174102,3834.449084009233,0.29073825950854004,5.1105555840430945,2322,2020-05-25,191.6,1.5,20.0,105.8,5.0,85.8,4.4,101.5,9.0,55.3,17.3,10.6,319.8,162.7,24.5,47.4,28.3,200.9,75.9,457.9,2.4,4.3,1.7,220.3,2.1,85.8,7.6,175.9,249.6,1.1,306.3,177.1,4.3,426.5,36.1,113.4,3735.8,2020,5,25,0,2,7475.500000000001,1.7130183955589515,7094.914285714285,6401.906666666667
Itanagar,2020-05-26,1.2552,24.36,86.01,1.2,332.76243708534076,3403.815119968726,0.25744746328390405,4.12586275347288,2323,2020-05-26,193.5,1.3,15.7,108.9,5.4,87.1,4.7,106.9,9.3,56.7,17.5,10.9,323.1,167.8,25.4,44.4,27.9,187.3,77.4,462.7,1.8,3.7,1.3,218.0,1.6,86.7,7.6,184.3,253.8,1.2,318.9,176.3,4.3,425.3,36.3,120.2,3771.6,2020,5,26,1,2,7546.800000000001,0.9537823556952764,7200.442857142857,6470.550000000001
Itanagar,2020-05-27,3.0125,23.34,75.63,1.04,285.4326782238401,2916.9235397521443,0.2201191109291045,3.1892448036591685,2324,2020-05-27,194.8,1.4,17.8,79.3,5.5,86.7,4.8,110.4,9.2,53.8,17.3,10.8,321.1,168.2,25.6,41.3,24.4,187.0,77.7,460.7,1.8,4.2,1.6,218.3,1.8,88.2,8.2,182.7,260.7,1.2,324.6,176.9,1.9,395.3,35.5,104.6,3705.2999999999993,2020,5,27,2,2,7410.5999999999985,-1.804738432183206,7295.228571428571,6534.8966666666665
Itanagar,2020-05-28,6.103,25.31,70.5,0.96,370.26235136925806,3788.58341870952,0.2892487116306813,4.893855943973852,2325,2020-05-28,195.4,1.6,23.4,79.0,5.0,90.0,4.6,105.6,9.4,51.7,16.8,10.7,321.5,139.3,24.2,43.3,22.2,192.1,74.3,457.3,2.2,4.8,1.3,210.9,2.1,79.3,7.8,150.3,249.4,1.3,307.0,180.5,3.2,350.0,34.1,89.8,3541.4000000000005,2020,5,28,3,2,7082.800000000001,-4.42339351739397,7329.457142857143,6582.003333333333
Itanagar,2020-05-29,6.5335,25.93,73.5,0.78,478.5977366602617,4896.060546520335,0.3660857445467344,5.9730673078322445,2326,2020-05-29,193.3,1.9,24.0,95.5,4.3,82.5,4.8,88.4,8.9,53.7,17.4,10.9,323.9,109.0,24.7,44.1,23.4,192.8,69.8,462.6,2.5,5.2,1.4,203.7,2.1,73.6,7.8,134.0,250.1,1.2,298.8,182.4,3.2,337.1,33.8,113.9,3483.6000000000004,2020,5,29,4,2,6970.300000000001,-1.5883548878974365,7306.014285714286,6623.58
Itanagar,2020-05-30,4.7952,24.67,79.62,0.87,301.15681564388825,3078.7466348776184,0.2278651475883544,3.790631005788724,2327,2020-05-30,186.4,1.9,25.6,91.0,3.4,74.6,4.8,73.3,9.3,53.2,17.6,10.6,326.5,96.1,19.6,41.8,24.9,183.5,70.5,461.2,2.5,5.4,1.7,206.0,2.0,75.1,8.0,127.5,186.9,1.2,306.6,164.0,3.6,282.0,28.2,129.5,3306.0,2020,5,30,5,2,6612.0,-5.140381332223876,7206.800000000001,6646.9766666666665
Itanagar,2020-05-31,4.3044,24.56,77.34,0.73,249.73370133051708,2553.9185660072176,0.1841215946829328,2.8606834218397292,2328,2020-05-31,184.1,2.0,25.1,78.0,3.4,74.0,4.4,73.3,9.1,48.3,16.0,9.1,319.2,96.1,19.6,41.8,21.2,168.5,63.5,443.5,2.2,5.5,1.7,204.8,2.2,84.9,7.2,127.5,186.9,0.9,288.5,145.9,4.1,282.0,28.2,120.4,3193.1000000000004,2020,5,31,6,2,6386.200000000001,-3.415003024803376,7069.171428571429,6664.65
Itanagar,2020-06-01,2.5507,25.82,80.37,1.3,241.33120264978788,2466.919523359967,0.18384629539216754,2.8114872508835966,2329,2020-06-01,178.2,1.6,24.2,94.1,3.9,72.7,4.5,74.6,9.2,54.9,15.9,9.1,325.4,109.4,22.7,41.3,20.3,164.5,68.3,388.3,2.5,5.2,1.5,200.7,2.2,80.3,7.7,134.9,197.4,1.2,303.3,138.5,4.4,331.0,29.4,123.1,3246.4,2020,6,1,0,2,6492.8,1.669224264821012,6928.785714285716,6681.33
Itanagar,2020-06-02,3.0725,25.43,86.99,2.11,310.66454541812976,3176.1546364767623,0.2262529446429115,4.039883290228578,2330,2020-06-02,172.0,2.0,24.8,99.6,4.0,73.7,4.6,81.1,9.2,57.9,17.8,8.2,314.4,119.1,24.3,42.7,23.6,155.9,65.6,374.1,2.4,5.0,1.6,184.4,2.2,75.6,7.7,141.5,201.2,1.3,305.1,140.2,4.4,348.7,33.2,130.9,3255.8,2020,6,2,1,2,6515.799999999999,0.3542385411532622,6781.5,6701.130000000001
Itanagar,2020-06-03,1.7738,24.23,86.8,1.82,313.6845465959038,3207.1259654874643,0.23081798780294885,4.1373462709369155,2331,2020-06-03,175.3,2.0,23.2,106.7,4.1,76.8,2.8,85.7,7.1,59.6,17.4,7.7,301.9,127.1,24.6,43.3,26.6,144.6,65.6,288.2,2.6,5.2,1.4,182.9,2.3,77.0,7.7,140.0,203.8,1.3,311.9,139.7,4.4,365.4,35.3,138.6,3205.5,2020,6,3,2,2,6415.300000000001,-1.542404616470705,6639.314285714287,6714.986666666667
Itanagar,2020-06-04,1.3495,22.38,85.1,1.12,348.81831807760136,3567.7541219780264,0.2645036245518558,4.582115335423527,2332,2020-06-04,174.3,2.0,23.9,100.7,4.1,76.4,4.1,85.1,8.9,59.5,17.7,8.4,298.3,126.0,24.9,44.4,25.0,166.4,66.3,283.6,2.4,5.1,1.7,143.2,2.3,79.6,7.7,146.5,201.2,1.4,319.5,142.8,4.4,342.0,35.1,148.8,3179.4,2020,6,4,3,2,6363.1,-0.8136797967359444,6536.5,6723.79
Itanagar,2020-06-05,1.1297,25.27,83.93,1.13,324.3144980561957,3316.573958372721,0.24530647431597363,4.187136047529455,2333,2020-06-05,181.6,1.9,26.0,74.0,3.9,74.9,4.9,81.0,10.0,61.1,17.4,8.8,288.9,121.4,25.3,42.8,24.7,177.3,66.4,335.2,2.5,5.3,1.7,149.8,2.2,84.5,7.6,151.0,198.0,1.4,321.4,149.2,3.2,284.9,32.9,141.3,3164.4,2020,6,5,4,2,6328.799999999999,-0.5390454338294437,6444.857142857143,6731.493333333333
Itanagar,2020-06-06,2.2013,24.99,89.87,1.99,273.06653265259115,2792.8550195045905,0.20928817963404567,3.4253800892322954,2334,2020-06-06,186.6,1.7,24.2,85.3,3.9,76.5,5.1,80.2,10.0,62.3,12.4,8.4,279.5,129.4,24.7,35.0,26.5,175.2,64.2,357.0,2.4,4.5,1.7,162.3,2.1,93.9,7.6,143.4,206.1,1.4,299.3,153.9,4.3,324.9,34.2,157.4,3247.5000000000005,2020,6,6,5,2,6495.000000000001,2.626090254076629,6428.142857142857,6743.356666666668
Dispur,2020-05-15,3.5808,26.76,74.75,0.41,281.8991603902216,2879.8562655433675,0.21432107508880857,2.9989196322598706,2312,2020-05-15,181.9,2.0,22.2,100.6,3.4,79.4,4.2,72.0,7.5,49.7,13.9,10.0,306.3,120.4,21.9,43.2,23.2,209.5,71.9,405.5,2.3,5.1,1.6,202.9,2.1,81.2,8.5,121.2,219.7,1.2,303.5,156.8,3.9,339.7,30.1,145.2,3368.9,2020,5,15,4,2,6742.599999999999,1.589549652709743,6476.0,6003.933333333334
Dispur,2020-05-16,4.087,26.94,75.99,0.47,293.8778807796024,3002.1393577453105,0.21217020889626623,3.175236474799966,2313,2020-05-16,185.5,1.9,22.1,101.9,3.5,76.5,4.3,73.3,7.6,53.0,16.2,8.9,306.5,128.5,22.4,43.8,25.9,204.1,71.2,405.1,2.2,5.1,1.5,205.5,2.4,81.3,8.5,129.8,225.2,0.9,296.5,152.8,3.9,350.6,30.5,151.7,3405.6,2020,5,16,5,2,6816.200000000001,1.09156705128588,6511.099999999999,6033.223333333333
Dispur,2020-05-17,4.4981,27.12,71.39,0.46,312.96183204783614,3200.565600194744,0.23886852248987903,3.7662443065004467,2314,2020-05-17,177.6,1.9,21.5,101.6,3.4,75.7,3.8,75.7,7.3,51.4,16.3,9.1,299.7,128.2,20.6,43.0,26.3,192.5,63.7,404.9,2.4,4.8,1.5,204.5,2.2,81.3,8.5,135.7,220.8,0.9,277.3,144.2,3.9,361.1,28.0,149.0,3344.7,2020,5,17,6,2,6695.0,-1.77811683929463,6590.5142857142855,6057.35
Dispur,2020-05-18,6.199,27.59,72.51,0.4,222.99702127311505,2278.668814254924,0.15902588630644315,2.463815608425709,2315,2020-05-18,174.1,1.9,27.6,105.9,3.8,76.3,4.2,78.7,7.4,52.9,14.9,10.3,303.5,135.5,22.4,43.3,26.9,169.2,63.3,418.3,2.6,5.0,1.5,205.3,2.1,83.4,8.5,142.3,225.6,1.3,270.5,149.5,3.9,367.1,30.6,157.7,3391.9,2020,5,18,0,2,6789.2,1.40702016430172,6685.128571428571,6089.726666666667
Dispur,2020-05-19,4.295,26.73,70.73,0.46,267.4625583268417,2732.640628746392,0.19740737122800353,3.1133584237305145,2316,2020-05-19,164.7,1.9,30.9,102.2,3.9,76.2,4.4,81.3,7.9,52.7,14.8,10.5,307.0,134.0,23.6,44.2,26.5,174.0,65.6,420.9,2.6,5.2,1.7,208.3,2.1,74.2,8.5,143.6,231.8,1.2,274.7,151.3,3.9,370.6,31.7,148.2,3401.3,2020,5,19,1,2,6808.099999999999,0.2783833146762227,6730.228571428571,6125.856666666668
Dispur,2020-05-20,2.0904,24.75,80.71,0.83,314.0457938884043,3215.0632596869136,0.24007292401894353,4.604665450162271,2317,2020-05-20,175.5,2.0,28.4,93.3,4.0,74.8,4.4,82.3,8.1,47.3,15.0,10.6,308.6,139.8,23.8,45.3,19.3,188.0,70.1,426.2,2.4,5.0,1.6,203.8,2.2,57.4,8.5,145.4,230.0,1.2,296.7,159.8,3.9,383.2,32.9,75.1,3371.2000000000003,2020,5,20,2,2,6747.1,-0.8959915394897044,6747.9,6159.816666666667
Dispur,2020-05-21,2.8982,24.42,89.39,1.39,484.46085482791665,4956.921158773319,0.37877404931821124,6.39677026960725,2318,2020-05-21,186.9,2.1,20.2,81.6,4.2,78.0,4.5,84.8,8.2,47.3,16.6,10.6,316.6,142.4,24.3,43.4,17.4,196.5,71.2,434.5,2.8,4.4,1.5,207.2,2.3,70.0,8.5,160.4,233.5,1.1,302.2,166.9,3.9,382.7,33.7,51.5,3419.3,2020,5,21,3,2,6843.2,1.4243156319011074,6777.342857142857,6201.990000000001
Dispur,2020-05-22,1.9058,25.51,86.65,0.61,309.5809210920232,3166.017998627707,0.23995086973168883,3.8626216955439454,2319,2020-05-22,192.3,2.0,21.7,92.5,4.5,79.2,4.5,91.7,8.6,52.5,16.3,10.3,317.1,154.5,24.8,44.9,23.5,201.3,72.4,442.1,2.4,4.7,1.7,209.3,2.3,77.2,8.5,168.2,237.2,1.3,306.5,173.3,3.9,402.6,35.2,78.3,3565.1,2020,5,22,4,2,7134.4,4.255319148936176,6833.314285714286,6246.483333333334
Dispur,2020-05-23,2.4898,26.01,85.88,0.65,380.9419243993407,3896.9444239727577,0.2933331639016568,4.962811838029397,2320,2020-05-23,195.9,1.5,23.6,98.6,4.6,79.4,4.6,95.2,8.1,54.7,16.5,10.7,315.2,158.0,24.1,41.2,27.3,201.2,74.0,443.5,2.5,5.1,1.4,216.6,2.1,84.5,8.5,171.0,244.1,1.3,311.9,168.1,3.9,417.5,36.1,102.9,3651.1,2020,5,23,5,2,7306.5,2.4122561112357,6903.357142857143,6295.37
Dispur,2020-05-24,1.6054,27.18,83.96,1.09,331.3531300728466,3390.319078053461,0.2597622941068829,4.231194467057071,2321,2020-05-24,194.0,1.6,22.9,109.2,4.5,83.8,4.1,98.0,8.7,55.0,17.3,10.0,312.2,154.3,22.4,46.2,27.7,192.6,69.7,447.4,2.4,4.6,1.6,216.2,2.1,85.0,7.6,168.3,245.8,0.9,302.2,172.3,4.3,426.9,34.6,118.4,3674.8,2020,5,24,6,2,7349.6,0.589885718196137,6996.871428571429,6345.823333333334
Dispur,2020-05-25,2.2918,27.2,82.67,1.51,374.5515346174102,3834.449084009233,0.29073825950854004,5.1105555840430945,2322,2020-05-25,191.6,1.5,20.0,105.8,5.0,85.8,4.4,101.5,9.0,55.3,17.3,10.6,319.8,162.7,24.5,47.4,28.3,200.9,75.9,457.9,2.4,4.3,1.7,220.3,2.1,85.8,7.6,175.9,249.6,1.1,306.3,177.1,4.3,426.5,36.1,113.4,3735.8,2020,5,25,0,2,7475.500000000001,1.7130183955589515,7094.914285714285,6401.906666666667
Dispur,2020-05-26,3.9598,26.46,83.79,1.38,332.76243708534076,3403.815119968726,0.25744746328390405,4.12586275347288,2323,2020-05-26,193.5,1.3,15.7,108.9,5.4,87.1,4.7,106.9,9.3,56.7,17.5,10.9,323.1,167.8,25.4,44.4,27.9,187.3,77.4,462.7,1.8,3.7,1.3,218.0,1.6,86.7,7.6,184.3,253.8,1.2,318.9,176.3,4.3,425.3,36.3,120.2,3771.6,2020,5,26,1,2,7546.800000000001,0.9537823556952764,7200.442857142857,6470.550000000001
Dispur,2020-05-27,2.7878,25.36,79.07,0.57,285.4326782238401,2916.9235397521443,0.2201191109291045,3.1892448036591685,2324,2020-05-27,194.8,1.4,17.8,79.3,5.5,86.7,4.8,110.4,9.2,53.8,17.3,10.8,321.1,168.2,25.6,41.3,24.4,187.0,77.7,460.7,1.8,4.2,1.6,218.3,1.8,88.2,8.2,182.7,260.7,1.2,324.6,176.9,1.9,395.3,35.5,104.6,3705.2999999999993,2020,5,27,2,2,7410.5999999999985,-1.804738432183206,7295.228571428571,6534.8966666666665
Dispur,2020-05-28,6.7207,26.02,77.51,0.38,370.26235136925806,3788.58341870952,0.2892487116306813,4.893855943973852,2325,2020-05-28,195.4,1.6,23.4,79.0,5.0,90.0,4.6,105.6,9.4,51.7,16.8,10.7,321.5,139.3,24.2,43.3,22.2,192.1,74.3,457.3,2.2,4.8,1.3,210.9,2.1,79.3,7.8,150.3,249.4,1.3,307.0,180.5,3.2,350.0,34.1,89.8,3541.4000000000005,2020,5,28,3,2,7082.800000000001,-4.42339351739397,7329.457142857143,6582.003333333333
Dispur,2020-05-29,6.6893,24.59,86.96,0.37,478.5977366602617,4896.060546520335,0.3660857445467344,5.9730673078322445,2326,2020-05-29,193.3,1.9,24.0,95.5,4.3,82.5,4.8,88.4,8.9,53.7,17.4,10.9,323.9,109.0,24.7,44.1,23.4,192.8,69.8,462.6,2.5,5.2,1.4,203.7,2.1,73.6,7.8,134.0,250.1,1.2,298.8,182.4,3.2,337.1,33.8,113.9,3483.6000000000004,2020,5,29,4,2,6970.300000000001,-1.5883548878974365,7306.014285714286,6623.58
Dispur,2020-05-30,5.4134,26.46,75.58,0.33,301.15681564388825,3078.7466348776184,0.2278651475883544,3.790631005788724,2327,2020-05-30,186.4,1.9,25.6,91.0,3.4,74.6,4.8,73.3,9.3,53.2,17.6,10.6,326.5,96.1,19.6,41.8,24.9,183.5,70.5,461.2,2.5,5.4,1.7,206.0,2.0,75.1,8.0,127.5,186.9,1.2,306.6,164.0,3.6,282.0,28.2,129.5,3306.0,2020,5,30,5,2,6612.0,-5.140381332223876,7206.800000000001,6646.9766666666665
Dispur,2020-05-31,4.3234,27.19,73.97,0.32,249.73370133051708,2553.9185660072176,0.1841215946829328,2.8606834218397292,2328,2020-05-31,184.1,2.0,25.1,78.0,3.4,74.0,4.4,73.3,9.1,48.3,16.0,9.1,319.2,96.1,19.6,41.8,21.2,168.5,63.5,443.5,2.2,5.5,1.7,204.8,2.2,84.9,7.2,127.5,186.9,0.9,288.5,145.9,4.1,282.0,28.2,120.4,3193.1000000000004,2020,5,31,6,2,6386.200000000001,-3.415003024803376,7069.171428571429,6664.65
Dispur,2020-06-01,3.7944,26.04,83.78,0.63,241.33120264978788,2466.919523359967,0.18384629539216754,2.8114872508835966,2329,2020-06-01,178.2,1.6,24.2,94.1,3.9,72.7,4.5,74.6,9.2,54.9,15.9,9.1,325.4,109.4,22.7,41.3,20.3,164.5,68.3,388.3,2.5,5.2,1.5,200.7,2.2,80.3,7.7,134.9,197.4,1.2,303.3,138.5,4.4,331.0,29.4,123.1,3246.4,2020,6,1,0,2,6492.8,1.669224264821012,6928.785714285716,6681.33
Dispur,2020-06-02,5.9174,25.92,86.55,0.88,310.66454541812976,3176.1546364767623,0.2262529446429115,4.039883290228578,2330,2020-06-02,172.0,2.0,24.8,99.6,4.0,73.7,4.6,81.1,9.2,57.9,17.8,8.2,314.4,119.1,24.3,42.7,23.6,155.9,65.6,374.1,2.4,5.0,1.6,184.4,2.2,75.6,7.7,141.5,201.2,1.3,305.1,140.2,4.4,348.7,33.2,130.9,3255.8,2020,6,2,1,2,6515.799999999999,0.3542385411532622,6781.5,6701.130000000001
Dispur,2020-06-03,3.5321,25.37,87.83,0.76,313.6845465959038,3207.1259654874643,0.23081798780294885,4.1373462709369155,2331,2020-06-03,175.3,2.0,23.2,106.7,4.1,76.8,2.8,85.7,7.1,59.6,17.4,7.7,301.9,127.1,24.6,43.3,26.6,144.6,65.6,288.2,2.6,5.2,1.4,182.9,2.3,77.0,7.7,140.0,203.8,1.3,311.9,139.7,4.4,365.4,35.3,138.6,3205.5,2020,6,3,2,2,6415.300000000001,-1.542404616470705,6639.314285714287,6714.986666666667
Dispur,2020-06-04,4.2922,25.74,85.64,0.61,348.81831807760136,3567.7541219780264,0.2645036245518558,4.582115335423527,2332,2020-06-04,174.3,2.0,23.9,100.7,4.1,76.4,4.1,85.1,8.9,59.5,17.7,8.4,298.3,126.0,24.9,44.4,25.0,166.4,66.3,283.6,2.4,5.1,1.7,143.2,2.3,79.6,7.7,146.5,201.2,1.4,319.5,142.8,4.4,342.0,35.1,148.8,3179.4,2020,6,4,3,2,6363.1,-0.8136797967359444,6536.5,6723.79
Dispur,2020-06-05,4.0826,26.88,80.57,0.59,324.3144980561957,3316.573958372721,0.24530647431597363,4.187136047529455,2333,2020-06-05,181.6,1.9,26.0,74.0,3.9,74.9,4.9,81.0,10.0,61.1,17.4,8.8,288.9,121.4,25.3,42.8,24.7,177.3,66.4,335.2,2.5,5.3,1.7,149.8,2.2,84.5,7.6,151.0,198.0,1.4,321.4,149.2,3.2,284.9,32.9,141.3,3164.4,2020,6,5,4,2,6328.799999999999,-0.5390454338294437,6444.857142857143,6731.493333333333
Dispur,2020-06-06,4.3534,25.69,93.28,0.58,273.06653265259115,2792.8550195045905,0.20928817963404567,3.4253800892322954,2334,2020-06-06,186.6,1.7,24.2,85.3,3.9,76.5,5.1,80.2,10.0,62.3,12.4,8.4,279.5,129.4,24.7,35.0,26.5,175.2,64.2,357.0,2.4,4.5,1.7,162.3,2.1,93.9,7.6,143.4,206.1,1.4,299.3,153.9,4.3,324.9,34.2,157.4,3247.5000000000005,2020,6,6,5,2,6495.000000000001,2.626090254076629,6428.142857142857,6743.356666666668
Raipur,2020-05-15,6.3331,34.08,44.93,1.45,281.8991603902216,2879.8562655433675,0.21432107508880857,2.9989196322598706,2312,2020-05-15,181.9,2.0,22.2,100.6,3.4,79.4,4.2,72.0,7.5,49.7,13.9,10.0,306.3,120.4,21.9,43.2,23.2,209.5,71.9,405.5,2.3,5.1,1.6,202.9,2.1,81.2,8.5,121.2,219.7,1.2,303.5,156.8,3.9,339.7,30.1,145.2,3368.9,2020,5,15,4,2,6742.599999999999,1.589549652709743,6476.0,6003.933333333334
Raipur,2020-05-16,6.445,31.66,56.63,1.35,293.8778807796024,3002.1393577453105,0.21217020889626623,3.175236474799966,2313,2020-05-16,185.5,1.9,22.1,101.9,3.5,76.5,4.3,73.3,7.6,53.0,16.2,8.9,306.5,128.5,22.4,43.8,25.9,204.1,71.2,405.1,2.2,5.1,1.5,205.5,2.4,81.3,8.5,129.8,225.2,0.9,296.5,152.8,3.9,350.6,30.5,151.7,3405.6,2020,5,16,5,2,6816.200000000001,1.09156705128588,6511.099999999999,6033.223333333333
Raipur,2020-05-17,6.535,32.58,51.85,1.31,312.96183204783614,3200.565600194744,0.23886852248987903,3.7662443065004467,2314,2020-05-17,177.6,1.9,21.5,101.6,3.4,75.7,3.8,75.7,7.3,51.4,16.3,9.1,299.7,128.2,20.6,43.0,26.3,192.5,63.7,404.9,2.4,4.8,1.5,204.5,2.2,81.3,8.5,135.7,220.8,0.9,277.3,144.2,3.9,361.1,28.0,149.0,3344.7,2020,5,17,6,2,6695.0,-1.77811683929463,6590.5142857142855,6057.35
Raipur,2020-05-18,5.6666,32.92,47.33,1.89,222.99702127311505,2278.668814254924,0.15902588630644315,2.463815608425709,2315,2020-05-18,174.1,1.9,27.6,105.9,3.8,76.3,4.2,78.7,7.4,52.9,14.9,10.3,303.5,135.5,22.4,43.3,26.9,169.2,63.3,418.3,2.6,5.0,1.5,205.3,2.1,83.4,8.5,142.3,225.6,1.3,270.5,149.5,3.9,367.1,30.6,157.7,3391.9,2020,5,18,0,2,6789.2,1.40702016430172,6685.128571428571,6089.726666666667
Raipur,2020-05-19,5.958,31.03,49.33,3.02,267.4625583268417,2732.640628746392,0.19740737122800353,3.1133584237305145,2316,2020-05-19,164.7,1.9,30.9,102.2,3.9,76.2,4.4,81.3,7.9,52.7,14.8,10.5,307.0,134.0,23.6,44.2,26.5,174.0,65.6,420.9,2.6,5.2,1.7,208.3,2.1,74.2,8.5,143.6,231.8,1.2,274.7,151.3,3.9,370.6,31.7,148.2,3401.3,2020,5,19,1,2,6808.099999999999,0.2783833146762227,6730.228571428571,6125.856666666668
Raipur,2020-05-20,5.5829,30.83,43.86,3.17,314.0457938884043,3215.0632596869136,0.24007292401894353,4.604665450162271,2317,2020-05-20,175.5,2.0,28.4,93.3,4.0,74.8,4.4,82.3,8.1,47.3,15.0,10.6,308.6,139.8,23.8,45.3,19.3,188.0,70.1,426.2,2.4,5.0,1.6,203.8,2.2,57.4,8.5,145.4,230.0,1.2,296.7,159.8,3.9,383.2,32.9,75.1,3371.2000000000003,2020,5,20,2,2,6747.1,-0.8959915394897044,6747.9,6159.816666666667
Raipur,2020-05-21,7.357,30.75,39.52,2.0,484.46085482791665,4956.921158773319,0.37877404931821124,6.39677026960725,2318,2020-05-21,186.9,2.1,20.2,81.6,4.2,78.0,4.5,84.8,8.2,47.3,16.6,10.6,316.6,142.4,24.3,43.4,17.4,196.5,71.2,434.5,2.8,4.4,1.5,207.2,2.3,70.0,8.5,160.4,233.5,1.1,302.2,166.9,3.9,382.7,33.7,51.5,3419.3,2020,5,21,3,2,6843.2,1.4243156319011074,6777.342857142857,6201.990000000001
Raipur,2020-05-22,7.6313,32.71,34.92,1.53,309.5809210920232,3166.017998627707,0.23995086973168883,3.8626216955439454,2319,2020-05-22,192.3,2.0,21.7,92.5,4.5,79.2,4.5,91.7,8.6,52.5,16.3,10.3,317.1,154.5,24.8,44.9,23.5,201.3,72.4,442.1,2.4,4.7,1.7,209.3,2.3,77.2,8.5,168.2,237.2,1.3,306.5,173.3,3.9,402.6,35.2,78.3,3565.1,2020,5,22,4,2,7134.4,4.255319148936176,6833.314285714286,6246.483333333334
Raipur,2020-05-23,7.8756,33.74,37.14,1.41,380.9419243993407,3896.9444239727577,0.2933331639016568,4.962811838029397,2320,2020-05-23,195.9,1.5,23.6,98.6,4.6,79.4,4.6,95.2,8.1,54.7,16.5,10.7,315.2,158.0,24.1,41.2,27.3,201.2,74.0,443.5,2.5,5.1,1.4,216.6,2.1,84.5,8.5,171.0,244.1,1.3,311.9,168.1,3.9,417.5,36.1,102.9,3651.1,2020,5,23,5,2,7306.5,2.4122561112357,6903.357142857143,6295.37
Raipur,2020-05-24,7.5055,34.25,37.81,2.12,331.3531300728466,3390.319078053461,0.2597622941068829,4.231194467057071,2321,2020-05-24,194.0,1.6,22.9,109.2,4.5,83.8,4.1,98.0,8.7,55.0,17.3,10.0,312.2,154.3,22.4,46.2,27.7,192.6,69.7,447.4,2.4,4.6,1.6,216.2,2.1,85.0,7.6,168.3,245.8,0.9,302.2,172.3,4.3,426.9,34.6,118.4,3674.8,2020,5,24,6,2,7349.6,0.589885718196137,6996.871428571429,6345.823333333334
Raipur,2020-05-25,7.3925,34.71,36.3,2.71,374.5515346174102,3834.449084009233,0.29073825950854004,5.1105555840430945,2322,2020-05-25,191.6,1.5,20.0,105.8,5.0,85.8,4.4,101.5,9.0,55.3,17.3,10.6,319.8,162.7,24.5,47.4,28.3,200.9,75.9,457.9,2.4,4.3,1.7,220.3,2.1,85.8,7.6,175.9,249.6,1.1,306.3,177.1,4.3,426.5,36.1,113.4,3735.8,2020,5,25,0,2,7475.500000000001,1.7130183955589515,7094.914285714285,6401.906666666667
Raipur,2020-05-26,7.603,35.2,35.87,3.12,332.76243708534076,3403.815119968726,0.25744746328390405,4.12586275347288,2323,2020-05-26,193.5,1.3,15.7,108.9,5.4,87.1,4.7,106.9,9.3,56.7,17.5,10.9,323.1,167.8,25.4,44.4,27.9,187.3,77.4,462.7,1.8,3.7,1.3,218.0,1.6,86.7,7.6,184.3,253.8,1.2,318.9,176.3,4.3,425.3,36.3,120.2,3771.6,2020,5,26,1,2,7546.800000000001,0.9537823556952764,7200.442857142857,6470.550000000001
Raipur,2020-05-27,7.6248,35.41,36.68,3.37,285.4326782238401,2916.9235397521443,0.2201191109291045,3.1892448036591685,2324,2020-05-27,194.8,1.4,17.8,79.3,5.5,86.7,4.8,110.4,9.2,53.8,17.3,10.8,321.1,168.2,25.6,41.3,24.4,187.0,77.7,460.7,1.8,4.2,1.6,218.3,1.8,88.2,8.2,182.7,260.7,1.2,324.6,176.9,1.9,395.3,35.5,104.6,3705.2999999999993,2020,5,27,2,2,7410.5999999999985,-1.804738432183206,7295.228571428571,6534.8966666666665
Raipur,2020-05-28,7.8403,35.59,31.69,2.53,370.26235136925806,3788.58341870952,0.2892487116306813,4.893855943973852,2325,2020-05-28,195.4,1.6,23.4,79.0,5.0,90.0,4.6,105.6,9.4,51.7,16.8,10.7,321.5,139.3,24.2,43.3,22.2,192.1,74.3,457.3,2.2,4.8,1.3,210.9,2.1,79.3,7.8,150.3,249.4,1.3,307.0,180.5,3.2,350.0,34.1,89.8,3541.4000000000005,2020,5,28,3,2,7082.800000000001,-4.42339351739397,7329.457142857143,6582.003333333333
Raipur,2020-05-29,7.4352,35.48,33.3,1.41,478.5977366602617,4896.060546520335,0.3660857445467344,5.9730673078322445,2326,2020-05-29,193.3,1.9,24.0,95.5,4.3,82.5,4.8,88.4,8.9,53.7,17.4,10.9,323.9,109.0,24.7,44.1,23.4,192.8,69.8,462.6,2.5,5.2,1.4,203.7,2.1,73.6,7.8,134.0,250.1,1.2,298.8,182.4,3.2,337.1,33.8,113.9,3483.6000000000004,2020,5,29,4,2,6970.300000000001,-1.5883548878974365,7306.014285714286,6623.58
Raipur,2020-05-30,6.4087,32.74,49.34,2.79,301.15681564388825,3078.7466348776184,0.2278651475883544,3.790631005788724,2327,2020-05-30,186.4,1.9,25.6,91.0,3.4,74.6,4.8,73.3,9.3,53.2,17.6,10.6,326.5,96.1,19.6,41.8,24.9,183.5,70.5,461.2,2.5,5.4,1.7,206.0,2.0,75.1,8.0,127.5,186.9,1.2,306.6,164.0,3.6,282.0,28.2,129.5,3306.0,2020,5,30,5,2,6612.0,-5.140381332223876,7206.800000000001,6646.9766666666665
Raipur,2020-05-31,6.1339,32.99,48.05,1.0,249.73370133051708,2553.9185660072176,0.1841215946829328,2.8606834218397292,2328,2020-05-31,184.1,2.0,25.1,78.0,3.4,74.0,4.4,73.3,9.1,48.3,16.0,9.1,319.2,96.1,19.6,41.8,21.2,168.5,63.5,443.5,2.2,5.5,1.7,204.8,2.2,84.9,7.2,127.5,186.9,0.9,288.5,145.9,4.1,282.0,28.2,120.4,3193.1000000000004,2020,5,31,6,2,6386.200000000001,-3.415003024803376,7069.171428571429,6664.65
Raipur,2020-06-01,6.9821,30.35,62.3,2.78,241.33120264978788,2466.919523359967,0.18384629539216754,2.8114872508835966,2329,2020-06-01,178.2,1.6,24.2,94.1,3.9,72.7,4.5,74.6,9.2,54.9,15.9,9.1,325.4,109.4,22.7,41.3,20.3,164.5,68.3,388.3,2.5,5.2,1.5,200.7,2.2,80.3,7.7,134.9,197.4,1.2,303.3,138.5,4.4,331.0,29.4,123.1,3246.4,2020,6,1,0,2,6492.8,1.669224264821012,6928.785714285716,6681.33
Raipur,2020-06-02,2.8397,30.05,61.87,1.35,310.66454541812976,3176.1546364767623,0.2262529446429115,4.039883290228578,2330,2020-06-02,172.0,2.0,24.8,99.6,4.0,73.7,4.6,81.1,9.2,57.9,17.8,8.2,314.4,119.1,24.3,42.7,23.6,155.9,65.6,374.1,2.4,5.0,1.6,184.4,2.2,75.6,7.7,141.5,201.2,1.3,305.1,140.2,4.4,348.7,33.2,130.9,3255.8,2020,6,2,1,2,6515.799999999999,0.3542385411532622,6781.5,6701.130000000001
Raipur,2020-06-03,4.145,28.33,66.67,1.41,313.6845465959038,3207.1259654874643,0.23081798780294885,4.1373462709369155,2331,2020-06-03,175.3,2.0,23.2,106.7,4.1,76.8,2.8,85.7,7.1,59.6,17.4,7.7,301.9,127.1,24.6,43.3,26.6,144.6,65.6,288.2,2.6,5.2,1.4,182.9,2.3,77.0,7.7,140.0,203.8,1.3,311.9,139.7,4.4,365.4,35.3,138.6,3205.5,2020,6,3,2,2,6415.300000000001,-1.542404616470705,6639.314285714287,6714.986666666667
Raipur,2020-06-04,4.699,29.41,65.26,3.16,348.81831807760136,3567.7541219780264,0.2645036245518558,4.582115335423527,2332,2020-06-04,174.3,2.0,23.9,100.7,4.1,76.4,4.1,85.1,8.9,59.5,17.7,8.4,298.3,126.0,24.9,44.4,25.0,166.4,66.3,283.6,2.4,5.1,1.7,143.2,2.3,79.6,7.7,146.5,201.2,1.4,319.5,142.8,4.4,342.0,35.1,148.8,3179.4,2020,6,4,3,2,6363.1,-0.8136797967359444,6536.5,6723.79
Raipur,2020-06-05,6.4927,29.54,57.17,4.41,324.3144980561957,3316.573958372721,0.24530647431597363,4.187136047529455,2333,2020-06-05,181.6,1.9,26.0,74.0,3.9,74.9,4.9,81.0,10.0,61.1,17.4,8.8,288.9,121.4,25.3,42.8,24.7,177.3,66.4,335.2,2.5,5.3,1.7,149.8,2.2,84.5,7.6,151.0,198.0,1.4,321.4,149.2,3.2,284.9,32.9,141.3,3164.4,2020,6,5,4,2,6328.799999999999,-0.5390454338294437,6444.857142857143,6731.493333333333
Raipur,2020-06-06,6.2594,30.58,57.2,1.98,273.06653265259115,2792.8550195045905,0.20928817963404567,3.4253800892322954,2334,2020-06-06,186.6,1.7,24.2,85.3,3.9,76.5,5.1,80.2,10.0,62.3,12.4,8.4,279.5,129.4,24.7,35.0,26.5,175.2,64.2,357.0,2.4,4.5,1.7,162.3,2.1,93.9,7.6,143.4,206.1,1.4,299.3,153.9,4.3,324.9,34.2,157.4,3247.5000000000005,2020,6,6,5,2,6495.000000000001,2.626090254076629,6428.142857142857,6743.356666666668
Panaji,2020-05-15,4.5713,29.71,78.46,4.36,281.8991603902216,2879.8562655433675,0.21432107508880857,2.9989196322598706,2312,2020-05-15,181.9,2.0,22.2,100.6,3.4,79.4,4.2,72.0,7.5,49.7,13.9,10.0,306.3,120.4,21.9,43.2,23.2,209.5,71.9,405.5,2.3,5.1,1.6,202.9,2.1,81.2,8.5,121.2,219.7,1.2,303.5,156.8,3.9,339.7,30.1,145.2,3368.9,2020,5,15,4,2,6742.599999999999,1.589549652709743,6476.0,6003.933333333334
Panaji,2020-05-16,2.0453,30.47,72.25,3.57,293.8778807796024,3002.1393577453105,0.21217020889626623,3.175236474799966,2313,2020-05-16,185.5,1.9,22.1,101.9,3.5,76.5,4.3,73.3,7.6,53.0,16.2,8.9,306.5,128.5,22.4,43.8,25.9,204.1,71.2,405.1,2.2,5.1,1.5,205.5,2.4,81.3,8.5,129.8,225.2,0.9,296.5,152.8,3.9,350.6,30.5,151.7,3405.6,2020,5,16,5,2,6816.200000000001,1.09156705128588,6511.099999999999,6033.223333333333
Panaji,2020-05-17,6.1714,29.9,77.4,3.55,312.96183204783614,3200.565600194744,0.23886852248987903,3.7662443065004467,2314,2020-05-17,177.6,1.9,21.5,101.6,3.4,75.7,3.8,75.7,7.3,51.4,16.3,9.1,299.7,128.2,20.6,43.0,26.3,192.5,63.7,404.9,2.4,4.8,1.5,204.5,2.2,81.3,8.5,135.7,220.8,0.9,277.3,144.2,3.9,361.1,28.0,149.0,3344.7,2020,5,17,6,2,6695.0,-1.77811683929463,6590.5142857142855,6057.35
Panaji,2020-05-18,5.004,30.01,74.13,5.11,222.99702127311505,2278.668814254924,0.15902588630644315,2.463815608425709,2315,2020-05-18,174.1,1.9,27.6,105.9,3.8,76.3,4.2,78.7,7.4,52.9,14.9,10.3,303.5,135.5,22.4,43.3,26.9,169.2,63.3,418.3,2.6,5.0,1.5,205.3,2.1,83.4,8.5,142.3,225.6,1.3,270.5,149.5,3.9,367.1,30.6,157.7,3391.9,2020,5,18,0,2,6789.2,1.40702016430172,6685.128571428571,6089.726666666667
Panaji,2020-05-19,6.547,29.94,73.26,4.67,267.4625583268417,2732.640628746392,0.19740737122800353,3.1133584237305145,2316,2020-05-19,164.7,1.9,30.9,102.2,3.9,76.2,4.4,81.3,7.9,52.7,14.8,10.5,307.0,134.0,23.6,44.2,26.5,174.0,65.6,420.9,2.6,5.2,1.7,208.3,2.1,74.2,8.5,143.6,231.8,1.2,274.7,151.3,3.9,370.6,31.7,148.2,3401.3,2020,5,19,1,2,6808.099999999999,0.2783833146762227,6730.228571428571,6125.856666666668
Panaji,2020-05-20,6.9257,29.93,72.08,3.55,314.0457938884043,3215.0632596869136,0.24007292401894353,4.604665450162271,2317,2020-05-20,175.5,2.0,28.4,93.3,4.0,74.8,4.4,82.3,8.1,47.3,15.0,10.6,308.6,139.8,23.8,45.3,19.3,188.0,70.1,426.2,2.4,5.0,1.6,203.8,2.2,57.4,8.5,145.4,230.0,1.2,296.7,159.8,3.9,383.2,32.9,75.1,3371.2000000000003,2020,5,20,2,2,6747.1,-0.8959915394897044,6747.9,6159.816666666667
Panaji,2020-05-21,6.6658,29.98,70.34,3.26,484.46085482791665,4956.921158773319,0.37877404931821124,6.39677026960725,2318,2020-05-21,186.9,2.1,20.2,81.6,4.2,78.0,4.5,84.8,8.2,47.3,16.6,10.6,316.6,142.4,24.3,43.4,17.4,196.5,71.2,434.5,2.8,4.4,1.5,207.2,2.3,70.0,8.5,160.4,233.5,1.1,302.2,166.9,3.9,382.7,33.7,51.5,3419.3,2020,5,21,3,2,6843.2,1.4243156319011074,6777.342857142857,6201.990000000001
Panaji,2020-05-22,6.6077,30.15,71.1,3.8,309.5809210920232,3166.017998627707,0.23995086973168883,3.8626216955439454,2319,2020-05-22,192.3,2.0,21.7,92.5,4.5,79.2,4.5,91.7,8.6,52.5,16.3,10.3,317.1,154.5,24.8,44.9,23.5,201.3,72.4,442.1,2.4,4.7,1.7,209.3,2.3,77.2,8.5,168.2,237.2,1.3,306.5,173.3,3.9,402.6,35.2,78.3,3565.1,2020,5,22,4,2,7134.4,4.255319148936176,6833.314285714286,6246.483333333334
Panaji,2020-05-23,7.0435,30.02,73.74,3.66,380.9419243993407,3896.9444239727577,0.2933331639016568,4.962811838029397,2320,2020-05-23,195.9,1.5,23.6,98.6,4.6,79.4,4.6,95.2,8.1,54.7,16.5,10.7,315.2,158.0,24.1,41.2,27.3,201.2,74.0,443.5,2.5,5.1,1.4,216.6,2.1,84.5,8.5,171.0,244.1,1.3,311.9,168.1,3.9,417.5,36.1,102.9,3651.1,2020,5,23,5,2,7306.5,2.4122561112357,6903.357142857143,6295.37
Panaji,2020-05-24,6.9605,29.96,72.27,3.42,331.3531300728466,3390.319078053461,0.2597622941068829,4.231194467057071,2321,2020-05-24,194.0,1.6,22.9,109.2,4.5,83.8,4.1,98.0,8.7,55.0,17.3,10.0,312.2,154.3,22.4,46.2,27.7,192.6,69.7,447.4,2.4,4.6,1.6,216.2,2.1,85.0,7.6,168.3,245.8,0.9,302.2,172.3,4.3,426.9,34.6,118.4,3674.8,2020,5,24,6,2,7349.6,0.589885718196137,6996.871428571429,6345.823333333334
Panaji,2020-05-25,6.9067,30.01,74.62,3.31,374.5515346174102,3834.449084009233,0.29073825950854004,5.1105555840430945,2322,2020-05-25,191.6,1.5,20.0,105.8,5.0,85.8,4.4,101.5,9.0,55.3,17.3,10.6,319.8,162.7,24.5,47.4,28.3,200.9,75.9,457.9,2.4,4.3,1.7,220.3,2.1,85.8,7.6,175.9,249.6,1.1,306.3,177.1,4.3,426.5,36.1,113.4,3735.8,2020,5,25,0,2,7475.500000000001,1.7130183955589515,7094.914285714285,6401.906666666667
Panaji,2020-05-26,4.3054,29.78,76.64,2.89,332.76243708534076,3403.815119968726,0.25744746328390405,4.12586275347288,2323,2020-05-26,193.5,1.3,15.7,108.9,5.4,87.1,4.7,106.9,9.3,56.7,17.5,10.9,323.1,167.8,25.4,44.4,27.9,187.3,77.4,462.7,1.8,3.7,1.3,218.0,1.6,86.7,7.6,184.3,253.8,1.2,318.9,176.3,4.3,425.3,36.3,120.2,3771.6,2020,5,26,1,2,7546.800000000001,0.9537823556952764,7200.442857142857,6470.550000000001
Panaji,2020-05-27,6.5827,29.95,74.63,3.36,285.4326782238401,2916.9235397521443,0.2201191109291045,3.1892448036591685,2324,2020-05-27,194.8,1.4,17.8,79.3,5.5,86.7,4.8,110.4,9.2,53.8,17.3,10.8,321.1,168.2,25.6,41.3,24.4,187.0,77.7,460.7,1.8,4.2,1.6,218.3,1.8,88.2,8.2,182.7,260.7,1.2,324.6,176.9,1.9,395.3,35.5,104.6,3705.2999999999993,2020,5,27,2,2,7410.5999999999985,-1.804738432183206,7295.228571428571,6534.8966666666665
Panaji,2020-05-28,7.0786,30.44,72.36,3.88,370.26235136925806,3788.58341870952,0.2892487116306813,4.893855943973852,2325,2020-05-28,195.4,1.6,23.4,79.0,5.0,90.0,4.6,105.6,9.4,51.7,16.8,10.7,321.5,139.3,24.2,43.3,22.2,192.1,74.3,457.3,2.2,4.8,1.3,210.9,2.1,79.3,7.8,150.3,249.4,1.3,307.0,180.5,3.2,350.0,34.1,89.8,3541.4000000000005,2020,5,28,3,2,7082.800000000001,-4.42339351739397,7329.457142857143,6582.003333333333
Panaji,2020-05-29,7.0068,30.67,71.61,3.8,478.5977366602617,4896.060546520335,0.3660857445467344,5.9730673078322445,2326,2020-05-29,193.3,1.9,24.0,95.5,4.3,82.5,4.8,88.4,8.9,53.7,17.4,10.9,323.9,109.0,24.7,44.1,23.4,192.8,69.8,462.6,2.5,5.2,1.4,203.7,2.1,73.6,7.8,134.0,250.1,1.2,298.8,182.4,3.2,337.1,33.8,113.9,3483.6000000000004,2020,5,29,4,2,6970.300000000001,-1.5883548878974365,7306.014285714286,6623.58
Panaji,2020-05-30,6.5554,30.47,76.23,3.46,301.15681564388825,3078.7466348776184,0.2278651475883544,3.790631005788724,2327,2020-05-30,186.4,1.9,25.6,91.0,3.4,74.6,4.8,73.3,9.3,53.2,17.6,10.6,326.5,96.1,19.6,41.8,24.9,183.5,70.5,461.2,2.5,5.4,1.7,206.0,2.0,75.1,8.0,127.5,186.9,1.2,306.6,164.0,3.6,282.0,28.2,129.5,3306.0,2020,5,30,5,2,6612.0,-5.140381332223876,7206.800000000001,6646.9766666666665
Panaji,2020-05-31,1.8991,28.56,83.74,5.36,249.73370133051708,2553.9185660072176,0.1841215946829328,2.8606834218397292,2328,2020-05-31,184.1,2.0,25.1,78.0,3.4,74.0,4.4,73.3,9.1,48.3,16.0,9.1,319.2,96.1,19.6,41.8,21.2,168.5,63.5,443.5,2.2,5.5,1.7,204.8,2.2,84.9,7.2,127.5,186.9,0.9,288.5,145.9,4.1,282.0,28.2,120.4,3193.1000000000004,2020,5,31,6,2,6386.200000000001,-3.415003024803376,7069.171428571429,6664.65
Panaji,2020-06-01,1.2907,28.4,81.29,3.86,241.33120264978788,2466.919523359967,0.18384629539216754,2.8114872508835966,2329,2020-06-01,178.2,1.6,24.2,94.1,3.9,72.7,4.5,74.6,9.2,54.9,15.9,9.1,325.4,109.4,22.7,41.3,20.3,164.5,68.3,388.3,2.5,5.2,1.5,200.7,2.2,80.3,7.7,134.9,197.4,1.2,303.3,138.5,4.4,331.0,29.4,123.1,3246.4,2020,6,1,0,2,6492.8,1.669224264821012,6928.785714285716,6681.33
Panaji,2020-06-02,1.837,28.32,84.66,6.11,310.66454541812976,3176.1546364767623,0.2262529446429115,4.039883290228578,2330,2020-06-02,172.0,2.0,24.8,99.6,4.0,73.7,4.6,81.1,9.2,57.9,17.8,8.2,314.4,119.1,24.3,42.7,23.6,155.9,65.6,374.1,2.4,5.0,1.6,184.4,2.2,75.6,7.7,141.5,201.2,1.3,305.1,140.2,4.4,348.7,33.2,130.9,3255.8,2020,6,2,1,2,6515.799999999999,0.3542385411532622,6781.5,6701.130000000001
Panaji,2020-06-03,1.0814,28.37,80.77,7.13,313.6845465959038,3207.1259654874643,0.23081798780294885,4.1373462709369155,2331,2020-06-03,175.3,2.0,23.2,106.7,4.1,76.8,2.8,85.7,7.1,59.6,17.4,7.7,301.9,127.1,24.6,43.3,26.6,144.6,65.6,288.2,2.6,5.2,1.4,182.9,2.3,77.0,7.7,140.0,203.8,1.3,311.9,139.7,4.4,365.4,35.3,138.6,3205.5,2020,6,3,2,2,6415.300000000001,-1.542404616470705,6639.314285714287,6714.986666666667
Panaji,2020-06-04,4.5305,28.65,77.26,4.43,348.81831807760136,3567.7541219780264,0.2645036245518558,4.582115335423527,2332,2020-06-04,174.3,2.0,23.9,100.7,4.1,76.4,4.1,85.1,8.9,59.5,17.7,8.4,298.3,126.0,24.9,44.4,25.0,166.4,66.3,283.6,2.4,5.1,1.7,143.2,2.3,79.6,7.7,146.5,201.2,1.4,319.5,142.8,4.4,342.0,35.1,148.8,3179.4,2020,6,4,3,2,6363.1,-0.8136797967359444,6536.5,6723.79
Panaji,2020-06-05,4.0517,28.78,78.96,3.8,324.3144980561957,3316.573958372721,0.24530647431597363,4.187136047529455,2333,2020-06-05,181.6,1.9,26.0,74.0,3.9,74.9,4.9,81.0,10.0,61.1,17.4,8.8,288.9,121.4,25.3,42.8,24.7,177.3,66.4,335.2,2.5,5.3,1.7,149.8,2.2,84.5,7.6,151.0,198.0,1.4,321.4,149.2,3.2,284.9,32.9,141.3,3164.4,2020,6,5,4,2,6328.799999999999,-0.5390454338294437,6444.857142857143,6731.493333333333
Panaji,2020-06-06,6.0593,28.62,80.91,3.7,273.06653265259115,2792.8550195045905,0.20928817963404567,3.4253800892322954,2334,2020-06-06,186.6,1.7,24.2,85.3,3.9,76.5,5.1,80.2,10.0,62.3,12.4,8.4,279.5,129.4,24.7,35.0,26.5,175.2,64.2,357.0,2.4,4.5,1.7,162.3,2.1,93.9,7.6,143.4,206.1,1.4,299.3,153.9,4.3,324.9,34.2,157.4,3247.5000000000005,2020,6,6,5,2,6495.000000000001,2.626090254076629,6428.142857142857,6743.356666666668
Gandhinagar,2020-05-15,7.6104,36.43,30.36,2.75,281.8991603902216,2879.8562655433675,0.21432107508880857,2.9989196322598706,2312,2020-05-15,181.9,2.0,22.2,100.6,3.4,79.4,4.2,72.0,7.5,49.7,13.9,10.0,306.3,120.4,21.9,43.2,23.2,209.5,71.9,405.5,2.3,5.1,1.6,202.9,2.1,81.2,8.5,121.2,219.7,1.2,303.5,156.8,3.9,339.7,30.1,145.2,3368.9,2020,5,15,4,2,6742.599999999999,1.589549652709743,6476.0,6003.933333333334
Gandhinagar,2020-05-16,7.7753,36.5,28.46,3.52,293.8778807796024,3002.1393577453105,0.21217020889626623,3.175236474799966,2313,2020-05-16,185.5,1.9,22.1,101.9,3.5,76.5,4.3,73.3,7.6,53.0,16.2,8.9,306.5,128.5,22.4,43.8,25.9,204.1,71.2,405.1,2.2,5.1,1.5,205.5,2.4,81.3,8.5,129.8,225.2,0.9,296.5,152.8,3.9,350.6,30.5,151.7,3405.6,2020,5,16,5,2,6816.200000000001,1.09156705128588,6511.099999999999,6033.223333333333
Gandhinagar,2020-05-17,7.6409,35.33,32.84,4.23,312.96183204783614,3200.565600194744,0.23886852248987903,3.7662443065004467,2314,2020-05-17,177.6,1.9,21.5,101.6,3.4,75.7,3.8,75.7,7.3,51.4,16.3,9.1,299.7,128.2,20.6,43.0,26.3,192.5,63.7,404.9,2.4,4.8,1.5,204.5,2.2,81.3,8.5,135.7,220.8,0.9,277.3,144.2,3.9,361.1,28.0,149.0,3344.7,2020,5,17,6,2,6695.0,-1.77811683929463,6590.5142857142855,6057.35
Gandhinagar,2020-05-18,7.3354,35.16,32.12,3.5,222.99702127311505,2278.668814254924,0.15902588630644315,2.463815608425709,2315,2020-05-18,174.1,1.9,27.6,105.9,3.8,76.3,4.2,78.7,7.4,52.9,14.9,10.3,303.5,135.5,22.4,43.3,26.9,169.2,63.3,418.3,2.6,5.0,1.5,205.3,2.1,83.4,8.5,142.3,225.6,1.3,270.5,149.5,3.9,367.1,30.6,157.7,3391.9,2020,5,18,0,2,6789.2,1.40702016430172,6685.128571428571,6089.726666666667
Gandhinagar,2020-05-19,7.6219,35.48,31.18,3.24,267.4625583268417,2732.640628746392,0.19740737122800353,3.1133584237305145,2316,2020-05-19,164.7,1.9,30.9,102.2,3.9,76.2,4.4,81.3,7.9,52.7,14.8,10.5,307.0,134.0,23.6,44.2,26.5,174.0,65.6,420.9,2.6,5.2,1.7,208.3,2.1,74.2,8.5,143.6,231.8,1.2,274.7,151.3,3.9,370.6,31.7,148.2,3401.3,2020,5,19,1,2,6808.099999999999,0.2783833146762227,6730.228571428571,6125.856666666668
Gandhinagar,2020-05-20,7.9582,36.35,25.63,2.63,314.0457938884043,3215.0632596869136,0.24007292401894353,4.604665450162271,2317,2020-05-20,175.5,2.0,28.4,93.3,4.0,74.8,4.4,82.3,8.1,47.3,15.0,10.6,308.6,139.8,23.8,45.3,19.3,188.0,70.1,426.2,2.4,5.0,1.6,203.8,2.2,57.4,8.5,145.4,230.0,1.2,296.7,159.8,3.9,383.2,32.9,75.1,3371.2000000000003,2020,5,20,2,2,6747.1,-0.8959915394897044,6747.9,6159.816666666667
Gandhinagar,2020-05-21,7.8418,36.8,22.51,3.81,484.46085482791665,4956.921158773319,0.37877404931821124,6.39677026960725,2318,2020-05-21,186.9,2.1,20.2,81.6,4.2,78.0,4.5,84.8,8.2,47.3,16.6,10.6,316.6,142.4,24.3,43.4,17.4,196.5,71.2,434.5,2.8,4.4,1.5,207.2,2.3,70.0,8.5,160.4,233.5,1.1,302.2,166.9,3.9,382.7,33.7,51.5,3419.3,2020,5,21,3,2,6843.2,1.4243156319011074,6777.342857142857,6201.990000000001
Gandhinagar,2020-05-22,7.7321,36.21,29.52,4.24,309.5809210920232,3166.017998627707,0.23995086973168883,3.8626216955439454,2319,2020-05-22,192.3,2.0,21.7,92.5,4.5,79.2,4.5,91.7,8.6,52.5,16.3,10.3,317.1,154.5,24.8,44.9,23.5,201.3,72.4,442.1,2.4,4.7,1.7,209.3,2.3,77.2,8.5,168.2,237.2,1.3,306.5,173.3,3.9,402.6,35.2,78.3,3565.1,2020,5,22,4,2,7134.4,4.255319148936176,6833.314285714286,6246.483333333334
Gandhinagar,2020-05-23,8.0071,36.0,33.31,3.42,380.9419243993407,3896.9444239727577,0.2933331639016568,4.962811838029397,2320,2020-05-23,195.9,1.5,23.6,98.6,4.6,79.4,4.6,95.2,8.1,54.7,16.5,10.7,315.2,158.0,24.1,41.2,27.3,201.2,74.0,443.5,2.5,5.1,1.4,216.6,2.1,84.5,8.5,171.0,244.1,1.3,311.9,168.1,3.9,417.5,36.1,102.9,3651.1,2020,5,23,5,2,7306.5,2.4122561112357,6903.357142857143,6295.37
Gandhinagar,2020-05-24,7.807,36.84,28.87,3.07,331.3531300728466,3390.319078053461,0.2597622941068829,4.231194467057071,2321,2020-05-24,194.0,1.6,22.9,109.2,4.5,83.8,4.1,98.0,8.7,55.0,17.3,10.0,312.2,154.3,22.4,46.2,27.7,192.6,69.7,447.4,2.4,4.6,1.6,216.2,2.1,85.0,7.6,168.3,245.8,0.9,302.2,172.3,4.3,426.9,34.6,118.4,3674.8,2020,5,24,6,2,7349.6,0.589885718196137,6996.871428571429,6345.823333333334
Gandhinagar,2020-05-25,7.5994,36.73,29.51,3.23,374.5515346174102,3834.449084009233,0.29073825950854004,5.1105555840430945,2322,2020-05-25,191.6,1.5,20.0,105.8,5.0,85.8,4.4,101.5,9.0,55.3,17.3,10.6,319.8,162.7,24.5,47.4,28.3,200.9,75.9,457.9,2.4,4.3,1.7,220.3,2.1,85.8,7.6,175.9,249.6,1.1,306.3,177.1,4.3,426.5,36.1,113.4,3735.8,2020,5,25,0,2,7475.500000000001,1.7130183955589515,7094.914285714285,6401.906666666667
Gandhinagar,2020-05-26,7.9886,36.58,33.06,4.03,332.76243708534076,3403.815119968726,0.25744746328390405,4.12586275347288,2323,2020-05-26,193.5,1.3,15.7,108.9,5.4,87.1,4.7,106.9,9.3,56.7,17.5,10.9,323.1,167.8,25.4,44.4,27.9,187.3,77.4,462.7,1.8,3.7,1.3,218.0,1.6,86.7,7.6,184.3,253.8,1.2,318.9,176.3,4.3,425.3,36.3,120.2,3771.6,2020,5,26,1,2,7546.800000000001,0.9537823556952764,7200.442857142857,6470.550000000001
Gandhinagar,2020-05-27,7.8019,36.29,41.47,5.28,285.4326782238401,2916.9235397521443,0.2201191109291045,3.1892448036591685,2324,2020-05-27,194.8,1.4,17.8,79.3,5.5,86.7,4.8,110.4,9.2,53.8,17.3,10.8,321.1,168.2,25.6,41.3,24.4,187.0,77.7,460.7,1.8,4.2,1.6,218.3,1.8,88.2,8.2,182.7,260.7,1.2,324.6,176.9,1.9,395.3,35.5,104.6,3705.2999999999993,2020,5,27,2,2,7410.5999999999985,-1.804738432183206,7295.228571428571,6534.8966666666665
Gandhinagar,2020-05-28,7.1863,36.18,44.73,5.9,370.26235136925806,3788.58341870952,0.2892487116306813,4.893855943973852,2325,2020-05-28,195.4,1.6,23.4,79.0,5.0,90.0,4.6,105.6,9.4,51.7,16.8,10.7,321.5,139.3,24.2,43.3,22.2,192.1,74.3,457.3,2.2,4.8,1.3,210.9,2.1,79.3,7.8,150.3,249.4,1.3,307.0,180.5,3.2,350.0,34.1,89.8,3541.4000000000005,2020,5,28,3,2,7082.800000000001,-4.42339351739397,7329.457142857143,6582.003333333333
Gandhinagar,2020-05-29,6.9557,34.65,51.28,5.15,478.5977366602617,4896.060546520335,0.3660857445467344,5.9730673078322445,2326,2020-05-29,193.3,1.9,24.0,95.5,4.3,82.5,4.8,88.4,8.9,53.7,17.4,10.9,323.9,109.0,24.7,44.1,23.4,192.8,69.8,462.6,2.5,5.2,1.4,203.7,2.1,73.6,7.8,134.0,250.1,1.2,298.8,182.4,3.2,337.1,33.8,113.9,3483.6000000000004,2020,5,29,4,2,6970.300000000001,-1.5883548878974365,7306.014285714286,6623.58
Gandhinagar,2020-05-30,6.7826,34.98,48.19,3.37,301.15681564388825,3078.7466348776184,0.2278651475883544,3.790631005788724,2327,2020-05-30,186.4,1.9,25.6,91.0,3.4,74.6,4.8,73.3,9.3,53.2,17.6,10.6,326.5,96.1,19.6,41.8,24.9,183.5,70.5,461.2,2.5,5.4,1.7,206.0,2.0,75.1,8.0,127.5,186.9,1.2,306.6,164.0,3.6,282.0,28.2,129.5,3306.0,2020,5,30,5,2,6612.0,-5.140381332223876,7206.800000000001,6646.9766666666665
Gandhinagar,2020-05-31,6.7872,34.53,43.68,3.05,249.73370133051708,2553.9185660072176,0.1841215946829328,2.8606834218397292,2328,2020-05-31,184.1,2.0,25.1,78.0,3.4,74.0,4.4,73.3,9.1,48.3,16.0,9.1,319.2,96.1,19.6,41.8,21.2,168.5,63.5,443.5,2.2,5.5,1.7,204.8,2.2,84.9,7.2,127.5,186.9,0.9,288.5,145.9,4.1,282.0,28.2,120.4,3193.1000000000004,2020,5,31,6,2,6386.200000000001,-3.415003024803376,7069.171428571429,6664.65
Gandhinagar,2020-06-01,7.0985,34.24,45.29,2.88,241.33120264978788,2466.919523359967,0.18384629539216754,2.8114872508835966,2329,2020-06-01,178.2,1.6,24.2,94.1,3.9,72.7,4.5,74.6,9.2,54.9,15.9,9.1,325.4,109.4,22.7,41.3,20.3,164.5,68.3,388.3,2.5,5.2,1.5,200.7,2.2,80.3,7.7,134.9,197.4,1.2,303.3,138.5,4.4,331.0,29.4,123.1,3246.4,2020,6,1,0,2,6492.8,1.669224264821012,6928.785714285716,6681.33
Gandhinagar,2020-06-02,7.1366,34.89,43.29,2.6,310.66454541812976,3176.1546364767623,0.2262529446429115,4.039883290228578,2330,2020-06-02,172.0,2.0,24.8,99.6,4.0,73.7,4.6,81.1,9.2,57.9,17.8,8.2,314.4,119.1,24.3,42.7,23.6,155.9,65.6,374.1,2.4,5.0,1.6,184.4,2.2,75.6,7.7,141.5,201.2,1.3,305.1,140.2,4.4,348.7,33.2,130.9,3255.8,2020,6,2,1,2,6515.799999999999,0.3542385411532622,6781.5,6701.130000000001
Gandhinagar,2020-06-03,6.3833,34.89,39.87,3.15,313.6845465959038,3207.1259654874643,0.23081798780294885,4.1373462709369155,2331,2020-06-03,175.3,2.0,23.2,106.7,4.1,76.8,2.8,85.7,7.1,59.6,17.4,7.7,301.9,127.1,24.6,43.3,26.6,144.6,65.6,288.2,2.6,5.2,1.4,182.9,2.3,77.0,7.7,140.0,203.8,1.3,311.9,139.7,4.4,365.4,35.3,138.6,3205.5,2020,6,3,2,2,6415.300000000001,-1.542404616470705,6639.314285714287,6714.986666666667
Gandhinagar,2020-06-04,6.8287,35.01,37.65,2.67,348.81831807760136,3567.7541219780264,0.2645036245518558,4.582115335423527,2332,2020-06-04,174.3,2.0,23.9,100.7,4.1,76.4,4.1,85.1,8.9,59.5,17.7,8.4,298.3,126.0,24.9,44.4,25.0,166.4,66.3,283.6,2.4,5.1,1.7,143.2,2.3,79.6,7.7,146.5,201.2,1.4,319.5,142.8,4.4,342.0,35.1,148.8,3179.4,2020,6,4,3,2,6363.1,-0.8136797967359444,6536.5,6723.79
Gandhinagar,2020-06-05,6.8028,33.55,51.98,4.4,324.3144980561957,3316.573958372721,0.24530647431597363,4.187136047529455,2333,2020-06-05,181.6,1.9,26.0,74.0,3.9,74.9,4.9,81.0,10.0,61.1,17.4,8.8,288.9,121.4,25.3,42.8,24.7,177.3,66.4,335.2,2.5,5.3,1.7,149.8,2.2,84.5,7.6,151.0,198.0,1.4,321.4,149.2,3.2,284.9,32.9,141.3,3164.4,2020,6,5,4,2,6328.799999999999,-0.5390454338294437,6444.857142857143,6731.493333333333
Gandhinagar,2020-06-06,6.9389,31.8,62.04,4.01,273.06653265259115,2792.8550195045905,0.20928817963404567,3.4253800892322954,2334,2020-06-06,186.6,1.7,24.2,85.3,3.9,76.5,5.1,80.2,10.0,62.3,12.4,8.4,279.5,129.4,24.7,35.0,26.5,175.2,64.2,357.0,2.4,4.5,1.7,162.3,2.1,93.9,7.6,143.4,206.1,1.4,299.3,153.9,4.3,324.9,34.2,157.4,3247.5000000000005,2020,6,6,5,2,6495.000000000001,2.626090254076629,6428.142857142857,6743.356666666668
Shimla,2020-05-15,7.41,26.34,42.24,2.26,281.8991603902216,2879.8562655433675,0.21432107508880857,2.9989196322598706,2312,2020-05-15,181.9,2.0,22.2,100.6,3.4,79.4,4.2,72.0,7.5,49.7,13.9,10.0,306.3,120.4,21.9,43.2,23.2,209.5,71.9,405.5,2.3,5.1,1.6,202.9,2.1,81.2,8.5,121.2,219.7,1.2,303.5,156.8,3.9,339.7,30.1,145.2,3368.9,2020,5,15,4,2,6742.599999999999,1.589549652709743,6476.0,6003.933333333334
Shimla,2020-05-16,8.0124,25.81,42.36,2.44,293.8778807796024,3002.1393577453105,0.21217020889626623,3.175236474799966,2313,2020-05-16,185.5,1.9,22.1,101.9,3.5,76.5,4.3,73.3,7.6,53.0,16.2,8.9,306.5,128.5,22.4,43.8,25.9,204.1,71.2,405.1,2.2,5.1,1.5,205.5,2.4,81.3,8.5,129.8,225.2,0.9,296.5,152.8,3.9,350.6,30.5,151.7,3405.6,2020,5,16,5,2,6816.200000000001,1.09156705128588,6511.099999999999,6033.223333333333
Shimla,2020-05-17,6.9358,25.89,38.95,1.86,312.96183204783614,3200.565600194744,0.23886852248987903,3.7662443065004467,2314,2020-05-17,177.6,1.9,21.5,101.6,3.4,75.7,3.8,75.7,7.3,51.4,16.3,9.1,299.7,128.2,20.6,43.0,26.3,192.5,63.7,404.9,2.4,4.8,1.5,204.5,2.2,81.3,8.5,135.7,220.8,0.9,277.3,144.2,3.9,361.1,28.0,149.0,3344.7,2020,5,17,6,2,6695.0,-1.77811683929463,6590.5142857142855,6057.35
Shimla,2020-05-18,6.5726,26.46,34.32,2.38,222.99702127311505,2278.668814254924,0.15902588630644315,2.463815608425709,2315,2020-05-18,174.1,1.9,27.6,105.9,3.8,76.3,4.2,78.7,7.4,52.9,14.9,10.3,303.5,135.5,22.4,43.3,26.9,169.2,63.3,418.3,2.6,5.0,1.5,205.3,2.1,83.4,8.5,142.3,225.6,1.3,270.5,149.5,3.9,367.1,30.6,157.7,3391.9,2020,5,18,0,2,6789.2,1.40702016430172,6685.128571428571,6089.726666666667
Shimla,2020-05-19,6.8693,25.5,32.6,2.35,267.4625583268417,2732.640628746392,0.19740737122800353,3.1133584237305145,2316,2020-05-19,164.7,1.9,30.9,102.2,3.9,76.2,4.4,81.3,7.9,52.7,14.8,10.5,307.0,134.0,23.6,44.2,26.5,174.0,65.6,420.9,2.6,5.2,1.7,208.3,2.1,74.2,8.5,143.6,231.8,1.2,274.7,151.3,3.9,370.6,31.7,148.2,3401.3,2020,5,19,1,2,6808.099999999999,0.2783833146762227,6730.228571428571,6125.856666666668
Shimla,2020-05-20,8.7917,26.11,31.75,2.16,314.0457938884043,3215.0632596869136,0.24007292401894353,4.604665450162271,2317,2020-05-20,175.5,2.0,28.4,93.3,4.0,74.8,4.4,82.3,8.1,47.3,15.0,10.6,308.6,139.8,23.8,45.3,19.3,188.0,70.1,426.2,2.4,5.0,1.6,203.8,2.2,57.4,8.5,145.4,230.0,1.2,296.7,159.8,3.9,383.2,32.9,75.1,3371.2000000000003,2020,5,20,2,2,6747.1,-0.8959915394897044,6747.9,6159.816666666667
Shimla,2020-05-21,8.669,27.96,30.91,2.93,484.46085482791665,4956.921158773319,0.37877404931821124,6.39677026960725,2318,2020-05-21,186.9,2.1,20.2,81.6,4.2,78.0,4.5,84.8,8.2,47.3,16.6,10.6,316.6,142.4,24.3,43.4,17.4,196.5,71.2,434.5,2.8,4.4,1.5,207.2,2.3,70.0,8.5,160.4,233.5,1.1,302.2,166.9,3.9,382.7,33.7,51.5,3419.3,2020,5,21,3,2,6843.2,1.4243156319011074,6777.342857142857,6201.990000000001
Shimla,2020-05-22,8.4374,29.98,29.68,2.1,309.5809210920232,3166.017998627707,0.23995086973168883,3.8626216955439454,2319,2020-05-22,192.3,2.0,21.7,92.5,4.5,79.2,4.5,91.7,8.6,52.5,16.3,10.3,317.1,154.5,24.8,44.9,23.5,201.3,72.4,442.1,2.4,4.7,1.7,209.3,2.3,77.2,8.5,168.2,237.2,1.3,306.5,173.3,3.9,402.6,35.2,78.3,3565.1,2020,5,22,4,2,7134.4,4.255319148936176,6833.314285714286,6246.483333333334
Shimla,2020-05-23,6.1714,30.97,31.93,2.15,380.9419243993407,3896.9444239727577,0.2933331639016568,4.962811838029397,2320,2020-05-23,195.9,1.5,23.6,98.6,4.6,79.4,4.6,95.2,8.1,54.7,16.5,10.7,315.2,158.0,24.1,41.2,27.3,201.2,74.0,443.5,2.5,5.1,1.4,216.6,2.1,84.5,8.5,171.0,244.1,1.3,311.9,168.1,3.9,417.5,36.1,102.9,3651.1,2020,5,23,5,2,7306.5,2.4122561112357,6903.357142857143,6295.37
Shimla,2020-05-24,8.0386,30.2,33.77,2.69,331.3531300728466,3390.319078053461,0.2597622941068829,4.231194467057071,2321,2020-05-24,194.0,1.6,22.9,109.2,4.5,83.8,4.1,98.0,8.7,55.0,17.3,10.0,312.2,154.3,22.4,46.2,27.7,192.6,69.7,447.4,2.4,4.6,1.6,216.2,2.1,85.0,7.6,168.3,245.8,0.9,302.2,172.3,4.3,426.9,34.6,118.4,3674.8,2020,5,24,6,2,7349.6,0.589885718196137,6996.871428571429,6345.823333333334
Shimla,2020-05-25,8.1422,30.41,32.33,2.76,374.5515346174102,3834.449084009233,0.29073825950854004,5.1105555840430945,2322,2020-05-25,191.6,1.5,20.0,105.8,5.0,85.8,4.4,101.5,9.0,55.3,17.3,10.6,319.8,162.7,24.5,47.4,28.3,200.9,75.9,457.9,2.4,4.3,1.7,220.3,2.1,85.8,7.6,175.9,249.6,1.1,306.3,177.1,4.3,426.5,36.1,113.4,3735.8,2020,5,25,0,2,7475.500000000001,1.7130183955589515,7094.914285714285,6401.906666666667
Shimla,2020-05-26,6.8177,31.29,30.88,2.26,332.76243708534076,3403.815119968726,0.25744746328390405,4.12586275347288,2323,2020-05-26,193.5,1.3,15.7,108.9,5.4,87.1,4.7,106.9,9.3,56.7,17.5,10.9,323.1,167.8,25.4,44.4,27.9,187.3,77.4,462.7,1.8,3.7,1.3,218.0,1.6,86.7,7.6,184.3,253.8,1.2,318.9,176.3,4.3,425.3,36.3,120.2,3771.6,2020,5,26,1,2,7546.800000000001,0.9537823556952764,7200.442857142857,6470.550000000001
Shimla,2020-05-27,5.7547,31.72,31.78,2.23,285.4326782238401,2916.9235397521443,0.2201191109291045,3.1892448036591685,2324,2020-05-27,194.8,1.4,17.8,79.3,5.5,86.7,4.8,110.4,9.2,53.8,17.3,10.8,321.1,168.2,25.6,41.3,24.4,187.0,77.7,460.7,1.8,4.2,1.6,218.3,1.8,88.2,8.2,182.7,260.7,1.2,324.6,176.9,1.9,395.3,35.5,104.6,3705.2999999999993,2020,5,27,2,2,7410.5999999999985,-1.804738432183206,7295.228571428571,6534.8966666666665
Shimla,2020-05-28,4.4539,28.39,43.16,3.45,370.26235136925806,3788.58341870952,0.2892487116306813,4.893855943973852,2325,2020-05-28,195.4,1.6,23.4,79.0,5.0,90.0,4.6,105.6,9.4,51.7,16.8,10.7,321.5,139.3,24.2,43.3,22.2,192.1,74.3,457.3,2.2,4.8,1.3,210.9,2.1,79.3,7.8,150.3,249.4,1.3,307.0,180.5,3.2,350.0,34.1,89.8,3541.4000000000005,2020,5,28,3,2,7082.800000000001,-4.42339351739397,7329.457142857143,6582.003333333333
Shimla,2020-05-29,5.2754,27.57,46.28,2.28,478.5977366602617,4896.060546520335,0.3660857445467344,5.9730673078322445,2326,2020-05-29,193.3,1.9,24.0,95.5,4.3,82.5,4.8,88.4,8.9,53.7,17.4,10.9,323.9,109.0,24.7,44.1,23.4,192.8,69.8,462.6,2.5,5.2,1.4,203.7,2.1,73.6,7.8,134.0,250.1,1.2,298.8,182.4,3.2,337.1,33.8,113.9,3483.6000000000004,2020,5,29,4,2,6970.300000000001,-1.5883548878974365,7306.014285714286,6623.58
Shimla,2020-05-30,3.8669,23.4,65.41,1.85,301.15681564388825,3078.7466348776184,0.2278651475883544,3.790631005788724,2327,2020-05-30,186.4,1.9,25.6,91.0,3.4,74.6,4.8,73.3,9.3,53.2,17.6,10.6,326.5,96.1,19.6,41.8,24.9,183.5,70.5,461.2,2.5,5.4,1.7,206.0,2.0,75.1,8.0,127.5,186.9,1.2,306.6,164.0,3.6,282.0,28.2,129.5,3306.0,2020,5,30,5,2,6612.0,-5.140381332223876,7206.800000000001,6646.9766666666665
Shimla,2020-05-31,1.7808,23.1,70.33,2.02,249.73370133051708,2553.9185660072176,0.1841215946829328,2.8606834218397292,2328,2020-05-31,184.1,2.0,25.1,78.0,3.4,74.0,4.4,73.3,9.1,48.3,16.0,9.1,319.2,96.1,19.6,41.8,21.2,168.5,63.5,443.5,2.2,5.5,1.7,204.8,2.2,84.9,7.2,127.5,186.9,0.9,288.5,145.9,4.1,282.0,28.2,120.4,3193.1000000000004,2020,5,31,6,2,6386.200000000001,-3.415003024803376,7069.171428571429,6664.65
Shimla,2020-06-01,5.8579,23.96,60.77,1.49,241.33120264978788,2466.919523359967,0.18384629539216754,2.8114872508835966,2329,2020-06-01,178.2,1.6,24.2,94.1,3.9,72.7,4.5,74.6,9.2,54.9,15.9,9.1,325.4,109.4,22.7,41.3,20.3,164.5,68.3,388.3,2.5,5.2,1.5,200.7,2.2,80.3,7.7,134.9,197.4,1.2,303.3,138.5,4.4,331.0,29.4,123.1,3246.4,2020,6,1,0,2,6492.8,1.669224264821012,6928.785714285716,6681.33
Shimla,2020-06-02,5.693,25.03,52.18,1.67,310.66454541812976,3176.1546364767623,0.2262529446429115,4.039883290228578,2330,2020-06-02,172.0,2.0,24.8,99.6,4.0,73.7,4.6,81.1,9.2,57.9,17.8,8.2,314.4,119.1,24.3,42.7,23.6,155.9,65.6,374.1,2.4,5.0,1.6,184.4,2.2,75.6,7.7,141.5,201.2,1.3,305.1,140.2,4.4,348.7,33.2,130.9,3255.8,2020,6,2,1,2,6515.799999999999,0.3542385411532622,6781.5,6701.130000000001
Shimla,2020-06-03,4.9956,25.2,55.61,1.29,313.6845465959038,3207.1259654874643,0.23081798780294885,4.1373462709369155,2331,2020-06-03,175.3,2.0,23.2,106.7,4.1,76.8,2.8,85.7,7.1,59.6,17.4,7.7,301.9,127.1,24.6,43.3,26.6,144.6,65.6,288.2,2.6,5.2,1.4,182.9,2.3,77.0,7.7,140.0,203.8,1.3,311.9,139.7,4.4,365.4,35.3,138.6,3205.5,2020,6,3,2,2,6415.300000000001,-1.542404616470705,6639.314285714287,6714.986666666667
Shimla,2020-06-04,5.8202,25.98,53.99,1.77,348.81831807760136,3567.7541219780264,0.2645036245518558,4.582115335423527,2332,2020-06-04,174.3,2.0,23.9,100.7,4.1,76.4,4.1,85.1,8.9,59.5,17.7,8.4,298.3,126.0,24.9,44.4,25.0,166.4,66.3,283.6,2.4,5.1,1.7,143.2,2.3,79.6,7.7,146.5,201.2,1.4,319.5,142.8,4.4,342.0,35.1,148.8,3179.4,2020,6,4,3,2,6363.1,-0.8136797967359444,6536.5,6723.79
Shimla,2020-06-05,4.0219,23.91,67.72,1.09,324.3144980561957,3316.573958372721,0.24530647431597363,4.187136047529455,2333,2020-06-05,181.6,1.9,26.0,74.0,3.9,74.9,4.9,81.0,10.0,61.1,17.4,8.8,288.9,121.4,25.3,42.8,24.7,177.3,66.4,335.2,2.5,5.3,1.7,149.8,2.2,84.5,7.6,151.0,198.0,1.4,321.4,149.2,3.2,284.9,32.9,141.3,3164.4,2020,6,5,4,2,6328.799999999999,-0.5390454338294437,6444.857142857143,6731.493333333333
Shimla,2020-06-06,4.6661,23.49,66.35,1.29,273.06653265259115,2792.8550195045905,0.20928817963404567,3.4253800892322954,2334,2020-06-06,186.6,1.7,24.2,85.3,3.9,76.5,5.1,80.2,10.0,62.3,12.4,8.4,279.5,129.4,24.7,35.0,26.5,175.2,64.2,357.0,2.4,4.5,1.7,162.3,2.1,93.9,7.6,143.4,206.1,1.4,299.3,153.9,4.3,324.9,34.2,157.4,3247.5000000000005,2020,6,6,5,2,6495.000000000001,2.626090254076629,6428.142857142857,6743.356666666668
Dharamshala,2020-05-15,7.9495,23.6,52.81,1.82,281.8991603902216,2879.8562655433675,0.21432107508880857,2.9989196322598706,2312,2020-05-15,181.9,2.0,22.2,100.6,3.4,79.4,4.2,72.0,7.5,49.7,13.9,10.0,306.3,120.4,21.9,43.2,23.2,209.5,71.9,405.5,2.3,5.1,1.6,202.9,2.1,81.2,8.5,121.2,219.7,1.2,303.5,156.8,3.9,339.7,30.1,145.2,3368.9,2020,5,15,4,2,6742.599999999999,1.589549652709743,6476.0,6003.933333333334
Dharamshala,2020-05-16,7.7851,24.47,46.48,1.71,293.8778807796024,3002.1393577453105,0.21217020889626623,3.175236474799966,2313,2020-05-16,185.5,1.9,22.1,101.9,3.5,76.5,4.3,73.3,7.6,53.0,16.2,8.9,306.5,128.5,22.4,43.8,25.9,204.1,71.2,405.1,2.2,5.1,1.5,205.5,2.4,81.3,8.5,129.8,225.2,0.9,296.5,152.8,3.9,350.6,30.5,151.7,3405.6,2020,5,16,5,2,6816.200000000001,1.09156705128588,6511.099999999999,6033.223333333333
Dharamshala,2020-05-17,7.1177,24.03,41.8,1.46,312.96183204783614,3200.565600194744,0.23886852248987903,3.7662443065004467,2314,2020-05-17,177.6,1.9,21.5,101.6,3.4,75.7,3.8,75.7,7.3,51.4,16.3,9.1,299.7,128.2,20.6,43.0,26.3,192.5,63.7,404.9,2.4,4.8,1.5,204.5,2.2,81.3,8.5,135.7,220.8,0.9,277.3,144.2,3.9,361.1,28.0,149.0,3344.7,2020,5,17,6,2,6695.0,-1.77811683929463,6590.5142857142855,6057.35
Dharamshala,2020-05-18,3.972,24.11,38.06,2.02,222.99702127311505,2278.668814254924,0.15902588630644315,2.463815608425709,2315,2020-05-18,174.1,1.9,27.6,105.9,3.8,76.3,4.2,78.7,7.4,52.9,14.9,10.3,303.5,135.5,22.4,43.3,26.9,169.2,63.3,418.3,2.6,5.0,1.5,205.3,2.1,83.4,8.5,142.3,225.6,1.3,270.5,149.5,3.9,367.1,30.6,157.7,3391.9,2020,5,18,0,2,6789.2,1.40702016430172,6685.128571428571,6089.726666666667
Dharamshala,2020-05-19,6.1085,23.42,37.53,2.07,267.4625583268417,2732.640628746392,0.19740737122800353,3.1133584237305145,2316,2020-05-19,164.7,1.9,30.9,102.2,3.9,76.2,4.4,81.3,7.9,52.7,14.8,10.5,307.0,134.0,23.6,44.2,26.5,174.0,65.6,420.9,2.6,5.2,1.7,208.3,2.1,74.2,8.5,143.6,231.8,1.2,274.7,151.3,3.9,370.6,31.7,148.2,3401.3,2020,5,19,1,2,6808.099999999999,0.2783833146762227,6730.228571428571,6125.856666666668
Dharamshala,2020-05-20,9.0048,24.33,36.78,1.95,314.0457938884043,3215.0632596869136,0.24007292401894353,4.604665450162271,2317,2020-05-20,175.5,2.0,28.4,93.3,4.0,74.8,4.4,82.3,8.1,47.3,15.0,10.6,308.6,139.8,23.8,45.3,19.3,188.0,70.1,426.2,2.4,5.0,1.6,203.8,2.2,57.4,8.5,145.4,230.0,1.2,296.7,159.8,3.9,383.2,32.9,75.1,3371.2000000000003,2020,5,20,2,2,6747.1,-0.8959915394897044,6747.9,6159.816666666667
Dharamshala,2020-05-21,8.862,26.71,34.03,2.08,484.46085482791665,4956.921158773319,0.37877404931821124,6.39677026960725,2318,2020-05-21,186.9,2.1,20.2,81.6,4.2,78.0,4.5,84.8,8.2,47.3,16.6,10.6,316.6,142.4,24.3,43.4,17.4,196.5,71.2,434.5,2.8,4.4,1.5,207.2,2.3,70.0,8.5,160.4,233.5,1.1,302.2,166.9,3.9,382.7,33.7,51.5,3419.3,2020,5,21,3,2,6843.2,1.4243156319011074,6777.342857142857,6201.990000000001
Dharamshala,2020-05-22,8.2464,28.3,33.41,1.68,309.5809210920232,3166.017998627707,0.23995086973168883,3.8626216955439454,2319,2020-05-22,192.3,2.0,21.7,92.5,4.5,79.2,4.5,91.7,8.6,52.5,16.3,10.3,317.1,154.5,24.8,44.9,23.5,201.3,72.4,442.1,2.4,4.7,1.7,209.3,2.3,77.2,8.5,168.2,237.2,1.3,306.5,173.3,3.9,402.6,35.2,78.3,3565.1,2020,5,22,4,2,7134.4,4.255319148936176,6833.314285714286,6246.483333333334
Dharamshala,2020-05-23,5.2188,28.25,36.78,1.65,380.9419243993407,3896.9444239727577,0.2933331639016568,4.962811838029397,2320,2020-05-23,195.9,1.5,23.6,98.6,4.6,79.4,4.6,95.2,8.1,54.7,16.5,10.7,315.2,158.0,24.1,41.2,27.3,201.2,74.0,443.5,2.5,5.1,1.4,216.6,2.1,84.5,8.5,171.0,244.1,1.3,311.9,168.1,3.9,417.5,36.1,102.9,3651.1,2020,5,23,5,2,7306.5,2.4122561112357,6903.357142857143,6295.37
Dharamshala,2020-05-24,7.427,27.78,38.73,2.27,331.3531300728466,3390.319078053461,0.2597622941068829,4.231194467057071,2321,2020-05-24,194.0,1.6,22.9,109.2,4.5,83.8,4.1,98.0,8.7,55.0,17.3,10.0,312.2,154.3,22.4,46.2,27.7,192.6,69.7,447.4,2.4,4.6,1.6,216.2,2.1,85.0,7.6,168.3,245.8,0.9,302.2,172.3,4.3,426.9,34.6,118.4,3674.8,2020,5,24,6,2,7349.6,0.589885718196137,6996.871428571429,6345.823333333334
Dharamshala,2020-05-25,8.0726,28.09,40.6,2.09,374.5515346174102,3834.449084009233,0.29073825950854004,5.1105555840430945,2322,2020-05-25,191.6,1.5,20.0,105.8,5.0,85.8,4.4,101.5,9.0,55.3,17.3,10.6,319.8,162.7,24.5,47.4,28.3,200.9,75.9,457.9,2.4,4.3,1.7,220.3,2.1,85.8,7.6,175.9,249.6,1.1,306.3,177.1,4.3,426.5,36.1,113.4,3735.8,2020,5,25,0,2,7475.500000000001,1.7130183955589515,7094.914285714285,6401.906666666667
Dharamshala,2020-05-26,6.7241,28.15,37.96,2.26,332.76243708534076,3403.815119968726,0.25744746328390405,4.12586275347288,2323,2020-05-26,193.5,1.3,15.7,108.9,5.4,87.1,4.7,106.9,9.3,56.7,17.5,10.9,323.1,167.8,25.4,44.4,27.9,187.3,77.4,462.7,1.8,3.7,1.3,218.0,1.6,86.7,7.6,184.3,253.8,1.2,318.9,176.3,4.3,425.3,36.3,120.2,3771.6,2020,5,26,1,2,7546.800000000001,0.9537823556952764,7200.442857142857,6470.550000000001
Dharamshala,2020-05-27,6.8256,28.65,34.42,2.69,285.4326782238401,2916.9235397521443,0.2201191109291045,3.1892448036591685,2324,2020-05-27,194.8,1.4,17.8,79.3,5.5,86.7,4.8,110.4,9.2,53.8,17.3,10.8,321.1,168.2,25.6,41.3,24.4,187.0,77.7,460.7,1.8,4.2,1.6,218.3,1.8,88.2,8.2,182.7,260.7,1.2,324.6,176.9,1.9,395.3,35.5,104.6,3705.2999999999993,2020,5,27,2,2,7410.5999999999985,-1.804738432183206,7295.228571428571,6534.8966666666665
Dharamshala,2020-05-28,4.637,27.22,42.79,1.32,370.26235136925806,3788.58341870952,0.2892487116306813,4.893855943973852,2325,2020-05-28,195.4,1.6,23.4,79.0,5.0,90.0,4.6,105.6,9.4,51.7,16.8,10.7,321.5,139.3,24.2,43.3,22.2,192.1,74.3,457.3,2.2,4.8,1.3,210.9,2.1,79.3,7.8,150.3,249.4,1.3,307.0,180.5,3.2,350.0,34.1,89.8,3541.4000000000005,2020,5,28,3,2,7082.800000000001,-4.42339351739397,7329.457142857143,6582.003333333333
Dharamshala,2020-05-29,5.6052,25.64,48.04,1.49,478.5977366602617,4896.060546520335,0.3660857445467344,5.9730673078322445,2326,2020-05-29,193.3,1.9,24.0,95.5,4.3,82.5,4.8,88.4,8.9,53.7,17.4,10.9,323.9,109.0,24.7,44.1,23.4,192.8,69.8,462.6,2.5,5.2,1.4,203.7,2.1,73.6,7.8,134.0,250.1,1.2,298.8,182.4,3.2,337.1,33.8,113.9,3483.6000000000004,2020,5,29,4,2,6970.300000000001,-1.5883548878974365,7306.014285714286,6623.58
Dharamshala,2020-05-30,4.465,22.35,62.84,1.93,301.15681564388825,3078.7466348776184,0.2278651475883544,3.790631005788724,2327,2020-05-30,186.4,1.9,25.6,91.0,3.4,74.6,4.8,73.3,9.3,53.2,17.6,10.6,326.5,96.1,19.6,41.8,24.9,183.5,70.5,461.2,2.5,5.4,1.7,206.0,2.0,75.1,8.0,127.5,186.9,1.2,306.6,164.0,3.6,282.0,28.2,129.5,3306.0,2020,5,30,5,2,6612.0,-5.140381332223876,7206.800000000001,6646.9766666666665
Dharamshala,2020-05-31,2.8668,19.74,77.94,1.33,249.73370133051708,2553.9185660072176,0.1841215946829328,2.8606834218397292,2328,2020-05-31,184.1,2.0,25.1,78.0,3.4,74.0,4.4,73.3,9.1,48.3,16.0,9.1,319.2,96.1,19.6,41.8,21.2,168.5,63.5,443.5,2.2,5.5,1.7,204.8,2.2,84.9,7.2,127.5,186.9,0.9,288.5,145.9,4.1,282.0,28.2,120.4,3193.1000000000004,2020,5,31,6,2,6386.200000000001,-3.415003024803376,7069.171428571429,6664.65
Dharamshala,2020-06-01,4.0771,21.53,60.93,1.31,241.33120264978788,2466.919523359967,0.18384629539216754,2.8114872508835966,2329,2020-06-01,178.2,1.6,24.2,94.1,3.9,72.7,4.5,74.6,9.2,54.9,15.9,9.1,325.4,109.4,22.7,41.3,20.3,164.5,68.3,388.3,2.5,5.2,1.5,200.7,2.2,80.3,7.7,134.9,197.4,1.2,303.3,138.5,4.4,331.0,29.4,123.1,3246.4,2020,6,1,0,2,6492.8,1.669224264821012,6928.785714285716,6681.33
Dharamshala,2020-06-02,4.7801,22.68,56.89,1.69,310.66454541812976,3176.1546364767623,0.2262529446429115,4.039883290228578,2330,2020-06-02,172.0,2.0,24.8,99.6,4.0,73.7,4.6,81.1,9.2,57.9,17.8,8.2,314.4,119.1,24.3,42.7,23.6,155.9,65.6,374.1,2.4,5.0,1.6,184.4,2.2,75.6,7.7,141.5,201.2,1.3,305.1,140.2,4.4,348.7,33.2,130.9,3255.8,2020,6,2,1,2,6515.799999999999,0.3542385411532622,6781.5,6701.130000000001
Dharamshala,2020-06-03,5.4763,23.27,57.88,1.4,313.6845465959038,3207.1259654874643,0.23081798780294885,4.1373462709369155,2331,2020-06-03,175.3,2.0,23.2,106.7,4.1,76.8,2.8,85.7,7.1,59.6,17.4,7.7,301.9,127.1,24.6,43.3,26.6,144.6,65.6,288.2,2.6,5.2,1.4,182.9,2.3,77.0,7.7,140.0,203.8,1.3,311.9,139.7,4.4,365.4,35.3,138.6,3205.5,2020,6,3,2,2,6415.300000000001,-1.542404616470705,6639.314285714287,6714.986666666667
Dharamshala,2020-06-04,5.0158,23.85,53.8,1.63,348.81831807760136,3567.7541219780264,0.2645036245518558,4.582115335423527,2332,2020-06-04,174.3,2.0,23.9,100.7,4.1,76.4,4.1,85.1,8.9,59.5,17.7,8.4,298.3,126.0,24.9,44.4,25.0,166.4,66.3,283.6,2.4,5.1,1.7,143.2,2.3,79.6,7.7,146.5,201.2,1.4,319.5,142.8,4.4,342.0,35.1,148.8,3179.4,2020,6,4,3,2,6363.1,-0.8136797967359444,6536.5,6723.79
Dharamshala,2020-06-05,4.7724,22.24,65.86,1.28,324.3144980561957,3316.573958372721,0.24530647431597363,4.187136047529455,2333,2020-06-05,181.6,1.9,26.0,74.0,3.9,74.9,4.9,81.0,10.0,61.1,17.4,8.8,288.9,121.4,25.3,42.8,24.7,177.3,66.4,335.2,2.5,5.3,1.7,149.8,2.2,84.5,7.6,151.0,198.0,1.4,321.4,149.2,3.2,284.9,32.9,141.3,3164.4,2020,6,5,4,2,6328.799999999999,-0.5390454338294437,6444.857142857143,6731.493333333333
Dharamshala,2020-06-06,3.5434,21.62,71.63,1.46,273.06653265259115,2792.8550195045905,0.20928817963404567,3.4253800892322954,2334,2020-06-06,186.6,1.7,24.2,85.3,3.9,76.5,5.1,80.2,10.0,62.3,12.4,8.4,279.5,129.4,24.7,35.0,26.5,175.2,64.2,357.0,2.4,4.5,1.7,162.3,2.1,93.9,7.6,143.4,206.1,1.4,299.3,153.9,4.3,324.9,34.2,157.4,3247.5000000000005,2020,6,6,5,2,6495.000000000001,2.626090254076629,6428.142857142857,6743.356666666668
Ranchi,2020-05-15,6.888,30.62,44.57,2.05,281.8991603902216,2879.8562655433675,0.21432107508880857,2.9989196322598706,2312,2020-05-15,181.9,2.0,22.2,100.6,3.4,79.4,4.2,72.0,7.5,49.7,13.9,10.0,306.3,120.4,21.9,43.2,23.2,209.5,71.9,405.5,2.3,5.1,1.6,202.9,2.1,81.2,8.5,121.2,219.7,1.2,303.5,156.8,3.9,339.7,30.1,145.2,3368.9,2020,5,15,4,2,6742.599999999999,1.589549652709743,6476.0,6003.933333333334
Ranchi,2020-05-16,6.5234,31.44,41.99,1.95,293.8778807796024,3002.1393577453105,0.21217020889626623,3.175236474799966,2313,2020-05-16,185.5,1.9,22.1,101.9,3.5,76.5,4.3,73.3,7.6,53.0,16.2,8.9,306.5,128.5,22.4,43.8,25.9,204.1,71.2,405.1,2.2,5.1,1.5,205.5,2.4,81.3,8.5,129.8,225.2,0.9,296.5,152.8,3.9,350.6,30.5,151.7,3405.6,2020,5,16,5,2,6816.200000000001,1.09156705128588,6511.099999999999,6033.223333333333
Ranchi,2020-05-17,6.6595,30.87,39.76,2.0,312.96183204783614,3200.565600194744,0.23886852248987903,3.7662443065004467,2314,2020-05-17,177.6,1.9,21.5,101.6,3.4,75.7,3.8,75.7,7.3,51.4,16.3,9.1,299.7,128.2,20.6,43.0,26.3,192.5,63.7,404.9,2.4,4.8,1.5,204.5,2.2,81.3,8.5,135.7,220.8,0.9,277.3,144.2,3.9,361.1,28.0,149.0,3344.7,2020,5,17,6,2,6695.0,-1.77811683929463,6590.5142857142855,6057.35
Ranchi,2020-05-18,6.817,30.92,35.2,2.35,222.99702127311505,2278.668814254924,0.15902588630644315,2.463815608425709,2315,2020-05-18,174.1,1.9,27.6,105.9,3.8,76.3,4.2,78.7,7.4,52.9,14.9,10.3,303.5,135.5,22.4,43.3,26.9,169.2,63.3,418.3,2.6,5.0,1.5,205.3,2.1,83.4,8.5,142.3,225.6,1.3,270.5,149.5,3.9,367.1,30.6,157.7,3391.9,2020,5,18,0,2,6789.2,1.40702016430172,6685.128571428571,6089.726666666667
Ranchi,2020-05-19,4.7239,29.46,43.98,2.39,267.4625583268417,2732.640628746392,0.19740737122800353,3.1133584237305145,2316,2020-05-19,164.7,1.9,30.9,102.2,3.9,76.2,4.4,81.3,7.9,52.7,14.8,10.5,307.0,134.0,23.6,44.2,26.5,174.0,65.6,420.9,2.6,5.2,1.7,208.3,2.1,74.2,8.5,143.6,231.8,1.2,274.7,151.3,3.9,370.6,31.7,148.2,3401.3,2020,5,19,1,2,6808.099999999999,0.2783833146762227,6730.228571428571,6125.856666666668
Ranchi,2020-05-20,1.7916,26.07,62.45,4.67,314.0457938884043,3215.0632596869136,0.24007292401894353,4.604665450162271,2317,2020-05-20,175.5,2.0,28.4,93.3,4.0,74.8,4.4,82.3,8.1,47.3,15.0,10.6,308.6,139.8,23.8,45.3,19.3,188.0,70.1,426.2,2.4,5.0,1.6,203.8,2.2,57.4,8.5,145.4,230.0,1.2,296.7,159.8,3.9,383.2,32.9,75.1,3371.2000000000003,2020,5,20,2,2,6747.1,-0.8959915394897044,6747.9,6159.816666666667
Ranchi,2020-05-21,4.2427,27.28,58.52,3.56,484.46085482791665,4956.921158773319,0.37877404931821124,6.39677026960725,2318,2020-05-21,186.9,2.1,20.2,81.6,4.2,78.0,4.5,84.8,8.2,47.3,16.6,10.6,316.6,142.4,24.3,43.4,17.4,196.5,71.2,434.5,2.8,4.4,1.5,207.2,2.3,70.0,8.5,160.4,233.5,1.1,302.2,166.9,3.9,382.7,33.7,51.5,3419.3,2020,5,21,3,2,6843.2,1.4243156319011074,6777.342857142857,6201.990000000001
Ranchi,2020-05-22,7.4837,30.06,35.24,1.81,309.5809210920232,3166.017998627707,0.23995086973168883,3.8626216955439454,2319,2020-05-22,192.3,2.0,21.7,92.5,4.5,79.2,4.5,91.7,8.6,52.5,16.3,10.3,317.1,154.5,24.8,44.9,23.5,201.3,72.4,442.1,2.4,4.7,1.7,209.3,2.3,77.2,8.5,168.2,237.2,1.3,306.5,173.3,3.9,402.6,35.2,78.3,3565.1,2020,5,22,4,2,7134.4,4.255319148936176,6833.314285714286,6246.483333333334
Ranchi,2020-05-23,6.9031,31.0,36.57,1.64,380.9419243993407,3896.9444239727577,0.2933331639016568,4.962811838029397,2320,2020-05-23,195.9,1.5,23.6,98.6,4.6,79.4,4.6,95.2,8.1,54.7,16.5,10.7,315.2,158.0,24.1,41.2,27.3,201.2,74.0,443.5,2.5,5.1,1.4,216.6,2.1,84.5,8.5,171.0,244.1,1.3,311.9,168.1,3.9,417.5,36.1,102.9,3651.1,2020,5,23,5,2,7306.5,2.4122561112357,6903.357142857143,6295.37
Ranchi,2020-05-24,6.7963,32.81,37.15,2.45,331.3531300728466,3390.319078053461,0.2597622941068829,4.231194467057071,2321,2020-05-24,194.0,1.6,22.9,109.2,4.5,83.8,4.1,98.0,8.7,55.0,17.3,10.0,312.2,154.3,22.4,46.2,27.7,192.6,69.7,447.4,2.4,4.6,1.6,216.2,2.1,85.0,7.6,168.3,245.8,0.9,302.2,172.3,4.3,426.9,34.6,118.4,3674.8,2020,5,24,6,2,7349.6,0.589885718196137,6996.871428571429,6345.823333333334
Ranchi,2020-05-25,5.982,33.54,34.18,2.53,374.5515346174102,3834.449084009233,0.29073825950854004,5.1105555840430945,2322,2020-05-25,191.6,1.5,20.0,105.8,5.0,85.8,4.4,101.5,9.0,55.3,17.3,10.6,319.8,162.7,24.5,47.4,28.3,200.9,75.9,457.9,2.4,4.3,1.7,220.3,2.1,85.8,7.6,175.9,249.6,1.1,306.3,177.1,4.3,426.5,36.1,113.4,3735.8,2020,5,25,0,2,7475.500000000001,1.7130183955589515,7094.914285714285,6401.906666666667
Ranchi,2020-05-26,5.7065,34.32,34.8,2.91,332.76243708534076,3403.815119968726,0.25744746328390405,4.12586275347288,2323,2020-05-26,193.5,1.3,15.7,108.9,5.4,87.1,4.7,106.9,9.3,56.7,17.5,10.9,323.1,167.8,25.4,44.4,27.9,187.3,77.4,462.7,1.8,3.7,1.3,218.0,1.6,86.7,7.6,184.3,253.8,1.2,318.9,176.3,4.3,425.3,36.3,120.2,3771.6,2020,5,26,1,2,7546.800000000001,0.9537823556952764,7200.442857142857,6470.550000000001
Ranchi,2020-05-27,5.9419,33.74,29.97,2.91,285.4326782238401,2916.9235397521443,0.2201191109291045,3.1892448036591685,2324,2020-05-27,194.8,1.4,17.8,79.3,5.5,86.7,4.8,110.4,9.2,53.8,17.3,10.8,321.1,168.2,25.6,41.3,24.4,187.0,77.7,460.7,1.8,4.2,1.6,218.3,1.8,88.2,8.2,182.7,260.7,1.2,324.6,176.9,1.9,395.3,35.5,104.6,3705.2999999999993,2020,5,27,2,2,7410.5999999999985,-1.804738432183206,7295.228571428571,6534.8966666666665
Ranchi,2020-05-28,4.201,32.52,35.57,2.01,370.26235136925806,3788.58341870952,0.2892487116306813,4.893855943973852,2325,2020-05-28,195.4,1.6,23.4,79.0,5.0,90.0,4.6,105.6,9.4,51.7,16.8,10.7,321.5,139.3,24.2,43.3,22.2,192.1,74.3,457.3,2.2,4.8,1.3,210.9,2.1,79.3,7.8,150.3,249.4,1.3,307.0,180.5,3.2,350.0,34.1,89.8,3541.4000000000005,2020,5,28,3,2,7082.800000000001,-4.42339351739397,7329.457142857143,6582.003333333333
Ranchi,2020-05-29,6.1082,30.71,55.41,1.74,478.5977366602617,4896.060546520335,0.3660857445467344,5.9730673078322445,2326,2020-05-29,193.3,1.9,24.0,95.5,4.3,82.5,4.8,88.4,8.9,53.7,17.4,10.9,323.9,109.0,24.7,44.1,23.4,192.8,69.8,462.6,2.5,5.2,1.4,203.7,2.1,73.6,7.8,134.0,250.1,1.2,298.8,182.4,3.2,337.1,33.8,113.9,3483.6000000000004,2020,5,29,4,2,6970.300000000001,-1.5883548878974365,7306.014285714286,6623.58
Ranchi,2020-05-30,6.1322,30.3,52.61,2.07,301.15681564388825,3078.7466348776184,0.2278651475883544,3.790631005788724,2327,2020-05-30,186.4,1.9,25.6,91.0,3.4,74.6,4.8,73.3,9.3,53.2,17.6,10.6,326.5,96.1,19.6,41.8,24.9,183.5,70.5,461.2,2.5,5.4,1.7,206.0,2.0,75.1,8.0,127.5,186.9,1.2,306.6,164.0,3.6,282.0,28.2,129.5,3306.0,2020,5,30,5,2,6612.0,-5.140381332223876,7206.800000000001,6646.9766666666665
Ranchi,2020-05-31,5.6405,29.99,56.75,1.34,249.73370133051708,2553.9185660072176,0.1841215946829328,2.8606834218397292,2328,2020-05-31,184.1,2.0,25.1,78.0,3.4,74.0,4.4,73.3,9.1,48.3,16.0,9.1,319.2,96.1,19.6,41.8,21.2,168.5,63.5,443.5,2.2,5.5,1.7,204.8,2.2,84.9,7.2,127.5,186.9,0.9,288.5,145.9,4.1,282.0,28.2,120.4,3193.1000000000004,2020,5,31,6,2,6386.200000000001,-3.415003024803376,7069.171428571429,6664.65
Ranchi,2020-06-01,5.8829,27.86,67.07,2.78,241.33120264978788,2466.919523359967,0.18384629539216754,2.8114872508835966,2329,2020-06-01,178.2,1.6,24.2,94.1,3.9,72.7,4.5,74.6,9.2,54.9,15.9,9.1,325.4,109.4,22.7,41.3,20.3,164.5,68.3,388.3,2.5,5.2,1.5,200.7,2.2,80.3,7.7,134.9,197.4,1.2,303.3,138.5,4.4,331.0,29.4,123.1,3246.4,2020,6,1,0,2,6492.8,1.669224264821012,6928.785714285716,6681.33
Ranchi,2020-06-02,4.3538,26.94,67.59,1.74,310.66454541812976,3176.1546364767623,0.2262529446429115,4.039883290228578,2330,2020-06-02,172.0,2.0,24.8,99.6,4.0,73.7,4.6,81.1,9.2,57.9,17.8,8.2,314.4,119.1,24.3,42.7,23.6,155.9,65.6,374.1,2.4,5.0,1.6,184.4,2.2,75.6,7.7,141.5,201.2,1.3,305.1,140.2,4.4,348.7,33.2,130.9,3255.8,2020,6,2,1,2,6515.799999999999,0.3542385411532622,6781.5,6701.130000000001
Ranchi,2020-06-03,4.4678,27.01,61.71,1.85,313.6845465959038,3207.1259654874643,0.23081798780294885,4.1373462709369155,2331,2020-06-03,175.3,2.0,23.2,106.7,4.1,76.8,2.8,85.7,7.1,59.6,17.4,7.7,301.9,127.1,24.6,43.3,26.6,144.6,65.6,288.2,2.6,5.2,1.4,182.9,2.3,77.0,7.7,140.0,203.8,1.3,311.9,139.7,4.4,365.4,35.3,138.6,3205.5,2020,6,3,2,2,6415.300000000001,-1.542404616470705,6639.314285714287,6714.986666666667
Ranchi,2020-06-04,4.4662,26.81,67.45,1.47,348.81831807760136,3567.7541219780264,0.2645036245518558,4.582115335423527,2332,2020-06-04,174.3,2.0,23.9,100.7,4.1,76.4,4.1,85.1,8.9,59.5,17.7,8.4,298.3,126.0,24.9,44.4,25.0,166.4,66.3,283.6,2.4,5.1,1.7,143.2,2.3,79.6,7.7,146.5,201.2,1.4,319.5,142.8,4.4,342.0,35.1,148.8,3179.4,2020,6,4,3,2,6363.1,-0.8136797967359444,6536.5,6723.79
Ranchi,2020-06-05,4.6987,27.98,67.39,3.9,324.3144980561957,3316.573958372721,0.24530647431597363,4.187136047529455,2333,2020-06-05,181.6,1.9,26.0,74.0,3.9,74.9,4.9,81.0,10.0,61.1,17.4,8.8,288.9,121.4,25.3,42.8,24.7,177.3,66.4,335.2,2.5,5.3,1.7,149.8,2.2,84.5,7.6,151.0,198.0,1.4,321.4,149.2,3.2,284.9,32.9,141.3,3164.4,2020,6,5,4,2,6328.799999999999,-0.5390454338294437,6444.857142857143,6731.493333333333
Ranchi,2020-06-06,6.6684,28.12,60.42,2.36,273.06653265259115,2792.8550195045905,0.20928817963404567,3.4253800892322954,2334,2020-06-06,186.6,1.7,24.2,85.3,3.9,76.5,5.1,80.2,10.0,62.3,12.4,8.4,279.5,129.4,24.7,35.0,26.5,175.2,64.2,357.0,2.4,4.5,1.7,162.3,2.1,93.9,7.6,143.4,206.1,1.4,299.3,153.9,4.3,324.9,34.2,157.4,3247.5000000000005,2020,6,6,5,2,6495.000000000001,2.626090254076629,6428.142857142857,6743.356666666668
Thiruvananthapuram,2020-05-15,5.4394,27.65,89.58,4.25,281.8991603902216,2879.8562655433675,0.21432107508880857,2.9989196322598706,2312,2020-05-15,181.9,2.0,22.2,100.6,3.4,79.4,4.2,72.0,7.5,49.7,13.9,10.0,306.3,120.4,21.9,43.2,23.2,209.5,71.9,405.5,2.3,5.1,1.6,202.9,2.1,81.2,8.5,121.2,219.7,1.2,303.5,156.8,3.9,339.7,30.1,145.2,3368.9,2020,5,15,4,2,6742.599999999999,1.589549652709743,6476.0,6003.933333333334
Thiruvananthapuram,2020-05-16,4.1081,28.22,84.34,4.16,293.8778807796024,3002.1393577453105,0.21217020889626623,3.175236474799966,2313,2020-05-16,185.5,1.9,22.1,101.9,3.5,76.5,4.3,73.3,7.6,53.0,16.2,8.9,306.5,128.5,22.4,43.8,25.9,204.1,71.2,405.1,2.2,5.1,1.5,205.5,2.4,81.3,8.5,129.8,225.2,0.9,296.5,152.8,3.9,350.6,30.5,151.7,3405.6,2020,5,16,5,2,6816.200000000001,1.09156705128588,6511.099999999999,6033.223333333333
Thiruvananthapuram,2020-05-17,4.147,28.68,82.52,5.42,312.96183204783614,3200.565600194744,0.23886852248987903,3.7662443065004467,2314,2020-05-17,177.6,1.9,21.5,101.6,3.4,75.7,3.8,75.7,7.3,51.4,16.3,9.1,299.7,128.2,20.6,43.0,26.3,192.5,63.7,404.9,2.4,4.8,1.5,204.5,2.2,81.3,8.5,135.7,220.8,0.9,277.3,144.2,3.9,361.1,28.0,149.0,3344.7,2020,5,17,6,2,6695.0,-1.77811683929463,6590.5142857142855,6057.35
Thiruvananthapuram,2020-05-18,2.6098,27.78,86.66,5.99,222.99702127311505,2278.668814254924,0.15902588630644315,2.463815608425709,2315,2020-05-18,174.1,1.9,27.6,105.9,3.8,76.3,4.2,78.7,7.4,52.9,14.9,10.3,303.5,135.5,22.4,43.3,26.9,169.2,63.3,418.3,2.6,5.0,1.5,205.3,2.1,83.4,8.5,142.3,225.6,1.3,270.5,149.5,3.9,367.1,30.6,157.7,3391.9,2020,5,18,0,2,6789.2,1.40702016430172,6685.128571428571,6089.726666666667
Thiruvananthapuram,2020-05-19,4.2751,28.29,85.55,5.52,267.4625583268417,2732.640628746392,0.19740737122800353,3.1133584237305145,2316,2020-05-19,164.7,1.9,30.9,102.2,3.9,76.2,4.4,81.3,7.9,52.7,14.8,10.5,307.0,134.0,23.6,44.2,26.5,174.0,65.6,420.9,2.6,5.2,1.7,208.3,2.1,74.2,8.5,143.6,231.8,1.2,274.7,151.3,3.9,370.6,31.7,148.2,3401.3,2020,5,19,1,2,6808.099999999999,0.2783833146762227,6730.228571428571,6125.856666666668
Thiruvananthapuram,2020-05-20,5.4142,28.79,82.27,5.37,314.0457938884043,3215.0632596869136,0.24007292401894353,4.604665450162271,2317,2020-05-20,175.5,2.0,28.4,93.3,4.0,74.8,4.4,82.3,8.1,47.3,15.0,10.6,308.6,139.8,23.8,45.3,19.3,188.0,70.1,426.2,2.4,5.0,1.6,203.8,2.2,57.4,8.5,145.4,230.0,1.2,296.7,159.8,3.9,383.2,32.9,75.1,3371.2000000000003,2020,5,20,2,2,6747.1,-0.8959915394897044,6747.9,6159.816666666667
Thiruvananthapuram,2020-05-21,1.7059,27.77,82.02,4.21,484.46085482791665,4956.921158773319,0.37877404931821124,6.39677026960725,2318,2020-05-21,186.9,2.1,20.2,81.6,4.2,78.0,4.5,84.8,8.2,47.3,16.6,10.6,316.6,142.4,24.3,43.4,17.4,196.5,71.2,434.5,2.8,4.4,1.5,207.2,2.3,70.0,8.5,160.4,233.5,1.1,302.2,166.9,3.9,382.7,33.7,51.5,3419.3,2020,5,21,3,2,6843.2,1.4243156319011074,6777.342857142857,6201.990000000001
Thiruvananthapuram,2020-05-22,5.4415,27.9,80.21,4.1,309.5809210920232,3166.017998627707,0.23995086973168883,3.8626216955439454,2319,2020-05-22,192.3,2.0,21.7,92.5,4.5,79.2,4.5,91.7,8.6,52.5,16.3,10.3,317.1,154.5,24.8,44.9,23.5,201.3,72.4,442.1,2.4,4.7,1.7,209.3,2.3,77.2,8.5,168.2,237.2,1.3,306.5,173.3,3.9,402.6,35.2,78.3,3565.1,2020,5,22,4,2,7134.4,4.255319148936176,6833.314285714286,6246.483333333334
Thiruvananthapuram,2020-05-23,6.1718,28.43,84.06,4.21,380.9419243993407,3896.9444239727577,0.2933331639016568,4.962811838029397,2320,2020-05-23,195.9,1.5,23.6,98.6,4.6,79.4,4.6,95.2,8.1,54.7,16.5,10.7,315.2,158.0,24.1,41.2,27.3,201.2,74.0,443.5,2.5,5.1,1.4,216.6,2.1,84.5,8.5,171.0,244.1,1.3,311.9,168.1,3.9,417.5,36.1,102.9,3651.1,2020,5,23,5,2,7306.5,2.4122561112357,6903.357142857143,6295.37
Thiruvananthapuram,2020-05-24,5.7521,28.52,85.58,5.06,331.3531300728466,3390.319078053461,0.2597622941068829,4.231194467057071,2321,2020-05-24,194.0,1.6,22.9,109.2,4.5,83.8,4.1,98.0,8.7,55.0,17.3,10.0,312.2,154.3,22.4,46.2,27.7,192.6,69.7,447.4,2.4,4.6,1.6,216.2,2.1,85.0,7.6,168.3,245.8,0.9,302.2,172.3,4.3,426.9,34.6,118.4,3674.8,2020,5,24,6,2,7349.6,0.589885718196137,6996.871428571429,6345.823333333334
Thiruvananthapuram,2020-05-25,5.4461,28.29,86.18,3.75,374.5515346174102,3834.449084009233,0.29073825950854004,5.1105555840430945,2322,2020-05-25,191.6,1.5,20.0,105.8,5.0,85.8,4.4,101.5,9.0,55.3,17.3,10.6,319.8,162.7,24.5,47.4,28.3,200.9,75.9,457.9,2.4,4.3,1.7,220.3,2.1,85.8,7.6,175.9,249.6,1.1,306.3,177.1,4.3,426.5,36.1,113.4,3735.8,2020,5,25,0,2,7475.500000000001,1.7130183955589515,7094.914285714285,6401.906666666667
Thiruvananthapuram,2020-05-26,5.9261,28.07,87.66,3.45,332.76243708534076,3403.815119968726,0.25744746328390405,4.12586275347288,2323,2020-05-26,193.5,1.3,15.7,108.9,5.4,87.1,4.7,106.9,9.3,56.7,17.5,10.9,323.1,167.8,25.4,44.4,27.9,187.3,77.4,462.7,1.8,3.7,1.3,218.0,1.6,86.7,7.6,184.3,253.8,1.2,318.9,176.3,4.3,425.3,36.3,120.2,3771.6,2020,5,26,1,2,7546.800000000001,0.9537823556952764,7200.442857142857,6470.550000000001
Thiruvananthapuram,2020-05-27,4.5998,28.31,87.58,3.2,285.4326782238401,2916.9235397521443,0.2201191109291045,3.1892448036591685,2324,2020-05-27,194.8,1.4,17.8,79.3,5.5,86.7,4.8,110.4,9.2,53.8,17.3,10.8,321.1,168.2,25.6,41.3,24.4,187.0,77.7,460.7,1.8,4.2,1.6,218.3,1.8,88.2,8.2,182.7,260.7,1.2,324.6,176.9,1.9,395.3,35.5,104.6,3705.2999999999993,2020,5,27,2,2,7410.5999999999985,-1.804738432183206,7295.228571428571,6534.8966666666665
Thiruvananthapuram,2020-05-28,3.8045,27.95,89.27,3.23,370.26235136925806,3788.58341870952,0.2892487116306813,4.893855943973852,2325,2020-05-28,195.4,1.6,23.4,79.0,5.0,90.0,4.6,105.6,9.4,51.7,16.8,10.7,321.5,139.3,24.2,43.3,22.2,192.1,74.3,457.3,2.2,4.8,1.3,210.9,2.1,79.3,7.8,150.3,249.4,1.3,307.0,180.5,3.2,350.0,34.1,89.8,3541.4000000000005,2020,5,28,3,2,7082.800000000001,-4.42339351739397,7329.457142857143,6582.003333333333
Thiruvananthapuram,2020-05-29,2.3095,27.69,85.26,3.06,478.5977366602617,4896.060546520335,0.3660857445467344,5.9730673078322445,2326,2020-05-29,193.3,1.9,24.0,95.5,4.3,82.5,4.8,88.4,8.9,53.7,17.4,10.9,323.9,109.0,24.7,44.1,23.4,192.8,69.8,462.6,2.5,5.2,1.4,203.7,2.1,73.6,7.8,134.0,250.1,1.2,298.8,182.4,3.2,337.1,33.8,113.9,3483.6000000000004,2020,5,29,4,2,6970.300000000001,-1.5883548878974365,7306.014285714286,6623.58
Thiruvananthapuram,2020-05-30,5.3287,27.03,86.86,2.78,301.15681564388825,3078.7466348776184,0.2278651475883544,3.790631005788724,2327,2020-05-30,186.4,1.9,25.6,91.0,3.4,74.6,4.8,73.3,9.3,53.2,17.6,10.6,326.5,96.1,19.6,41.8,24.9,183.5,70.5,461.2,2.5,5.4,1.7,206.0,2.0,75.1,8.0,127.5,186.9,1.2,306.6,164.0,3.6,282.0,28.2,129.5,3306.0,2020,5,30,5,2,6612.0,-5.140381332223876,7206.800000000001,6646.9766666666665
Thiruvananthapuram,2020-05-31,5.8915,27.23,88.07,3.94,249.73370133051708,2553.9185660072176,0.1841215946829328,2.8606834218397292,2328,2020-05-31,184.1,2.0,25.1,78.0,3.4,74.0,4.4,73.3,9.1,48.3,16.0,9.1,319.2,96.1,19.6,41.8,21.2,168.5,63.5,443.5,2.2,5.5,1.7,204.8,2.2,84.9,7.2,127.5,186.9,0.9,288.5,145.9,4.1,282.0,28.2,120.4,3193.1000000000004,2020,5,31,6,2,6386.200000000001,-3.415003024803376,7069.171428571429,6664.65
Thiruvananthapuram,2020-06-01,4.842,27.39,87.07,3.61,241.33120264978788,2466.919523359967,0.18384629539216754,2.8114872508835966,2329,2020-06-01,178.2,1.6,24.2,94.1,3.9,72.7,4.5,74.6,9.2,54.9,15.9,9.1,325.4,109.4,22.7,41.3,20.3,164.5,68.3,388.3,2.5,5.2,1.5,200.7,2.2,80.3,7.7,134.9,197.4,1.2,303.3,138.5,4.4,331.0,29.4,123.1,3246.4,2020,6,1,0,2,6492.8,1.669224264821012,6928.785714285716,6681.33
Thiruvananthapuram,2020-06-02,3.4805,27.18,86.73,3.61,310.66454541812976,3176.1546364767623,0.2262529446429115,4.039883290228578,2330,2020-06-02,172.0,2.0,24.8,99.6,4.0,73.7,4.6,81.1,9.2,57.9,17.8,8.2,314.4,119.1,24.3,42.7,23.6,155.9,65.6,374.1,2.4,5.0,1.6,184.4,2.2,75.6,7.7,141.5,201.2,1.3,305.1,140.2,4.4,348.7,33.2,130.9,3255.8,2020,6,2,1,2,6515.799999999999,0.3542385411532622,6781.5,6701.130000000001
Thiruvananthapuram,2020-06-03,5.6506,27.08,86.57,3.5,313.6845465959038,3207.1259654874643,0.23081798780294885,4.1373462709369155,2331,2020-06-03,175.3,2.0,23.2,106.7,4.1,76.8,2.8,85.7,7.1,59.6,17.4,7.7,301.9,127.1,24.6,43.3,26.6,144.6,65.6,288.2,2.6,5.2,1.4,182.9,2.3,77.0,7.7,140.0,203.8,1.3,311.9,139.7,4.4,365.4,35.3,138.6,3205.5,2020,6,3,2,2,6415.300000000001,-1.542404616470705,6639.314285714287,6714.986666666667
Thiruvananthapuram,2020-06-04,5.4797,27.64,84.03,3.78,348.81831807760136,3567.7541219780264,0.2645036245518558,4.582115335423527,2332,2020-06-04,174.3,2.0,23.9,100.7,4.1,76.4,4.1,85.1,8.9,59.5,17.7,8.4,298.3,126.0,24.9,44.4,25.0,166.4,66.3,283.6,2.4,5.1,1.7,143.2,2.3,79.6,7.7,146.5,201.2,1.4,319.5,142.8,4.4,342.0,35.1,148.8,3179.4,2020,6,4,3,2,6363.1,-0.8136797967359444,6536.5,6723.79
Thiruvananthapuram,2020-06-05,4.0829,27.77,86.46,4.52,324.3144980561957,3316.573958372721,0.24530647431597363,4.187136047529455,2333,2020-06-05,181.6,1.9,26.0,74.0,3.9,74.9,4.9,81.0,10.0,61.1,17.4,8.8,288.9,121.4,25.3,42.8,24.7,177.3,66.4,335.2,2.5,5.3,1.7,149.8,2.2,84.5,7.6,151.0,198.0,1.4,321.4,149.2,3.2,284.9,32.9,141.3,3164.4,2020,6,5,4,2,6328.799999999999,-0.5390454338294437,6444.857142857143,6731.493333333333
Thiruvananthapuram,2020-06-06,2.7454,27.43,82.67,4.59,273.06653265259115,2792.8550195045905,0.20928817963404567,3.4253800892322954,2334,2020-06-06,186.6,1.7,24.2,85.3,3.9,76.5,5.1,80.2,10.0,62.3,12.4,8.4,279.5,129.4,24.7,35.0,26.5,175.2,64.2,357.0,2.4,4.5,1.7,162.3,2.1,93.9,7.6,143.4,206.1,1.4,299.3,153.9,4.3,324.9,34.2,157.4,3247.5000000000005,2020,6,6,5,2,6495.000000000001,2.626090254076629,6428.142857142857,6743.356666666668
Bhopal,2020-05-15,6.2899,35.59,24.96,2.08,281.8991603902216,2879.8562655433675,0.21432107508880857,2.9989196322598706,2312,2020-05-15,181.9,2.0,22.2,100.6,3.4,79.4,4.2,72.0,7.5,49.7,13.9,10.0,306.3,120.4,21.9,43.2,23.2,209.5,71.9,405.5,2.3,5.1,1.6,202.9,2.1,81.2,8.5,121.2,219.7,1.2,303.5,156.8,3.9,339.7,30.1,145.2,3368.9,2020,5,15,4,2,6742.599999999999,1.589549652709743,6476.0,6003.933333333334
Bhopal,2020-05-16,6.4428,35.42,24.51,2.25,293.8778807796024,3002.1393577453105,0.21217020889626623,3.175236474799966,2313,2020-05-16,185.5,1.9,22.1,101.9,3.5,76.5,4.3,73.3,7.6,53.0,16.2,8.9,306.5,128.5,22.4,43.8,25.9,204.1,71.2,405.1,2.2,5.1,1.5,205.5,2.4,81.3,8.5,129.8,225.2,0.9,296.5,152.8,3.9,350.6,30.5,151.7,3405.6,2020,5,16,5,2,6816.200000000001,1.09156705128588,6511.099999999999,6033.223333333333
Bhopal,2020-05-17,6.9024,35.48,23.73,1.81,312.96183204783614,3200.565600194744,0.23886852248987903,3.7662443065004467,2314,2020-05-17,177.6,1.9,21.5,101.6,3.4,75.7,3.8,75.7,7.3,51.4,16.3,9.1,299.7,128.2,20.6,43.0,26.3,192.5,63.7,404.9,2.4,4.8,1.5,204.5,2.2,81.3,8.5,135.7,220.8,0.9,277.3,144.2,3.9,361.1,28.0,149.0,3344.7,2020,5,17,6,2,6695.0,-1.77811683929463,6590.5142857142855,6057.35
Bhopal,2020-05-18,6.8906,34.64,21.68,3.55,222.99702127311505,2278.668814254924,0.15902588630644315,2.463815608425709,2315,2020-05-18,174.1,1.9,27.6,105.9,3.8,76.3,4.2,78.7,7.4,52.9,14.9,10.3,303.5,135.5,22.4,43.3,26.9,169.2,63.3,418.3,2.6,5.0,1.5,205.3,2.1,83.4,8.5,142.3,225.6,1.3,270.5,149.5,3.9,367.1,30.6,157.7,3391.9,2020,5,18,0,2,6789.2,1.40702016430172,6685.128571428571,6089.726666666667
Bhopal,2020-05-19,7.783,34.25,18.33,3.21,267.4625583268417,2732.640628746392,0.19740737122800353,3.1133584237305145,2316,2020-05-19,164.7,1.9,30.9,102.2,3.9,76.2,4.4,81.3,7.9,52.7,14.8,10.5,307.0,134.0,23.6,44.2,26.5,174.0,65.6,420.9,2.6,5.2,1.7,208.3,2.1,74.2,8.5,143.6,231.8,1.2,274.7,151.3,3.9,370.6,31.7,148.2,3401.3,2020,5,19,1,2,6808.099999999999,0.2783833146762227,6730.228571428571,6125.856666666668
Bhopal,2020-05-20,8.4502,34.24,10.81,4.84,314.0457938884043,3215.0632596869136,0.24007292401894353,4.604665450162271,2317,2020-05-20,175.5,2.0,28.4,93.3,4.0,74.8,4.4,82.3,8.1,47.3,15.0,10.6,308.6,139.8,23.8,45.3,19.3,188.0,70.1,426.2,2.4,5.0,1.6,203.8,2.2,57.4,8.5,145.4,230.0,1.2,296.7,159.8,3.9,383.2,32.9,75.1,3371.2000000000003,2020,5,20,2,2,6747.1,-0.8959915394897044,6747.9,6159.816666666667
Bhopal,2020-05-21,8.1869,33.98,13.49,3.93,484.46085482791665,4956.921158773319,0.37877404931821124,6.39677026960725,2318,2020-05-21,186.9,2.1,20.2,81.6,4.2,78.0,4.5,84.8,8.2,47.3,16.6,10.6,316.6,142.4,24.3,43.4,17.4,196.5,71.2,434.5,2.8,4.4,1.5,207.2,2.3,70.0,8.5,160.4,233.5,1.1,302.2,166.9,3.9,382.7,33.7,51.5,3419.3,2020,5,21,3,2,6843.2,1.4243156319011074,6777.342857142857,6201.990000000001
Bhopal,2020-05-22,8.0878,35.11,17.47,4.8,309.5809210920232,3166.017998627707,0.23995086973168883,3.8626216955439454,2319,2020-05-22,192.3,2.0,21.7,92.5,4.5,79.2,4.5,91.7,8.6,52.5,16.3,10.3,317.1,154.5,24.8,44.9,23.5,201.3,72.4,442.1,2.4,4.7,1.7,209.3,2.3,77.2,8.5,168.2,237.2,1.3,306.5,173.3,3.9,402.6,35.2,78.3,3565.1,2020,5,22,4,2,7134.4,4.255319148936176,6833.314285714286,6246.483333333334
Bhopal,2020-05-23,7.8552,36.32,19.29,4.7,380.9419243993407,3896.9444239727577,0.2933331639016568,4.962811838029397,2320,2020-05-23,195.9,1.5,23.6,98.6,4.6,79.4,4.6,95.2,8.1,54.7,16.5,10.7,315.2,158.0,24.1,41.2,27.3,201.2,74.0,443.5,2.5,5.1,1.4,216.6,2.1,84.5,8.5,171.0,244.1,1.3,311.9,168.1,3.9,417.5,36.1,102.9,3651.1,2020,5,23,5,2,7306.5,2.4122561112357,6903.357142857143,6295.37
Bhopal,2020-05-24,7.9394,36.51,17.74,4.23,331.3531300728466,3390.319078053461,0.2597622941068829,4.231194467057071,2321,2020-05-24,194.0,1.6,22.9,109.2,4.5,83.8,4.1,98.0,8.7,55.0,17.3,10.0,312.2,154.3,22.4,46.2,27.7,192.6,69.7,447.4,2.4,4.6,1.6,216.2,2.1,85.0,7.6,168.3,245.8,0.9,302.2,172.3,4.3,426.9,34.6,118.4,3674.8,2020,5,24,6,2,7349.6,0.589885718196137,6996.871428571429,6345.823333333334
Bhopal,2020-05-25,7.8953,36.61,19.38,3.82,374.5515346174102,3834.449084009233,0.29073825950854004,5.1105555840430945,2322,2020-05-25,191.6,1.5,20.0,105.8,5.0,85.8,4.4,101.5,9.0,55.3,17.3,10.6,319.8,162.7,24.5,47.4,28.3,200.9,75.9,457.9,2.4,4.3,1.7,220.3,2.1,85.8,7.6,175.9,249.6,1.1,306.3,177.1,4.3,426.5,36.1,113.4,3735.8,2020,5,25,0,2,7475.500000000001,1.7130183955589515,7094.914285714285,6401.906666666667
Bhopal,2020-05-26,7.9562,36.67,16.51,4.26,332.76243708534076,3403.815119968726,0.25744746328390405,4.12586275347288,2323,2020-05-26,193.5,1.3,15.7,108.9,5.4,87.1,4.7,106.9,9.3,56.7,17.5,10.9,323.1,167.8,25.4,44.4,27.9,187.3,77.4,462.7,1.8,3.7,1.3,218.0,1.6,86.7,7.6,184.3,253.8,1.2,318.9,176.3,4.3,425.3,36.3,120.2,3771.6,2020,5,26,1,2,7546.800000000001,0.9537823556952764,7200.442857142857,6470.550000000001
Bhopal,2020-05-27,7.7573,36.58,22.67,4.96,285.4326782238401,2916.9235397521443,0.2201191109291045,3.1892448036591685,2324,2020-05-27,194.8,1.4,17.8,79.3,5.5,86.7,4.8,110.4,9.2,53.8,17.3,10.8,321.1,168.2,25.6,41.3,24.4,187.0,77.7,460.7,1.8,4.2,1.6,218.3,1.8,88.2,8.2,182.7,260.7,1.2,324.6,176.9,1.9,395.3,35.5,104.6,3705.2999999999993,2020,5,27,2,2,7410.5999999999985,-1.804738432183206,7295.228571428571,6534.8966666666665
Bhopal,2020-05-28,7.6373,36.01,28.65,4.45,370.26235136925806,3788.58341870952,0.2892487116306813,4.893855943973852,2325,2020-05-28,195.4,1.6,23.4,79.0,5.0,90.0,4.6,105.6,9.4,51.7,16.8,10.7,321.5,139.3,24.2,43.3,22.2,192.1,74.3,457.3,2.2,4.8,1.3,210.9,2.1,79.3,7.8,150.3,249.4,1.3,307.0,180.5,3.2,350.0,34.1,89.8,3541.4000000000005,2020,5,28,3,2,7082.800000000001,-4.42339351739397,7329.457142857143,6582.003333333333
Bhopal,2020-05-29,6.9389,35.87,30.78,3.64,478.5977366602617,4896.060546520335,0.3660857445467344,5.9730673078322445,2326,2020-05-29,193.3,1.9,24.0,95.5,4.3,82.5,4.8,88.4,8.9,53.7,17.4,10.9,323.9,109.0,24.7,44.1,23.4,192.8,69.8,462.6,2.5,5.2,1.4,203.7,2.1,73.6,7.8,134.0,250.1,1.2,298.8,182.4,3.2,337.1,33.8,113.9,3483.6000000000004,2020,5,29,4,2,6970.300000000001,-1.5883548878974365,7306.014285714286,6623.58
Bhopal,2020-05-30,6.81,35.28,32.01,3.49,301.15681564388825,3078.7466348776184,0.2278651475883544,3.790631005788724,2327,2020-05-30,186.4,1.9,25.6,91.0,3.4,74.6,4.8,73.3,9.3,53.2,17.6,10.6,326.5,96.1,19.6,41.8,24.9,183.5,70.5,461.2,2.5,5.4,1.7,206.0,2.0,75.1,8.0,127.5,186.9,1.2,306.6,164.0,3.6,282.0,28.2,129.5,3306.0,2020,5,30,5,2,6612.0,-5.140381332223876,7206.800000000001,6646.9766666666665
Bhopal,2020-05-31,6.541,34.55,27.76,2.85,249.73370133051708,2553.9185660072176,0.1841215946829328,2.8606834218397292,2328,2020-05-31,184.1,2.0,25.1,78.0,3.4,74.0,4.4,73.3,9.1,48.3,16.0,9.1,319.2,96.1,19.6,41.8,21.2,168.5,63.5,443.5,2.2,5.5,1.7,204.8,2.2,84.9,7.2,127.5,186.9,0.9,288.5,145.9,4.1,282.0,28.2,120.4,3193.1000000000004,2020,5,31,6,2,6386.200000000001,-3.415003024803376,7069.171428571429,6664.65
Bhopal,2020-06-01,5.3578,33.67,31.03,1.6,241.33120264978788,2466.919523359967,0.18384629539216754,2.8114872508835966,2329,2020-06-01,178.2,1.6,24.2,94.1,3.9,72.7,4.5,74.6,9.2,54.9,15.9,9.1,325.4,109.4,22.7,41.3,20.3,164.5,68.3,388.3,2.5,5.2,1.5,200.7,2.2,80.3,7.7,134.9,197.4,1.2,303.3,138.5,4.4,331.0,29.4,123.1,3246.4,2020,6,1,0,2,6492.8,1.669224264821012,6928.785714285716,6681.33
Bhopal,2020-06-02,3.3758,31.05,40.55,1.9,310.66454541812976,3176.1546364767623,0.2262529446429115,4.039883290228578,2330,2020-06-02,172.0,2.0,24.8,99.6,4.0,73.7,4.6,81.1,9.2,57.9,17.8,8.2,314.4,119.1,24.3,42.7,23.6,155.9,65.6,374.1,2.4,5.0,1.6,184.4,2.2,75.6,7.7,141.5,201.2,1.3,305.1,140.2,4.4,348.7,33.2,130.9,3255.8,2020,6,2,1,2,6515.799999999999,0.3542385411532622,6781.5,6701.130000000001
Bhopal,2020-06-03,3.4874,30.6,41.77,3.89,313.6845465959038,3207.1259654874643,0.23081798780294885,4.1373462709369155,2331,2020-06-03,175.3,2.0,23.2,106.7,4.1,76.8,2.8,85.7,7.1,59.6,17.4,7.7,301.9,127.1,24.6,43.3,26.6,144.6,65.6,288.2,2.6,5.2,1.4,182.9,2.3,77.0,7.7,140.0,203.8,1.3,311.9,139.7,4.4,365.4,35.3,138.6,3205.5,2020,6,3,2,2,6415.300000000001,-1.542404616470705,6639.314285714287,6714.986666666667
Bhopal,2020-06-04,1.542,23.41,84.08,5.39,348.81831807760136,3567.7541219780264,0.2645036245518558,4.582115335423527,2332,2020-06-04,174.3,2.0,23.9,100.7,4.1,76.4,4.1,85.1,8.9,59.5,17.7,8.4,298.3,126.0,24.9,44.4,25.0,166.4,66.3,283.6,2.4,5.1,1.7,143.2,2.3,79.6,7.7,146.5,201.2,1.4,319.5,142.8,4.4,342.0,35.1,148.8,3179.4,2020,6,4,3,2,6363.1,-0.8136797967359444,6536.5,6723.79
Bhopal,2020-06-05,6.3382,25.87,70.38,2.51,324.3144980561957,3316.573958372721,0.24530647431597363,4.187136047529455,2333,2020-06-05,181.6,1.9,26.0,74.0,3.9,74.9,4.9,81.0,10.0,61.1,17.4,8.8,288.9,121.4,25.3,42.8,24.7,177.3,66.4,335.2,2.5,5.3,1.7,149.8,2.2,84.5,7.6,151.0,198.0,1.4,321.4,149.2,3.2,284.9,32.9,141.3,3164.4,2020,6,5,4,2,6328.799999999999,-0.5390454338294437,6444.857142857143,6731.493333333333
Bhopal,2020-06-06,6.1786,27.19,71.65,2.69,273.06653265259115,2792.8550195045905,0.20928817963404567,3.4253800892322954,2334,2020-06-06,186.6,1.7,24.2,85.3,3.9,76.5,5.1,80.2,10.0,62.3,12.4,8.4,279.5,129.4,24.7,35.0,26.5,175.2,64.2,357.0,2.4,4.5,1.7,162.3,2.1,93.9,7.6,143.4,206.1,1.4,299.3,153.9,4.3,324.9,34.2,157.4,3247.5000000000005,2020,6,6,5,2,6495.000000000001,2.626090254076629,6428.142857142857,6743.356666666668
Imphal,2020-05-15,5.1218,24.14,72.54,0.56,281.8991603902216,2879.8562655433675,0.21432107508880857,2.9989196322598706,2312,2020-05-15,181.9,2.0,22.2,100.6,3.4,79.4,4.2,72.0,7.5,49.7,13.9,10.0,306.3,120.4,21.9,43.2,23.2,209.5,71.9,405.5,2.3,5.1,1.6,202.9,2.1,81.2,8.5,121.2,219.7,1.2,303.5,156.8,3.9,339.7,30.1,145.2,3368.9,2020,5,15,4,2,6742.599999999999,1.589549652709743,6476.0,6003.933333333334
Imphal,2020-05-16,3.7337,24.3,74.71,0.63,293.8778807796024,3002.1393577453105,0.21217020889626623,3.175236474799966,2313,2020-05-16,185.5,1.9,22.1,101.9,3.5,76.5,4.3,73.3,7.6,53.0,16.2,8.9,306.5,128.5,22.4,43.8,25.9,204.1,71.2,405.1,2.2,5.1,1.5,205.5,2.4,81.3,8.5,129.8,225.2,0.9,296.5,152.8,3.9,350.6,30.5,151.7,3405.6,2020,5,16,5,2,6816.200000000001,1.09156705128588,6511.099999999999,6033.223333333333
Imphal,2020-05-17,6.1118,24.68,67.2,0.65,312.96183204783614,3200.565600194744,0.23886852248987903,3.7662443065004467,2314,2020-05-17,177.6,1.9,21.5,101.6,3.4,75.7,3.8,75.7,7.3,51.4,16.3,9.1,299.7,128.2,20.6,43.0,26.3,192.5,63.7,404.9,2.4,4.8,1.5,204.5,2.2,81.3,8.5,135.7,220.8,0.9,277.3,144.2,3.9,361.1,28.0,149.0,3344.7,2020,5,17,6,2,6695.0,-1.77811683929463,6590.5142857142855,6057.35
Imphal,2020-05-18,7.1748,26.05,63.97,0.46,222.99702127311505,2278.668814254924,0.15902588630644315,2.463815608425709,2315,2020-05-18,174.1,1.9,27.6,105.9,3.8,76.3,4.2,78.7,7.4,52.9,14.9,10.3,303.5,135.5,22.4,43.3,26.9,169.2,63.3,418.3,2.6,5.0,1.5,205.3,2.1,83.4,8.5,142.3,225.6,1.3,270.5,149.5,3.9,367.1,30.6,157.7,3391.9,2020,5,18,0,2,6789.2,1.40702016430172,6685.128571428571,6089.726666666667
Imphal,2020-05-19,3.431,25.05,71.78,0.4,267.4625583268417,2732.640628746392,0.19740737122800353,3.1133584237305145,2316,2020-05-19,164.7,1.9,30.9,102.2,3.9,76.2,4.4,81.3,7.9,52.7,14.8,10.5,307.0,134.0,23.6,44.2,26.5,174.0,65.6,420.9,2.6,5.2,1.7,208.3,2.1,74.2,8.5,143.6,231.8,1.2,274.7,151.3,3.9,370.6,31.7,148.2,3401.3,2020,5,19,1,2,6808.099999999999,0.2783833146762227,6730.228571428571,6125.856666666668
Imphal,2020-05-20,3.6036,25.04,75.74,0.54,314.0457938884043,3215.0632596869136,0.24007292401894353,4.604665450162271,2317,2020-05-20,175.5,2.0,28.4,93.3,4.0,74.8,4.4,82.3,8.1,47.3,15.0,10.6,308.6,139.8,23.8,45.3,19.3,188.0,70.1,426.2,2.4,5.0,1.6,203.8,2.2,57.4,8.5,145.4,230.0,1.2,296.7,159.8,3.9,383.2,32.9,75.1,3371.2000000000003,2020,5,20,2,2,6747.1,-0.8959915394897044,6747.9,6159.816666666667
Imphal,2020-05-21,3.1078,25.17,76.83,0.7,484.46085482791665,4956.921158773319,0.37877404931821124,6.39677026960725,2318,2020-05-21,186.9,2.1,20.2,81.6,4.2,78.0,4.5,84.8,8.2,47.3,16.6,10.6,316.6,142.4,24.3,43.4,17.4,196.5,71.2,434.5,2.8,4.4,1.5,207.2,2.3,70.0,8.5,160.4,233.5,1.1,302.2,166.9,3.9,382.7,33.7,51.5,3419.3,2020,5,21,3,2,6843.2,1.4243156319011074,6777.342857142857,6201.990000000001
Imphal,2020-05-22,3.8712,24.85,75.46,0.49,309.5809210920232,3166.017998627707,0.23995086973168883,3.8626216955439454,2319,2020-05-22,192.3,2.0,21.7,92.5,4.5,79.2,4.5,91.7,8.6,52.5,16.3,10.3,317.1,154.5,24.8,44.9,23.5,201.3,72.4,442.1,2.4,4.7,1.7,209.3,2.3,77.2,8.5,168.2,237.2,1.3,306.5,173.3,3.9,402.6,35.2,78.3,3565.1,2020,5,22,4,2,7134.4,4.255319148936176,6833.314285714286,6246.483333333334
Imphal,2020-05-23,5.5258,24.47,78.66,0.68,380.9419243993407,3896.9444239727577,0.2933331639016568,4.962811838029397,2320,2020-05-23,195.9,1.5,23.6,98.6,4.6,79.4,4.6,95.2,8.1,54.7,16.5,10.7,315.2,158.0,24.1,41.2,27.3,201.2,74.0,443.5,2.5,5.1,1.4,216.6,2.1,84.5,8.5,171.0,244.1,1.3,311.9,168.1,3.9,417.5,36.1,102.9,3651.1,2020,5,23,5,2,7306.5,2.4122561112357,6903.357142857143,6295.37
Imphal,2020-05-24,5.5807,24.4,81.05,0.71,331.3531300728466,3390.319078053461,0.2597622941068829,4.231194467057071,2321,2020-05-24,194.0,1.6,22.9,109.2,4.5,83.8,4.1,98.0,8.7,55.0,17.3,10.0,312.2,154.3,22.4,46.2,27.7,192.6,69.7,447.4,2.4,4.6,1.6,216.2,2.1,85.0,7.6,168.3,245.8,0.9,302.2,172.3,4.3,426.9,34.6,118.4,3674.8,2020,5,24,6,2,7349.6,0.589885718196137,6996.871428571429,6345.823333333334
Imphal,2020-05-25,3.4524,24.03,81.25,0.81,374.5515346174102,3834.449084009233,0.29073825950854004,5.1105555840430945,2322,2020-05-25,191.6,1.5,20.0,105.8,5.0,85.8,4.4,101.5,9.0,55.3,17.3,10.6,319.8,162.7,24.5,47.4,28.3,200.9,75.9,457.9,2.4,4.3,1.7,220.3,2.1,85.8,7.6,175.9,249.6,1.1,306.3,177.1,4.3,426.5,36.1,113.4,3735.8,2020,5,25,0,2,7475.500000000001,1.7130183955589515,7094.914285714285,6401.906666666667
Imphal,2020-05-26,4.3668,22.86,83.28,0.78,332.76243708534076,3403.815119968726,0.25744746328390405,4.12586275347288,2323,2020-05-26,193.5,1.3,15.7,108.9,5.4,87.1,4.7,106.9,9.3,56.7,17.5,10.9,323.1,167.8,25.4,44.4,27.9,187.3,77.4,462.7,1.8,3.7,1.3,218.0,1.6,86.7,7.6,184.3,253.8,1.2,318.9,176.3,4.3,425.3,36.3,120.2,3771.6,2020,5,26,1,2,7546.800000000001,0.9537823556952764,7200.442857142857,6470.550000000001
Imphal,2020-05-27,1.7026,22.15,82.03,0.58,285.4326782238401,2916.9235397521443,0.2201191109291045,3.1892448036591685,2324,2020-05-27,194.8,1.4,17.8,79.3,5.5,86.7,4.8,110.4,9.2,53.8,17.3,10.8,321.1,168.2,25.6,41.3,24.4,187.0,77.7,460.7,1.8,4.2,1.6,218.3,1.8,88.2,8.2,182.7,260.7,1.2,324.6,176.9,1.9,395.3,35.5,104.6,3705.2999999999993,2020,5,27,2,2,7410.5999999999985,-1.804738432183206,7295.228571428571,6534.8966666666665
Imphal,2020-05-28,4.441,20.92,86.98,0.58,370.26235136925806,3788.58341870952,0.2892487116306813,4.893855943973852,2325,2020-05-28,195.4,1.6,23.4,79.0,5.0,90.0,4.6,105.6,9.4,51.7,16.8,10.7,321.5,139.3,24.2,43.3,22.2,192.1,74.3,457.3,2.2,4.8,1.3,210.9,2.1,79.3,7.8,150.3,249.4,1.3,307.0,180.5,3.2,350.0,34.1,89.8,3541.4000000000005,2020,5,28,3,2,7082.800000000001,-4.42339351739397,7329.457142857143,6582.003333333333
Imphal,2020-05-29,2.8709,21.2,83.18,0.48,478.5977366602617,4896.060546520335,0.3660857445467344,5.9730673078322445,2326,2020-05-29,193.3,1.9,24.0,95.5,4.3,82.5,4.8,88.4,8.9,53.7,17.4,10.9,323.9,109.0,24.7,44.1,23.4,192.8,69.8,462.6,2.5,5.2,1.4,203.7,2.1,73.6,7.8,134.0,250.1,1.2,298.8,182.4,3.2,337.1,33.8,113.9,3483.6000000000004,2020,5,29,4,2,6970.300000000001,-1.5883548878974365,7306.014285714286,6623.58
Imphal,2020-05-30,3.3924,22.85,74.8,0.47,301.15681564388825,3078.7466348776184,0.2278651475883544,3.790631005788724,2327,2020-05-30,186.4,1.9,25.6,91.0,3.4,74.6,4.8,73.3,9.3,53.2,17.6,10.6,326.5,96.1,19.6,41.8,24.9,183.5,70.5,461.2,2.5,5.4,1.7,206.0,2.0,75.1,8.0,127.5,186.9,1.2,306.6,164.0,3.6,282.0,28.2,129.5,3306.0,2020,5,30,5,2,6612.0,-5.140381332223876,7206.800000000001,6646.9766666666665
Imphal,2020-05-31,3.8885,22.89,81.31,0.53,249.73370133051708,2553.9185660072176,0.1841215946829328,2.8606834218397292,2328,2020-05-31,184.1,2.0,25.1,78.0,3.4,74.0,4.4,73.3,9.1,48.3,16.0,9.1,319.2,96.1,19.6,41.8,21.2,168.5,63.5,443.5,2.2,5.5,1.7,204.8,2.2,84.9,7.2,127.5,186.9,0.9,288.5,145.9,4.1,282.0,28.2,120.4,3193.1000000000004,2020,5,31,6,2,6386.200000000001,-3.415003024803376,7069.171428571429,6664.65
Imphal,2020-06-01,2.6736,22.33,86.22,0.62,241.33120264978788,2466.919523359967,0.18384629539216754,2.8114872508835966,2329,2020-06-01,178.2,1.6,24.2,94.1,3.9,72.7,4.5,74.6,9.2,54.9,15.9,9.1,325.4,109.4,22.7,41.3,20.3,164.5,68.3,388.3,2.5,5.2,1.5,200.7,2.2,80.3,7.7,134.9,197.4,1.2,303.3,138.5,4.4,331.0,29.4,123.1,3246.4,2020,6,1,0,2,6492.8,1.669224264821012,6928.785714285716,6681.33
Imphal,2020-06-02,3.203,22.0,89.69,0.72,310.66454541812976,3176.1546364767623,0.2262529446429115,4.039883290228578,2330,2020-06-02,172.0,2.0,24.8,99.6,4.0,73.7,4.6,81.1,9.2,57.9,17.8,8.2,314.4,119.1,24.3,42.7,23.6,155.9,65.6,374.1,2.4,5.0,1.6,184.4,2.2,75.6,7.7,141.5,201.2,1.3,305.1,140.2,4.4,348.7,33.2,130.9,3255.8,2020,6,2,1,2,6515.799999999999,0.3542385411532622,6781.5,6701.130000000001
Imphal,2020-06-03,3.9967,21.22,87.95,0.52,313.6845465959038,3207.1259654874643,0.23081798780294885,4.1373462709369155,2331,2020-06-03,175.3,2.0,23.2,106.7,4.1,76.8,2.8,85.7,7.1,59.6,17.4,7.7,301.9,127.1,24.6,43.3,26.6,144.6,65.6,288.2,2.6,5.2,1.4,182.9,2.3,77.0,7.7,140.0,203.8,1.3,311.9,139.7,4.4,365.4,35.3,138.6,3205.5,2020,6,3,2,2,6415.300000000001,-1.542404616470705,6639.314285714287,6714.986666666667
Imphal,2020-06-04,1.5209,21.67,86.36,0.56,348.81831807760136,3567.7541219780264,0.2645036245518558,4.582115335423527,2332,2020-06-04,174.3,2.0,23.9,100.7,4.1,76.4,4.1,85.1,8.9,59.5,17.7,8.4,298.3,126.0,24.9,44.4,25.0,166.4,66.3,283.6,2.4,5.1,1.7,143.2,2.3,79.6,7.7,146.5,201.2,1.4,319.5,142.8,4.4,342.0,35.1,148.8,3179.4,2020,6,4,3,2,6363.1,-0.8136797967359444,6536.5,6723.79
Imphal,2020-06-05,4.8955,22.64,85.11,0.5,324.3144980561957,3316.573958372721,0.24530647431597363,4.187136047529455,2333,2020-06-05,181.6,1.9,26.0,74.0,3.9,74.9,4.9,81.0,10.0,61.1,17.4,8.8,288.9,121.4,25.3,42.8,24.7,177.3,66.4,335.2,2.5,5.3,1.7,149.8,2.2,84.5,7.6,151.0,198.0,1.4,321.4,149.2,3.2,284.9,32.9,141.3,3164.4,2020,6,5,4,2,6328.799999999999,-0.5390454338294437,6444.857142857143,6731.493333333333
Imphal,2020-06-06,2.4797,22.0,89.61,0.5,273.06653265259115,2792.8550195045905,0.20928817963404567,3.4253800892322954,2334,2020-06-06,186.6,1.7,24.2,85.3,3.9,76.5,5.1,80.2,10.0,62.3,12.4,8.4,279.5,129.4,24.7,35.0,26.5,175.2,64.2,357.0,2.4,4.5,1.7,162.3,2.1,93.9,7.6,143.4,206.1,1.4,299.3,153.9,4.3,324.9,34.2,157.4,3247.5000000000005,2020,6,6,5,2,6495.000000000001,2.626090254076629,6428.142857142857,6743.356666666668
Shillong,2020-05-15,5.1461,20.7,82.94,1.24,281.8991603902216,2879.8562655433675,0.21432107508880857,2.9989196322598706,2312,2020-05-15,181.9,2.0,22.2,100.6,3.4,79.4,4.2,72.0,7.5,49.7,13.9,10.0,306.3,120.4,21.9,43.2,23.2,209.5,71.9,405.5,2.3,5.1,1.6,202.9,2.1,81.2,8.5,121.2,219.7,1.2,303.5,156.8,3.9,339.7,30.1,145.2,3368.9,2020,5,15,4,2,6742.599999999999,1.589549652709743,6476.0,6003.933333333334
Shillong,2020-05-16,4.0966,20.41,88.96,1.53,293.8778807796024,3002.1393577453105,0.21217020889626623,3.175236474799966,2313,2020-05-16,185.5,1.9,22.1,101.9,3.5,76.5,4.3,73.3,7.6,53.0,16.2,8.9,306.5,128.5,22.4,43.8,25.9,204.1,71.2,405.1,2.2,5.1,1.5,205.5,2.4,81.3,8.5,129.8,225.2,0.9,296.5,152.8,3.9,350.6,30.5,151.7,3405.6,2020,5,16,5,2,6816.200000000001,1.09156705128588,6511.099999999999,6033.223333333333
Shillong,2020-05-17,5.9947,21.91,72.75,1.05,312.96183204783614,3200.565600194744,0.23886852248987903,3.7662443065004467,2314,2020-05-17,177.6,1.9,21.5,101.6,3.4,75.7,3.8,75.7,7.3,51.4,16.3,9.1,299.7,128.2,20.6,43.0,26.3,192.5,63.7,404.9,2.4,4.8,1.5,204.5,2.2,81.3,8.5,135.7,220.8,0.9,277.3,144.2,3.9,361.1,28.0,149.0,3344.7,2020,5,17,6,2,6695.0,-1.77811683929463,6590.5142857142855,6057.35
Shillong,2020-05-18,5.8195,22.0,76.61,0.98,222.99702127311505,2278.668814254924,0.15902588630644315,2.463815608425709,2315,2020-05-18,174.1,1.9,27.6,105.9,3.8,76.3,4.2,78.7,7.4,52.9,14.9,10.3,303.5,135.5,22.4,43.3,26.9,169.2,63.3,418.3,2.6,5.0,1.5,205.3,2.1,83.4,8.5,142.3,225.6,1.3,270.5,149.5,3.9,367.1,30.6,157.7,3391.9,2020,5,18,0,2,6789.2,1.40702016430172,6685.128571428571,6089.726666666667
Shillong,2020-05-19,3.4922,20.38,78.93,0.91,267.4625583268417,2732.640628746392,0.19740737122800353,3.1133584237305145,2316,2020-05-19,164.7,1.9,30.9,102.2,3.9,76.2,4.4,81.3,7.9,52.7,14.8,10.5,307.0,134.0,23.6,44.2,26.5,174.0,65.6,420.9,2.6,5.2,1.7,208.3,2.1,74.2,8.5,143.6,231.8,1.2,274.7,151.3,3.9,370.6,31.7,148.2,3401.3,2020,5,19,1,2,6808.099999999999,0.2783833146762227,6730.228571428571,6125.856666666668
Shillong,2020-05-20,2.543,20.56,85.68,1.87,314.0457938884043,3215.0632596869136,0.24007292401894353,4.604665450162271,2317,2020-05-20,175.5,2.0,28.4,93.3,4.0,74.8,4.4,82.3,8.1,47.3,15.0,10.6,308.6,139.8,23.8,45.3,19.3,188.0,70.1,426.2,2.4,5.0,1.6,203.8,2.2,57.4,8.5,145.4,230.0,1.2,296.7,159.8,3.9,383.2,32.9,75.1,3371.2000000000003,2020,5,20,2,2,6747.1,-0.8959915394897044,6747.9,6159.816666666667
Shillong,2020-05-21,1.3682,20.24,95.35,3.48,484.46085482791665,4956.921158773319,0.37877404931821124,6.39677026960725,2318,2020-05-21,186.9,2.1,20.2,81.6,4.2,78.0,4.5,84.8,8.2,47.3,16.6,10.6,316.6,142.4,24.3,43.4,17.4,196.5,71.2,434.5,2.8,4.4,1.5,207.2,2.3,70.0,8.5,160.4,233.5,1.1,302.2,166.9,3.9,382.7,33.7,51.5,3419.3,2020,5,21,3,2,6843.2,1.4243156319011074,6777.342857142857,6201.990000000001
Shillong,2020-05-22,1.6322,20.48,94.63,2.92,309.5809210920232,3166.017998627707,0.23995086973168883,3.8626216955439454,2319,2020-05-22,192.3,2.0,21.7,92.5,4.5,79.2,4.5,91.7,8.6,52.5,16.3,10.3,317.1,154.5,24.8,44.9,23.5,201.3,72.4,442.1,2.4,4.7,1.7,209.3,2.3,77.2,8.5,168.2,237.2,1.3,306.5,173.3,3.9,402.6,35.2,78.3,3565.1,2020,5,22,4,2,7134.4,4.255319148936176,6833.314285714286,6246.483333333334
Shillong,2020-05-23,4.3042,21.27,91.69,2.24,380.9419243993407,3896.9444239727577,0.2933331639016568,4.962811838029397,2320,2020-05-23,195.9,1.5,23.6,98.6,4.6,79.4,4.6,95.2,8.1,54.7,16.5,10.7,315.2,158.0,24.1,41.2,27.3,201.2,74.0,443.5,2.5,5.1,1.4,216.6,2.1,84.5,8.5,171.0,244.1,1.3,311.9,168.1,3.9,417.5,36.1,102.9,3651.1,2020,5,23,5,2,7306.5,2.4122561112357,6903.357142857143,6295.37
Shillong,2020-05-24,2.5241,21.88,93.52,3.57,331.3531300728466,3390.319078053461,0.2597622941068829,4.231194467057071,2321,2020-05-24,194.0,1.6,22.9,109.2,4.5,83.8,4.1,98.0,8.7,55.0,17.3,10.0,312.2,154.3,22.4,46.2,27.7,192.6,69.7,447.4,2.4,4.6,1.6,216.2,2.1,85.0,7.6,168.3,245.8,0.9,302.2,172.3,4.3,426.9,34.6,118.4,3674.8,2020,5,24,6,2,7349.6,0.589885718196137,6996.871428571429,6345.823333333334
Shillong,2020-05-25,2.6666,21.75,94.18,4.41,374.5515346174102,3834.449084009233,0.29073825950854004,5.1105555840430945,2322,2020-05-25,191.6,1.5,20.0,105.8,5.0,85.8,4.4,101.5,9.0,55.3,17.3,10.6,319.8,162.7,24.5,47.4,28.3,200.9,75.9,457.9,2.4,4.3,1.7,220.3,2.1,85.8,7.6,175.9,249.6,1.1,306.3,177.1,4.3,426.5,36.1,113.4,3735.8,2020,5,25,0,2,7475.500000000001,1.7130183955589515,7094.914285714285,6401.906666666667
Shillong,2020-05-26,2.9374,21.21,94.38,4.4,332.76243708534076,3403.815119968726,0.25744746328390405,4.12586275347288,2323,2020-05-26,193.5,1.3,15.7,108.9,5.4,87.1,4.7,106.9,9.3,56.7,17.5,10.9,323.1,167.8,25.4,44.4,27.9,187.3,77.4,462.7,1.8,3.7,1.3,218.0,1.6,86.7,7.6,184.3,253.8,1.2,318.9,176.3,4.3,425.3,36.3,120.2,3771.6,2020,5,26,1,2,7546.800000000001,0.9537823556952764,7200.442857142857,6470.550000000001
Shillong,2020-05-27,3.9221,20.82,92.38,2.61,285.4326782238401,2916.9235397521443,0.2201191109291045,3.1892448036591685,2324,2020-05-27,194.8,1.4,17.8,79.3,5.5,86.7,4.8,110.4,9.2,53.8,17.3,10.8,321.1,168.2,25.6,41.3,24.4,187.0,77.7,460.7,1.8,4.2,1.6,218.3,1.8,88.2,8.2,182.7,260.7,1.2,324.6,176.9,1.9,395.3,35.5,104.6,3705.2999999999993,2020,5,27,2,2,7410.5999999999985,-1.804738432183206,7295.228571428571,6534.8966666666665
Shillong,2020-05-28,5.7739,20.54,89.49,0.98,370.26235136925806,3788.58341870952,0.2892487116306813,4.893855943973852,2325,2020-05-28,195.4,1.6,23.4,79.0,5.0,90.0,4.6,105.6,9.4,51.7,16.8,10.7,321.5,139.3,24.2,43.3,22.2,192.1,74.3,457.3,2.2,4.8,1.3,210.9,2.1,79.3,7.8,150.3,249.4,1.3,307.0,180.5,3.2,350.0,34.1,89.8,3541.4000000000005,2020,5,28,3,2,7082.800000000001,-4.42339351739397,7329.457142857143,6582.003333333333
Shillong,2020-05-29,5.6978,19.99,88.5,1.06,478.5977366602617,4896.060546520335,0.3660857445467344,5.9730673078322445,2326,2020-05-29,193.3,1.9,24.0,95.5,4.3,82.5,4.8,88.4,8.9,53.7,17.4,10.9,323.9,109.0,24.7,44.1,23.4,192.8,69.8,462.6,2.5,5.2,1.4,203.7,2.1,73.6,7.8,134.0,250.1,1.2,298.8,182.4,3.2,337.1,33.8,113.9,3483.6000000000004,2020,5,29,4,2,6970.300000000001,-1.5883548878974365,7306.014285714286,6623.58
Shillong,2020-05-30,4.213,19.91,86.72,1.08,301.15681564388825,3078.7466348776184,0.2278651475883544,3.790631005788724,2327,2020-05-30,186.4,1.9,25.6,91.0,3.4,74.6,4.8,73.3,9.3,53.2,17.6,10.6,326.5,96.1,19.6,41.8,24.9,183.5,70.5,461.2,2.5,5.4,1.7,206.0,2.0,75.1,8.0,127.5,186.9,1.2,306.6,164.0,3.6,282.0,28.2,129.5,3306.0,2020,5,30,5,2,6612.0,-5.140381332223876,7206.800000000001,6646.9766666666665
Shillong,2020-05-31,4.0889,20.39,87.38,1.03,249.73370133051708,2553.9185660072176,0.1841215946829328,2.8606834218397292,2328,2020-05-31,184.1,2.0,25.1,78.0,3.4,74.0,4.4,73.3,9.1,48.3,16.0,9.1,319.2,96.1,19.6,41.8,21.2,168.5,63.5,443.5,2.2,5.5,1.7,204.8,2.2,84.9,7.2,127.5,186.9,0.9,288.5,145.9,4.1,282.0,28.2,120.4,3193.1000000000004,2020,5,31,6,2,6386.200000000001,-3.415003024803376,7069.171428571429,6664.65
Shillong,2020-06-01,3.9214,20.47,91.67,2.11,241.33120264978788,2466.919523359967,0.18384629539216754,2.8114872508835966,2329,2020-06-01,178.2,1.6,24.2,94.1,3.9,72.7,4.5,74.6,9.2,54.9,15.9,9.1,325.4,109.4,22.7,41.3,20.3,164.5,68.3,388.3,2.5,5.2,1.5,200.7,2.2,80.3,7.7,134.9,197.4,1.2,303.3,138.5,4.4,331.0,29.4,123.1,3246.4,2020,6,1,0,2,6492.8,1.669224264821012,6928.785714285716,6681.33
Shillong,2020-06-02,6.4716,20.65,93.46,2.42,310.66454541812976,3176.1546364767623,0.2262529446429115,4.039883290228578,2330,2020-06-02,172.0,2.0,24.8,99.6,4.0,73.7,4.6,81.1,9.2,57.9,17.8,8.2,314.4,119.1,24.3,42.7,23.6,155.9,65.6,374.1,2.4,5.0,1.6,184.4,2.2,75.6,7.7,141.5,201.2,1.3,305.1,140.2,4.4,348.7,33.2,130.9,3255.8,2020,6,2,1,2,6515.799999999999,0.3542385411532622,6781.5,6701.130000000001
Shillong,2020-06-03,4.4599,20.04,94.32,2.63,313.6845465959038,3207.1259654874643,0.23081798780294885,4.1373462709369155,2331,2020-06-03,175.3,2.0,23.2,106.7,4.1,76.8,2.8,85.7,7.1,59.6,17.4,7.7,301.9,127.1,24.6,43.3,26.6,144.6,65.6,288.2,2.6,5.2,1.4,182.9,2.3,77.0,7.7,140.0,203.8,1.3,311.9,139.7,4.4,365.4,35.3,138.6,3205.5,2020,6,3,2,2,6415.300000000001,-1.542404616470705,6639.314285714287,6714.986666666667
Shillong,2020-06-04,4.7191,20.19,94.24,2.17,348.81831807760136,3567.7541219780264,0.2645036245518558,4.582115335423527,2332,2020-06-04,174.3,2.0,23.9,100.7,4.1,76.4,4.1,85.1,8.9,59.5,17.7,8.4,298.3,126.0,24.9,44.4,25.0,166.4,66.3,283.6,2.4,5.1,1.7,143.2,2.3,79.6,7.7,146.5,201.2,1.4,319.5,142.8,4.4,342.0,35.1,148.8,3179.4,2020,6,4,3,2,6363.1,-0.8136797967359444,6536.5,6723.79
Shillong,2020-06-05,4.4122,21.19,92.86,1.95,324.3144980561957,3316.573958372721,0.24530647431597363,4.187136047529455,2333,2020-06-05,181.6,1.9,26.0,74.0,3.9,74.9,4.9,81.0,10.0,61.1,17.4,8.8,288.9,121.4,25.3,42.8,24.7,177.3,66.4,335.2,2.5,5.3,1.7,149.8,2.2,84.5,7.6,151.0,198.0,1.4,321.4,149.2,3.2,284.9,32.9,141.3,3164.4,2020,6,5,4,2,6328.799999999999,-0.5390454338294437,6444.857142857143,6731.493333333333
Shillong,2020-06-06,4.7578,20.98,97.01,2.75,273.06653265259115,2792.8550195045905,0.20928817963404567,3.4253800892322954,2334,2020-06-06,186.6,1.7,24.2,85.3,3.9,76.5,5.1,80.2,10.0,62.3,12.4,8.4,279.5,129.4,24.7,35.0,26.5,175.2,64.2,357.0,2.4,4.5,1.7,162.3,2.1,93.9,7.6,143.4,206.1,1.4,299.3,153.9,4.3,324.9,34.2,157.4,3247.5000000000005,2020,6,6,5,2,6495.000000000001,2.626090254076629,6428.142857142857,6743.356666666668
Aizawl,2020-05-15,4.8749,25.85,84.78,0.1,281.8991603902216,2879.8562655433675,0.21432107508880857,2.9989196322598706,2312,2020-05-15,181.9,2.0,22.2,100.6,3.4,79.4,4.2,72.0,7.5,49.7,13.9,10.0,306.3,120.4,21.9,43.2,23.2,209.5,71.9,405.5,2.3,5.1,1.6,202.9,2.1,81.2,8.5,121.2,219.7,1.2,303.5,156.8,3.9,339.7,30.1,145.2,3368.9,2020,5,15,4,2,6742.599999999999,1.589549652709743,6476.0,6003.933333333334
Aizawl,2020-05-16,5.903,26.4,82.56,0.13,293.8778807796024,3002.1393577453105,0.21217020889626623,3.175236474799966,2313,2020-05-16,185.5,1.9,22.1,101.9,3.5,76.5,4.3,73.3,7.6,53.0,16.2,8.9,306.5,128.5,22.4,43.8,25.9,204.1,71.2,405.1,2.2,5.1,1.5,205.5,2.4,81.3,8.5,129.8,225.2,0.9,296.5,152.8,3.9,350.6,30.5,151.7,3405.6,2020,5,16,5,2,6816.200000000001,1.09156705128588,6511.099999999999,6033.223333333333
Aizawl,2020-05-17,6.6542,27.18,79.29,0.18,312.96183204783614,3200.565600194744,0.23886852248987903,3.7662443065004467,2314,2020-05-17,177.6,1.9,21.5,101.6,3.4,75.7,3.8,75.7,7.3,51.4,16.3,9.1,299.7,128.2,20.6,43.0,26.3,192.5,63.7,404.9,2.4,4.8,1.5,204.5,2.2,81.3,8.5,135.7,220.8,0.9,277.3,144.2,3.9,361.1,28.0,149.0,3344.7,2020,5,17,6,2,6695.0,-1.77811683929463,6590.5142857142855,6057.35
Aizawl,2020-05-18,6.7298,27.52,79.53,0.11,222.99702127311505,2278.668814254924,0.15902588630644315,2.463815608425709,2315,2020-05-18,174.1,1.9,27.6,105.9,3.8,76.3,4.2,78.7,7.4,52.9,14.9,10.3,303.5,135.5,22.4,43.3,26.9,169.2,63.3,418.3,2.6,5.0,1.5,205.3,2.1,83.4,8.5,142.3,225.6,1.3,270.5,149.5,3.9,367.1,30.6,157.7,3391.9,2020,5,18,0,2,6789.2,1.40702016430172,6685.128571428571,6089.726666666667
Aizawl,2020-05-19,4.6368,25.93,86.61,0.05,267.4625583268417,2732.640628746392,0.19740737122800353,3.1133584237305145,2316,2020-05-19,164.7,1.9,30.9,102.2,3.9,76.2,4.4,81.3,7.9,52.7,14.8,10.5,307.0,134.0,23.6,44.2,26.5,174.0,65.6,420.9,2.6,5.2,1.7,208.3,2.1,74.2,8.5,143.6,231.8,1.2,274.7,151.3,3.9,370.6,31.7,148.2,3401.3,2020,5,19,1,2,6808.099999999999,0.2783833146762227,6730.228571428571,6125.856666666668
Aizawl,2020-05-20,3.1142,26.72,85.42,0.05,314.0457938884043,3215.0632596869136,0.24007292401894353,4.604665450162271,2317,2020-05-20,175.5,2.0,28.4,93.3,4.0,74.8,4.4,82.3,8.1,47.3,15.0,10.6,308.6,139.8,23.8,45.3,19.3,188.0,70.1,426.2,2.4,5.0,1.6,203.8,2.2,57.4,8.5,145.4,230.0,1.2,296.7,159.8,3.9,383.2,32.9,75.1,3371.2000000000003,2020,5,20,2,2,6747.1,-0.8959915394897044,6747.9,6159.816666666667
Aizawl,2020-05-21,2.6278,25.16,83.61,0.0,484.46085482791665,4956.921158773319,0.37877404931821124,6.39677026960725,2318,2020-05-21,186.9,2.1,20.2,81.6,4.2,78.0,4.5,84.8,8.2,47.3,16.6,10.6,316.6,142.4,24.3,43.4,17.4,196.5,71.2,434.5,2.8,4.4,1.5,207.2,2.3,70.0,8.5,160.4,233.5,1.1,302.2,166.9,3.9,382.7,33.7,51.5,3419.3,2020,5,21,3,2,6843.2,1.4243156319011074,6777.342857142857,6201.990000000001
Aizawl,2020-05-22,2.9983,25.41,90.34,0.0,309.5809210920232,3166.017998627707,0.23995086973168883,3.8626216955439454,2319,2020-05-22,192.3,2.0,21.7,92.5,4.5,79.2,4.5,91.7,8.6,52.5,16.3,10.3,317.1,154.5,24.8,44.9,23.5,201.3,72.4,442.1,2.4,4.7,1.7,209.3,2.3,77.2,8.5,168.2,237.2,1.3,306.5,173.3,3.9,402.6,35.2,78.3,3565.1,2020,5,22,4,2,7134.4,4.255319148936176,6833.314285714286,6246.483333333334
Aizawl,2020-05-23,5.634,26.24,84.1,0.03,380.9419243993407,3896.9444239727577,0.2933331639016568,4.962811838029397,2320,2020-05-23,195.9,1.5,23.6,98.6,4.6,79.4,4.6,95.2,8.1,54.7,16.5,10.7,315.2,158.0,24.1,41.2,27.3,201.2,74.0,443.5,2.5,5.1,1.4,216.6,2.1,84.5,8.5,171.0,244.1,1.3,311.9,168.1,3.9,417.5,36.1,102.9,3651.1,2020,5,23,5,2,7306.5,2.4122561112357,6903.357142857143,6295.37
Aizawl,2020-05-24,5.6856,26.41,85.82,0.0,331.3531300728466,3390.319078053461,0.2597622941068829,4.231194467057071,2321,2020-05-24,194.0,1.6,22.9,109.2,4.5,83.8,4.1,98.0,8.7,55.0,17.3,10.0,312.2,154.3,22.4,46.2,27.7,192.6,69.7,447.4,2.4,4.6,1.6,216.2,2.1,85.0,7.6,168.3,245.8,0.9,302.2,172.3,4.3,426.9,34.6,118.4,3674.8,2020,5,24,6,2,7349.6,0.589885718196137,6996.871428571429,6345.823333333334
Aizawl,2020-05-25,4.1508,26.39,82.83,0.0,374.5515346174102,3834.449084009233,0.29073825950854004,5.1105555840430945,2322,2020-05-25,191.6,1.5,20.0,105.8,5.0,85.8,4.4,101.5,9.0,55.3,17.3,10.6,319.8,162.7,24.5,47.4,28.3,200.9,75.9,457.9,2.4,4.3,1.7,220.3,2.1,85.8,7.6,175.9,249.6,1.1,306.3,177.1,4.3,426.5,36.1,113.4,3735.8,2020,5,25,0,2,7475.500000000001,1.7130183955589515,7094.914285714285,6401.906666666667
Aizawl,2020-05-26,4.633,25.42,83.25,0.0,332.76243708534076,3403.815119968726,0.25744746328390405,4.12586275347288,2323,2020-05-26,193.5,1.3,15.7,108.9,5.4,87.1,4.7,106.9,9.3,56.7,17.5,10.9,323.1,167.8,25.4,44.4,27.9,187.3,77.4,462.7,1.8,3.7,1.3,218.0,1.6,86.7,7.6,184.3,253.8,1.2,318.9,176.3,4.3,425.3,36.3,120.2,3771.6,2020,5,26,1,2,7546.800000000001,0.9537823556952764,7200.442857142857,6470.550000000001
Aizawl,2020-05-27,0.9583,24.88,90.68,0.0,285.4326782238401,2916.9235397521443,0.2201191109291045,3.1892448036591685,2324,2020-05-27,194.8,1.4,17.8,79.3,5.5,86.7,4.8,110.4,9.2,53.8,17.3,10.8,321.1,168.2,25.6,41.3,24.4,187.0,77.7,460.7,1.8,4.2,1.6,218.3,1.8,88.2,8.2,182.7,260.7,1.2,324.6,176.9,1.9,395.3,35.5,104.6,3705.2999999999993,2020,5,27,2,2,7410.5999999999985,-1.804738432183206,7295.228571428571,6534.8966666666665
Aizawl,2020-05-28,5.8279,24.83,90.58,0.01,370.26235136925806,3788.58341870952,0.2892487116306813,4.893855943973852,2325,2020-05-28,195.4,1.6,23.4,79.0,5.0,90.0,4.6,105.6,9.4,51.7,16.8,10.7,321.5,139.3,24.2,43.3,22.2,192.1,74.3,457.3,2.2,4.8,1.3,210.9,2.1,79.3,7.8,150.3,249.4,1.3,307.0,180.5,3.2,350.0,34.1,89.8,3541.4000000000005,2020,5,28,3,2,7082.800000000001,-4.42339351739397,7329.457142857143,6582.003333333333
Aizawl,2020-05-29,2.1974,24.91,88.15,0.11,478.5977366602617,4896.060546520335,0.3660857445467344,5.9730673078322445,2326,2020-05-29,193.3,1.9,24.0,95.5,4.3,82.5,4.8,88.4,8.9,53.7,17.4,10.9,323.9,109.0,24.7,44.1,23.4,192.8,69.8,462.6,2.5,5.2,1.4,203.7,2.1,73.6,7.8,134.0,250.1,1.2,298.8,182.4,3.2,337.1,33.8,113.9,3483.6000000000004,2020,5,29,4,2,6970.300000000001,-1.5883548878974365,7306.014285714286,6623.58
Aizawl,2020-05-30,2.7977,24.81,88.78,0.12,301.15681564388825,3078.7466348776184,0.2278651475883544,3.790631005788724,2327,2020-05-30,186.4,1.9,25.6,91.0,3.4,74.6,4.8,73.3,9.3,53.2,17.6,10.6,326.5,96.1,19.6,41.8,24.9,183.5,70.5,461.2,2.5,5.4,1.7,206.0,2.0,75.1,8.0,127.5,186.9,1.2,306.6,164.0,3.6,282.0,28.2,129.5,3306.0,2020,5,30,5,2,6612.0,-5.140381332223876,7206.800000000001,6646.9766666666665
Aizawl,2020-05-31,3.8275,25.05,91.23,0.02,249.73370133051708,2553.9185660072176,0.1841215946829328,2.8606834218397292,2328,2020-05-31,184.1,2.0,25.1,78.0,3.4,74.0,4.4,73.3,9.1,48.3,16.0,9.1,319.2,96.1,19.6,41.8,21.2,168.5,63.5,443.5,2.2,5.5,1.7,204.8,2.2,84.9,7.2,127.5,186.9,0.9,288.5,145.9,4.1,282.0,28.2,120.4,3193.1000000000004,2020,5,31,6,2,6386.200000000001,-3.415003024803376,7069.171428571429,6664.65
Aizawl,2020-06-01,3.5842,24.89,90.6,0.03,241.33120264978788,2466.919523359967,0.18384629539216754,2.8114872508835966,2329,2020-06-01,178.2,1.6,24.2,94.1,3.9,72.7,4.5,74.6,9.2,54.9,15.9,9.1,325.4,109.4,22.7,41.3,20.3,164.5,68.3,388.3,2.5,5.2,1.5,200.7,2.2,80.3,7.7,134.9,197.4,1.2,303.3,138.5,4.4,331.0,29.4,123.1,3246.4,2020,6,1,0,2,6492.8,1.669224264821012,6928.785714285716,6681.33
Aizawl,2020-06-02,3.4663,24.48,93.79,0.01,310.66454541812976,3176.1546364767623,0.2262529446429115,4.039883290228578,2330,2020-06-02,172.0,2.0,24.8,99.6,4.0,73.7,4.6,81.1,9.2,57.9,17.8,8.2,314.4,119.1,24.3,42.7,23.6,155.9,65.6,374.1,2.4,5.0,1.6,184.4,2.2,75.6,7.7,141.5,201.2,1.3,305.1,140.2,4.4,348.7,33.2,130.9,3255.8,2020,6,2,1,2,6515.799999999999,0.3542385411532622,6781.5,6701.130000000001
Aizawl,2020-06-03,3.3955,24.26,89.86,0.0,313.6845465959038,3207.1259654874643,0.23081798780294885,4.1373462709369155,2331,2020-06-03,175.3,2.0,23.2,106.7,4.1,76.8,2.8,85.7,7.1,59.6,17.4,7.7,301.9,127.1,24.6,43.3,26.6,144.6,65.6,288.2,2.6,5.2,1.4,182.9,2.3,77.0,7.7,140.0,203.8,1.3,311.9,139.7,4.4,365.4,35.3,138.6,3205.5,2020,6,3,2,2,6415.300000000001,-1.542404616470705,6639.314285714287,6714.986666666667
Aizawl,2020-06-04,1.7407,23.6,92.53,0.0,348.81831807760136,3567.7541219780264,0.2645036245518558,4.582115335423527,2332,2020-06-04,174.3,2.0,23.9,100.7,4.1,76.4,4.1,85.1,8.9,59.5,17.7,8.4,298.3,126.0,24.9,44.4,25.0,166.4,66.3,283.6,2.4,5.1,1.7,143.2,2.3,79.6,7.7,146.5,201.2,1.4,319.5,142.8,4.4,342.0,35.1,148.8,3179.4,2020,6,4,3,2,6363.1,-0.8136797967359444,6536.5,6723.79
Aizawl,2020-06-05,5.6712,24.88,92.13,0.05,324.3144980561957,3316.573958372721,0.24530647431597363,4.187136047529455,2333,2020-06-05,181.6,1.9,26.0,74.0,3.9,74.9,4.9,81.0,10.0,61.1,17.4,8.8,288.9,121.4,25.3,42.8,24.7,177.3,66.4,335.2,2.5,5.3,1.7,149.8,2.2,84.5,7.6,151.0,198.0,1.4,321.4,149.2,3.2,284.9,32.9,141.3,3164.4,2020,6,5,4,2,6328.799999999999,-0.5390454338294437,6444.857142857143,6731.493333333333
Aizawl,2020-06-06,3.793,25.44,92.99,0.0,273.06653265259115,2792.8550195045905,0.20928817963404567,3.4253800892322954,2334,2020-06-06,186.6,1.7,24.2,85.3,3.9,76.5,5.1,80.2,10.0,62.3,12.4,8.4,279.5,129.4,24.7,35.0,26.5,175.2,64.2,357.0,2.4,4.5,1.7,162.3,2.1,93.9,7.6,143.4,206.1,1.4,299.3,153.9,4.3,324.9,34.2,157.4,3247.5000000000005,2020,6,6,5,2,6495.000000000001,2.626090254076629,6428.142857142857,6743.356666666668
Kohima,2020-05-15,4.5106,21.27,72.54,0.23,281.8991603902216,2879.8562655433675,0.21432107508880857,2.9989196322598706,2312,2020-05-15,181.9,2.0,22.2,100.6,3.4,79.4,4.2,72.0,7.5,49.7,13.9,10.0,306.3,120.4,21.9,43.2,23.2,209.5,71.9,405.5,2.3,5.1,1.6,202.9,2.1,81.2,8.5,121.2,219.7,1.2,303.5,156.8,3.9,339.7,30.1,145.2,3368.9,2020,5,15,4,2,6742.599999999999,1.589549652709743,6476.0,6003.933333333334
Kohima,2020-05-16,3.4646,21.57,74.27,0.25,293.8778807796024,3002.1393577453105,0.21217020889626623,3.175236474799966,2313,2020-05-16,185.5,1.9,22.1,101.9,3.5,76.5,4.3,73.3,7.6,53.0,16.2,8.9,306.5,128.5,22.4,43.8,25.9,204.1,71.2,405.1,2.2,5.1,1.5,205.5,2.4,81.3,8.5,129.8,225.2,0.9,296.5,152.8,3.9,350.6,30.5,151.7,3405.6,2020,5,16,5,2,6816.200000000001,1.09156705128588,6511.099999999999,6033.223333333333
Kohima,2020-05-17,4.2917,21.35,71.14,0.21,312.96183204783614,3200.565600194744,0.23886852248987903,3.7662443065004467,2314,2020-05-17,177.6,1.9,21.5,101.6,3.4,75.7,3.8,75.7,7.3,51.4,16.3,9.1,299.7,128.2,20.6,43.0,26.3,192.5,63.7,404.9,2.4,4.8,1.5,204.5,2.2,81.3,8.5,135.7,220.8,0.9,277.3,144.2,3.9,361.1,28.0,149.0,3344.7,2020,5,17,6,2,6695.0,-1.77811683929463,6590.5142857142855,6057.35
Kohima,2020-05-18,7.2845,23.21,63.44,0.21,222.99702127311505,2278.668814254924,0.15902588630644315,2.463815608425709,2315,2020-05-18,174.1,1.9,27.6,105.9,3.8,76.3,4.2,78.7,7.4,52.9,14.9,10.3,303.5,135.5,22.4,43.3,26.9,169.2,63.3,418.3,2.6,5.0,1.5,205.3,2.1,83.4,8.5,142.3,225.6,1.3,270.5,149.5,3.9,367.1,30.6,157.7,3391.9,2020,5,18,0,2,6789.2,1.40702016430172,6685.128571428571,6089.726666666667
Kohima,2020-05-19,4.4016,22.42,72.74,0.2,267.4625583268417,2732.640628746392,0.19740737122800353,3.1133584237305145,2316,2020-05-19,164.7,1.9,30.9,102.2,3.9,76.2,4.4,81.3,7.9,52.7,14.8,10.5,307.0,134.0,23.6,44.2,26.5,174.0,65.6,420.9,2.6,5.2,1.7,208.3,2.1,74.2,8.5,143.6,231.8,1.2,274.7,151.3,3.9,370.6,31.7,148.2,3401.3,2020,5,19,1,2,6808.099999999999,0.2783833146762227,6730.228571428571,6125.856666666668
Kohima,2020-05-20,3.217,21.69,83.09,0.16,314.0457938884043,3215.0632596869136,0.24007292401894353,4.604665450162271,2317,2020-05-20,175.5,2.0,28.4,93.3,4.0,74.8,4.4,82.3,8.1,47.3,15.0,10.6,308.6,139.8,23.8,45.3,19.3,188.0,70.1,426.2,2.4,5.0,1.6,203.8,2.2,57.4,8.5,145.4,230.0,1.2,296.7,159.8,3.9,383.2,32.9,75.1,3371.2000000000003,2020,5,20,2,2,6747.1,-0.8959915394897044,6747.9,6159.816666666667
Kohima,2020-05-21,2.0047,21.99,83.05,0.12,484.46085482791665,4956.921158773319,0.37877404931821124,6.39677026960725,2318,2020-05-21,186.9,2.1,20.2,81.6,4.2,78.0,4.5,84.8,8.2,47.3,16.6,10.6,316.6,142.4,24.3,43.4,17.4,196.5,71.2,434.5,2.8,4.4,1.5,207.2,2.3,70.0,8.5,160.4,233.5,1.1,302.2,166.9,3.9,382.7,33.7,51.5,3419.3,2020,5,21,3,2,6843.2,1.4243156319011074,6777.342857142857,6201.990000000001
Kohima,2020-05-22,4.1563,23.84,69.59,0.17,309.5809210920232,3166.017998627707,0.23995086973168883,3.8626216955439454,2319,2020-05-22,192.3,2.0,21.7,92.5,4.5,79.2,4.5,91.7,8.6,52.5,16.3,10.3,317.1,154.5,24.8,44.9,23.5,201.3,72.4,442.1,2.4,4.7,1.7,209.3,2.3,77.2,8.5,168.2,237.2,1.3,306.5,173.3,3.9,402.6,35.2,78.3,3565.1,2020,5,22,4,2,7134.4,4.255319148936176,6833.314285714286,6246.483333333334
Kohima,2020-05-23,4.781,22.22,78.18,0.2,380.9419243993407,3896.9444239727577,0.2933331639016568,4.962811838029397,2320,2020-05-23,195.9,1.5,23.6,98.6,4.6,79.4,4.6,95.2,8.1,54.7,16.5,10.7,315.2,158.0,24.1,41.2,27.3,201.2,74.0,443.5,2.5,5.1,1.4,216.6,2.1,84.5,8.5,171.0,244.1,1.3,311.9,168.1,3.9,417.5,36.1,102.9,3651.1,2020,5,23,5,2,7306.5,2.4122561112357,6903.357142857143,6295.37
Kohima,2020-05-24,3.4829,22.19,74.05,0.25,331.3531300728466,3390.319078053461,0.2597622941068829,4.231194467057071,2321,2020-05-24,194.0,1.6,22.9,109.2,4.5,83.8,4.1,98.0,8.7,55.0,17.3,10.0,312.2,154.3,22.4,46.2,27.7,192.6,69.7,447.4,2.4,4.6,1.6,216.2,2.1,85.0,7.6,168.3,245.8,0.9,302.2,172.3,4.3,426.9,34.6,118.4,3674.8,2020,5,24,6,2,7349.6,0.589885718196137,6996.871428571429,6345.823333333334
Kohima,2020-05-25,2.011,21.35,79.05,0.23,374.5515346174102,3834.449084009233,0.29073825950854004,5.1105555840430945,2322,2020-05-25,191.6,1.5,20.0,105.8,5.0,85.8,4.4,101.5,9.0,55.3,17.3,10.6,319.8,162.7,24.5,47.4,28.3,200.9,75.9,457.9,2.4,4.3,1.7,220.3,2.1,85.8,7.6,175.9,249.6,1.1,306.3,177.1,4.3,426.5,36.1,113.4,3735.8,2020,5,25,0,2,7475.500000000001,1.7130183955589515,7094.914285714285,6401.906666666667
Kohima,2020-05-26,1.9697,20.54,81.88,0.22,332.76243708534076,3403.815119968726,0.25744746328390405,4.12586275347288,2323,2020-05-26,193.5,1.3,15.7,108.9,5.4,87.1,4.7,106.9,9.3,56.7,17.5,10.9,323.1,167.8,25.4,44.4,27.9,187.3,77.4,462.7,1.8,3.7,1.3,218.0,1.6,86.7,7.6,184.3,253.8,1.2,318.9,176.3,4.3,425.3,36.3,120.2,3771.6,2020,5,26,1,2,7546.800000000001,0.9537823556952764,7200.442857142857,6470.550000000001
Kohima,2020-05-27,1.89,20.15,77.53,0.19,285.4326782238401,2916.9235397521443,0.2201191109291045,3.1892448036591685,2324,2020-05-27,194.8,1.4,17.8,79.3,5.5,86.7,4.8,110.4,9.2,53.8,17.3,10.8,321.1,168.2,25.6,41.3,24.4,187.0,77.7,460.7,1.8,4.2,1.6,218.3,1.8,88.2,8.2,182.7,260.7,1.2,324.6,176.9,1.9,395.3,35.5,104.6,3705.2999999999993,2020,5,27,2,2,7410.5999999999985,-1.804738432183206,7295.228571428571,6534.8966666666665
Kohima,2020-05-28,4.4662,18.78,84.22,0.19,370.26235136925806,3788.58341870952,0.2892487116306813,4.893855943973852,2325,2020-05-28,195.4,1.6,23.4,79.0,5.0,90.0,4.6,105.6,9.4,51.7,16.8,10.7,321.5,139.3,24.2,43.3,22.2,192.1,74.3,457.3,2.2,4.8,1.3,210.9,2.1,79.3,7.8,150.3,249.4,1.3,307.0,180.5,3.2,350.0,34.1,89.8,3541.4000000000005,2020,5,28,3,2,7082.800000000001,-4.42339351739397,7329.457142857143,6582.003333333333
Kohima,2020-05-29,3.6847,20.1,77.56,0.21,478.5977366602617,4896.060546520335,0.3660857445467344,5.9730673078322445,2326,2020-05-29,193.3,1.9,24.0,95.5,4.3,82.5,4.8,88.4,8.9,53.7,17.4,10.9,323.9,109.0,24.7,44.1,23.4,192.8,69.8,462.6,2.5,5.2,1.4,203.7,2.1,73.6,7.8,134.0,250.1,1.2,298.8,182.4,3.2,337.1,33.8,113.9,3483.6000000000004,2020,5,29,4,2,6970.300000000001,-1.5883548878974365,7306.014285714286,6623.58
Kohima,2020-05-30,4.0027,21.51,67.84,0.21,301.15681564388825,3078.7466348776184,0.2278651475883544,3.790631005788724,2327,2020-05-30,186.4,1.9,25.6,91.0,3.4,74.6,4.8,73.3,9.3,53.2,17.6,10.6,326.5,96.1,19.6,41.8,24.9,183.5,70.5,461.2,2.5,5.4,1.7,206.0,2.0,75.1,8.0,127.5,186.9,1.2,306.6,164.0,3.6,282.0,28.2,129.5,3306.0,2020,5,30,5,2,6612.0,-5.140381332223876,7206.800000000001,6646.9766666666665
Kohima,2020-05-31,4.9843,21.28,72.87,0.18,249.73370133051708,2553.9185660072176,0.1841215946829328,2.8606834218397292,2328,2020-05-31,184.1,2.0,25.1,78.0,3.4,74.0,4.4,73.3,9.1,48.3,16.0,9.1,319.2,96.1,19.6,41.8,21.2,168.5,63.5,443.5,2.2,5.5,1.7,204.8,2.2,84.9,7.2,127.5,186.9,0.9,288.5,145.9,4.1,282.0,28.2,120.4,3193.1000000000004,2020,5,31,6,2,6386.200000000001,-3.415003024803376,7069.171428571429,6664.65
Kohima,2020-06-01,3.7022,21.4,74.25,0.23,241.33120264978788,2466.919523359967,0.18384629539216754,2.8114872508835966,2329,2020-06-01,178.2,1.6,24.2,94.1,3.9,72.7,4.5,74.6,9.2,54.9,15.9,9.1,325.4,109.4,22.7,41.3,20.3,164.5,68.3,388.3,2.5,5.2,1.5,200.7,2.2,80.3,7.7,134.9,197.4,1.2,303.3,138.5,4.4,331.0,29.4,123.1,3246.4,2020,6,1,0,2,6492.8,1.669224264821012,6928.785714285716,6681.33
Kohima,2020-06-02,4.4534,20.39,80.1,0.22,310.66454541812976,3176.1546364767623,0.2262529446429115,4.039883290228578,2330,2020-06-02,172.0,2.0,24.8,99.6,4.0,73.7,4.6,81.1,9.2,57.9,17.8,8.2,314.4,119.1,24.3,42.7,23.6,155.9,65.6,374.1,2.4,5.0,1.6,184.4,2.2,75.6,7.7,141.5,201.2,1.3,305.1,140.2,4.4,348.7,33.2,130.9,3255.8,2020,6,2,1,2,6515.799999999999,0.3542385411532622,6781.5,6701.130000000001
Kohima,2020-06-03,2.9527,19.3,80.29,0.16,313.6845465959038,3207.1259654874643,0.23081798780294885,4.1373462709369155,2331,2020-06-03,175.3,2.0,23.2,106.7,4.1,76.8,2.8,85.7,7.1,59.6,17.4,7.7,301.9,127.1,24.6,43.3,26.6,144.6,65.6,288.2,2.6,5.2,1.4,182.9,2.3,77.0,7.7,140.0,203.8,1.3,311.9,139.7,4.4,365.4,35.3,138.6,3205.5,2020,6,3,2,2,6415.300000000001,-1.542404616470705,6639.314285714287,6714.986666666667
Kohima,2020-06-04,3.0346,20.26,78.43,0.13,348.81831807760136,3567.7541219780264,0.2645036245518558,4.582115335423527,2332,2020-06-04,174.3,2.0,23.9,100.7,4.1,76.4,4.1,85.1,8.9,59.5,17.7,8.4,298.3,126.0,24.9,44.4,25.0,166.4,66.3,283.6,2.4,5.1,1.7,143.2,2.3,79.6,7.7,146.5,201.2,1.4,319.5,142.8,4.4,342.0,35.1,148.8,3179.4,2020,6,4,3,2,6363.1,-0.8136797967359444,6536.5,6723.79
Kohima,2020-06-05,3.9166,21.63,77.49,0.14,324.3144980561957,3316.573958372721,0.24530647431597363,4.187136047529455,2333,2020-06-05,181.6,1.9,26.0,74.0,3.9,74.9,4.9,81.0,10.0,61.1,17.4,8.8,288.9,121.4,25.3,42.8,24.7,177.3,66.4,335.2,2.5,5.3,1.7,149.8,2.2,84.5,7.6,151.0,198.0,1.4,321.4,149.2,3.2,284.9,32.9,141.3,3164.4,2020,6,5,4,2,6328.799999999999,-0.5390454338294437,6444.857142857143,6731.493333333333
Kohima,2020-06-06,2.2166,20.42,82.44,0.15,273.06653265259115,2792.8550195045905,0.20928817963404567,3.4253800892322954,2334,2020-06-06,186.6,1.7,24.2,85.3,3.9,76.5,5.1,80.2,10.0,62.3,12.4,8.4,279.5,129.4,24.7,35.0,26.5,175.2,64.2,357.0,2.4,4.5,1.7,162.3,2.1,93.9,7.6,143.4,206.1,1.4,299.3,153.9,4.3,324.9,34.2,157.4,3247.5000000000005,2020,6,6,5,2,6495.000000000001,2.626090254076629,6428.142857142857,6743.356666666668
Bhubaneswar,2020-05-15,7.3608,32.89,55.8,2.72,281.8991603902216,2879.8562655433675,0.21432107508880857,2.9989196322598706,2312,2020-05-15,181.9,2.0,22.2,100.6,3.4,79.4,4.2,72.0,7.5,49.7,13.9,10.0,306.3,120.4,21.9,43.2,23.2,209.5,71.9,405.5,2.3,5.1,1.6,202.9,2.1,81.2,8.5,121.2,219.7,1.2,303.5,156.8,3.9,339.7,30.1,145.2,3368.9,2020,5,15,4,2,6742.599999999999,1.589549652709743,6476.0,6003.933333333334
Bhubaneswar,2020-05-16,7.0486,33.03,56.66,2.2,293.8778807796024,3002.1393577453105,0.21217020889626623,3.175236474799966,2313,2020-05-16,185.5,1.9,22.1,101.9,3.5,76.5,4.3,73.3,7.6,53.0,16.2,8.9,306.5,128.5,22.4,43.8,25.9,204.1,71.2,405.1,2.2,5.1,1.5,205.5,2.4,81.3,8.5,129.8,225.2,0.9,296.5,152.8,3.9,350.6,30.5,151.7,3405.6,2020,5,16,5,2,6816.200000000001,1.09156705128588,6511.099999999999,6033.223333333333
Bhubaneswar,2020-05-17,6.3384,32.16,60.61,2.04,312.96183204783614,3200.565600194744,0.23886852248987903,3.7662443065004467,2314,2020-05-17,177.6,1.9,21.5,101.6,3.4,75.7,3.8,75.7,7.3,51.4,16.3,9.1,299.7,128.2,20.6,43.0,26.3,192.5,63.7,404.9,2.4,4.8,1.5,204.5,2.2,81.3,8.5,135.7,220.8,0.9,277.3,144.2,3.9,361.1,28.0,149.0,3344.7,2020,5,17,6,2,6695.0,-1.77811683929463,6590.5142857142855,6057.35
Bhubaneswar,2020-05-18,6.3396,31.33,62.05,2.31,222.99702127311505,2278.668814254924,0.15902588630644315,2.463815608425709,2315,2020-05-18,174.1,1.9,27.6,105.9,3.8,76.3,4.2,78.7,7.4,52.9,14.9,10.3,303.5,135.5,22.4,43.3,26.9,169.2,63.3,418.3,2.6,5.0,1.5,205.3,2.1,83.4,8.5,142.3,225.6,1.3,270.5,149.5,3.9,367.1,30.6,157.7,3391.9,2020,5,18,0,2,6789.2,1.40702016430172,6685.128571428571,6089.726666666667
Bhubaneswar,2020-05-19,2.3218,27.84,70.62,4.63,267.4625583268417,2732.640628746392,0.19740737122800353,3.1133584237305145,2316,2020-05-19,164.7,1.9,30.9,102.2,3.9,76.2,4.4,81.3,7.9,52.7,14.8,10.5,307.0,134.0,23.6,44.2,26.5,174.0,65.6,420.9,2.6,5.2,1.7,208.3,2.1,74.2,8.5,143.6,231.8,1.2,274.7,151.3,3.9,370.6,31.7,148.2,3401.3,2020,5,19,1,2,6808.099999999999,0.2783833146762227,6730.228571428571,6125.856666666668
Bhubaneswar,2020-05-20,1.6877,25.99,76.9,6.81,314.0457938884043,3215.0632596869136,0.24007292401894353,4.604665450162271,2317,2020-05-20,175.5,2.0,28.4,93.3,4.0,74.8,4.4,82.3,8.1,47.3,15.0,10.6,308.6,139.8,23.8,45.3,19.3,188.0,70.1,426.2,2.4,5.0,1.6,203.8,2.2,57.4,8.5,145.4,230.0,1.2,296.7,159.8,3.9,383.2,32.9,75.1,3371.2000000000003,2020,5,20,2,2,6747.1,-0.8959915394897044,6747.9,6159.816666666667
Bhubaneswar,2020-05-21,6.0665,29.61,62.23,2.14,484.46085482791665,4956.921158773319,0.37877404931821124,6.39677026960725,2318,2020-05-21,186.9,2.1,20.2,81.6,4.2,78.0,4.5,84.8,8.2,47.3,16.6,10.6,316.6,142.4,24.3,43.4,17.4,196.5,71.2,434.5,2.8,4.4,1.5,207.2,2.3,70.0,8.5,160.4,233.5,1.1,302.2,166.9,3.9,382.7,33.7,51.5,3419.3,2020,5,21,3,2,6843.2,1.4243156319011074,6777.342857142857,6201.990000000001
Bhubaneswar,2020-05-22,6.5359,30.78,66.79,2.17,309.5809210920232,3166.017998627707,0.23995086973168883,3.8626216955439454,2319,2020-05-22,192.3,2.0,21.7,92.5,4.5,79.2,4.5,91.7,8.6,52.5,16.3,10.3,317.1,154.5,24.8,44.9,23.5,201.3,72.4,442.1,2.4,4.7,1.7,209.3,2.3,77.2,8.5,168.2,237.2,1.3,306.5,173.3,3.9,402.6,35.2,78.3,3565.1,2020,5,22,4,2,7134.4,4.255319148936176,6833.314285714286,6246.483333333334
Bhubaneswar,2020-05-23,6.8422,31.41,73.43,3.22,380.9419243993407,3896.9444239727577,0.2933331639016568,4.962811838029397,2320,2020-05-23,195.9,1.5,23.6,98.6,4.6,79.4,4.6,95.2,8.1,54.7,16.5,10.7,315.2,158.0,24.1,41.2,27.3,201.2,74.0,443.5,2.5,5.1,1.4,216.6,2.1,84.5,8.5,171.0,244.1,1.3,311.9,168.1,3.9,417.5,36.1,102.9,3651.1,2020,5,23,5,2,7306.5,2.4122561112357,6903.357142857143,6295.37
Bhubaneswar,2020-05-24,6.307,31.79,72.05,4.22,331.3531300728466,3390.319078053461,0.2597622941068829,4.231194467057071,2321,2020-05-24,194.0,1.6,22.9,109.2,4.5,83.8,4.1,98.0,8.7,55.0,17.3,10.0,312.2,154.3,22.4,46.2,27.7,192.6,69.7,447.4,2.4,4.6,1.6,216.2,2.1,85.0,7.6,168.3,245.8,0.9,302.2,172.3,4.3,426.9,34.6,118.4,3674.8,2020,5,24,6,2,7349.6,0.589885718196137,6996.871428571429,6345.823333333334
Bhubaneswar,2020-05-25,6.2263,31.74,69.73,5.08,374.5515346174102,3834.449084009233,0.29073825950854004,5.1105555840430945,2322,2020-05-25,191.6,1.5,20.0,105.8,5.0,85.8,4.4,101.5,9.0,55.3,17.3,10.6,319.8,162.7,24.5,47.4,28.3,200.9,75.9,457.9,2.4,4.3,1.7,220.3,2.1,85.8,7.6,175.9,249.6,1.1,306.3,177.1,4.3,426.5,36.1,113.4,3735.8,2020,5,25,0,2,7475.500000000001,1.7130183955589515,7094.914285714285,6401.906666666667
Bhubaneswar,2020-05-26,5.6815,32.11,67.39,5.25,332.76243708534076,3403.815119968726,0.25744746328390405,4.12586275347288,2323,2020-05-26,193.5,1.3,15.7,108.9,5.4,87.1,4.7,106.9,9.3,56.7,17.5,10.9,323.1,167.8,25.4,44.4,27.9,187.3,77.4,462.7,1.8,3.7,1.3,218.0,1.6,86.7,7.6,184.3,253.8,1.2,318.9,176.3,4.3,425.3,36.3,120.2,3771.6,2020,5,26,1,2,7546.800000000001,0.9537823556952764,7200.442857142857,6470.550000000001
Bhubaneswar,2020-05-27,6.6662,32.26,67.0,5.02,285.4326782238401,2916.9235397521443,0.2201191109291045,3.1892448036591685,2324,2020-05-27,194.8,1.4,17.8,79.3,5.5,86.7,4.8,110.4,9.2,53.8,17.3,10.8,321.1,168.2,25.6,41.3,24.4,187.0,77.7,460.7,1.8,4.2,1.6,218.3,1.8,88.2,8.2,182.7,260.7,1.2,324.6,176.9,1.9,395.3,35.5,104.6,3705.2999999999993,2020,5,27,2,2,7410.5999999999985,-1.804738432183206,7295.228571428571,6534.8966666666665
Bhubaneswar,2020-05-28,4.9068,31.42,73.1,3.89,370.26235136925806,3788.58341870952,0.2892487116306813,4.893855943973852,2325,2020-05-28,195.4,1.6,23.4,79.0,5.0,90.0,4.6,105.6,9.4,51.7,16.8,10.7,321.5,139.3,24.2,43.3,22.2,192.1,74.3,457.3,2.2,4.8,1.3,210.9,2.1,79.3,7.8,150.3,249.4,1.3,307.0,180.5,3.2,350.0,34.1,89.8,3541.4000000000005,2020,5,28,3,2,7082.800000000001,-4.42339351739397,7329.457142857143,6582.003333333333
Bhubaneswar,2020-05-29,5.7595,29.97,81.44,2.4,478.5977366602617,4896.060546520335,0.3660857445467344,5.9730673078322445,2326,2020-05-29,193.3,1.9,24.0,95.5,4.3,82.5,4.8,88.4,8.9,53.7,17.4,10.9,323.9,109.0,24.7,44.1,23.4,192.8,69.8,462.6,2.5,5.2,1.4,203.7,2.1,73.6,7.8,134.0,250.1,1.2,298.8,182.4,3.2,337.1,33.8,113.9,3483.6000000000004,2020,5,29,4,2,6970.300000000001,-1.5883548878974365,7306.014285714286,6623.58
Bhubaneswar,2020-05-30,6.3722,30.64,74.12,2.23,301.15681564388825,3078.7466348776184,0.2278651475883544,3.790631005788724,2327,2020-05-30,186.4,1.9,25.6,91.0,3.4,74.6,4.8,73.3,9.3,53.2,17.6,10.6,326.5,96.1,19.6,41.8,24.9,183.5,70.5,461.2,2.5,5.4,1.7,206.0,2.0,75.1,8.0,127.5,186.9,1.2,306.6,164.0,3.6,282.0,28.2,129.5,3306.0,2020,5,30,5,2,6612.0,-5.140381332223876,7206.800000000001,6646.9766666666665
Bhubaneswar,2020-05-31,6.9307,30.67,74.4,2.57,249.73370133051708,2553.9185660072176,0.1841215946829328,2.8606834218397292,2328,2020-05-31,184.1,2.0,25.1,78.0,3.4,74.0,4.4,73.3,9.1,48.3,16.0,9.1,319.2,96.1,19.6,41.8,21.2,168.5,63.5,443.5,2.2,5.5,1.7,204.8,2.2,84.9,7.2,127.5,186.9,0.9,288.5,145.9,4.1,282.0,28.2,120.4,3193.1000000000004,2020,5,31,6,2,6386.200000000001,-3.415003024803376,7069.171428571429,6664.65
Bhubaneswar,2020-06-01,3.5306,30.59,73.94,1.41,241.33120264978788,2466.919523359967,0.18384629539216754,2.8114872508835966,2329,2020-06-01,178.2,1.6,24.2,94.1,3.9,72.7,4.5,74.6,9.2,54.9,15.9,9.1,325.4,109.4,22.7,41.3,20.3,164.5,68.3,388.3,2.5,5.2,1.5,200.7,2.2,80.3,7.7,134.9,197.4,1.2,303.3,138.5,4.4,331.0,29.4,123.1,3246.4,2020,6,1,0,2,6492.8,1.669224264821012,6928.785714285716,6681.33
Bhubaneswar,2020-06-02,5.2361,30.96,68.98,2.12,310.66454541812976,3176.1546364767623,0.2262529446429115,4.039883290228578,2330,2020-06-02,172.0,2.0,24.8,99.6,4.0,73.7,4.6,81.1,9.2,57.9,17.8,8.2,314.4,119.1,24.3,42.7,23.6,155.9,65.6,374.1,2.4,5.0,1.6,184.4,2.2,75.6,7.7,141.5,201.2,1.3,305.1,140.2,4.4,348.7,33.2,130.9,3255.8,2020,6,2,1,2,6515.799999999999,0.3542385411532622,6781.5,6701.130000000001
Bhubaneswar,2020-06-03,5.7881,29.83,75.45,1.94,313.6845465959038,3207.1259654874643,0.23081798780294885,4.1373462709369155,2331,2020-06-03,175.3,2.0,23.2,106.7,4.1,76.8,2.8,85.7,7.1,59.6,17.4,7.7,301.9,127.1,24.6,43.3,26.6,144.6,65.6,288.2,2.6,5.2,1.4,182.9,2.3,77.0,7.7,140.0,203.8,1.3,311.9,139.7,4.4,365.4,35.3,138.6,3205.5,2020,6,3,2,2,6415.300000000001,-1.542404616470705,6639.314285714287,6714.986666666667
Bhubaneswar,2020-06-04,5.8579,29.01,81.09,2.33,348.81831807760136,3567.7541219780264,0.2645036245518558,4.582115335423527,2332,2020-06-04,174.3,2.0,23.9,100.7,4.1,76.4,4.1,85.1,8.9,59.5,17.7,8.4,298.3,126.0,24.9,44.4,25.0,166.4,66.3,283.6,2.4,5.1,1.7,143.2,2.3,79.6,7.7,146.5,201.2,1.4,319.5,142.8,4.4,342.0,35.1,148.8,3179.4,2020,6,4,3,2,6363.1,-0.8136797967359444,6536.5,6723.79
Bhubaneswar,2020-06-05,6.1742,29.48,80.26,2.77,324.3144980561957,3316.573958372721,0.24530647431597363,4.187136047529455,2333,2020-06-05,181.6,1.9,26.0,74.0,3.9,74.9,4.9,81.0,10.0,61.1,17.4,8.8,288.9,121.4,25.3,42.8,24.7,177.3,66.4,335.2,2.5,5.3,1.7,149.8,2.2,84.5,7.6,151.0,198.0,1.4,321.4,149.2,3.2,284.9,32.9,141.3,3164.4,2020,6,5,4,2,6328.799999999999,-0.5390454338294437,6444.857142857143,6731.493333333333
Bhubaneswar,2020-06-06,5.8829,30.87,70.82,1.71,273.06653265259115,2792.8550195045905,0.20928817963404567,3.4253800892322954,2334,2020-06-06,186.6,1.7,24.2,85.3,3.9,76.5,5.1,80.2,10.0,62.3,12.4,8.4,279.5,129.4,24.7,35.0,26.5,175.2,64.2,357.0,2.4,4.5,1.7,162.3,2.1,93.9,7.6,143.4,206.1,1.4,299.3,153.9,4.3,324.9,34.2,157.4,3247.5000000000005,2020,6,6,5,2,6495.000000000001,2.626090254076629,6428.142857142857,6743.356666666668
Gangtok,2020-05-15,4.3445,10.27,88.72,1.9,281.8991603902216,2879.8562655433675,0.21432107508880857,2.9989196322598706,2312,2020-05-15,181.9,2.0,22.2,100.6,3.4,79.4,4.2,72.0,7.5,49.7,13.9,10.0,306.3,120.4,21.9,43.2,23.2,209.5,71.9,405.5,2.3,5.1,1.6,202.9,2.1,81.2,8.5,121.2,219.7,1.2,303.5,156.8,3.9,339.7,30.1,145.2,3368.9,2020,5,15,4,2,6742.599999999999,1.589549652709743,6476.0,6003.933333333334
Gangtok,2020-05-16,3.6576,10.07,88.66,1.98,293.8778807796024,3002.1393577453105,0.21217020889626623,3.175236474799966,2313,2020-05-16,185.5,1.9,22.1,101.9,3.5,76.5,4.3,73.3,7.6,53.0,16.2,8.9,306.5,128.5,22.4,43.8,25.9,204.1,71.2,405.1,2.2,5.1,1.5,205.5,2.4,81.3,8.5,129.8,225.2,0.9,296.5,152.8,3.9,350.6,30.5,151.7,3405.6,2020,5,16,5,2,6816.200000000001,1.09156705128588,6511.099999999999,6033.223333333333
Gangtok,2020-05-17,5.2589,10.54,81.4,1.62,312.96183204783614,3200.565600194744,0.23886852248987903,3.7662443065004467,2314,2020-05-17,177.6,1.9,21.5,101.6,3.4,75.7,3.8,75.7,7.3,51.4,16.3,9.1,299.7,128.2,20.6,43.0,26.3,192.5,63.7,404.9,2.4,4.8,1.5,204.5,2.2,81.3,8.5,135.7,220.8,0.9,277.3,144.2,3.9,361.1,28.0,149.0,3344.7,2020,5,17,6,2,6695.0,-1.77811683929463,6590.5142857142855,6057.35
Gangtok,2020-05-18,4.1741,10.64,83.3,1.73,222.99702127311505,2278.668814254924,0.15902588630644315,2.463815608425709,2315,2020-05-18,174.1,1.9,27.6,105.9,3.8,76.3,4.2,78.7,7.4,52.9,14.9,10.3,303.5,135.5,22.4,43.3,26.9,169.2,63.3,418.3,2.6,5.0,1.5,205.3,2.1,83.4,8.5,142.3,225.6,1.3,270.5,149.5,3.9,367.1,30.6,157.7,3391.9,2020,5,18,0,2,6789.2,1.40702016430172,6685.128571428571,6089.726666666667
Gangtok,2020-05-19,4.6699,10.26,83.44,1.67,267.4625583268417,2732.640628746392,0.19740737122800353,3.1133584237305145,2316,2020-05-19,164.7,1.9,30.9,102.2,3.9,76.2,4.4,81.3,7.9,52.7,14.8,10.5,307.0,134.0,23.6,44.2,26.5,174.0,65.6,420.9,2.6,5.2,1.7,208.3,2.1,74.2,8.5,143.6,231.8,1.2,274.7,151.3,3.9,370.6,31.7,148.2,3401.3,2020,5,19,1,2,6808.099999999999,0.2783833146762227,6730.228571428571,6125.856666666668
Gangtok,2020-05-20,2.016,10.28,82.07,1.57,314.0457938884043,3215.0632596869136,0.24007292401894353,4.604665450162271,2317,2020-05-20,175.5,2.0,28.4,93.3,4.0,74.8,4.4,82.3,8.1,47.3,15.0,10.6,308.6,139.8,23.8,45.3,19.3,188.0,70.1,426.2,2.4,5.0,1.6,203.8,2.2,57.4,8.5,145.4,230.0,1.2,296.7,159.8,3.9,383.2,32.9,75.1,3371.2000000000003,2020,5,20,2,2,6747.1,-0.8959915394897044,6747.9,6159.816666666667
Gangtok,2020-05-21,2.784,10.29,81.24,1.3,484.46085482791665,4956.921158773319,0.37877404931821124,6.39677026960725,2318,2020-05-21,186.9,2.1,20.2,81.6,4.2,78.0,4.5,84.8,8.2,47.3,16.6,10.6,316.6,142.4,24.3,43.4,17.4,196.5,71.2,434.5,2.8,4.4,1.5,207.2,2.3,70.0,8.5,160.4,233.5,1.1,302.2,166.9,3.9,382.7,33.7,51.5,3419.3,2020,5,21,3,2,6843.2,1.4243156319011074,6777.342857142857,6201.990000000001
Gangtok,2020-05-22,3.0626,11.33,81.91,1.42,309.5809210920232,3166.017998627707,0.23995086973168883,3.8626216955439454,2319,2020-05-22,192.3,2.0,21.7,92.5,4.5,79.2,4.5,91.7,8.6,52.5,16.3,10.3,317.1,154.5,24.8,44.9,23.5,201.3,72.4,442.1,2.4,4.7,1.7,209.3,2.3,77.2,8.5,168.2,237.2,1.3,306.5,173.3,3.9,402.6,35.2,78.3,3565.1,2020,5,22,4,2,7134.4,4.255319148936176,6833.314285714286,6246.483333333334
Gangtok,2020-05-23,3.2971,11.42,87.19,1.88,380.9419243993407,3896.9444239727577,0.2933331639016568,4.962811838029397,2320,2020-05-23,195.9,1.5,23.6,98.6,4.6,79.4,4.6,95.2,8.1,54.7,16.5,10.7,315.2,158.0,24.1,41.2,27.3,201.2,74.0,443.5,2.5,5.1,1.4,216.6,2.1,84.5,8.5,171.0,244.1,1.3,311.9,168.1,3.9,417.5,36.1,102.9,3651.1,2020,5,23,5,2,7306.5,2.4122561112357,6903.357142857143,6295.37
Gangtok,2020-05-24,3.1598,11.24,88.92,2.05,331.3531300728466,3390.319078053461,0.2597622941068829,4.231194467057071,2321,2020-05-24,194.0,1.6,22.9,109.2,4.5,83.8,4.1,98.0,8.7,55.0,17.3,10.0,312.2,154.3,22.4,46.2,27.7,192.6,69.7,447.4,2.4,4.6,1.6,216.2,2.1,85.0,7.6,168.3,245.8,0.9,302.2,172.3,4.3,426.9,34.6,118.4,3674.8,2020,5,24,6,2,7349.6,0.589885718196137,6996.871428571429,6345.823333333334
Gangtok,2020-05-25,3.6751,10.76,80.09,2.05,374.5515346174102,3834.449084009233,0.29073825950854004,5.1105555840430945,2322,2020-05-25,191.6,1.5,20.0,105.8,5.0,85.8,4.4,101.5,9.0,55.3,17.3,10.6,319.8,162.7,24.5,47.4,28.3,200.9,75.9,457.9,2.4,4.3,1.7,220.3,2.1,85.8,7.6,175.9,249.6,1.1,306.3,177.1,4.3,426.5,36.1,113.4,3735.8,2020,5,25,0,2,7475.500000000001,1.7130183955589515,7094.914285714285,6401.906666666667
Gangtok,2020-05-26,3.5443,10.29,77.81,1.81,332.76243708534076,3403.815119968726,0.25744746328390405,4.12586275347288,2323,2020-05-26,193.5,1.3,15.7,108.9,5.4,87.1,4.7,106.9,9.3,56.7,17.5,10.9,323.1,167.8,25.4,44.4,27.9,187.3,77.4,462.7,1.8,3.7,1.3,218.0,1.6,86.7,7.6,184.3,253.8,1.2,318.9,176.3,4.3,425.3,36.3,120.2,3771.6,2020,5,26,1,2,7546.800000000001,0.9537823556952764,7200.442857142857,6470.550000000001
Gangtok,2020-05-27,3.7478,9.65,80.77,1.32,285.4326782238401,2916.9235397521443,0.2201191109291045,3.1892448036591685,2324,2020-05-27,194.8,1.4,17.8,79.3,5.5,86.7,4.8,110.4,9.2,53.8,17.3,10.8,321.1,168.2,25.6,41.3,24.4,187.0,77.7,460.7,1.8,4.2,1.6,218.3,1.8,88.2,8.2,182.7,260.7,1.2,324.6,176.9,1.9,395.3,35.5,104.6,3705.2999999999993,2020,5,27,2,2,7410.5999999999985,-1.804738432183206,7295.228571428571,6534.8966666666665
Gangtok,2020-05-28,3.9994,8.72,77.66,1.16,370.26235136925806,3788.58341870952,0.2892487116306813,4.893855943973852,2325,2020-05-28,195.4,1.6,23.4,79.0,5.0,90.0,4.6,105.6,9.4,51.7,16.8,10.7,321.5,139.3,24.2,43.3,22.2,192.1,74.3,457.3,2.2,4.8,1.3,210.9,2.1,79.3,7.8,150.3,249.4,1.3,307.0,180.5,3.2,350.0,34.1,89.8,3541.4000000000005,2020,5,28,3,2,7082.800000000001,-4.42339351739397,7329.457142857143,6582.003333333333
Gangtok,2020-05-29,4.3517,8.64,83.48,1.73,478.5977366602617,4896.060546520335,0.3660857445467344,5.9730673078322445,2326,2020-05-29,193.3,1.9,24.0,95.5,4.3,82.5,4.8,88.4,8.9,53.7,17.4,10.9,323.9,109.0,24.7,44.1,23.4,192.8,69.8,462.6,2.5,5.2,1.4,203.7,2.1,73.6,7.8,134.0,250.1,1.2,298.8,182.4,3.2,337.1,33.8,113.9,3483.6000000000004,2020,5,29,4,2,6970.300000000001,-1.5883548878974365,7306.014285714286,6623.58
Gangtok,2020-05-30,4.0346,9.2,79.68,1.74,301.15681564388825,3078.7466348776184,0.2278651475883544,3.790631005788724,2327,2020-05-30,186.4,1.9,25.6,91.0,3.4,74.6,4.8,73.3,9.3,53.2,17.6,10.6,326.5,96.1,19.6,41.8,24.9,183.5,70.5,461.2,2.5,5.4,1.7,206.0,2.0,75.1,8.0,127.5,186.9,1.2,306.6,164.0,3.6,282.0,28.2,129.5,3306.0,2020,5,30,5,2,6612.0,-5.140381332223876,7206.800000000001,6646.9766666666665
Gangtok,2020-05-31,3.2568,10.01,86.85,1.86,249.73370133051708,2553.9185660072176,0.1841215946829328,2.8606834218397292,2328,2020-05-31,184.1,2.0,25.1,78.0,3.4,74.0,4.4,73.3,9.1,48.3,16.0,9.1,319.2,96.1,19.6,41.8,21.2,168.5,63.5,443.5,2.2,5.5,1.7,204.8,2.2,84.9,7.2,127.5,186.9,0.9,288.5,145.9,4.1,282.0,28.2,120.4,3193.1000000000004,2020,5,31,6,2,6386.200000000001,-3.415003024803376,7069.171428571429,6664.65
Gangtok,2020-06-01,3.9559,10.2,87.95,2.3,241.33120264978788,2466.919523359967,0.18384629539216754,2.8114872508835966,2329,2020-06-01,178.2,1.6,24.2,94.1,3.9,72.7,4.5,74.6,9.2,54.9,15.9,9.1,325.4,109.4,22.7,41.3,20.3,164.5,68.3,388.3,2.5,5.2,1.5,200.7,2.2,80.3,7.7,134.9,197.4,1.2,303.3,138.5,4.4,331.0,29.4,123.1,3246.4,2020,6,1,0,2,6492.8,1.669224264821012,6928.785714285716,6681.33
Gangtok,2020-06-02,4.9819,9.5,83.96,2.04,310.66454541812976,3176.1546364767623,0.2262529446429115,4.039883290228578,2330,2020-06-02,172.0,2.0,24.8,99.6,4.0,73.7,4.6,81.1,9.2,57.9,17.8,8.2,314.4,119.1,24.3,42.7,23.6,155.9,65.6,374.1,2.4,5.0,1.6,184.4,2.2,75.6,7.7,141.5,201.2,1.3,305.1,140.2,4.4,348.7,33.2,130.9,3255.8,2020,6,2,1,2,6515.799999999999,0.3542385411532622,6781.5,6701.130000000001
Gangtok,2020-06-03,3.7894,9.99,84.04,1.95,313.6845465959038,3207.1259654874643,0.23081798780294885,4.1373462709369155,2331,2020-06-03,175.3,2.0,23.2,106.7,4.1,76.8,2.8,85.7,7.1,59.6,17.4,7.7,301.9,127.1,24.6,43.3,26.6,144.6,65.6,288.2,2.6,5.2,1.4,182.9,2.3,77.0,7.7,140.0,203.8,1.3,311.9,139.7,4.4,365.4,35.3,138.6,3205.5,2020,6,3,2,2,6415.300000000001,-1.542404616470705,6639.314285714287,6714.986666666667
Gangtok,2020-06-04,3.5902,10.44,87.86,2.0,348.81831807760136,3567.7541219780264,0.2645036245518558,4.582115335423527,2332,2020-06-04,174.3,2.0,23.9,100.7,4.1,76.4,4.1,85.1,8.9,59.5,17.7,8.4,298.3,126.0,24.9,44.4,25.0,166.4,66.3,283.6,2.4,5.1,1.7,143.2,2.3,79.6,7.7,146.5,201.2,1.4,319.5,142.8,4.4,342.0,35.1,148.8,3179.4,2020,6,4,3,2,6363.1,-0.8136797967359444,6536.5,6723.79
Gangtok,2020-06-05,2.2481,10.91,87.58,2.03,324.3144980561957,3316.573958372721,0.24530647431597363,4.187136047529455,2333,2020-06-05,181.6,1.9,26.0,74.0,3.9,74.9,4.9,81.0,10.0,61.1,17.4,8.8,288.9,121.4,25.3,42.8,24.7,177.3,66.4,335.2,2.5,5.3,1.7,149.8,2.2,84.5,7.6,151.0,198.0,1.4,321.4,149.2,3.2,284.9,32.9,141.3,3164.4,2020,6,5,4,2,6328.799999999999,-0.5390454338294437,6444.857142857143,6731.493333333333
Gangtok,2020-06-06,2.6239,11.91,86.09,1.84,273.06653265259115,2792.8550195045905,0.20928817963404567,3.4253800892322954,2334,2020-06-06,186.6,1.7,24.2,85.3,3.9,76.5,5.1,80.2,10.0,62.3,12.4,8.4,279.5,129.4,24.7,35.0,26.5,175.2,64.2,357.0,2.4,4.5,1.7,162.3,2.1,93.9,7.6,143.4,206.1,1.4,299.3,153.9,4.3,324.9,34.2,157.4,3247.5000000000005,2020,6,6,5,2,6495.000000000001,2.626090254076629,6428.142857142857,6743.356666666668
Agartala,2020-05-15,5.033,28.44,83.6,1.58,281.8991603902216,2879.8562655433675,0.21432107508880857,2.9989196322598706,2312,2020-05-15,181.9,2.0,22.2,100.6,3.4,79.4,4.2,72.0,7.5,49.7,13.9,10.0,306.3,120.4,21.9,43.2,23.2,209.5,71.9,405.5,2.3,5.1,1.6,202.9,2.1,81.2,8.5,121.2,219.7,1.2,303.5,156.8,3.9,339.7,30.1,145.2,3368.9,2020,5,15,4,2,6742.599999999999,1.589549652709743,6476.0,6003.933333333334
Agartala,2020-05-16,6.0953,28.82,83.77,1.95,293.8778807796024,3002.1393577453105,0.21217020889626623,3.175236474799966,2313,2020-05-16,185.5,1.9,22.1,101.9,3.5,76.5,4.3,73.3,7.6,53.0,16.2,8.9,306.5,128.5,22.4,43.8,25.9,204.1,71.2,405.1,2.2,5.1,1.5,205.5,2.4,81.3,8.5,129.8,225.2,0.9,296.5,152.8,3.9,350.6,30.5,151.7,3405.6,2020,5,16,5,2,6816.200000000001,1.09156705128588,6511.099999999999,6033.223333333333
Agartala,2020-05-17,6.3458,29.47,80.56,1.19,312.96183204783614,3200.565600194744,0.23886852248987903,3.7662443065004467,2314,2020-05-17,177.6,1.9,21.5,101.6,3.4,75.7,3.8,75.7,7.3,51.4,16.3,9.1,299.7,128.2,20.6,43.0,26.3,192.5,63.7,404.9,2.4,4.8,1.5,204.5,2.2,81.3,8.5,135.7,220.8,0.9,277.3,144.2,3.9,361.1,28.0,149.0,3344.7,2020,5,17,6,2,6695.0,-1.77811683929463,6590.5142857142855,6057.35
Agartala,2020-05-18,6.4274,29.73,80.97,1.17,222.99702127311505,2278.668814254924,0.15902588630644315,2.463815608425709,2315,2020-05-18,174.1,1.9,27.6,105.9,3.8,76.3,4.2,78.7,7.4,52.9,14.9,10.3,303.5,135.5,22.4,43.3,26.9,169.2,63.3,418.3,2.6,5.0,1.5,205.3,2.1,83.4,8.5,142.3,225.6,1.3,270.5,149.5,3.9,367.1,30.6,157.7,3391.9,2020,5,18,0,2,6789.2,1.40702016430172,6685.128571428571,6089.726666666667
Agartala,2020-05-19,4.2394,28.5,81.0,1.32,267.4625583268417,2732.640628746392,0.19740737122800353,3.1133584237305145,2316,2020-05-19,164.7,1.9,30.9,102.2,3.9,76.2,4.4,81.3,7.9,52.7,14.8,10.5,307.0,134.0,23.6,44.2,26.5,174.0,65.6,420.9,2.6,5.2,1.7,208.3,2.1,74.2,8.5,143.6,231.8,1.2,274.7,151.3,3.9,370.6,31.7,148.2,3401.3,2020,5,19,1,2,6808.099999999999,0.2783833146762227,6730.228571428571,6125.856666666668
Agartala,2020-05-20,2.9717,27.77,82.94,3.91,314.0457938884043,3215.0632596869136,0.24007292401894353,4.604665450162271,2317,2020-05-20,175.5,2.0,28.4,93.3,4.0,74.8,4.4,82.3,8.1,47.3,15.0,10.6,308.6,139.8,23.8,45.3,19.3,188.0,70.1,426.2,2.4,5.0,1.6,203.8,2.2,57.4,8.5,145.4,230.0,1.2,296.7,159.8,3.9,383.2,32.9,75.1,3371.2000000000003,2020,5,20,2,2,6747.1,-0.8959915394897044,6747.9,6159.816666666667
Agartala,2020-05-21,3.2894,27.66,87.59,6.06,484.46085482791665,4956.921158773319,0.37877404931821124,6.39677026960725,2318,2020-05-21,186.9,2.1,20.2,81.6,4.2,78.0,4.5,84.8,8.2,47.3,16.6,10.6,316.6,142.4,24.3,43.4,17.4,196.5,71.2,434.5,2.8,4.4,1.5,207.2,2.3,70.0,8.5,160.4,233.5,1.1,302.2,166.9,3.9,382.7,33.7,51.5,3419.3,2020,5,21,3,2,6843.2,1.4243156319011074,6777.342857142857,6201.990000000001
Agartala,2020-05-22,4.0385,28.25,86.27,2.63,309.5809210920232,3166.017998627707,0.23995086973168883,3.8626216955439454,2319,2020-05-22,192.3,2.0,21.7,92.5,4.5,79.2,4.5,91.7,8.6,52.5,16.3,10.3,317.1,154.5,24.8,44.9,23.5,201.3,72.4,442.1,2.4,4.7,1.7,209.3,2.3,77.2,8.5,168.2,237.2,1.3,306.5,173.3,3.9,402.6,35.2,78.3,3565.1,2020,5,22,4,2,7134.4,4.255319148936176,6833.314285714286,6246.483333333334
Agartala,2020-05-23,5.6174,28.99,84.8,2.54,380.9419243993407,3896.9444239727577,0.2933331639016568,4.962811838029397,2320,2020-05-23,195.9,1.5,23.6,98.6,4.6,79.4,4.6,95.2,8.1,54.7,16.5,10.7,315.2,158.0,24.1,41.2,27.3,201.2,74.0,443.5,2.5,5.1,1.4,216.6,2.1,84.5,8.5,171.0,244.1,1.3,311.9,168.1,3.9,417.5,36.1,102.9,3651.1,2020,5,23,5,2,7306.5,2.4122561112357,6903.357142857143,6295.37
Agartala,2020-05-24,5.2502,28.73,86.94,3.59,331.3531300728466,3390.319078053461,0.2597622941068829,4.231194467057071,2321,2020-05-24,194.0,1.6,22.9,109.2,4.5,83.8,4.1,98.0,8.7,55.0,17.3,10.0,312.2,154.3,22.4,46.2,27.7,192.6,69.7,447.4,2.4,4.6,1.6,216.2,2.1,85.0,7.6,168.3,245.8,0.9,302.2,172.3,4.3,426.9,34.6,118.4,3674.8,2020,5,24,6,2,7349.6,0.589885718196137,6996.871428571429,6345.823333333334
Agartala,2020-05-25,4.2089,28.52,85.53,4.52,374.5515346174102,3834.449084009233,0.29073825950854004,5.1105555840430945,2322,2020-05-25,191.6,1.5,20.0,105.8,5.0,85.8,4.4,101.5,9.0,55.3,17.3,10.6,319.8,162.7,24.5,47.4,28.3,200.9,75.9,457.9,2.4,4.3,1.7,220.3,2.1,85.8,7.6,175.9,249.6,1.1,306.3,177.1,4.3,426.5,36.1,113.4,3735.8,2020,5,25,0,2,7475.500000000001,1.7130183955589515,7094.914285714285,6401.906666666667
Agartala,2020-05-26,4.7237,28.18,85.09,4.46,332.76243708534076,3403.815119968726,0.25744746328390405,4.12586275347288,2323,2020-05-26,193.5,1.3,15.7,108.9,5.4,87.1,4.7,106.9,9.3,56.7,17.5,10.9,323.1,167.8,25.4,44.4,27.9,187.3,77.4,462.7,1.8,3.7,1.3,218.0,1.6,86.7,7.6,184.3,253.8,1.2,318.9,176.3,4.3,425.3,36.3,120.2,3771.6,2020,5,26,1,2,7546.800000000001,0.9537823556952764,7200.442857142857,6470.550000000001
Agartala,2020-05-27,1.4225,27.66,89.73,3.5,285.4326782238401,2916.9235397521443,0.2201191109291045,3.1892448036591685,2324,2020-05-27,194.8,1.4,17.8,79.3,5.5,86.7,4.8,110.4,9.2,53.8,17.3,10.8,321.1,168.2,25.6,41.3,24.4,187.0,77.7,460.7,1.8,4.2,1.6,218.3,1.8,88.2,8.2,182.7,260.7,1.2,324.6,176.9,1.9,395.3,35.5,104.6,3705.2999999999993,2020,5,27,2,2,7410.5999999999985,-1.804738432183206,7295.228571428571,6534.8966666666665
Agartala,2020-05-28,5.2668,27.58,86.83,1.62,370.26235136925806,3788.58341870952,0.2892487116306813,4.893855943973852,2325,2020-05-28,195.4,1.6,23.4,79.0,5.0,90.0,4.6,105.6,9.4,51.7,16.8,10.7,321.5,139.3,24.2,43.3,22.2,192.1,74.3,457.3,2.2,4.8,1.3,210.9,2.1,79.3,7.8,150.3,249.4,1.3,307.0,180.5,3.2,350.0,34.1,89.8,3541.4000000000005,2020,5,28,3,2,7082.800000000001,-4.42339351739397,7329.457142857143,6582.003333333333
Agartala,2020-05-29,4.3572,27.69,85.5,1.27,478.5977366602617,4896.060546520335,0.3660857445467344,5.9730673078322445,2326,2020-05-29,193.3,1.9,24.0,95.5,4.3,82.5,4.8,88.4,8.9,53.7,17.4,10.9,323.9,109.0,24.7,44.1,23.4,192.8,69.8,462.6,2.5,5.2,1.4,203.7,2.1,73.6,7.8,134.0,250.1,1.2,298.8,182.4,3.2,337.1,33.8,113.9,3483.6000000000004,2020,5,29,4,2,6970.300000000001,-1.5883548878974365,7306.014285714286,6623.58
Agartala,2020-05-30,3.929,27.54,87.32,1.79,301.15681564388825,3078.7466348776184,0.2278651475883544,3.790631005788724,2327,2020-05-30,186.4,1.9,25.6,91.0,3.4,74.6,4.8,73.3,9.3,53.2,17.6,10.6,326.5,96.1,19.6,41.8,24.9,183.5,70.5,461.2,2.5,5.4,1.7,206.0,2.0,75.1,8.0,127.5,186.9,1.2,306.6,164.0,3.6,282.0,28.2,129.5,3306.0,2020,5,30,5,2,6612.0,-5.140381332223876,7206.800000000001,6646.9766666666665
Agartala,2020-05-31,4.6248,27.89,85.92,1.31,249.73370133051708,2553.9185660072176,0.1841215946829328,2.8606834218397292,2328,2020-05-31,184.1,2.0,25.1,78.0,3.4,74.0,4.4,73.3,9.1,48.3,16.0,9.1,319.2,96.1,19.6,41.8,21.2,168.5,63.5,443.5,2.2,5.5,1.7,204.8,2.2,84.9,7.2,127.5,186.9,0.9,288.5,145.9,4.1,282.0,28.2,120.4,3193.1000000000004,2020,5,31,6,2,6386.200000000001,-3.415003024803376,7069.171428571429,6664.65
Agartala,2020-06-01,5.2831,27.51,89.81,2.26,241.33120264978788,2466.919523359967,0.18384629539216754,2.8114872508835966,2329,2020-06-01,178.2,1.6,24.2,94.1,3.9,72.7,4.5,74.6,9.2,54.9,15.9,9.1,325.4,109.4,22.7,41.3,20.3,164.5,68.3,388.3,2.5,5.2,1.5,200.7,2.2,80.3,7.7,134.9,197.4,1.2,303.3,138.5,4.4,331.0,29.4,123.1,3246.4,2020,6,1,0,2,6492.8,1.669224264821012,6928.785714285716,6681.33
Agartala,2020-06-02,5.179,27.49,91.21,2.43,310.66454541812976,3176.1546364767623,0.2262529446429115,4.039883290228578,2330,2020-06-02,172.0,2.0,24.8,99.6,4.0,73.7,4.6,81.1,9.2,57.9,17.8,8.2,314.4,119.1,24.3,42.7,23.6,155.9,65.6,374.1,2.4,5.0,1.6,184.4,2.2,75.6,7.7,141.5,201.2,1.3,305.1,140.2,4.4,348.7,33.2,130.9,3255.8,2020,6,2,1,2,6515.799999999999,0.3542385411532622,6781.5,6701.130000000001
Agartala,2020-06-03,4.6428,27.29,87.45,2.66,313.6845465959038,3207.1259654874643,0.23081798780294885,4.1373462709369155,2331,2020-06-03,175.3,2.0,23.2,106.7,4.1,76.8,2.8,85.7,7.1,59.6,17.4,7.7,301.9,127.1,24.6,43.3,26.6,144.6,65.6,288.2,2.6,5.2,1.4,182.9,2.3,77.0,7.7,140.0,203.8,1.3,311.9,139.7,4.4,365.4,35.3,138.6,3205.5,2020,6,3,2,2,6415.300000000001,-1.542404616470705,6639.314285714287,6714.986666666667
Agartala,2020-06-04,2.0878,27.1,90.73,2.15,348.81831807760136,3567.7541219780264,0.2645036245518558,4.582115335423527,2332,2020-06-04,174.3,2.0,23.9,100.7,4.1,76.4,4.1,85.1,8.9,59.5,17.7,8.4,298.3,126.0,24.9,44.4,25.0,166.4,66.3,283.6,2.4,5.1,1.7,143.2,2.3,79.6,7.7,146.5,201.2,1.4,319.5,142.8,4.4,342.0,35.1,148.8,3179.4,2020,6,4,3,2,6363.1,-0.8136797967359444,6536.5,6723.79
Agartala,2020-06-05,6.1116,27.35,91.74,1.83,324.3144980561957,3316.573958372721,0.24530647431597363,4.187136047529455,2333,2020-06-05,181.6,1.9,26.0,74.0,3.9,74.9,4.9,81.0,10.0,61.1,17.4,8.8,288.9,121.4,25.3,42.8,24.7,177.3,66.4,335.2,2.5,5.3,1.7,149.8,2.2,84.5,7.6,151.0,198.0,1.4,321.4,149.2,3.2,284.9,32.9,141.3,3164.4,2020,6,5,4,2,6328.799999999999,-0.5390454338294437,6444.857142857143,6731.493333333333
Agartala,2020-06-06,2.9198,27.64,93.6,2.34,273.06653265259115,2792.8550195045905,0.20928817963404567,3.4253800892322954,2334,2020-06-06,186.6,1.7,24.2,85.3,3.9,76.5,5.1,80.2,10.0,62.3,12.4,8.4,279.5,129.4,24.7,35.0,26.5,175.2,64.2,357.0,2.4,4.5,1.7,162.3,2.1,93.9,7.6,143.4,206.1,1.4,299.3,153.9,4.3,324.9,34.2,157.4,3247.5000000000005,2020,6,6,5,2,6495.000000000001,2.626090254076629,6428.142857142857,6743.356666666668
Dehradun,2020-05-15,7.5545,22.87,41.67,2.0,281.8991603902216,2879.8562655433675,0.21432107508880857,2.9989196322598706,2312,2020-05-15,181.9,2.0,22.2,100.6,3.4,79.4,4.2,72.0,7.5,49.7,13.9,10.0,306.3,120.4,21.9,43.2,23.2,209.5,71.9,405.5,2.3,5.1,1.6,202.9,2.1,81.2,8.5,121.2,219.7,1.2,303.5,156.8,3.9,339.7,30.1,145.2,3368.9,2020,5,15,4,2,6742.599999999999,1.589549652709743,6476.0,6003.933333333334
Dehradun,2020-05-16,8.3083,23.64,41.78,1.86,293.8778807796024,3002.1393577453105,0.21217020889626623,3.175236474799966,2313,2020-05-16,185.5,1.9,22.1,101.9,3.5,76.5,4.3,73.3,7.6,53.0,16.2,8.9,306.5,128.5,22.4,43.8,25.9,204.1,71.2,405.1,2.2,5.1,1.5,205.5,2.4,81.3,8.5,129.8,225.2,0.9,296.5,152.8,3.9,350.6,30.5,151.7,3405.6,2020,5,16,5,2,6816.200000000001,1.09156705128588,6511.099999999999,6033.223333333333
Dehradun,2020-05-17,8.0294,23.23,40.56,1.7,312.96183204783614,3200.565600194744,0.23886852248987903,3.7662443065004467,2314,2020-05-17,177.6,1.9,21.5,101.6,3.4,75.7,3.8,75.7,7.3,51.4,16.3,9.1,299.7,128.2,20.6,43.0,26.3,192.5,63.7,404.9,2.4,4.8,1.5,204.5,2.2,81.3,8.5,135.7,220.8,0.9,277.3,144.2,3.9,361.1,28.0,149.0,3344.7,2020,5,17,6,2,6695.0,-1.77811683929463,6590.5142857142855,6057.35
Dehradun,2020-05-18,7.7686,22.77,38.87,2.01,222.99702127311505,2278.668814254924,0.15902588630644315,2.463815608425709,2315,2020-05-18,174.1,1.9,27.6,105.9,3.8,76.3,4.2,78.7,7.4,52.9,14.9,10.3,303.5,135.5,22.4,43.3,26.9,169.2,63.3,418.3,2.6,5.0,1.5,205.3,2.1,83.4,8.5,142.3,225.6,1.3,270.5,149.5,3.9,367.1,30.6,157.7,3391.9,2020,5,18,0,2,6789.2,1.40702016430172,6685.128571428571,6089.726666666667
Dehradun,2020-05-19,8.3021,22.24,34.96,2.26,267.4625583268417,2732.640628746392,0.19740737122800353,3.1133584237305145,2316,2020-05-19,164.7,1.9,30.9,102.2,3.9,76.2,4.4,81.3,7.9,52.7,14.8,10.5,307.0,134.0,23.6,44.2,26.5,174.0,65.6,420.9,2.6,5.2,1.7,208.3,2.1,74.2,8.5,143.6,231.8,1.2,274.7,151.3,3.9,370.6,31.7,148.2,3401.3,2020,5,19,1,2,6808.099999999999,0.2783833146762227,6730.228571428571,6125.856666666668
Dehradun,2020-05-20,8.7329,23.29,34.29,1.93,314.0457938884043,3215.0632596869136,0.24007292401894353,4.604665450162271,2317,2020-05-20,175.5,2.0,28.4,93.3,4.0,74.8,4.4,82.3,8.1,47.3,15.0,10.6,308.6,139.8,23.8,45.3,19.3,188.0,70.1,426.2,2.4,5.0,1.6,203.8,2.2,57.4,8.5,145.4,230.0,1.2,296.7,159.8,3.9,383.2,32.9,75.1,3371.2000000000003,2020,5,20,2,2,6747.1,-0.8959915394897044,6747.9,6159.816666666667
Dehradun,2020-05-21,8.8142,25.33,33.0,2.18,484.46085482791665,4956.921158773319,0.37877404931821124,6.39677026960725,2318,2020-05-21,186.9,2.1,20.2,81.6,4.2,78.0,4.5,84.8,8.2,47.3,16.6,10.6,316.6,142.4,24.3,43.4,17.4,196.5,71.2,434.5,2.8,4.4,1.5,207.2,2.3,70.0,8.5,160.4,233.5,1.1,302.2,166.9,3.9,382.7,33.7,51.5,3419.3,2020,5,21,3,2,6843.2,1.4243156319011074,6777.342857142857,6201.990000000001
Dehradun,2020-05-22,8.4206,26.52,32.32,1.95,309.5809210920232,3166.017998627707,0.23995086973168883,3.8626216955439454,2319,2020-05-22,192.3,2.0,21.7,92.5,4.5,79.2,4.5,91.7,8.6,52.5,16.3,10.3,317.1,154.5,24.8,44.9,23.5,201.3,72.4,442.1,2.4,4.7,1.7,209.3,2.3,77.2,8.5,168.2,237.2,1.3,306.5,173.3,3.9,402.6,35.2,78.3,3565.1,2020,5,22,4,2,7134.4,4.255319148936176,6833.314285714286,6246.483333333334
Dehradun,2020-05-23,7.4177,26.69,36.0,2.24,380.9419243993407,3896.9444239727577,0.2933331639016568,4.962811838029397,2320,2020-05-23,195.9,1.5,23.6,98.6,4.6,79.4,4.6,95.2,8.1,54.7,16.5,10.7,315.2,158.0,24.1,41.2,27.3,201.2,74.0,443.5,2.5,5.1,1.4,216.6,2.1,84.5,8.5,171.0,244.1,1.3,311.9,168.1,3.9,417.5,36.1,102.9,3651.1,2020,5,23,5,2,7306.5,2.4122561112357,6903.357142857143,6295.37
Dehradun,2020-05-24,7.8326,26.36,36.18,2.41,331.3531300728466,3390.319078053461,0.2597622941068829,4.231194467057071,2321,2020-05-24,194.0,1.6,22.9,109.2,4.5,83.8,4.1,98.0,8.7,55.0,17.3,10.0,312.2,154.3,22.4,46.2,27.7,192.6,69.7,447.4,2.4,4.6,1.6,216.2,2.1,85.0,7.6,168.3,245.8,0.9,302.2,172.3,4.3,426.9,34.6,118.4,3674.8,2020,5,24,6,2,7349.6,0.589885718196137,6996.871428571429,6345.823333333334
Dehradun,2020-05-25,8.2954,26.4,34.75,2.36,374.5515346174102,3834.449084009233,0.29073825950854004,5.1105555840430945,2322,2020-05-25,191.6,1.5,20.0,105.8,5.0,85.8,4.4,101.5,9.0,55.3,17.3,10.6,319.8,162.7,24.5,47.4,28.3,200.9,75.9,457.9,2.4,4.3,1.7,220.3,2.1,85.8,7.6,175.9,249.6,1.1,306.3,177.1,4.3,426.5,36.1,113.4,3735.8,2020,5,25,0,2,7475.500000000001,1.7130183955589515,7094.914285714285,6401.906666666667
Dehradun,2020-05-26,7.6466,26.94,34.91,2.39,332.76243708534076,3403.815119968726,0.25744746328390405,4.12586275347288,2323,2020-05-26,193.5,1.3,15.7,108.9,5.4,87.1,4.7,106.9,9.3,56.7,17.5,10.9,323.1,167.8,25.4,44.4,27.9,187.3,77.4,462.7,1.8,3.7,1.3,218.0,1.6,86.7,7.6,184.3,253.8,1.2,318.9,176.3,4.3,425.3,36.3,120.2,3771.6,2020,5,26,1,2,7546.800000000001,0.9537823556952764,7200.442857142857,6470.550000000001
Dehradun,2020-05-27,7.0423,26.91,38.01,2.57,285.4326782238401,2916.9235397521443,0.2201191109291045,3.1892448036591685,2324,2020-05-27,194.8,1.4,17.8,79.3,5.5,86.7,4.8,110.4,9.2,53.8,17.3,10.8,321.1,168.2,25.6,41.3,24.4,187.0,77.7,460.7,1.8,4.2,1.6,218.3,1.8,88.2,8.2,182.7,260.7,1.2,324.6,176.9,1.9,395.3,35.5,104.6,3705.2999999999993,2020,5,27,2,2,7410.5999999999985,-1.804738432183206,7295.228571428571,6534.8966666666665
Dehradun,2020-05-28,5.5596,23.11,51.2,2.7,370.26235136925806,3788.58341870952,0.2892487116306813,4.893855943973852,2325,2020-05-28,195.4,1.6,23.4,79.0,5.0,90.0,4.6,105.6,9.4,51.7,16.8,10.7,321.5,139.3,24.2,43.3,22.2,192.1,74.3,457.3,2.2,4.8,1.3,210.9,2.1,79.3,7.8,150.3,249.4,1.3,307.0,180.5,3.2,350.0,34.1,89.8,3541.4000000000005,2020,5,28,3,2,7082.800000000001,-4.42339351739397,7329.457142857143,6582.003333333333
Dehradun,2020-05-29,4.5689,22.83,55.54,1.39,478.5977366602617,4896.060546520335,0.3660857445467344,5.9730673078322445,2326,2020-05-29,193.3,1.9,24.0,95.5,4.3,82.5,4.8,88.4,8.9,53.7,17.4,10.9,323.9,109.0,24.7,44.1,23.4,192.8,69.8,462.6,2.5,5.2,1.4,203.7,2.1,73.6,7.8,134.0,250.1,1.2,298.8,182.4,3.2,337.1,33.8,113.9,3483.6000000000004,2020,5,29,4,2,6970.300000000001,-1.5883548878974365,7306.014285714286,6623.58
Dehradun,2020-05-30,2.8006,20.08,69.63,1.52,301.15681564388825,3078.7466348776184,0.2278651475883544,3.790631005788724,2327,2020-05-30,186.4,1.9,25.6,91.0,3.4,74.6,4.8,73.3,9.3,53.2,17.6,10.6,326.5,96.1,19.6,41.8,24.9,183.5,70.5,461.2,2.5,5.4,1.7,206.0,2.0,75.1,8.0,127.5,186.9,1.2,306.6,164.0,3.6,282.0,28.2,129.5,3306.0,2020,5,30,5,2,6612.0,-5.140381332223876,7206.800000000001,6646.9766666666665
Dehradun,2020-05-31,1.5389,19.97,76.24,1.82,249.73370133051708,2553.9185660072176,0.1841215946829328,2.8606834218397292,2328,2020-05-31,184.1,2.0,25.1,78.0,3.4,74.0,4.4,73.3,9.1,48.3,16.0,9.1,319.2,96.1,19.6,41.8,21.2,168.5,63.5,443.5,2.2,5.5,1.7,204.8,2.2,84.9,7.2,127.5,186.9,0.9,288.5,145.9,4.1,282.0,28.2,120.4,3193.1000000000004,2020,5,31,6,2,6386.200000000001,-3.415003024803376,7069.171428571429,6664.65
Dehradun,2020-06-01,4.6267,20.52,69.79,1.13,241.33120264978788,2466.919523359967,0.18384629539216754,2.8114872508835966,2329,2020-06-01,178.2,1.6,24.2,94.1,3.9,72.7,4.5,74.6,9.2,54.9,15.9,9.1,325.4,109.4,22.7,41.3,20.3,164.5,68.3,388.3,2.5,5.2,1.5,200.7,2.2,80.3,7.7,134.9,197.4,1.2,303.3,138.5,4.4,331.0,29.4,123.1,3246.4,2020,6,1,0,2,6492.8,1.669224264821012,6928.785714285716,6681.33
Dehradun,2020-06-02,7.0342,21.89,57.5,1.63,310.66454541812976,3176.1546364767623,0.2262529446429115,4.039883290228578,2330,2020-06-02,172.0,2.0,24.8,99.6,4.0,73.7,4.6,81.1,9.2,57.9,17.8,8.2,314.4,119.1,24.3,42.7,23.6,155.9,65.6,374.1,2.4,5.0,1.6,184.4,2.2,75.6,7.7,141.5,201.2,1.3,305.1,140.2,4.4,348.7,33.2,130.9,3255.8,2020,6,2,1,2,6515.799999999999,0.3542385411532622,6781.5,6701.130000000001
Dehradun,2020-06-03,6.1145,21.62,59.4,1.34,313.6845465959038,3207.1259654874643,0.23081798780294885,4.1373462709369155,2331,2020-06-03,175.3,2.0,23.2,106.7,4.1,76.8,2.8,85.7,7.1,59.6,17.4,7.7,301.9,127.1,24.6,43.3,26.6,144.6,65.6,288.2,2.6,5.2,1.4,182.9,2.3,77.0,7.7,140.0,203.8,1.3,311.9,139.7,4.4,365.4,35.3,138.6,3205.5,2020,6,3,2,2,6415.300000000001,-1.542404616470705,6639.314285714287,6714.986666666667
Dehradun,2020-06-04,5.8394,21.75,60.69,1.24,348.81831807760136,3567.7541219780264,0.2645036245518558,4.582115335423527,2332,2020-06-04,174.3,2.0,23.9,100.7,4.1,76.4,4.1,85.1,8.9,59.5,17.7,8.4,298.3,126.0,24.9,44.4,25.0,166.4,66.3,283.6,2.4,5.1,1.7,143.2,2.3,79.6,7.7,146.5,201.2,1.4,319.5,142.8,4.4,342.0,35.1,148.8,3179.4,2020,6,4,3,2,6363.1,-0.8136797967359444,6536.5,6723.79
Dehradun,2020-06-05,4.3205,19.78,77.84,1.17,324.3144980561957,3316.573958372721,0.24530647431597363,4.187136047529455,2333,2020-06-05,181.6,1.9,26.0,74.0,3.9,74.9,4.9,81.0,10.0,61.1,17.4,8.8,288.9,121.4,25.3,42.8,24.7,177.3,66.4,335.2,2.5,5.3,1.7,149.8,2.2,84.5,7.6,151.0,198.0,1.4,321.4,149.2,3.2,284.9,32.9,141.3,3164.4,2020,6,5,4,2,6328.799999999999,-0.5390454338294437,6444.857142857143,6731.493333333333
Dehradun,2020-06-06,6.558,20.84,68.93,1.57,273.06653265259115,2792.8550195045905,0.20928817963404567,3.4253800892322954,2334,2020-06-06,186.6,1.7,24.2,85.3,3.9,76.5,5.1,80.2,10.0,62.3,12.4,8.4,279.5,129.4,24.7,35.0,26.5,175.2,64.2,357.0,2.4,4.5,1.7,162.3,2.1,93.9,7.6,143.4,206.1,1.4,299.3,153.9,4.3,324.9,34.2,157.4,3247.5000000000005,2020,6,6,5,2,6495.000000000001,2.626090254076629,6428.142857142857,6743.356666666668
Bhararisain,2020-05-15,6.697,19.43,48.43,2.09,281.8991603902216,2879.8562655433675,0.21432107508880857,2.9989196322598706,2312,2020-05-15,181.9,2.0,22.2,100.6,3.4,79.4,4.2,72.0,7.5,49.7,13.9,10.0,306.3,120.4,21.9,43.2,23.2,209.5,71.9,405.5,2.3,5.1,1.6,202.9,2.1,81.2,8.5,121.2,219.7,1.2,303.5,156.8,3.9,339.7,30.1,145.2,3368.9,2020,5,15,4,2,6742.599999999999,1.589549652709743,6476.0,6003.933333333334
Bhararisain,2020-05-16,7.8494,19.51,51.75,1.64,293.8778807796024,3002.1393577453105,0.21217020889626623,3.175236474799966,2313,2020-05-16,185.5,1.9,22.1,101.9,3.5,76.5,4.3,73.3,7.6,53.0,16.2,8.9,306.5,128.5,22.4,43.8,25.9,204.1,71.2,405.1,2.2,5.1,1.5,205.5,2.4,81.3,8.5,129.8,225.2,0.9,296.5,152.8,3.9,350.6,30.5,151.7,3405.6,2020,5,16,5,2,6816.200000000001,1.09156705128588,6511.099999999999,6033.223333333333
Bhararisain,2020-05-17,6.3062,19.82,49.22,1.59,312.96183204783614,3200.565600194744,0.23886852248987903,3.7662443065004467,2314,2020-05-17,177.6,1.9,21.5,101.6,3.4,75.7,3.8,75.7,7.3,51.4,16.3,9.1,299.7,128.2,20.6,43.0,26.3,192.5,63.7,404.9,2.4,4.8,1.5,204.5,2.2,81.3,8.5,135.7,220.8,0.9,277.3,144.2,3.9,361.1,28.0,149.0,3344.7,2020,5,17,6,2,6695.0,-1.77811683929463,6590.5142857142855,6057.35
Bhararisain,2020-05-18,6.0346,19.25,47.6,1.84,222.99702127311505,2278.668814254924,0.15902588630644315,2.463815608425709,2315,2020-05-18,174.1,1.9,27.6,105.9,3.8,76.3,4.2,78.7,7.4,52.9,14.9,10.3,303.5,135.5,22.4,43.3,26.9,169.2,63.3,418.3,2.6,5.0,1.5,205.3,2.1,83.4,8.5,142.3,225.6,1.3,270.5,149.5,3.9,367.1,30.6,157.7,3391.9,2020,5,18,0,2,6789.2,1.40702016430172,6685.128571428571,6089.726666666667
Bhararisain,2020-05-19,7.2967,18.84,41.22,1.63,267.4625583268417,2732.640628746392,0.19740737122800353,3.1133584237305145,2316,2020-05-19,164.7,1.9,30.9,102.2,3.9,76.2,4.4,81.3,7.9,52.7,14.8,10.5,307.0,134.0,23.6,44.2,26.5,174.0,65.6,420.9,2.6,5.2,1.7,208.3,2.1,74.2,8.5,143.6,231.8,1.2,274.7,151.3,3.9,370.6,31.7,148.2,3401.3,2020,5,19,1,2,6808.099999999999,0.2783833146762227,6730.228571428571,6125.856666666668
Bhararisain,2020-05-20,8.1701,19.44,39.89,1.78,314.0457938884043,3215.0632596869136,0.24007292401894353,4.604665450162271,2317,2020-05-20,175.5,2.0,28.4,93.3,4.0,74.8,4.4,82.3,8.1,47.3,15.0,10.6,308.6,139.8,23.8,45.3,19.3,188.0,70.1,426.2,2.4,5.0,1.6,203.8,2.2,57.4,8.5,145.4,230.0,1.2,296.7,159.8,3.9,383.2,32.9,75.1,3371.2000000000003,2020,5,20,2,2,6747.1,-0.8959915394897044,6747.9,6159.816666666667
Bhararisain,2020-05-21,8.5786,21.2,40.37,1.94,484.46085482791665,4956.921158773319,0.37877404931821124,6.39677026960725,2318,2020-05-21,186.9,2.1,20.2,81.6,4.2,78.0,4.5,84.8,8.2,47.3,16.6,10.6,316.6,142.4,24.3,43.4,17.4,196.5,71.2,434.5,2.8,4.4,1.5,207.2,2.3,70.0,8.5,160.4,233.5,1.1,302.2,166.9,3.9,382.7,33.7,51.5,3419.3,2020,5,21,3,2,6843.2,1.4243156319011074,6777.342857142857,6201.990000000001
Bhararisain,2020-05-22,7.985,22.16,41.52,1.78,309.5809210920232,3166.017998627707,0.23995086973168883,3.8626216955439454,2319,2020-05-22,192.3,2.0,21.7,92.5,4.5,79.2,4.5,91.7,8.6,52.5,16.3,10.3,317.1,154.5,24.8,44.9,23.5,201.3,72.4,442.1,2.4,4.7,1.7,209.3,2.3,77.2,8.5,168.2,237.2,1.3,306.5,173.3,3.9,402.6,35.2,78.3,3565.1,2020,5,22,4,2,7134.4,4.255319148936176,6833.314285714286,6246.483333333334
Bhararisain,2020-05-23,6.6139,22.3,45.01,2.3,380.9419243993407,3896.9444239727577,0.2933331639016568,4.962811838029397,2320,2020-05-23,195.9,1.5,23.6,98.6,4.6,79.4,4.6,95.2,8.1,54.7,16.5,10.7,315.2,158.0,24.1,41.2,27.3,201.2,74.0,443.5,2.5,5.1,1.4,216.6,2.1,84.5,8.5,171.0,244.1,1.3,311.9,168.1,3.9,417.5,36.1,102.9,3651.1,2020,5,23,5,2,7306.5,2.4122561112357,6903.357142857143,6295.37
Bhararisain,2020-05-24,7.3862,22.55,40.77,2.15,331.3531300728466,3390.319078053461,0.2597622941068829,4.231194467057071,2321,2020-05-24,194.0,1.6,22.9,109.2,4.5,83.8,4.1,98.0,8.7,55.0,17.3,10.0,312.2,154.3,22.4,46.2,27.7,192.6,69.7,447.4,2.4,4.6,1.6,216.2,2.1,85.0,7.6,168.3,245.8,0.9,302.2,172.3,4.3,426.9,34.6,118.4,3674.8,2020,5,24,6,2,7349.6,0.589885718196137,6996.871428571429,6345.823333333334
Bhararisain,2020-05-25,7.5926,22.24,42.86,1.92,374.5515346174102,3834.449084009233,0.29073825950854004,5.1105555840430945,2322,2020-05-25,191.6,1.5,20.0,105.8,5.0,85.8,4.4,101.5,9.0,55.3,17.3,10.6,319.8,162.7,24.5,47.4,28.3,200.9,75.9,457.9,2.4,4.3,1.7,220.3,2.1,85.8,7.6,175.9,249.6,1.1,306.3,177.1,4.3,426.5,36.1,113.4,3735.8,2020,5,25,0,2,7475.500000000001,1.7130183955589515,7094.914285714285,6401.906666666667
Bhararisain,2020-05-26,6.2203,21.77,45.91,2.11,332.76243708534076,3403.815119968726,0.25744746328390405,4.12586275347288,2323,2020-05-26,193.5,1.3,15.7,108.9,5.4,87.1,4.7,106.9,9.3,56.7,17.5,10.9,323.1,167.8,25.4,44.4,27.9,187.3,77.4,462.7,1.8,3.7,1.3,218.0,1.6,86.7,7.6,184.3,253.8,1.2,318.9,176.3,4.3,425.3,36.3,120.2,3771.6,2020,5,26,1,2,7546.800000000001,0.9537823556952764,7200.442857142857,6470.550000000001
Bhararisain,2020-05-27,6.1459,22.13,46.38,2.2,285.4326782238401,2916.9235397521443,0.2201191109291045,3.1892448036591685,2324,2020-05-27,194.8,1.4,17.8,79.3,5.5,86.7,4.8,110.4,9.2,53.8,17.3,10.8,321.1,168.2,25.6,41.3,24.4,187.0,77.7,460.7,1.8,4.2,1.6,218.3,1.8,88.2,8.2,182.7,260.7,1.2,324.6,176.9,1.9,395.3,35.5,104.6,3705.2999999999993,2020,5,27,2,2,7410.5999999999985,-1.804738432183206,7295.228571428571,6534.8966666666665
Bhararisain,2020-05-28,4.6284,17.21,68.12,1.63,370.26235136925806,3788.58341870952,0.2892487116306813,4.893855943973852,2325,2020-05-28,195.4,1.6,23.4,79.0,5.0,90.0,4.6,105.6,9.4,51.7,16.8,10.7,321.5,139.3,24.2,43.3,22.2,192.1,74.3,457.3,2.2,4.8,1.3,210.9,2.1,79.3,7.8,150.3,249.4,1.3,307.0,180.5,3.2,350.0,34.1,89.8,3541.4000000000005,2020,5,28,3,2,7082.800000000001,-4.42339351739397,7329.457142857143,6582.003333333333
Bhararisain,2020-05-29,4.296,17.36,73.18,1.5,478.5977366602617,4896.060546520335,0.3660857445467344,5.9730673078322445,2326,2020-05-29,193.3,1.9,24.0,95.5,4.3,82.5,4.8,88.4,8.9,53.7,17.4,10.9,323.9,109.0,24.7,44.1,23.4,192.8,69.8,462.6,2.5,5.2,1.4,203.7,2.1,73.6,7.8,134.0,250.1,1.2,298.8,182.4,3.2,337.1,33.8,113.9,3483.6000000000004,2020,5,29,4,2,6970.300000000001,-1.5883548878974365,7306.014285714286,6623.58
Bhararisain,2020-05-30,3.1918,16.77,74.55,1.49,301.15681564388825,3078.7466348776184,0.2278651475883544,3.790631005788724,2327,2020-05-30,186.4,1.9,25.6,91.0,3.4,74.6,4.8,73.3,9.3,53.2,17.6,10.6,326.5,96.1,19.6,41.8,24.9,183.5,70.5,461.2,2.5,5.4,1.7,206.0,2.0,75.1,8.0,127.5,186.9,1.2,306.6,164.0,3.6,282.0,28.2,129.5,3306.0,2020,5,30,5,2,6612.0,-5.140381332223876,7206.800000000001,6646.9766666666665
Bhararisain,2020-05-31,2.6441,16.64,76.84,1.71,249.73370133051708,2553.9185660072176,0.1841215946829328,2.8606834218397292,2328,2020-05-31,184.1,2.0,25.1,78.0,3.4,74.0,4.4,73.3,9.1,48.3,16.0,9.1,319.2,96.1,19.6,41.8,21.2,168.5,63.5,443.5,2.2,5.5,1.7,204.8,2.2,84.9,7.2,127.5,186.9,0.9,288.5,145.9,4.1,282.0,28.2,120.4,3193.1000000000004,2020,5,31,6,2,6386.200000000001,-3.415003024803376,7069.171428571429,6664.65
Bhararisain,2020-06-01,3.4622,16.41,77.37,1.22,241.33120264978788,2466.919523359967,0.18384629539216754,2.8114872508835966,2329,2020-06-01,178.2,1.6,24.2,94.1,3.9,72.7,4.5,74.6,9.2,54.9,15.9,9.1,325.4,109.4,22.7,41.3,20.3,164.5,68.3,388.3,2.5,5.2,1.5,200.7,2.2,80.3,7.7,134.9,197.4,1.2,303.3,138.5,4.4,331.0,29.4,123.1,3246.4,2020,6,1,0,2,6492.8,1.669224264821012,6928.785714285716,6681.33
Bhararisain,2020-06-02,6.0521,17.55,66.99,1.66,310.66454541812976,3176.1546364767623,0.2262529446429115,4.039883290228578,2330,2020-06-02,172.0,2.0,24.8,99.6,4.0,73.7,4.6,81.1,9.2,57.9,17.8,8.2,314.4,119.1,24.3,42.7,23.6,155.9,65.6,374.1,2.4,5.0,1.6,184.4,2.2,75.6,7.7,141.5,201.2,1.3,305.1,140.2,4.4,348.7,33.2,130.9,3255.8,2020,6,2,1,2,6515.799999999999,0.3542385411532622,6781.5,6701.130000000001
Bhararisain,2020-06-03,5.5546,17.91,66.92,1.29,313.6845465959038,3207.1259654874643,0.23081798780294885,4.1373462709369155,2331,2020-06-03,175.3,2.0,23.2,106.7,4.1,76.8,2.8,85.7,7.1,59.6,17.4,7.7,301.9,127.1,24.6,43.3,26.6,144.6,65.6,288.2,2.6,5.2,1.4,182.9,2.3,77.0,7.7,140.0,203.8,1.3,311.9,139.7,4.4,365.4,35.3,138.6,3205.5,2020,6,3,2,2,6415.300000000001,-1.542404616470705,6639.314285714287,6714.986666666667
Bhararisain,2020-06-04,4.9646,17.54,70.07,1.42,348.81831807760136,3567.7541219780264,0.2645036245518558,4.582115335423527,2332,2020-06-04,174.3,2.0,23.9,100.7,4.1,76.4,4.1,85.1,8.9,59.5,17.7,8.4,298.3,126.0,24.9,44.4,25.0,166.4,66.3,283.6,2.4,5.1,1.7,143.2,2.3,79.6,7.7,146.5,201.2,1.4,319.5,142.8,4.4,342.0,35.1,148.8,3179.4,2020,6,4,3,2,6363.1,-0.8136797967359444,6536.5,6723.79
Bhararisain,2020-06-05,3.2021,16.96,83.7,1.63,324.3144980561957,3316.573958372721,0.24530647431597363,4.187136047529455,2333,2020-06-05,181.6,1.9,26.0,74.0,3.9,74.9,4.9,81.0,10.0,61.1,17.4,8.8,288.9,121.4,25.3,42.8,24.7,177.3,66.4,335.2,2.5,5.3,1.7,149.8,2.2,84.5,7.6,151.0,198.0,1.4,321.4,149.2,3.2,284.9,32.9,141.3,3164.4,2020,6,5,4,2,6328.799999999999,-0.5390454338294437,6444.857142857143,6731.493333333333
Bhararisain,2020-06-06,5.3254,17.7,74.67,1.61,273.06653265259115,2792.8550195045905,0.20928817963404567,3.4253800892322954,2334,2020-06-06,186.6,1.7,24.2,85.3,3.9,76.5,5.1,80.2,10.0,62.3,12.4,8.4,279.5,129.4,24.7,35.0,26.5,175.2,64.2,357.0,2.4,4.5,1.7,162.3,2.1,93.9,7.6,143.4,206.1,1.4,299.3,153.9,4.3,324.9,34.2,157.4,3247.5000000000005,2020,6,6,5,2,6495.000000000001,2.626090254076629,6428.142857142857,6743.356666666668
Port Blair,2020-05-15,5.6153,28.95,82.81,4.95,281.8991603902216,2879.8562655433675,0.21432107508880857,2.9989196322598706,2312,2020-05-15,181.9,2.0,22.2,100.6,3.4,79.4,4.2,72.0,7.5,49.7,13.9,10.0,306.3,120.4,21.9,43.2,23.2,209.5,71.9,405.5,2.3,5.1,1.6,202.9,2.1,81.2,8.5,121.2,219.7,1.2,303.5,156.8,3.9,339.7,30.1,145.2,3368.9,2020,5,15,4,2,6742.599999999999,1.589549652709743,6476.0,6003.933333333334
Port Blair,2020-05-16,4.7882,28.94,82.84,5.34,293.8778807796024,3002.1393577453105,0.21217020889626623,3.175236474799966,2313,2020-05-16,185.5,1.9,22.1,101.9,3.5,76.5,4.3,73.3,7.6,53.0,16.2,8.9,306.5,128.5,22.4,43.8,25.9,204.1,71.2,405.1,2.2,5.1,1.5,205.5,2.4,81.3,8.5,129.8,225.2,0.9,296.5,152.8,3.9,350.6,30.5,151.7,3405.6,2020,5,16,5,2,6816.200000000001,1.09156705128588,6511.099999999999,6033.223333333333
Port Blair,2020-05-17,4.0051,29.19,83.27,6.0,312.96183204783614,3200.565600194744,0.23886852248987903,3.7662443065004467,2314,2020-05-17,177.6,1.9,21.5,101.6,3.4,75.7,3.8,75.7,7.3,51.4,16.3,9.1,299.7,128.2,20.6,43.0,26.3,192.5,63.7,404.9,2.4,4.8,1.5,204.5,2.2,81.3,8.5,135.7,220.8,0.9,277.3,144.2,3.9,361.1,28.0,149.0,3344.7,2020,5,17,6,2,6695.0,-1.77811683929463,6590.5142857142855,6057.35
Port Blair,2020-05-18,3.7058,29.47,83.86,8.15,222.99702127311505,2278.668814254924,0.15902588630644315,2.463815608425709,2315,2020-05-18,174.1,1.9,27.6,105.9,3.8,76.3,4.2,78.7,7.4,52.9,14.9,10.3,303.5,135.5,22.4,43.3,26.9,169.2,63.3,418.3,2.6,5.0,1.5,205.3,2.1,83.4,8.5,142.3,225.6,1.3,270.5,149.5,3.9,367.1,30.6,157.7,3391.9,2020,5,18,0,2,6789.2,1.40702016430172,6685.128571428571,6089.726666666667
Port Blair,2020-05-19,5.3729,29.57,83.8,8.25,267.4625583268417,2732.640628746392,0.19740737122800353,3.1133584237305145,2316,2020-05-19,164.7,1.9,30.9,102.2,3.9,76.2,4.4,81.3,7.9,52.7,14.8,10.5,307.0,134.0,23.6,44.2,26.5,174.0,65.6,420.9,2.6,5.2,1.7,208.3,2.1,74.2,8.5,143.6,231.8,1.2,274.7,151.3,3.9,370.6,31.7,148.2,3401.3,2020,5,19,1,2,6808.099999999999,0.2783833146762227,6730.228571428571,6125.856666666668
Port Blair,2020-05-20,5.5181,29.55,83.51,6.95,314.0457938884043,3215.0632596869136,0.24007292401894353,4.604665450162271,2317,2020-05-20,175.5,2.0,28.4,93.3,4.0,74.8,4.4,82.3,8.1,47.3,15.0,10.6,308.6,139.8,23.8,45.3,19.3,188.0,70.1,426.2,2.4,5.0,1.6,203.8,2.2,57.4,8.5,145.4,230.0,1.2,296.7,159.8,3.9,383.2,32.9,75.1,3371.2000000000003,2020,5,20,2,2,6747.1,-0.8959915394897044,6747.9,6159.816666666667
Port Blair,2020-05-21,5.6693,29.49,84.55,4.81,484.46085482791665,4956.921158773319,0.37877404931821124,6.39677026960725,2318,2020-05-21,186.9,2.1,20.2,81.6,4.2,78.0,4.5,84.8,8.2,47.3,16.6,10.6,316.6,142.4,24.3,43.4,17.4,196.5,71.2,434.5,2.8,4.4,1.5,207.2,2.3,70.0,8.5,160.4,233.5,1.1,302.2,166.9,3.9,382.7,33.7,51.5,3419.3,2020,5,21,3,2,6843.2,1.4243156319011074,6777.342857142857,6201.990000000001
Port Blair,2020-05-22,6.0449,29.26,80.53,3.99,309.5809210920232,3166.017998627707,0.23995086973168883,3.8626216955439454,2319,2020-05-22,192.3,2.0,21.7,92.5,4.5,79.2,4.5,91.7,8.6,52.5,16.3,10.3,317.1,154.5,24.8,44.9,23.5,201.3,72.4,442.1,2.4,4.7,1.7,209.3,2.3,77.2,8.5,168.2,237.2,1.3,306.5,173.3,3.9,402.6,35.2,78.3,3565.1,2020,5,22,4,2,7134.4,4.255319148936176,6833.314285714286,6246.483333333334
Port Blair,2020-05-23,5.6378,29.41,73.57,3.02,380.9419243993407,3896.9444239727577,0.2933331639016568,4.962811838029397,2320,2020-05-23,195.9,1.5,23.6,98.6,4.6,79.4,4.6,95.2,8.1,54.7,16.5,10.7,315.2,158.0,24.1,41.2,27.3,201.2,74.0,443.5,2.5,5.1,1.4,216.6,2.1,84.5,8.5,171.0,244.1,1.3,311.9,168.1,3.9,417.5,36.1,102.9,3651.1,2020,5,23,5,2,7306.5,2.4122561112357,6903.357142857143,6295.37
Port Blair,2020-05-24,6.1078,29.46,78.64,2.6,331.3531300728466,3390.319078053461,0.2597622941068829,4.231194467057071,2321,2020-05-24,194.0,1.6,22.9,109.2,4.5,83.8,4.1,98.0,8.7,55.0,17.3,10.0,312.2,154.3,22.4,46.2,27.7,192.6,69.7,447.4,2.4,4.6,1.6,216.2,2.1,85.0,7.6,168.3,245.8,0.9,302.2,172.3,4.3,426.9,34.6,118.4,3674.8,2020,5,24,6,2,7349.6,0.589885718196137,6996.871428571429,6345.823333333334
Port Blair,2020-05-25,6.6062,29.61,80.19,4.95,374.5515346174102,3834.449084009233,0.29073825950854004,5.1105555840430945,2322,2020-05-25,191.6,1.5,20.0,105.8,5.0,85.8,4.4,101.5,9.0,55.3,17.3,10.6,319.8,162.7,24.5,47.4,28.3,200.9,75.9,457.9,2.4,4.3,1.7,220.3,2.1,85.8,7.6,175.9,249.6,1.1,306.3,177.1,4.3,426.5,36.1,113.4,3735.8,2020,5,25,0,2,7475.500000000001,1.7130183955589515,7094.914285714285,6401.906666666667
Port Blair,2020-05-26,6.0012,29.3,81.55,4.63,332.76243708534076,3403.815119968726,0.25744746328390405,4.12586275347288,2323,2020-05-26,193.5,1.3,15.7,108.9,5.4,87.1,4.7,106.9,9.3,56.7,17.5,10.9,323.1,167.8,25.4,44.4,27.9,187.3,77.4,462.7,1.8,3.7,1.3,218.0,1.6,86.7,7.6,184.3,253.8,1.2,318.9,176.3,4.3,425.3,36.3,120.2,3771.6,2020,5,26,1,2,7546.800000000001,0.9537823556952764,7200.442857142857,6470.550000000001
Port Blair,2020-05-27,4.8866,29.48,81.77,5.15,285.4326782238401,2916.9235397521443,0.2201191109291045,3.1892448036591685,2324,2020-05-27,194.8,1.4,17.8,79.3,5.5,86.7,4.8,110.4,9.2,53.8,17.3,10.8,321.1,168.2,25.6,41.3,24.4,187.0,77.7,460.7,1.8,4.2,1.6,218.3,1.8,88.2,8.2,182.7,260.7,1.2,324.6,176.9,1.9,395.3,35.5,104.6,3705.2999999999993,2020,5,27,2,2,7410.5999999999985,-1.804738432183206,7295.228571428571,6534.8966666666665
Port Blair,2020-05-28,6.4423,29.4,80.9,4.21,370.26235136925806,3788.58341870952,0.2892487116306813,4.893855943973852,2325,2020-05-28,195.4,1.6,23.4,79.0,5.0,90.0,4.6,105.6,9.4,51.7,16.8,10.7,321.5,139.3,24.2,43.3,22.2,192.1,74.3,457.3,2.2,4.8,1.3,210.9,2.1,79.3,7.8,150.3,249.4,1.3,307.0,180.5,3.2,350.0,34.1,89.8,3541.4000000000005,2020,5,28,3,2,7082.800000000001,-4.42339351739397,7329.457142857143,6582.003333333333
Port Blair,2020-05-29,1.0562,28.89,85.18,4.91,478.5977366602617,4896.060546520335,0.3660857445467344,5.9730673078322445,2326,2020-05-29,193.3,1.9,24.0,95.5,4.3,82.5,4.8,88.4,8.9,53.7,17.4,10.9,323.9,109.0,24.7,44.1,23.4,192.8,69.8,462.6,2.5,5.2,1.4,203.7,2.1,73.6,7.8,134.0,250.1,1.2,298.8,182.4,3.2,337.1,33.8,113.9,3483.6000000000004,2020,5,29,4,2,6970.300000000001,-1.5883548878974365,7306.014285714286,6623.58
Port Blair,2020-05-30,2.737,28.89,82.62,4.26,301.15681564388825,3078.7466348776184,0.2278651475883544,3.790631005788724,2327,2020-05-30,186.4,1.9,25.6,91.0,3.4,74.6,4.8,73.3,9.3,53.2,17.6,10.6,326.5,96.1,19.6,41.8,24.9,183.5,70.5,461.2,2.5,5.4,1.7,206.0,2.0,75.1,8.0,127.5,186.9,1.2,306.6,164.0,3.6,282.0,28.2,129.5,3306.0,2020,5,30,5,2,6612.0,-5.140381332223876,7206.800000000001,6646.9766666666665
Port Blair,2020-05-31,5.6357,28.86,77.97,4.13,249.73370133051708,2553.9185660072176,0.1841215946829328,2.8606834218397292,2328,2020-05-31,184.1,2.0,25.1,78.0,3.4,74.0,4.4,73.3,9.1,48.3,16.0,9.1,319.2,96.1,19.6,41.8,21.2,168.5,63.5,443.5,2.2,5.5,1.7,204.8,2.2,84.9,7.2,127.5,186.9,0.9,288.5,145.9,4.1,282.0,28.2,120.4,3193.1000000000004,2020,5,31,6,2,6386.200000000001,-3.415003024803376,7069.171428571429,6664.65
Port Blair,2020-06-01,6.737,28.69,78.92,3.6,241.33120264978788,2466.919523359967,0.18384629539216754,2.8114872508835966,2329,2020-06-01,178.2,1.6,24.2,94.1,3.9,72.7,4.5,74.6,9.2,54.9,15.9,9.1,325.4,109.4,22.7,41.3,20.3,164.5,68.3,388.3,2.5,5.2,1.5,200.7,2.2,80.3,7.7,134.9,197.4,1.2,303.3,138.5,4.4,331.0,29.4,123.1,3246.4,2020,6,1,0,2,6492.8,1.669224264821012,6928.785714285716,6681.33
Port Blair,2020-06-02,5.97,28.37,83.07,3.45,310.66454541812976,3176.1546364767623,0.2262529446429115,4.039883290228578,2330,2020-06-02,172.0,2.0,24.8,99.6,4.0,73.7,4.6,81.1,9.2,57.9,17.8,8.2,314.4,119.1,24.3,42.7,23.6,155.9,65.6,374.1,2.4,5.0,1.6,184.4,2.2,75.6,7.7,141.5,201.2,1.3,305.1,140.2,4.4,348.7,33.2,130.9,3255.8,2020,6,2,1,2,6515.799999999999,0.3542385411532622,6781.5,6701.130000000001
Port Blair,2020-06-03,3.4958,28.88,81.28,3.63,313.6845465959038,3207.1259654874643,0.23081798780294885,4.1373462709369155,2331,2020-06-03,175.3,2.0,23.2,106.7,4.1,76.8,2.8,85.7,7.1,59.6,17.4,7.7,301.9,127.1,24.6,43.3,26.6,144.6,65.6,288.2,2.6,5.2,1.4,182.9,2.3,77.0,7.7,140.0,203.8,1.3,311.9,139.7,4.4,365.4,35.3,138.6,3205.5,2020,6,3,2,2,6415.300000000001,-1.542404616470705,6639.314285714287,6714.986666666667
Port Blair,2020-06-04,2.4166,28.79,79.85,4.19,348.81831807760136,3567.7541219780264,0.2645036245518558,4.582115335423527,2332,2020-06-04,174.3,2.0,23.9,100.7,4.1,76.4,4.1,85.1,8.9,59.5,17.7,8.4,298.3,126.0,24.9,44.4,25.0,166.4,66.3,283.6,2.4,5.1,1.7,143.2,2.3,79.6,7.7,146.5,201.2,1.4,319.5,142.8,4.4,342.0,35.1,148.8,3179.4,2020,6,4,3,2,6363.1,-0.8136797967359444,6536.5,6723.79
Port Blair,2020-06-05,2.7134,28.3,80.93,4.47,324.3144980561957,3316.573958372721,0.24530647431597363,4.187136047529455,2333,2020-06-05,181.6,1.9,26.0,74.0,3.9,74.9,4.9,81.0,10.0,61.1,17.4,8.8,288.9,121.4,25.3,42.8,24.7,177.3,66.4,335.2,2.5,5.3,1.7,149.8,2.2,84.5,7.6,151.0,198.0,1.4,321.4,149.2,3.2,284.9,32.9,141.3,3164.4,2020,6,5,4,2,6328.799999999999,-0.5390454338294437,6444.857142857143,6731.493333333333
Port Blair,2020-06-06,3.672,28.09,81.61,4.51,273.06653265259115,2792.8550195045905,0.20928817963404567,3.4253800892322954,2334,2020-06-06,186.6,1.7,24.2,85.3,3.9,76.5,5.1,80.2,10.0,62.3,12.4,8.4,279.5,129.4,24.7,35.0,26.5,175.2,64.2,357.0,2.4,4.5,1.7,162.3,2.1,93.9,7.6,143.4,206.1,1.4,299.3,153.9,4.3,324.9,34.2,157.4,3247.5000000000005,2020,6,6,5,2,6495.000000000001,2.626090254076629,6428.142857142857,6743.356666666668
Chandigarh,2020-05-15,6.9067,30.02,37.6,2.97,281.8991603902216,2879.8562655433675,0.21432107508880857,2.9989196322598706,2312,2020-05-15,181.9,2.0,22.2,100.6,3.4,79.4,4.2,72.0,7.5,49.7,13.9,10.0,306.3,120.4,21.9,43.2,23.2,209.5,71.9,405.5,2.3,5.1,1.6,202.9,2.1,81.2,8.5,121.2,219.7,1.2,303.5,156.8,3.9,339.7,30.1,145.2,3368.9,2020,5,15,4,2,6742.599999999999,1.589549652709743,6476.0,6003.933333333334
Chandigarh,2020-05-16,8.2865,29.29,37.29,3.28,293.8778807796024,3002.1393577453105,0.21217020889626623,3.175236474799966,2313,2020-05-16,185.5,1.9,22.1,101.9,3.5,76.5,4.3,73.3,7.6,53.0,16.2,8.9,306.5,128.5,22.4,43.8,25.9,204.1,71.2,405.1,2.2,5.1,1.5,205.5,2.4,81.3,8.5,129.8,225.2,0.9,296.5,152.8,3.9,350.6,30.5,151.7,3405.6,2020,5,16,5,2,6816.200000000001,1.09156705128588,6511.099999999999,6033.223333333333
Chandigarh,2020-05-17,7.4203,29.66,35.05,2.17,312.96183204783614,3200.565600194744,0.23886852248987903,3.7662443065004467,2314,2020-05-17,177.6,1.9,21.5,101.6,3.4,75.7,3.8,75.7,7.3,51.4,16.3,9.1,299.7,128.2,20.6,43.0,26.3,192.5,63.7,404.9,2.4,4.8,1.5,204.5,2.2,81.3,8.5,135.7,220.8,0.9,277.3,144.2,3.9,361.1,28.0,149.0,3344.7,2020,5,17,6,2,6695.0,-1.77811683929463,6590.5142857142855,6057.35
Chandigarh,2020-05-18,7.7052,30.21,31.29,2.55,222.99702127311505,2278.668814254924,0.15902588630644315,2.463815608425709,2315,2020-05-18,174.1,1.9,27.6,105.9,3.8,76.3,4.2,78.7,7.4,52.9,14.9,10.3,303.5,135.5,22.4,43.3,26.9,169.2,63.3,418.3,2.6,5.0,1.5,205.3,2.1,83.4,8.5,142.3,225.6,1.3,270.5,149.5,3.9,367.1,30.6,157.7,3391.9,2020,5,18,0,2,6789.2,1.40702016430172,6685.128571428571,6089.726666666667
Chandigarh,2020-05-19,7.5727,29.77,27.46,2.73,267.4625583268417,2732.640628746392,0.19740737122800353,3.1133584237305145,2316,2020-05-19,164.7,1.9,30.9,102.2,3.9,76.2,4.4,81.3,7.9,52.7,14.8,10.5,307.0,134.0,23.6,44.2,26.5,174.0,65.6,420.9,2.6,5.2,1.7,208.3,2.1,74.2,8.5,143.6,231.8,1.2,274.7,151.3,3.9,370.6,31.7,148.2,3401.3,2020,5,19,1,2,6808.099999999999,0.2783833146762227,6730.228571428571,6125.856666666668
Chandigarh,2020-05-20,8.651,29.73,27.19,2.81,314.0457938884043,3215.0632596869136,0.24007292401894353,4.604665450162271,2317,2020-05-20,175.5,2.0,28.4,93.3,4.0,74.8,4.4,82.3,8.1,47.3,15.0,10.6,308.6,139.8,23.8,45.3,19.3,188.0,70.1,426.2,2.4,5.0,1.6,203.8,2.2,57.4,8.5,145.4,230.0,1.2,296.7,159.8,3.9,383.2,32.9,75.1,3371.2000000000003,2020,5,20,2,2,6747.1,-0.8959915394897044,6747.9,6159.816666666667
Chandigarh,2020-05-21,8.5951,31.26,27.32,3.84,484.46085482791665,4956.921158773319,0.37877404931821124,6.39677026960725,2318,2020-05-21,186.9,2.1,20.2,81.6,4.2,78.0,4.5,84.8,8.2,47.3,16.6,10.6,316.6,142.4,24.3,43.4,17.4,196.5,71.2,434.5,2.8,4.4,1.5,207.2,2.3,70.0,8.5,160.4,233.5,1.1,302.2,166.9,3.9,382.7,33.7,51.5,3419.3,2020,5,21,3,2,6843.2,1.4243156319011074,6777.342857142857,6201.990000000001
Chandigarh,2020-05-22,8.1672,33.68,26.58,2.14,309.5809210920232,3166.017998627707,0.23995086973168883,3.8626216955439454,2319,2020-05-22,192.3,2.0,21.7,92.5,4.5,79.2,4.5,91.7,8.6,52.5,16.3,10.3,317.1,154.5,24.8,44.9,23.5,201.3,72.4,442.1,2.4,4.7,1.7,209.3,2.3,77.2,8.5,168.2,237.2,1.3,306.5,173.3,3.9,402.6,35.2,78.3,3565.1,2020,5,22,4,2,7134.4,4.255319148936176,6833.314285714286,6246.483333333334
Chandigarh,2020-05-23,7.0337,34.72,26.81,2.35,380.9419243993407,3896.9444239727577,0.2933331639016568,4.962811838029397,2320,2020-05-23,195.9,1.5,23.6,98.6,4.6,79.4,4.6,95.2,8.1,54.7,16.5,10.7,315.2,158.0,24.1,41.2,27.3,201.2,74.0,443.5,2.5,5.1,1.4,216.6,2.1,84.5,8.5,171.0,244.1,1.3,311.9,168.1,3.9,417.5,36.1,102.9,3651.1,2020,5,23,5,2,7306.5,2.4122561112357,6903.357142857143,6295.37
Chandigarh,2020-05-24,8.0556,34.53,27.79,2.81,331.3531300728466,3390.319078053461,0.2597622941068829,4.231194467057071,2321,2020-05-24,194.0,1.6,22.9,109.2,4.5,83.8,4.1,98.0,8.7,55.0,17.3,10.0,312.2,154.3,22.4,46.2,27.7,192.6,69.7,447.4,2.4,4.6,1.6,216.2,2.1,85.0,7.6,168.3,245.8,0.9,302.2,172.3,4.3,426.9,34.6,118.4,3674.8,2020,5,24,6,2,7349.6,0.589885718196137,6996.871428571429,6345.823333333334
Chandigarh,2020-05-25,8.3083,34.42,28.09,3.18,374.5515346174102,3834.449084009233,0.29073825950854004,5.1105555840430945,2322,2020-05-25,191.6,1.5,20.0,105.8,5.0,85.8,4.4,101.5,9.0,55.3,17.3,10.6,319.8,162.7,24.5,47.4,28.3,200.9,75.9,457.9,2.4,4.3,1.7,220.3,2.1,85.8,7.6,175.9,249.6,1.1,306.3,177.1,4.3,426.5,36.1,113.4,3735.8,2020,5,25,0,2,7475.500000000001,1.7130183955589515,7094.914285714285,6401.906666666667
Chandigarh,2020-05-26,8.0585,35.5,26.69,2.1,332.76243708534076,3403.815119968726,0.25744746328390405,4.12586275347288,2323,2020-05-26,193.5,1.3,15.7,108.9,5.4,87.1,4.7,106.9,9.3,56.7,17.5,10.9,323.1,167.8,25.4,44.4,27.9,187.3,77.4,462.7,1.8,3.7,1.3,218.0,1.6,86.7,7.6,184.3,253.8,1.2,318.9,176.3,4.3,425.3,36.3,120.2,3771.6,2020,5,26,1,2,7546.800000000001,0.9537823556952764,7200.442857142857,6470.550000000001
Chandigarh,2020-05-27,7.7839,35.72,26.55,1.9,285.4326782238401,2916.9235397521443,0.2201191109291045,3.1892448036591685,2324,2020-05-27,194.8,1.4,17.8,79.3,5.5,86.7,4.8,110.4,9.2,53.8,17.3,10.8,321.1,168.2,25.6,41.3,24.4,187.0,77.7,460.7,1.8,4.2,1.6,218.3,1.8,88.2,8.2,182.7,260.7,1.2,324.6,176.9,1.9,395.3,35.5,104.6,3705.2999999999993,2020,5,27,2,2,7410.5999999999985,-1.804738432183206,7295.228571428571,6534.8966666666665
Chandigarh,2020-05-28,7.1981,32.05,35.9,4.67,370.26235136925806,3788.58341870952,0.2892487116306813,4.893855943973852,2325,2020-05-28,195.4,1.6,23.4,79.0,5.0,90.0,4.6,105.6,9.4,51.7,16.8,10.7,321.5,139.3,24.2,43.3,22.2,192.1,74.3,457.3,2.2,4.8,1.3,210.9,2.1,79.3,7.8,150.3,249.4,1.3,307.0,180.5,3.2,350.0,34.1,89.8,3541.4000000000005,2020,5,28,3,2,7082.800000000001,-4.42339351739397,7329.457142857143,6582.003333333333
Chandigarh,2020-05-29,5.2649,30.76,44.1,3.12,478.5977366602617,4896.060546520335,0.3660857445467344,5.9730673078322445,2326,2020-05-29,193.3,1.9,24.0,95.5,4.3,82.5,4.8,88.4,8.9,53.7,17.4,10.9,323.9,109.0,24.7,44.1,23.4,192.8,69.8,462.6,2.5,5.2,1.4,203.7,2.1,73.6,7.8,134.0,250.1,1.2,298.8,182.4,3.2,337.1,33.8,113.9,3483.6000000000004,2020,5,29,4,2,6970.300000000001,-1.5883548878974365,7306.014285714286,6623.58
Chandigarh,2020-05-30,5.7115,26.69,60.45,2.4,301.15681564388825,3078.7466348776184,0.2278651475883544,3.790631005788724,2327,2020-05-30,186.4,1.9,25.6,91.0,3.4,74.6,4.8,73.3,9.3,53.2,17.6,10.6,326.5,96.1,19.6,41.8,24.9,183.5,70.5,461.2,2.5,5.4,1.7,206.0,2.0,75.1,8.0,127.5,186.9,1.2,306.6,164.0,3.6,282.0,28.2,129.5,3306.0,2020,5,30,5,2,6612.0,-5.140381332223876,7206.800000000001,6646.9766666666665
Chandigarh,2020-05-31,4.3776,26.91,64.0,2.27,249.73370133051708,2553.9185660072176,0.1841215946829328,2.8606834218397292,2328,2020-05-31,184.1,2.0,25.1,78.0,3.4,74.0,4.4,73.3,9.1,48.3,16.0,9.1,319.2,96.1,19.6,41.8,21.2,168.5,63.5,443.5,2.2,5.5,1.7,204.8,2.2,84.9,7.2,127.5,186.9,0.9,288.5,145.9,4.1,282.0,28.2,120.4,3193.1000000000004,2020,5,31,6,2,6386.200000000001,-3.415003024803376,7069.171428571429,6664.65
Chandigarh,2020-06-01,7.3795,27.64,57.48,1.26,241.33120264978788,2466.919523359967,0.18384629539216754,2.8114872508835966,2329,2020-06-01,178.2,1.6,24.2,94.1,3.9,72.7,4.5,74.6,9.2,54.9,15.9,9.1,325.4,109.4,22.7,41.3,20.3,164.5,68.3,388.3,2.5,5.2,1.5,200.7,2.2,80.3,7.7,134.9,197.4,1.2,303.3,138.5,4.4,331.0,29.4,123.1,3246.4,2020,6,1,0,2,6492.8,1.669224264821012,6928.785714285716,6681.33
Chandigarh,2020-06-02,5.3074,29.38,44.82,1.62,310.66454541812976,3176.1546364767623,0.2262529446429115,4.039883290228578,2330,2020-06-02,172.0,2.0,24.8,99.6,4.0,73.7,4.6,81.1,9.2,57.9,17.8,8.2,314.4,119.1,24.3,42.7,23.6,155.9,65.6,374.1,2.4,5.0,1.6,184.4,2.2,75.6,7.7,141.5,201.2,1.3,305.1,140.2,4.4,348.7,33.2,130.9,3255.8,2020,6,2,1,2,6515.799999999999,0.3542385411532622,6781.5,6701.130000000001
Chandigarh,2020-06-03,6.3622,29.3,49.67,1.21,313.6845465959038,3207.1259654874643,0.23081798780294885,4.1373462709369155,2331,2020-06-03,175.3,2.0,23.2,106.7,4.1,76.8,2.8,85.7,7.1,59.6,17.4,7.7,301.9,127.1,24.6,43.3,26.6,144.6,65.6,288.2,2.6,5.2,1.4,182.9,2.3,77.0,7.7,140.0,203.8,1.3,311.9,139.7,4.4,365.4,35.3,138.6,3205.5,2020,6,3,2,2,6415.300000000001,-1.542404616470705,6639.314285714287,6714.986666666667
Chandigarh,2020-06-04,6.7056,30.23,46.38,1.79,348.81831807760136,3567.7541219780264,0.2645036245518558,4.582115335423527,2332,2020-06-04,174.3,2.0,23.9,100.7,4.1,76.4,4.1,85.1,8.9,59.5,17.7,8.4,298.3,126.0,24.9,44.4,25.0,166.4,66.3,283.6,2.4,5.1,1.7,143.2,2.3,79.6,7.7,146.5,201.2,1.4,319.5,142.8,4.4,342.0,35.1,148.8,3179.4,2020,6,4,3,2,6363.1,-0.8136797967359444,6536.5,6723.79
Chandigarh,2020-06-05,6.2167,27.55,64.55,1.31,324.3144980561957,3316.573958372721,0.24530647431597363,4.187136047529455,2333,2020-06-05,181.6,1.9,26.0,74.0,3.9,74.9,4.9,81.0,10.0,61.1,17.4,8.8,288.9,121.4,25.3,42.8,24.7,177.3,66.4,335.2,2.5,5.3,1.7,149.8,2.2,84.5,7.6,151.0,198.0,1.4,321.4,149.2,3.2,284.9,32.9,141.3,3164.4,2020,6,5,4,2,6328.799999999999,-0.5390454338294437,6444.857142857143,6731.493333333333
Chandigarh,2020-06-06,5.6566,27.69,57.91,1.23,273.06653265259115,2792.8550195045905,0.20928817963404567,3.4253800892322954,2334,2020-06-06,186.6,1.7,24.2,85.3,3.9,76.5,5.1,80.2,10.0,62.3,12.4,8.4,279.5,129.4,24.7,35.0,26.5,175.2,64.2,357.0,2.4,4.5,1.7,162.3,2.1,93.9,7.6,143.4,206.1,1.4,299.3,153.9,4.3,324.9,34.2,157.4,3247.5000000000005,2020,6,6,5,2,6495.000000000001,2.626090254076629,6428.142857142857,6743.356666666668
Daman,2020-05-15,7.1002,33.34,48.93,2.57,281.8991603902216,2879.8562655433675,0.21432107508880857,2.9989196322598706,2312,2020-05-15,181.9,2.0,22.2,100.6,3.4,79.4,4.2,72.0,7.5,49.7,13.9,10.0,306.3,120.4,21.9,43.2,23.2,209.5,71.9,405.5,2.3,5.1,1.6,202.9,2.1,81.2,8.5,121.2,219.7,1.2,303.5,156.8,3.9,339.7,30.1,145.2,3368.9,2020,5,15,4,2,6742.599999999999,1.589549652709743,6476.0,6003.933333333334
Daman,2020-05-16,6.8342,33.2,51.97,3.26,293.8778807796024,3002.1393577453105,0.21217020889626623,3.175236474799966,2313,2020-05-16,185.5,1.9,22.1,101.9,3.5,76.5,4.3,73.3,7.6,53.0,16.2,8.9,306.5,128.5,22.4,43.8,25.9,204.1,71.2,405.1,2.2,5.1,1.5,205.5,2.4,81.3,8.5,129.8,225.2,0.9,296.5,152.8,3.9,350.6,30.5,151.7,3405.6,2020,5,16,5,2,6816.200000000001,1.09156705128588,6511.099999999999,6033.223333333333
Daman,2020-05-17,5.7382,32.41,52.83,3.39,312.96183204783614,3200.565600194744,0.23886852248987903,3.7662443065004467,2314,2020-05-17,177.6,1.9,21.5,101.6,3.4,75.7,3.8,75.7,7.3,51.4,16.3,9.1,299.7,128.2,20.6,43.0,26.3,192.5,63.7,404.9,2.4,4.8,1.5,204.5,2.2,81.3,8.5,135.7,220.8,0.9,277.3,144.2,3.9,361.1,28.0,149.0,3344.7,2020,5,17,6,2,6695.0,-1.77811683929463,6590.5142857142855,6057.35
Daman,2020-05-18,6.9746,32.73,50.91,3.82,222.99702127311505,2278.668814254924,0.15902588630644315,2.463815608425709,2315,2020-05-18,174.1,1.9,27.6,105.9,3.8,76.3,4.2,78.7,7.4,52.9,14.9,10.3,303.5,135.5,22.4,43.3,26.9,169.2,63.3,418.3,2.6,5.0,1.5,205.3,2.1,83.4,8.5,142.3,225.6,1.3,270.5,149.5,3.9,367.1,30.6,157.7,3391.9,2020,5,18,0,2,6789.2,1.40702016430172,6685.128571428571,6089.726666666667
Daman,2020-05-19,7.23,32.43,53.56,3.4,267.4625583268417,2732.640628746392,0.19740737122800353,3.1133584237305145,2316,2020-05-19,164.7,1.9,30.9,102.2,3.9,76.2,4.4,81.3,7.9,52.7,14.8,10.5,307.0,134.0,23.6,44.2,26.5,174.0,65.6,420.9,2.6,5.2,1.7,208.3,2.1,74.2,8.5,143.6,231.8,1.2,274.7,151.3,3.9,370.6,31.7,148.2,3401.3,2020,5,19,1,2,6808.099999999999,0.2783833146762227,6730.228571428571,6125.856666666668
Daman,2020-05-20,7.3447,32.46,56.51,3.41,314.0457938884043,3215.0632596869136,0.24007292401894353,4.604665450162271,2317,2020-05-20,175.5,2.0,28.4,93.3,4.0,74.8,4.4,82.3,8.1,47.3,15.0,10.6,308.6,139.8,23.8,45.3,19.3,188.0,70.1,426.2,2.4,5.0,1.6,203.8,2.2,57.4,8.5,145.4,230.0,1.2,296.7,159.8,3.9,383.2,32.9,75.1,3371.2000000000003,2020,5,20,2,2,6747.1,-0.8959915394897044,6747.9,6159.816666666667
Daman,2020-05-21,7.3318,32.63,57.49,3.54,484.46085482791665,4956.921158773319,0.37877404931821124,6.39677026960725,2318,2020-05-21,186.9,2.1,20.2,81.6,4.2,78.0,4.5,84.8,8.2,47.3,16.6,10.6,316.6,142.4,24.3,43.4,17.4,196.5,71.2,434.5,2.8,4.4,1.5,207.2,2.3,70.0,8.5,160.4,233.5,1.1,302.2,166.9,3.9,382.7,33.7,51.5,3419.3,2020,5,21,3,2,6843.2,1.4243156319011074,6777.342857142857,6201.990000000001
Daman,2020-05-22,7.4962,32.77,55.64,3.24,309.5809210920232,3166.017998627707,0.23995086973168883,3.8626216955439454,2319,2020-05-22,192.3,2.0,21.7,92.5,4.5,79.2,4.5,91.7,8.6,52.5,16.3,10.3,317.1,154.5,24.8,44.9,23.5,201.3,72.4,442.1,2.4,4.7,1.7,209.3,2.3,77.2,8.5,168.2,237.2,1.3,306.5,173.3,3.9,402.6,35.2,78.3,3565.1,2020,5,22,4,2,7134.4,4.255319148936176,6833.314285714286,6246.483333333334
Daman,2020-05-23,7.7347,33.1,54.05,2.57,380.9419243993407,3896.9444239727577,0.2933331639016568,4.962811838029397,2320,2020-05-23,195.9,1.5,23.6,98.6,4.6,79.4,4.6,95.2,8.1,54.7,16.5,10.7,315.2,158.0,24.1,41.2,27.3,201.2,74.0,443.5,2.5,5.1,1.4,216.6,2.1,84.5,8.5,171.0,244.1,1.3,311.9,168.1,3.9,417.5,36.1,102.9,3651.1,2020,5,23,5,2,7306.5,2.4122561112357,6903.357142857143,6295.37
Daman,2020-05-24,7.5362,33.55,52.79,2.53,331.3531300728466,3390.319078053461,0.2597622941068829,4.231194467057071,2321,2020-05-24,194.0,1.6,22.9,109.2,4.5,83.8,4.1,98.0,8.7,55.0,17.3,10.0,312.2,154.3,22.4,46.2,27.7,192.6,69.7,447.4,2.4,4.6,1.6,216.2,2.1,85.0,7.6,168.3,245.8,0.9,302.2,172.3,4.3,426.9,34.6,118.4,3674.8,2020,5,24,6,2,7349.6,0.589885718196137,6996.871428571429,6345.823333333334
Daman,2020-05-25,7.4441,33.87,52.58,2.8,374.5515346174102,3834.449084009233,0.29073825950854004,5.1105555840430945,2322,2020-05-25,191.6,1.5,20.0,105.8,5.0,85.8,4.4,101.5,9.0,55.3,17.3,10.6,319.8,162.7,24.5,47.4,28.3,200.9,75.9,457.9,2.4,4.3,1.7,220.3,2.1,85.8,7.6,175.9,249.6,1.1,306.3,177.1,4.3,426.5,36.1,113.4,3735.8,2020,5,25,0,2,7475.500000000001,1.7130183955589515,7094.914285714285,6401.906666666667
Daman,2020-05-26,7.5854,32.71,57.06,3.53,332.76243708534076,3403.815119968726,0.25744746328390405,4.12586275347288,2323,2020-05-26,193.5,1.3,15.7,108.9,5.4,87.1,4.7,106.9,9.3,56.7,17.5,10.9,323.1,167.8,25.4,44.4,27.9,187.3,77.4,462.7,1.8,3.7,1.3,218.0,1.6,86.7,7.6,184.3,253.8,1.2,318.9,176.3,4.3,425.3,36.3,120.2,3771.6,2020,5,26,1,2,7546.800000000001,0.9537823556952764,7200.442857142857,6470.550000000001
Daman,2020-05-27,7.3898,31.72,61.15,4.51,285.4326782238401,2916.9235397521443,0.2201191109291045,3.1892448036591685,2324,2020-05-27,194.8,1.4,17.8,79.3,5.5,86.7,4.8,110.4,9.2,53.8,17.3,10.8,321.1,168.2,25.6,41.3,24.4,187.0,77.7,460.7,1.8,4.2,1.6,218.3,1.8,88.2,8.2,182.7,260.7,1.2,324.6,176.9,1.9,395.3,35.5,104.6,3705.2999999999993,2020,5,27,2,2,7410.5999999999985,-1.804738432183206,7295.228571428571,6534.8966666666665
Daman,2020-05-28,7.1926,31.45,64.38,5.17,370.26235136925806,3788.58341870952,0.2892487116306813,4.893855943973852,2325,2020-05-28,195.4,1.6,23.4,79.0,5.0,90.0,4.6,105.6,9.4,51.7,16.8,10.7,321.5,139.3,24.2,43.3,22.2,192.1,74.3,457.3,2.2,4.8,1.3,210.9,2.1,79.3,7.8,150.3,249.4,1.3,307.0,180.5,3.2,350.0,34.1,89.8,3541.4000000000005,2020,5,28,3,2,7082.800000000001,-4.42339351739397,7329.457142857143,6582.003333333333
Daman,2020-05-29,7.1299,31.21,66.02,4.48,478.5977366602617,4896.060546520335,0.3660857445467344,5.9730673078322445,2326,2020-05-29,193.3,1.9,24.0,95.5,4.3,82.5,4.8,88.4,8.9,53.7,17.4,10.9,323.9,109.0,24.7,44.1,23.4,192.8,69.8,462.6,2.5,5.2,1.4,203.7,2.1,73.6,7.8,134.0,250.1,1.2,298.8,182.4,3.2,337.1,33.8,113.9,3483.6000000000004,2020,5,29,4,2,6970.300000000001,-1.5883548878974365,7306.014285714286,6623.58
Daman,2020-05-30,7.1712,31.02,66.95,3.07,301.15681564388825,3078.7466348776184,0.2278651475883544,3.790631005788724,2327,2020-05-30,186.4,1.9,25.6,91.0,3.4,74.6,4.8,73.3,9.3,53.2,17.6,10.6,326.5,96.1,19.6,41.8,24.9,183.5,70.5,461.2,2.5,5.4,1.7,206.0,2.0,75.1,8.0,127.5,186.9,1.2,306.6,164.0,3.6,282.0,28.2,129.5,3306.0,2020,5,30,5,2,6612.0,-5.140381332223876,7206.800000000001,6646.9766666666665
Daman,2020-05-31,7.4134,32.14,59.92,3.25,249.73370133051708,2553.9185660072176,0.1841215946829328,2.8606834218397292,2328,2020-05-31,184.1,2.0,25.1,78.0,3.4,74.0,4.4,73.3,9.1,48.3,16.0,9.1,319.2,96.1,19.6,41.8,21.2,168.5,63.5,443.5,2.2,5.5,1.7,204.8,2.2,84.9,7.2,127.5,186.9,0.9,288.5,145.9,4.1,282.0,28.2,120.4,3193.1000000000004,2020,5,31,6,2,6386.200000000001,-3.415003024803376,7069.171428571429,6664.65
Daman,2020-06-01,5.6131,30.87,63.56,2.46,241.33120264978788,2466.919523359967,0.18384629539216754,2.8114872508835966,2329,2020-06-01,178.2,1.6,24.2,94.1,3.9,72.7,4.5,74.6,9.2,54.9,15.9,9.1,325.4,109.4,22.7,41.3,20.3,164.5,68.3,388.3,2.5,5.2,1.5,200.7,2.2,80.3,7.7,134.9,197.4,1.2,303.3,138.5,4.4,331.0,29.4,123.1,3246.4,2020,6,1,0,2,6492.8,1.669224264821012,6928.785714285716,6681.33
Daman,2020-06-02,3.335,30.77,58.0,1.83,310.66454541812976,3176.1546364767623,0.2262529446429115,4.039883290228578,2330,2020-06-02,172.0,2.0,24.8,99.6,4.0,73.7,4.6,81.1,9.2,57.9,17.8,8.2,314.4,119.1,24.3,42.7,23.6,155.9,65.6,374.1,2.4,5.0,1.6,184.4,2.2,75.6,7.7,141.5,201.2,1.3,305.1,140.2,4.4,348.7,33.2,130.9,3255.8,2020,6,2,1,2,6515.799999999999,0.3542385411532622,6781.5,6701.130000000001
Daman,2020-06-03,3.2674,28.18,69.59,5.44,313.6845465959038,3207.1259654874643,0.23081798780294885,4.1373462709369155,2331,2020-06-03,175.3,2.0,23.2,106.7,4.1,76.8,2.8,85.7,7.1,59.6,17.4,7.7,301.9,127.1,24.6,43.3,26.6,144.6,65.6,288.2,2.6,5.2,1.4,182.9,2.3,77.0,7.7,140.0,203.8,1.3,311.9,139.7,4.4,365.4,35.3,138.6,3205.5,2020,6,3,2,2,6415.300000000001,-1.542404616470705,6639.314285714287,6714.986666666667
Daman,2020-06-04,5.2603,27.7,75.44,3.69,348.81831807760136,3567.7541219780264,0.2645036245518558,4.582115335423527,2332,2020-06-04,174.3,2.0,23.9,100.7,4.1,76.4,4.1,85.1,8.9,59.5,17.7,8.4,298.3,126.0,24.9,44.4,25.0,166.4,66.3,283.6,2.4,5.1,1.7,143.2,2.3,79.6,7.7,146.5,201.2,1.4,319.5,142.8,4.4,342.0,35.1,148.8,3179.4,2020,6,4,3,2,6363.1,-0.8136797967359444,6536.5,6723.79
Daman,2020-06-05,6.2546,28.24,78.09,3.43,324.3144980561957,3316.573958372721,0.24530647431597363,4.187136047529455,2333,2020-06-05,181.6,1.9,26.0,74.0,3.9,74.9,4.9,81.0,10.0,61.1,17.4,8.8,288.9,121.4,25.3,42.8,24.7,177.3,66.4,335.2,2.5,5.3,1.7,149.8,2.2,84.5,7.6,151.0,198.0,1.4,321.4,149.2,3.2,284.9,32.9,141.3,3164.4,2020,6,5,4,2,6328.799999999999,-0.5390454338294437,6444.857142857143,6731.493333333333
Daman,2020-06-06,6.7246,28.2,82.22,3.58,273.06653265259115,2792.8550195045905,0.20928817963404567,3.4253800892322954,2334,2020-06-06,186.6,1.7,24.2,85.3,3.9,76.5,5.1,80.2,10.0,62.3,12.4,8.4,279.5,129.4,24.7,35.0,26.5,175.2,64.2,357.0,2.4,4.5,1.7,162.3,2.1,93.9,7.6,143.4,206.1,1.4,299.3,153.9,4.3,324.9,34.2,157.4,3247.5000000000005,2020,6,6,5,2,6495.000000000001,2.626090254076629,6428.142857142857,6743.356666666668
New Delhi,2020-05-15,7.0716,33.41,33.82,3.31,281.8991603902216,2879.8562655433675,0.21432107508880857,2.9989196322598706,2312,2020-05-15,181.9,2.0,22.2,100.6,3.4,79.4,4.2,72.0,7.5,49.7,13.9,10.0,306.3,120.4,21.9,43.2,23.2,209.5,71.9,405.5,2.3,5.1,1.6,202.9,2.1,81.2,8.5,121.2,219.7,1.2,303.5,156.8,3.9,339.7,30.1,145.2,3368.9,2020,5,15,4,2,6742.599999999999,1.589549652709743,6476.0,6003.933333333334
New Delhi,2020-05-16,7.6356,33.13,28.31,3.9,293.8778807796024,3002.1393577453105,0.21217020889626623,3.175236474799966,2313,2020-05-16,185.5,1.9,22.1,101.9,3.5,76.5,4.3,73.3,7.6,53.0,16.2,8.9,306.5,128.5,22.4,43.8,25.9,204.1,71.2,405.1,2.2,5.1,1.5,205.5,2.4,81.3,8.5,129.8,225.2,0.9,296.5,152.8,3.9,350.6,30.5,151.7,3405.6,2020,5,16,5,2,6816.200000000001,1.09156705128588,6511.099999999999,6033.223333333333
New Delhi,2020-05-17,6.6514,34.34,25.48,2.17,312.96183204783614,3200.565600194744,0.23886852248987903,3.7662443065004467,2314,2020-05-17,177.6,1.9,21.5,101.6,3.4,75.7,3.8,75.7,7.3,51.4,16.3,9.1,299.7,128.2,20.6,43.0,26.3,192.5,63.7,404.9,2.4,4.8,1.5,204.5,2.2,81.3,8.5,135.7,220.8,0.9,277.3,144.2,3.9,361.1,28.0,149.0,3344.7,2020,5,17,6,2,6695.0,-1.77811683929463,6590.5142857142855,6057.35
New Delhi,2020-05-18,7.3142,34.03,22.57,2.49,222.99702127311505,2278.668814254924,0.15902588630644315,2.463815608425709,2315,2020-05-18,174.1,1.9,27.6,105.9,3.8,76.3,4.2,78.7,7.4,52.9,14.9,10.3,303.5,135.5,22.4,43.3,26.9,169.2,63.3,418.3,2.6,5.0,1.5,205.3,2.1,83.4,8.5,142.3,225.6,1.3,270.5,149.5,3.9,367.1,30.6,157.7,3391.9,2020,5,18,0,2,6789.2,1.40702016430172,6685.128571428571,6089.726666666667
New Delhi,2020-05-19,7.5792,33.72,17.27,2.62,267.4625583268417,2732.640628746392,0.19740737122800353,3.1133584237305145,2316,2020-05-19,164.7,1.9,30.9,102.2,3.9,76.2,4.4,81.3,7.9,52.7,14.8,10.5,307.0,134.0,23.6,44.2,26.5,174.0,65.6,420.9,2.6,5.2,1.7,208.3,2.1,74.2,8.5,143.6,231.8,1.2,274.7,151.3,3.9,370.6,31.7,148.2,3401.3,2020,5,19,1,2,6808.099999999999,0.2783833146762227,6730.228571428571,6125.856666666668
New Delhi,2020-05-20,8.1835,33.12,18.47,2.95,314.0457938884043,3215.0632596869136,0.24007292401894353,4.604665450162271,2317,2020-05-20,175.5,2.0,28.4,93.3,4.0,74.8,4.4,82.3,8.1,47.3,15.0,10.6,308.6,139.8,23.8,45.3,19.3,188.0,70.1,426.2,2.4,5.0,1.6,203.8,2.2,57.4,8.5,145.4,230.0,1.2,296.7,159.8,3.9,383.2,32.9,75.1,3371.2000000000003,2020,5,20,2,2,6747.1,-0.8959915394897044,6747.9,6159.816666666667
New Delhi,2020-05-21,7.9397,34.13,17.42,3.89,484.46085482791665,4956.921158773319,0.37877404931821124,6.39677026960725,2318,2020-05-21,186.9,2.1,20.2,81.6,4.2,78.0,4.5,84.8,8.2,47.3,16.6,10.6,316.6,142.4,24.3,43.4,17.4,196.5,71.2,434.5,2.8,4.4,1.5,207.2,2.3,70.0,8.5,160.4,233.5,1.1,302.2,166.9,3.9,382.7,33.7,51.5,3419.3,2020,5,21,3,2,6843.2,1.4243156319011074,6777.342857142857,6201.990000000001
New Delhi,2020-05-22,7.969,36.52,15.93,1.86,309.5809210920232,3166.017998627707,0.23995086973168883,3.8626216955439454,2319,2020-05-22,192.3,2.0,21.7,92.5,4.5,79.2,4.5,91.7,8.6,52.5,16.3,10.3,317.1,154.5,24.8,44.9,23.5,201.3,72.4,442.1,2.4,4.7,1.7,209.3,2.3,77.2,8.5,168.2,237.2,1.3,306.5,173.3,3.9,402.6,35.2,78.3,3565.1,2020,5,22,4,2,7134.4,4.255319148936176,6833.314285714286,6246.483333333334
New Delhi,2020-05-23,7.0056,38.66,15.66,2.01,380.9419243993407,3896.9444239727577,0.2933331639016568,4.962811838029397,2320,2020-05-23,195.9,1.5,23.6,98.6,4.6,79.4,4.6,95.2,8.1,54.7,16.5,10.7,315.2,158.0,24.1,41.2,27.3,201.2,74.0,443.5,2.5,5.1,1.4,216.6,2.1,84.5,8.5,171.0,244.1,1.3,311.9,168.1,3.9,417.5,36.1,102.9,3651.1,2020,5,23,5,2,7306.5,2.4122561112357,6903.357142857143,6295.37
New Delhi,2020-05-24,7.579,38.32,15.52,3.19,331.3531300728466,3390.319078053461,0.2597622941068829,4.231194467057071,2321,2020-05-24,194.0,1.6,22.9,109.2,4.5,83.8,4.1,98.0,8.7,55.0,17.3,10.0,312.2,154.3,22.4,46.2,27.7,192.6,69.7,447.4,2.4,4.6,1.6,216.2,2.1,85.0,7.6,168.3,245.8,0.9,302.2,172.3,4.3,426.9,34.6,118.4,3674.8,2020,5,24,6,2,7349.6,0.589885718196137,6996.871428571429,6345.823333333334
New Delhi,2020-05-25,7.9462,37.83,18.47,3.06,374.5515346174102,3834.449084009233,0.29073825950854004,5.1105555840430945,2322,2020-05-25,191.6,1.5,20.0,105.8,5.0,85.8,4.4,101.5,9.0,55.3,17.3,10.6,319.8,162.7,24.5,47.4,28.3,200.9,75.9,457.9,2.4,4.3,1.7,220.3,2.1,85.8,7.6,175.9,249.6,1.1,306.3,177.1,4.3,426.5,36.1,113.4,3735.8,2020,5,25,0,2,7475.500000000001,1.7130183955589515,7094.914285714285,6401.906666666667
New Delhi,2020-05-26,7.5576,38.37,15.49,3.35,332.76243708534076,3403.815119968726,0.25744746328390405,4.12586275347288,2323,2020-05-26,193.5,1.3,15.7,108.9,5.4,87.1,4.7,106.9,9.3,56.7,17.5,10.9,323.1,167.8,25.4,44.4,27.9,187.3,77.4,462.7,1.8,3.7,1.3,218.0,1.6,86.7,7.6,184.3,253.8,1.2,318.9,176.3,4.3,425.3,36.3,120.2,3771.6,2020,5,26,1,2,7546.800000000001,0.9537823556952764,7200.442857142857,6470.550000000001
New Delhi,2020-05-27,7.0279,38.92,14.54,2.09,285.4326782238401,2916.9235397521443,0.2201191109291045,3.1892448036591685,2324,2020-05-27,194.8,1.4,17.8,79.3,5.5,86.7,4.8,110.4,9.2,53.8,17.3,10.8,321.1,168.2,25.6,41.3,24.4,187.0,77.7,460.7,1.8,4.2,1.6,218.3,1.8,88.2,8.2,182.7,260.7,1.2,324.6,176.9,1.9,395.3,35.5,104.6,3705.2999999999993,2020,5,27,2,2,7410.5999999999985,-1.804738432183206,7295.228571428571,6534.8966666666665
New Delhi,2020-05-28,6.2282,36.75,26.53,4.83,370.26235136925806,3788.58341870952,0.2892487116306813,4.893855943973852,2325,2020-05-28,195.4,1.6,23.4,79.0,5.0,90.0,4.6,105.6,9.4,51.7,16.8,10.7,321.5,139.3,24.2,43.3,22.2,192.1,74.3,457.3,2.2,4.8,1.3,210.9,2.1,79.3,7.8,150.3,249.4,1.3,307.0,180.5,3.2,350.0,34.1,89.8,3541.4000000000005,2020,5,28,3,2,7082.800000000001,-4.42339351739397,7329.457142857143,6582.003333333333
New Delhi,2020-05-29,5.8711,34.91,32.66,4.37,478.5977366602617,4896.060546520335,0.3660857445467344,5.9730673078322445,2326,2020-05-29,193.3,1.9,24.0,95.5,4.3,82.5,4.8,88.4,8.9,53.7,17.4,10.9,323.9,109.0,24.7,44.1,23.4,192.8,69.8,462.6,2.5,5.2,1.4,203.7,2.1,73.6,7.8,134.0,250.1,1.2,298.8,182.4,3.2,337.1,33.8,113.9,3483.6000000000004,2020,5,29,4,2,6970.300000000001,-1.5883548878974365,7306.014285714286,6623.58
New Delhi,2020-05-30,6.323,31.65,43.82,2.81,301.15681564388825,3078.7466348776184,0.2278651475883544,3.790631005788724,2327,2020-05-30,186.4,1.9,25.6,91.0,3.4,74.6,4.8,73.3,9.3,53.2,17.6,10.6,326.5,96.1,19.6,41.8,24.9,183.5,70.5,461.2,2.5,5.4,1.7,206.0,2.0,75.1,8.0,127.5,186.9,1.2,306.6,164.0,3.6,282.0,28.2,129.5,3306.0,2020,5,30,5,2,6612.0,-5.140381332223876,7206.800000000001,6646.9766666666665
New Delhi,2020-05-31,5.2262,29.66,55.57,1.3,249.73370133051708,2553.9185660072176,0.1841215946829328,2.8606834218397292,2328,2020-05-31,184.1,2.0,25.1,78.0,3.4,74.0,4.4,73.3,9.1,48.3,16.0,9.1,319.2,96.1,19.6,41.8,21.2,168.5,63.5,443.5,2.2,5.5,1.7,204.8,2.2,84.9,7.2,127.5,186.9,0.9,288.5,145.9,4.1,282.0,28.2,120.4,3193.1000000000004,2020,5,31,6,2,6386.200000000001,-3.415003024803376,7069.171428571429,6664.65
New Delhi,2020-06-01,6.9643,31.02,50.07,1.83,241.33120264978788,2466.919523359967,0.18384629539216754,2.8114872508835966,2329,2020-06-01,178.2,1.6,24.2,94.1,3.9,72.7,4.5,74.6,9.2,54.9,15.9,9.1,325.4,109.4,22.7,41.3,20.3,164.5,68.3,388.3,2.5,5.2,1.5,200.7,2.2,80.3,7.7,134.9,197.4,1.2,303.3,138.5,4.4,331.0,29.4,123.1,3246.4,2020,6,1,0,2,6492.8,1.669224264821012,6928.785714285716,6681.33
New Delhi,2020-06-02,6.7135,31.92,45.23,1.4,310.66454541812976,3176.1546364767623,0.2262529446429115,4.039883290228578,2330,2020-06-02,172.0,2.0,24.8,99.6,4.0,73.7,4.6,81.1,9.2,57.9,17.8,8.2,314.4,119.1,24.3,42.7,23.6,155.9,65.6,374.1,2.4,5.0,1.6,184.4,2.2,75.6,7.7,141.5,201.2,1.3,305.1,140.2,4.4,348.7,33.2,130.9,3255.8,2020,6,2,1,2,6515.799999999999,0.3542385411532622,6781.5,6701.130000000001
New Delhi,2020-06-03,6.8263,33.32,40.7,1.25,313.6845465959038,3207.1259654874643,0.23081798780294885,4.1373462709369155,2331,2020-06-03,175.3,2.0,23.2,106.7,4.1,76.8,2.8,85.7,7.1,59.6,17.4,7.7,301.9,127.1,24.6,43.3,26.6,144.6,65.6,288.2,2.6,5.2,1.4,182.9,2.3,77.0,7.7,140.0,203.8,1.3,311.9,139.7,4.4,365.4,35.3,138.6,3205.5,2020,6,3,2,2,6415.300000000001,-1.542404616470705,6639.314285714287,6714.986666666667
New Delhi,2020-06-04,3.4286,31.8,47.52,2.31,348.81831807760136,3567.7541219780264,0.2645036245518558,4.582115335423527,2332,2020-06-04,174.3,2.0,23.9,100.7,4.1,76.4,4.1,85.1,8.9,59.5,17.7,8.4,298.3,126.0,24.9,44.4,25.0,166.4,66.3,283.6,2.4,5.1,1.7,143.2,2.3,79.6,7.7,146.5,201.2,1.4,319.5,142.8,4.4,342.0,35.1,148.8,3179.4,2020,6,4,3,2,6363.1,-0.8136797967359444,6536.5,6723.79
New Delhi,2020-06-05,5.9009,31.1,48.71,1.92,324.3144980561957,3316.573958372721,0.24530647431597363,4.187136047529455,2333,2020-06-05,181.6,1.9,26.0,74.0,3.9,74.9,4.9,81.0,10.0,61.1,17.4,8.8,288.9,121.4,25.3,42.8,24.7,177.3,66.4,335.2,2.5,5.3,1.7,149.8,2.2,84.5,7.6,151.0,198.0,1.4,321.4,149.2,3.2,284.9,32.9,141.3,3164.4,2020,6,5,4,2,6328.799999999999,-0.5390454338294437,6444.857142857143,6731.493333333333
New Delhi,2020-06-06,6.5506,31.45,46.92,1.7,273.06653265259115,2792.8550195045905,0.20928817963404567,3.4253800892322954,2334,2020-06-06,186.6,1.7,24.2,85.3,3.9,76.5,5.1,80.2,10.0,62.3,12.4,8.4,279.5,129.4,24.7,35.0,26.5,175.2,64.2,357.0,2.4,4.5,1.7,162.3,2.1,93.9,7.6,143.4,206.1,1.4,299.3,153.9,4.3,324.9,34.2,157.4,3247.5000000000005,2020,6,6,5,2,6495.000000000001,2.626090254076629,6428.142857142857,6743.356666666668
Srinagar,2020-05-15,7.1002,11.53,60.7,1.41,281.8991603902216,2879.8562655433675,0.21432107508880857,2.9989196322598706,2312,2020-05-15,181.9,2.0,22.2,100.6,3.4,79.4,4.2,72.0,7.5,49.7,13.9,10.0,306.3,120.4,21.9,43.2,23.2,209.5,71.9,405.5,2.3,5.1,1.6,202.9,2.1,81.2,8.5,121.2,219.7,1.2,303.5,156.8,3.9,339.7,30.1,145.2,3368.9,2020,5,15,4,2,6742.599999999999,1.589549652709743,6476.0,6003.933333333334
Srinagar,2020-05-16,7.1873,12.03,61.79,1.52,293.8778807796024,3002.1393577453105,0.21217020889626623,3.175236474799966,2313,2020-05-16,185.5,1.9,22.1,101.9,3.5,76.5,4.3,73.3,7.6,53.0,16.2,8.9,306.5,128.5,22.4,43.8,25.9,204.1,71.2,405.1,2.2,5.1,1.5,205.5,2.4,81.3,8.5,129.8,225.2,0.9,296.5,152.8,3.9,350.6,30.5,151.7,3405.6,2020,5,16,5,2,6816.200000000001,1.09156705128588,6511.099999999999,6033.223333333333
Srinagar,2020-05-17,6.7404,11.49,59.14,1.7,312.96183204783614,3200.565600194744,0.23886852248987903,3.7662443065004467,2314,2020-05-17,177.6,1.9,21.5,101.6,3.4,75.7,3.8,75.7,7.3,51.4,16.3,9.1,299.7,128.2,20.6,43.0,26.3,192.5,63.7,404.9,2.4,4.8,1.5,204.5,2.2,81.3,8.5,135.7,220.8,0.9,277.3,144.2,3.9,361.1,28.0,149.0,3344.7,2020,5,17,6,2,6695.0,-1.77811683929463,6590.5142857142855,6057.35
Srinagar,2020-05-18,3.6972,9.86,63.67,1.7,222.99702127311505,2278.668814254924,0.15902588630644315,2.463815608425709,2315,2020-05-18,174.1,1.9,27.6,105.9,3.8,76.3,4.2,78.7,7.4,52.9,14.9,10.3,303.5,135.5,22.4,43.3,26.9,169.2,63.3,418.3,2.6,5.0,1.5,205.3,2.1,83.4,8.5,142.3,225.6,1.3,270.5,149.5,3.9,367.1,30.6,157.7,3391.9,2020,5,18,0,2,6789.2,1.40702016430172,6685.128571428571,6089.726666666667
Srinagar,2020-05-19,7.0102,8.59,62.02,1.29,267.4625583268417,2732.640628746392,0.19740737122800353,3.1133584237305145,2316,2020-05-19,164.7,1.9,30.9,102.2,3.9,76.2,4.4,81.3,7.9,52.7,14.8,10.5,307.0,134.0,23.6,44.2,26.5,174.0,65.6,420.9,2.6,5.2,1.7,208.3,2.1,74.2,8.5,143.6,231.8,1.2,274.7,151.3,3.9,370.6,31.7,148.2,3401.3,2020,5,19,1,2,6808.099999999999,0.2783833146762227,6730.228571428571,6125.856666666668
Srinagar,2020-05-20,8.8994,12.17,52.01,1.49,314.0457938884043,3215.0632596869136,0.24007292401894353,4.604665450162271,2317,2020-05-20,175.5,2.0,28.4,93.3,4.0,74.8,4.4,82.3,8.1,47.3,15.0,10.6,308.6,139.8,23.8,45.3,19.3,188.0,70.1,426.2,2.4,5.0,1.6,203.8,2.2,57.4,8.5,145.4,230.0,1.2,296.7,159.8,3.9,383.2,32.9,75.1,3371.2000000000003,2020,5,20,2,2,6747.1,-0.8959915394897044,6747.9,6159.816666666667
Srinagar,2020-05-21,8.0832,14.78,50.71,1.48,484.46085482791665,4956.921158773319,0.37877404931821124,6.39677026960725,2318,2020-05-21,186.9,2.1,20.2,81.6,4.2,78.0,4.5,84.8,8.2,47.3,16.6,10.6,316.6,142.4,24.3,43.4,17.4,196.5,71.2,434.5,2.8,4.4,1.5,207.2,2.3,70.0,8.5,160.4,233.5,1.1,302.2,166.9,3.9,382.7,33.7,51.5,3419.3,2020,5,21,3,2,6843.2,1.4243156319011074,6777.342857142857,6201.990000000001
Srinagar,2020-05-22,7.4402,15.74,58.98,1.49,309.5809210920232,3166.017998627707,0.23995086973168883,3.8626216955439454,2319,2020-05-22,192.3,2.0,21.7,92.5,4.5,79.2,4.5,91.7,8.6,52.5,16.3,10.3,317.1,154.5,24.8,44.9,23.5,201.3,72.4,442.1,2.4,4.7,1.7,209.3,2.3,77.2,8.5,168.2,237.2,1.3,306.5,173.3,3.9,402.6,35.2,78.3,3565.1,2020,5,22,4,2,7134.4,4.255319148936176,6833.314285714286,6246.483333333334
Srinagar,2020-05-23,4.643,13.25,71.11,1.48,380.9419243993407,3896.9444239727577,0.2933331639016568,4.962811838029397,2320,2020-05-23,195.9,1.5,23.6,98.6,4.6,79.4,4.6,95.2,8.1,54.7,16.5,10.7,315.2,158.0,24.1,41.2,27.3,201.2,74.0,443.5,2.5,5.1,1.4,216.6,2.1,84.5,8.5,171.0,244.1,1.3,311.9,168.1,3.9,417.5,36.1,102.9,3651.1,2020,5,23,5,2,7306.5,2.4122561112357,6903.357142857143,6295.37
Srinagar,2020-05-24,7.7124,13.87,66.19,1.43,331.3531300728466,3390.319078053461,0.2597622941068829,4.231194467057071,2321,2020-05-24,194.0,1.6,22.9,109.2,4.5,83.8,4.1,98.0,8.7,55.0,17.3,10.0,312.2,154.3,22.4,46.2,27.7,192.6,69.7,447.4,2.4,4.6,1.6,216.2,2.1,85.0,7.6,168.3,245.8,0.9,302.2,172.3,4.3,426.9,34.6,118.4,3674.8,2020,5,24,6,2,7349.6,0.589885718196137,6996.871428571429,6345.823333333334
Srinagar,2020-05-25,8.3657,15.49,62.16,1.04,374.5515346174102,3834.449084009233,0.29073825950854004,5.1105555840430945,2322,2020-05-25,191.6,1.5,20.0,105.8,5.0,85.8,4.4,101.5,9.0,55.3,17.3,10.6,319.8,162.7,24.5,47.4,28.3,200.9,75.9,457.9,2.4,4.3,1.7,220.3,2.1,85.8,7.6,175.9,249.6,1.1,306.3,177.1,4.3,426.5,36.1,113.4,3735.8,2020,5,25,0,2,7475.500000000001,1.7130183955589515,7094.914285714285,6401.906666666667
Srinagar,2020-05-26,8.3585,16.61,53.23,1.22,332.76243708534076,3403.815119968726,0.25744746328390405,4.12586275347288,2323,2020-05-26,193.5,1.3,15.7,108.9,5.4,87.1,4.7,106.9,9.3,56.7,17.5,10.9,323.1,167.8,25.4,44.4,27.9,187.3,77.4,462.7,1.8,3.7,1.3,218.0,1.6,86.7,7.6,184.3,253.8,1.2,318.9,176.3,4.3,425.3,36.3,120.2,3771.6,2020,5,26,1,2,7546.800000000001,0.9537823556952764,7200.442857142857,6470.550000000001
Srinagar,2020-05-27,7.9961,15.97,59.21,1.63,285.4326782238401,2916.9235397521443,0.2201191109291045,3.1892448036591685,2324,2020-05-27,194.8,1.4,17.8,79.3,5.5,86.7,4.8,110.4,9.2,53.8,17.3,10.8,321.1,168.2,25.6,41.3,24.4,187.0,77.7,460.7,1.8,4.2,1.6,218.3,1.8,88.2,8.2,182.7,260.7,1.2,324.6,176.9,1.9,395.3,35.5,104.6,3705.2999999999993,2020,5,27,2,2,7410.5999999999985,-1.804738432183206,7295.228571428571,6534.8966666666665
Srinagar,2020-05-28,5.6251,13.92,65.98,1.11,370.26235136925806,3788.58341870952,0.2892487116306813,4.893855943973852,2325,2020-05-28,195.4,1.6,23.4,79.0,5.0,90.0,4.6,105.6,9.4,51.7,16.8,10.7,321.5,139.3,24.2,43.3,22.2,192.1,74.3,457.3,2.2,4.8,1.3,210.9,2.1,79.3,7.8,150.3,249.4,1.3,307.0,180.5,3.2,350.0,34.1,89.8,3541.4000000000005,2020,5,28,3,2,7082.800000000001,-4.42339351739397,7329.457142857143,6582.003333333333
Srinagar,2020-05-29,3.4147,12.15,74.27,1.62,478.5977366602617,4896.060546520335,0.3660857445467344,5.9730673078322445,2326,2020-05-29,193.3,1.9,24.0,95.5,4.3,82.5,4.8,88.4,8.9,53.7,17.4,10.9,323.9,109.0,24.7,44.1,23.4,192.8,69.8,462.6,2.5,5.2,1.4,203.7,2.1,73.6,7.8,134.0,250.1,1.2,298.8,182.4,3.2,337.1,33.8,113.9,3483.6000000000004,2020,5,29,4,2,6970.300000000001,-1.5883548878974365,7306.014285714286,6623.58
Srinagar,2020-05-30,3.7438,11.65,78.71,2.08,301.15681564388825,3078.7466348776184,0.2278651475883544,3.790631005788724,2327,2020-05-30,186.4,1.9,25.6,91.0,3.4,74.6,4.8,73.3,9.3,53.2,17.6,10.6,326.5,96.1,19.6,41.8,24.9,183.5,70.5,461.2,2.5,5.4,1.7,206.0,2.0,75.1,8.0,127.5,186.9,1.2,306.6,164.0,3.6,282.0,28.2,129.5,3306.0,2020,5,30,5,2,6612.0,-5.140381332223876,7206.800000000001,6646.9766666666665
Srinagar,2020-05-31,2.0321,10.84,75.33,1.19,249.73370133051708,2553.9185660072176,0.1841215946829328,2.8606834218397292,2328,2020-05-31,184.1,2.0,25.1,78.0,3.4,74.0,4.4,73.3,9.1,48.3,16.0,9.1,319.2,96.1,19.6,41.8,21.2,168.5,63.5,443.5,2.2,5.5,1.7,204.8,2.2,84.9,7.2,127.5,186.9,0.9,288.5,145.9,4.1,282.0,28.2,120.4,3193.1000000000004,2020,5,31,6,2,6386.200000000001,-3.415003024803376,7069.171428571429,6664.65
Srinagar,2020-06-01,5.3011,10.89,75.05,1.43,241.33120264978788,2466.919523359967,0.18384629539216754,2.8114872508835966,2329,2020-06-01,178.2,1.6,24.2,94.1,3.9,72.7,4.5,74.6,9.2,54.9,15.9,9.1,325.4,109.4,22.7,41.3,20.3,164.5,68.3,388.3,2.5,5.2,1.5,200.7,2.2,80.3,7.7,134.9,197.4,1.2,303.3,138.5,4.4,331.0,29.4,123.1,3246.4,2020,6,1,0,2,6492.8,1.669224264821012,6928.785714285716,6681.33
Srinagar,2020-06-02,4.8288,11.6,74.81,1.73,310.66454541812976,3176.1546364767623,0.2262529446429115,4.039883290228578,2330,2020-06-02,172.0,2.0,24.8,99.6,4.0,73.7,4.6,81.1,9.2,57.9,17.8,8.2,314.4,119.1,24.3,42.7,23.6,155.9,65.6,374.1,2.4,5.0,1.6,184.4,2.2,75.6,7.7,141.5,201.2,1.3,305.1,140.2,4.4,348.7,33.2,130.9,3255.8,2020,6,2,1,2,6515.799999999999,0.3542385411532622,6781.5,6701.130000000001
Srinagar,2020-06-03,6.3065,12.26,68.56,1.62,313.6845465959038,3207.1259654874643,0.23081798780294885,4.1373462709369155,2331,2020-06-03,175.3,2.0,23.2,106.7,4.1,76.8,2.8,85.7,7.1,59.6,17.4,7.7,301.9,127.1,24.6,43.3,26.6,144.6,65.6,288.2,2.6,5.2,1.4,182.9,2.3,77.0,7.7,140.0,203.8,1.3,311.9,139.7,4.4,365.4,35.3,138.6,3205.5,2020,6,3,2,2,6415.300000000001,-1.542404616470705,6639.314285714287,6714.986666666667
Srinagar,2020-06-04,6.2683,12.27,71.43,1.41,348.81831807760136,3567.7541219780264,0.2645036245518558,4.582115335423527,2332,2020-06-04,174.3,2.0,23.9,100.7,4.1,76.4,4.1,85.1,8.9,59.5,17.7,8.4,298.3,126.0,24.9,44.4,25.0,166.4,66.3,283.6,2.4,5.1,1.7,143.2,2.3,79.6,7.7,146.5,201.2,1.4,319.5,142.8,4.4,342.0,35.1,148.8,3179.4,2020,6,4,3,2,6363.1,-0.8136797967359444,6536.5,6723.79
Srinagar,2020-06-05,6.6682,13.08,79.18,1.52,324.3144980561957,3316.573958372721,0.24530647431597363,4.187136047529455,2333,2020-06-05,181.6,1.9,26.0,74.0,3.9,74.9,4.9,81.0,10.0,61.1,17.4,8.8,288.9,121.4,25.3,42.8,24.7,177.3,66.4,335.2,2.5,5.3,1.7,149.8,2.2,84.5,7.6,151.0,198.0,1.4,321.4,149.2,3.2,284.9,32.9,141.3,3164.4,2020,6,5,4,2,6328.799999999999,-0.5390454338294437,6444.857142857143,6731.493333333333
Srinagar,2020-06-06,6.6792,13.64,82.29,1.42,273.06653265259115,2792.8550195045905,0.20928817963404567,3.4253800892322954,2334,2020-06-06,186.6,1.7,24.2,85.3,3.9,76.5,5.1,80.2,10.0,62.3,12.4,8.4,279.5,129.4,24.7,35.0,26.5,175.2,64.2,357.0,2.4,4.5,1.7,162.3,2.1,93.9,7.6,143.4,206.1,1.4,299.3,153.9,4.3,324.9,34.2,157.4,3247.5000000000005,2020,6,6,5,2,6495.000000000001,2.626090254076629,6428.142857142857,6743.356666666668
Jammu,2020-05-15,8.1226,26.28,53.07,1.74,281.8991603902216,2879.8562655433675,0.21432107508880857,2.9989196322598706,2312,2020-05-15,181.9,2.0,22.2,100.6,3.4,79.4,4.2,72.0,7.5,49.7,13.9,10.0,306.3,120.4,21.9,43.2,23.2,209.5,71.9,405.5,2.3,5.1,1.6,202.9,2.1,81.2,8.5,121.2,219.7,1.2,303.5,156.8,3.9,339.7,30.1,145.2,3368.9,2020,5,15,4,2,6742.599999999999,1.589549652709743,6476.0,6003.933333333334
Jammu,2020-05-16,8.2634,27.86,45.99,1.58,293.8778807796024,3002.1393577453105,0.21217020889626623,3.175236474799966,2313,2020-05-16,185.5,1.9,22.1,101.9,3.5,76.5,4.3,73.3,7.6,53.0,16.2,8.9,306.5,128.5,22.4,43.8,25.9,204.1,71.2,405.1,2.2,5.1,1.5,205.5,2.4,81.3,8.5,129.8,225.2,0.9,296.5,152.8,3.9,350.6,30.5,151.7,3405.6,2020,5,16,5,2,6816.200000000001,1.09156705128588,6511.099999999999,6033.223333333333
Jammu,2020-05-17,7.8919,28.28,40.91,1.29,312.96183204783614,3200.565600194744,0.23886852248987903,3.7662443065004467,2314,2020-05-17,177.6,1.9,21.5,101.6,3.4,75.7,3.8,75.7,7.3,51.4,16.3,9.1,299.7,128.2,20.6,43.0,26.3,192.5,63.7,404.9,2.4,4.8,1.5,204.5,2.2,81.3,8.5,135.7,220.8,0.9,277.3,144.2,3.9,361.1,28.0,149.0,3344.7,2020,5,17,6,2,6695.0,-1.77811683929463,6590.5142857142855,6057.35
Jammu,2020-05-18,7.9812,28.11,38.32,2.0,222.99702127311505,2278.668814254924,0.15902588630644315,2.463815608425709,2315,2020-05-18,174.1,1.9,27.6,105.9,3.8,76.3,4.2,78.7,7.4,52.9,14.9,10.3,303.5,135.5,22.4,43.3,26.9,169.2,63.3,418.3,2.6,5.0,1.5,205.3,2.1,83.4,8.5,142.3,225.6,1.3,270.5,149.5,3.9,367.1,30.6,157.7,3391.9,2020,5,18,0,2,6789.2,1.40702016430172,6685.128571428571,6089.726666666667
Jammu,2020-05-19,6.023,27.41,38.17,1.98,267.4625583268417,2732.640628746392,0.19740737122800353,3.1133584237305145,2316,2020-05-19,164.7,1.9,30.9,102.2,3.9,76.2,4.4,81.3,7.9,52.7,14.8,10.5,307.0,134.0,23.6,44.2,26.5,174.0,65.6,420.9,2.6,5.2,1.7,208.3,2.1,74.2,8.5,143.6,231.8,1.2,274.7,151.3,3.9,370.6,31.7,148.2,3401.3,2020,5,19,1,2,6808.099999999999,0.2783833146762227,6730.228571428571,6125.856666666668
Jammu,2020-05-20,8.5759,28.06,39.42,1.94,314.0457938884043,3215.0632596869136,0.24007292401894353,4.604665450162271,2317,2020-05-20,175.5,2.0,28.4,93.3,4.0,74.8,4.4,82.3,8.1,47.3,15.0,10.6,308.6,139.8,23.8,45.3,19.3,188.0,70.1,426.2,2.4,5.0,1.6,203.8,2.2,57.4,8.5,145.4,230.0,1.2,296.7,159.8,3.9,383.2,32.9,75.1,3371.2000000000003,2020,5,20,2,2,6747.1,-0.8959915394897044,6747.9,6159.816666666667
Jammu,2020-05-21,8.3506,30.36,36.74,2.01,484.46085482791665,4956.921158773319,0.37877404931821124,6.39677026960725,2318,2020-05-21,186.9,2.1,20.2,81.6,4.2,78.0,4.5,84.8,8.2,47.3,16.6,10.6,316.6,142.4,24.3,43.4,17.4,196.5,71.2,434.5,2.8,4.4,1.5,207.2,2.3,70.0,8.5,160.4,233.5,1.1,302.2,166.9,3.9,382.7,33.7,51.5,3419.3,2020,5,21,3,2,6843.2,1.4243156319011074,6777.342857142857,6201.990000000001
Jammu,2020-05-22,8.0921,32.29,35.3,1.57,309.5809210920232,3166.017998627707,0.23995086973168883,3.8626216955439454,2319,2020-05-22,192.3,2.0,21.7,92.5,4.5,79.2,4.5,91.7,8.6,52.5,16.3,10.3,317.1,154.5,24.8,44.9,23.5,201.3,72.4,442.1,2.4,4.7,1.7,209.3,2.3,77.2,8.5,168.2,237.2,1.3,306.5,173.3,3.9,402.6,35.2,78.3,3565.1,2020,5,22,4,2,7134.4,4.255319148936176,6833.314285714286,6246.483333333334
Jammu,2020-05-23,7.4004,31.78,35.72,2.04,380.9419243993407,3896.9444239727577,0.2933331639016568,4.962811838029397,2320,2020-05-23,195.9,1.5,23.6,98.6,4.6,79.4,4.6,95.2,8.1,54.7,16.5,10.7,315.2,158.0,24.1,41.2,27.3,201.2,74.0,443.5,2.5,5.1,1.4,216.6,2.1,84.5,8.5,171.0,244.1,1.3,311.9,168.1,3.9,417.5,36.1,102.9,3651.1,2020,5,23,5,2,7306.5,2.4122561112357,6903.357142857143,6295.37
Jammu,2020-05-24,8.1086,31.93,39.41,2.23,331.3531300728466,3390.319078053461,0.2597622941068829,4.231194467057071,2321,2020-05-24,194.0,1.6,22.9,109.2,4.5,83.8,4.1,98.0,8.7,55.0,17.3,10.0,312.2,154.3,22.4,46.2,27.7,192.6,69.7,447.4,2.4,4.6,1.6,216.2,2.1,85.0,7.6,168.3,245.8,0.9,302.2,172.3,4.3,426.9,34.6,118.4,3674.8,2020,5,24,6,2,7349.6,0.589885718196137,6996.871428571429,6345.823333333334
Jammu,2020-05-25,8.3249,32.75,40.58,2.19,374.5515346174102,3834.449084009233,0.29073825950854004,5.1105555840430945,2322,2020-05-25,191.6,1.5,20.0,105.8,5.0,85.8,4.4,101.5,9.0,55.3,17.3,10.6,319.8,162.7,24.5,47.4,28.3,200.9,75.9,457.9,2.4,4.3,1.7,220.3,2.1,85.8,7.6,175.9,249.6,1.1,306.3,177.1,4.3,426.5,36.1,113.4,3735.8,2020,5,25,0,2,7475.500000000001,1.7130183955589515,7094.914285714285,6401.906666666667
Jammu,2020-05-26,8.2778,33.47,38.62,1.56,332.76243708534076,3403.815119968726,0.25744746328390405,4.12586275347288,2323,2020-05-26,193.5,1.3,15.7,108.9,5.4,87.1,4.7,106.9,9.3,56.7,17.5,10.9,323.1,167.8,25.4,44.4,27.9,187.3,77.4,462.7,1.8,3.7,1.3,218.0,1.6,86.7,7.6,184.3,253.8,1.2,318.9,176.3,4.3,425.3,36.3,120.2,3771.6,2020,5,26,1,2,7546.800000000001,0.9537823556952764,7200.442857142857,6470.550000000001
Jammu,2020-05-27,7.8905,33.83,35.04,1.93,285.4326782238401,2916.9235397521443,0.2201191109291045,3.1892448036591685,2324,2020-05-27,194.8,1.4,17.8,79.3,5.5,86.7,4.8,110.4,9.2,53.8,17.3,10.8,321.1,168.2,25.6,41.3,24.4,187.0,77.7,460.7,1.8,4.2,1.6,218.3,1.8,88.2,8.2,182.7,260.7,1.2,324.6,176.9,1.9,395.3,35.5,104.6,3705.2999999999993,2020,5,27,2,2,7410.5999999999985,-1.804738432183206,7295.228571428571,6534.8966666666665
Jammu,2020-05-28,4.6594,32.13,36.65,2.86,370.26235136925806,3788.58341870952,0.2892487116306813,4.893855943973852,2325,2020-05-28,195.4,1.6,23.4,79.0,5.0,90.0,4.6,105.6,9.4,51.7,16.8,10.7,321.5,139.3,24.2,43.3,22.2,192.1,74.3,457.3,2.2,4.8,1.3,210.9,2.1,79.3,7.8,150.3,249.4,1.3,307.0,180.5,3.2,350.0,34.1,89.8,3541.4000000000005,2020,5,28,3,2,7082.800000000001,-4.42339351739397,7329.457142857143,6582.003333333333
Jammu,2020-05-29,6.7798,31.15,41.17,2.24,478.5977366602617,4896.060546520335,0.3660857445467344,5.9730673078322445,2326,2020-05-29,193.3,1.9,24.0,95.5,4.3,82.5,4.8,88.4,8.9,53.7,17.4,10.9,323.9,109.0,24.7,44.1,23.4,192.8,69.8,462.6,2.5,5.2,1.4,203.7,2.1,73.6,7.8,134.0,250.1,1.2,298.8,182.4,3.2,337.1,33.8,113.9,3483.6000000000004,2020,5,29,4,2,6970.300000000001,-1.5883548878974365,7306.014285714286,6623.58
Jammu,2020-05-30,2.279,28.51,52.03,2.7,301.15681564388825,3078.7466348776184,0.2278651475883544,3.790631005788724,2327,2020-05-30,186.4,1.9,25.6,91.0,3.4,74.6,4.8,73.3,9.3,53.2,17.6,10.6,326.5,96.1,19.6,41.8,24.9,183.5,70.5,461.2,2.5,5.4,1.7,206.0,2.0,75.1,8.0,127.5,186.9,1.2,306.6,164.0,3.6,282.0,28.2,129.5,3306.0,2020,5,30,5,2,6612.0,-5.140381332223876,7206.800000000001,6646.9766666666665
Jammu,2020-05-31,6.0667,24.71,70.38,1.58,249.73370133051708,2553.9185660072176,0.1841215946829328,2.8606834218397292,2328,2020-05-31,184.1,2.0,25.1,78.0,3.4,74.0,4.4,73.3,9.1,48.3,16.0,9.1,319.2,96.1,19.6,41.8,21.2,168.5,63.5,443.5,2.2,5.5,1.7,204.8,2.2,84.9,7.2,127.5,186.9,0.9,288.5,145.9,4.1,282.0,28.2,120.4,3193.1000000000004,2020,5,31,6,2,6386.200000000001,-3.415003024803376,7069.171428571429,6664.65
Jammu,2020-06-01,4.5029,25.62,59.59,1.06,241.33120264978788,2466.919523359967,0.18384629539216754,2.8114872508835966,2329,2020-06-01,178.2,1.6,24.2,94.1,3.9,72.7,4.5,74.6,9.2,54.9,15.9,9.1,325.4,109.4,22.7,41.3,20.3,164.5,68.3,388.3,2.5,5.2,1.5,200.7,2.2,80.3,7.7,134.9,197.4,1.2,303.3,138.5,4.4,331.0,29.4,123.1,3246.4,2020,6,1,0,2,6492.8,1.669224264821012,6928.785714285716,6681.33
Jammu,2020-06-02,6.858,26.54,56.71,1.66,310.66454541812976,3176.1546364767623,0.2262529446429115,4.039883290228578,2330,2020-06-02,172.0,2.0,24.8,99.6,4.0,73.7,4.6,81.1,9.2,57.9,17.8,8.2,314.4,119.1,24.3,42.7,23.6,155.9,65.6,374.1,2.4,5.0,1.6,184.4,2.2,75.6,7.7,141.5,201.2,1.3,305.1,140.2,4.4,348.7,33.2,130.9,3255.8,2020,6,2,1,2,6515.799999999999,0.3542385411532622,6781.5,6701.130000000001
Jammu,2020-06-03,6.2734,28.41,51.4,1.45,313.6845465959038,3207.1259654874643,0.23081798780294885,4.1373462709369155,2331,2020-06-03,175.3,2.0,23.2,106.7,4.1,76.8,2.8,85.7,7.1,59.6,17.4,7.7,301.9,127.1,24.6,43.3,26.6,144.6,65.6,288.2,2.6,5.2,1.4,182.9,2.3,77.0,7.7,140.0,203.8,1.3,311.9,139.7,4.4,365.4,35.3,138.6,3205.5,2020,6,3,2,2,6415.300000000001,-1.542404616470705,6639.314285714287,6714.986666666667
Jammu,2020-06-04,7.2624,29.09,48.47,1.36,348.81831807760136,3567.7541219780264,0.2645036245518558,4.582115335423527,2332,2020-06-04,174.3,2.0,23.9,100.7,4.1,76.4,4.1,85.1,8.9,59.5,17.7,8.4,298.3,126.0,24.9,44.4,25.0,166.4,66.3,283.6,2.4,5.1,1.7,143.2,2.3,79.6,7.7,146.5,201.2,1.4,319.5,142.8,4.4,342.0,35.1,148.8,3179.4,2020,6,4,3,2,6363.1,-0.8136797967359444,6536.5,6723.79
Jammu,2020-06-05,6.8448,28.77,48.95,2.1,324.3144980561957,3316.573958372721,0.24530647431597363,4.187136047529455,2333,2020-06-05,181.6,1.9,26.0,74.0,3.9,74.9,4.9,81.0,10.0,61.1,17.4,8.8,288.9,121.4,25.3,42.8,24.7,177.3,66.4,335.2,2.5,5.3,1.7,149.8,2.2,84.5,7.6,151.0,198.0,1.4,321.4,149.2,3.2,284.9,32.9,141.3,3164.4,2020,6,5,4,2,6328.799999999999,-0.5390454338294437,6444.857142857143,6731.493333333333
Jammu,2020-06-06,3.827,25.66,69.34,2.28,273.06653265259115,2792.8550195045905,0.20928817963404567,3.4253800892322954,2334,2020-06-06,186.6,1.7,24.2,85.3,3.9,76.5,5.1,80.2,10.0,62.3,12.4,8.4,279.5,129.4,24.7,35.0,26.5,175.2,64.2,357.0,2.4,4.5,1.7,162.3,2.1,93.9,7.6,143.4,206.1,1.4,299.3,153.9,4.3,324.9,34.2,157.4,3247.5000000000005,2020,6,6,5,2,6495.000000000001,2.626090254076629,6428.142857142857,6743.356666666668
Leh,2020-05-15,7.2324,0.48,59.79,2.16,281.8991603902216,2879.8562655433675,0.21432107508880857,2.9989196322598706,2312,2020-05-15,181.9,2.0,22.2,100.6,3.4,79.4,4.2,72.0,7.5,49.7,13.9,10.0,306.3,120.4,21.9,43.2,23.2,209.5,71.9,405.5,2.3,5.1,1.6,202.9,2.1,81.2,8.5,121.2,219.7,1.2,303.5,156.8,3.9,339.7,30.1,145.2,3368.9,2020,5,15,4,2,6742.599999999999,1.589549652709743,6476.0,6003.933333333334
Leh,2020-05-16,7.6078,0.18,53.81,2.67,293.8778807796024,3002.1393577453105,0.21217020889626623,3.175236474799966,2313,2020-05-16,185.5,1.9,22.1,101.9,3.5,76.5,4.3,73.3,7.6,53.0,16.2,8.9,306.5,128.5,22.4,43.8,25.9,204.1,71.2,405.1,2.2,5.1,1.5,205.5,2.4,81.3,8.5,129.8,225.2,0.9,296.5,152.8,3.9,350.6,30.5,151.7,3405.6,2020,5,16,5,2,6816.200000000001,1.09156705128588,6511.099999999999,6033.223333333333
Leh,2020-05-17,7.4798,-0.54,48.93,2.54,312.96183204783614,3200.565600194744,0.23886852248987903,3.7662443065004467,2314,2020-05-17,177.6,1.9,21.5,101.6,3.4,75.7,3.8,75.7,7.3,51.4,16.3,9.1,299.7,128.2,20.6,43.0,26.3,192.5,63.7,404.9,2.4,4.8,1.5,204.5,2.2,81.3,8.5,135.7,220.8,0.9,277.3,144.2,3.9,361.1,28.0,149.0,3344.7,2020,5,17,6,2,6695.0,-1.77811683929463,6590.5142857142855,6057.35
Leh,2020-05-18,5.9122,-1.5,52.77,2.41,222.99702127311505,2278.668814254924,0.15902588630644315,2.463815608425709,2315,2020-05-18,174.1,1.9,27.6,105.9,3.8,76.3,4.2,78.7,7.4,52.9,14.9,10.3,303.5,135.5,22.4,43.3,26.9,169.2,63.3,418.3,2.6,5.0,1.5,205.3,2.1,83.4,8.5,142.3,225.6,1.3,270.5,149.5,3.9,367.1,30.6,157.7,3391.9,2020,5,18,0,2,6789.2,1.40702016430172,6685.128571428571,6089.726666666667
Leh,2020-05-19,6.8854,-1.71,58.95,2.09,267.4625583268417,2732.640628746392,0.19740737122800353,3.1133584237305145,2316,2020-05-19,164.7,1.9,30.9,102.2,3.9,76.2,4.4,81.3,7.9,52.7,14.8,10.5,307.0,134.0,23.6,44.2,26.5,174.0,65.6,420.9,2.6,5.2,1.7,208.3,2.1,74.2,8.5,143.6,231.8,1.2,274.7,151.3,3.9,370.6,31.7,148.2,3401.3,2020,5,19,1,2,6808.099999999999,0.2783833146762227,6730.228571428571,6125.856666666668
Leh,2020-05-20,8.754,0.65,53.09,1.71,314.0457938884043,3215.0632596869136,0.24007292401894353,4.604665450162271,2317,2020-05-20,175.5,2.0,28.4,93.3,4.0,74.8,4.4,82.3,8.1,47.3,15.0,10.6,308.6,139.8,23.8,45.3,19.3,188.0,70.1,426.2,2.4,5.0,1.6,203.8,2.2,57.4,8.5,145.4,230.0,1.2,296.7,159.8,3.9,383.2,32.9,75.1,3371.2000000000003,2020,5,20,2,2,6747.1,-0.8959915394897044,6747.9,6159.816666666667
Leh,2020-05-21,8.2176,2.76,40.72,1.97,484.46085482791665,4956.921158773319,0.37877404931821124,6.39677026960725,2318,2020-05-21,186.9,2.1,20.2,81.6,4.2,78.0,4.5,84.8,8.2,47.3,16.6,10.6,316.6,142.4,24.3,43.4,17.4,196.5,71.2,434.5,2.8,4.4,1.5,207.2,2.3,70.0,8.5,160.4,233.5,1.1,302.2,166.9,3.9,382.7,33.7,51.5,3419.3,2020,5,21,3,2,6843.2,1.4243156319011074,6777.342857142857,6201.990000000001
Leh,2020-05-22,8.412,3.55,46.91,2.17,309.5809210920232,3166.017998627707,0.23995086973168883,3.8626216955439454,2319,2020-05-22,192.3,2.0,21.7,92.5,4.5,79.2,4.5,91.7,8.6,52.5,16.3,10.3,317.1,154.5,24.8,44.9,23.5,201.3,72.4,442.1,2.4,4.7,1.7,209.3,2.3,77.2,8.5,168.2,237.2,1.3,306.5,173.3,3.9,402.6,35.2,78.3,3565.1,2020,5,22,4,2,7134.4,4.255319148936176,6833.314285714286,6246.483333333334
Leh,2020-05-23,6.935,2.87,61.16,1.82,380.9419243993407,3896.9444239727577,0.2933331639016568,4.962811838029397,2320,2020-05-23,195.9,1.5,23.6,98.6,4.6,79.4,4.6,95.2,8.1,54.7,16.5,10.7,315.2,158.0,24.1,41.2,27.3,201.2,74.0,443.5,2.5,5.1,1.4,216.6,2.1,84.5,8.5,171.0,244.1,1.3,311.9,168.1,3.9,417.5,36.1,102.9,3651.1,2020,5,23,5,2,7306.5,2.4122561112357,6903.357142857143,6295.37
Leh,2020-05-24,5.1838,1.97,70.71,1.5,331.3531300728466,3390.319078053461,0.2597622941068829,4.231194467057071,2321,2020-05-24,194.0,1.6,22.9,109.2,4.5,83.8,4.1,98.0,8.7,55.0,17.3,10.0,312.2,154.3,22.4,46.2,27.7,192.6,69.7,447.4,2.4,4.6,1.6,216.2,2.1,85.0,7.6,168.3,245.8,0.9,302.2,172.3,4.3,426.9,34.6,118.4,3674.8,2020,5,24,6,2,7349.6,0.589885718196137,6996.871428571429,6345.823333333334
Leh,2020-05-25,7.1669,2.38,60.13,1.77,374.5515346174102,3834.449084009233,0.29073825950854004,5.1105555840430945,2322,2020-05-25,191.6,1.5,20.0,105.8,5.0,85.8,4.4,101.5,9.0,55.3,17.3,10.6,319.8,162.7,24.5,47.4,28.3,200.9,75.9,457.9,2.4,4.3,1.7,220.3,2.1,85.8,7.6,175.9,249.6,1.1,306.3,177.1,4.3,426.5,36.1,113.4,3735.8,2020,5,25,0,2,7475.500000000001,1.7130183955589515,7094.914285714285,6401.906666666667
Leh,2020-05-26,7.3951,2.19,50.3,1.54,332.76243708534076,3403.815119968726,0.25744746328390405,4.12586275347288,2323,2020-05-26,193.5,1.3,15.7,108.9,5.4,87.1,4.7,106.9,9.3,56.7,17.5,10.9,323.1,167.8,25.4,44.4,27.9,187.3,77.4,462.7,1.8,3.7,1.3,218.0,1.6,86.7,7.6,184.3,253.8,1.2,318.9,176.3,4.3,425.3,36.3,120.2,3771.6,2020,5,26,1,2,7546.800000000001,0.9537823556952764,7200.442857142857,6470.550000000001
Leh,2020-05-27,8.759,2.96,46.27,1.34,285.4326782238401,2916.9235397521443,0.2201191109291045,3.1892448036591685,2324,2020-05-27,194.8,1.4,17.8,79.3,5.5,86.7,4.8,110.4,9.2,53.8,17.3,10.8,321.1,168.2,25.6,41.3,24.4,187.0,77.7,460.7,1.8,4.2,1.6,218.3,1.8,88.2,8.2,182.7,260.7,1.2,324.6,176.9,1.9,395.3,35.5,104.6,3705.2999999999993,2020,5,27,2,2,7410.5999999999985,-1.804738432183206,7295.228571428571,6534.8966666666665
Leh,2020-05-28,6.1387,1.48,70.47,1.31,370.26235136925806,3788.58341870952,0.2892487116306813,4.893855943973852,2325,2020-05-28,195.4,1.6,23.4,79.0,5.0,90.0,4.6,105.6,9.4,51.7,16.8,10.7,321.5,139.3,24.2,43.3,22.2,192.1,74.3,457.3,2.2,4.8,1.3,210.9,2.1,79.3,7.8,150.3,249.4,1.3,307.0,180.5,3.2,350.0,34.1,89.8,3541.4000000000005,2020,5,28,3,2,7082.800000000001,-4.42339351739397,7329.457142857143,6582.003333333333
Leh,2020-05-29,4.5542,1.26,77.61,1.8,478.5977366602617,4896.060546520335,0.3660857445467344,5.9730673078322445,2326,2020-05-29,193.3,1.9,24.0,95.5,4.3,82.5,4.8,88.4,8.9,53.7,17.4,10.9,323.9,109.0,24.7,44.1,23.4,192.8,69.8,462.6,2.5,5.2,1.4,203.7,2.1,73.6,7.8,134.0,250.1,1.2,298.8,182.4,3.2,337.1,33.8,113.9,3483.6000000000004,2020,5,29,4,2,6970.300000000001,-1.5883548878974365,7306.014285714286,6623.58
Leh,2020-05-30,5.5562,2.44,65.56,1.9,301.15681564388825,3078.7466348776184,0.2278651475883544,3.790631005788724,2327,2020-05-30,186.4,1.9,25.6,91.0,3.4,74.6,4.8,73.3,9.3,53.2,17.6,10.6,326.5,96.1,19.6,41.8,24.9,183.5,70.5,461.2,2.5,5.4,1.7,206.0,2.0,75.1,8.0,127.5,186.9,1.2,306.6,164.0,3.6,282.0,28.2,129.5,3306.0,2020,5,30,5,2,6612.0,-5.140381332223876,7206.800000000001,6646.9766666666665
Leh,2020-05-31,5.2742,0.95,78.56,1.68,249.73370133051708,2553.9185660072176,0.1841215946829328,2.8606834218397292,2328,2020-05-31,184.1,2.0,25.1,78.0,3.4,74.0,4.4,73.3,9.1,48.3,16.0,9.1,319.2,96.1,19.6,41.8,21.2,168.5,63.5,443.5,2.2,5.5,1.7,204.8,2.2,84.9,7.2,127.5,186.9,0.9,288.5,145.9,4.1,282.0,28.2,120.4,3193.1000000000004,2020,5,31,6,2,6386.200000000001,-3.415003024803376,7069.171428571429,6664.65
Leh,2020-06-01,5.5339,1.35,74.68,1.76,241.33120264978788,2466.919523359967,0.18384629539216754,2.8114872508835966,2329,2020-06-01,178.2,1.6,24.2,94.1,3.9,72.7,4.5,74.6,9.2,54.9,15.9,9.1,325.4,109.4,22.7,41.3,20.3,164.5,68.3,388.3,2.5,5.2,1.5,200.7,2.2,80.3,7.7,134.9,197.4,1.2,303.3,138.5,4.4,331.0,29.4,123.1,3246.4,2020,6,1,0,2,6492.8,1.669224264821012,6928.785714285716,6681.33
Leh,2020-06-02,5.2843,2.16,71.79,1.78,310.66454541812976,3176.1546364767623,0.2262529446429115,4.039883290228578,2330,2020-06-02,172.0,2.0,24.8,99.6,4.0,73.7,4.6,81.1,9.2,57.9,17.8,8.2,314.4,119.1,24.3,42.7,23.6,155.9,65.6,374.1,2.4,5.0,1.6,184.4,2.2,75.6,7.7,141.5,201.2,1.3,305.1,140.2,4.4,348.7,33.2,130.9,3255.8,2020,6,2,1,2,6515.799999999999,0.3542385411532622,6781.5,6701.130000000001
Leh,2020-06-03,5.3606,1.62,70.84,1.88,313.6845465959038,3207.1259654874643,0.23081798780294885,4.1373462709369155,2331,2020-06-03,175.3,2.0,23.2,106.7,4.1,76.8,2.8,85.7,7.1,59.6,17.4,7.7,301.9,127.1,24.6,43.3,26.6,144.6,65.6,288.2,2.6,5.2,1.4,182.9,2.3,77.0,7.7,140.0,203.8,1.3,311.9,139.7,4.4,365.4,35.3,138.6,3205.5,2020,6,3,2,2,6415.300000000001,-1.542404616470705,6639.314285714287,6714.986666666667
Leh,2020-06-04,5.7134,2.34,71.05,1.6,348.81831807760136,3567.7541219780264,0.2645036245518558,4.582115335423527,2332,2020-06-04,174.3,2.0,23.9,100.7,4.1,76.4,4.1,85.1,8.9,59.5,17.7,8.4,298.3,126.0,24.9,44.4,25.0,166.4,66.3,283.6,2.4,5.1,1.7,143.2,2.3,79.6,7.7,146.5,201.2,1.4,319.5,142.8,4.4,342.0,35.1,148.8,3179.4,2020,6,4,3,2,6363.1,-0.8136797967359444,6536.5,6723.79
Leh,2020-06-05,5.9314,3.64,64.47,1.45,324.3144980561957,3316.573958372721,0.24530647431597363,4.187136047529455,2333,2020-06-05,181.6,1.9,26.0,74.0,3.9,74.9,4.9,81.0,10.0,61.1,17.4,8.8,288.9,121.4,25.3,42.8,24.7,177.3,66.4,335.2,2.5,5.3,1.7,149.8,2.2,84.5,7.6,151.0,198.0,1.4,321.4,149.2,3.2,284.9,32.9,141.3,3164.4,2020,6,5,4,2,6328.799999999999,-0.5390454338294437,6444.857142857143,6731.493333333333
Leh,2020-06-06,6.0518,3.44,66.6,1.47,273.06653265259115,2792.8550195045905,0.20928817963404567,3.4253800892322954,2334,2020-06-06,186.6,1.7,24.2,85.3,3.9,76.5,5.1,80.2,10.0,62.3,12.4,8.4,279.5,129.4,24.7,35.0,26.5,175.2,64.2,357.0,2.4,4.5,1.7,162.3,2.1,93.9,7.6,143.4,206.1,1.4,299.3,153.9,4.3,324.9,34.2,157.4,3247.5000000000005,2020,6,6,5,2,6495.000000000001,2.626090254076629,6428.142857142857,6743.356666666668
Kargil,2020-05-15,7.8113,2.02,61.3,1.61,281.8991603902216,2879.8562655433675,0.21432107508880857,2.9989196322598706,2312,2020-05-15,181.9,2.0,22.2,100.6,3.4,79.4,4.2,72.0,7.5,49.7,13.9,10.0,306.3,120.4,21.9,43.2,23.2,209.5,71.9,405.5,2.3,5.1,1.6,202.9,2.1,81.2,8.5,121.2,219.7,1.2,303.5,156.8,3.9,339.7,30.1,145.2,3368.9,2020,5,15,4,2,6742.599999999999,1.589549652709743,6476.0,6003.933333333334
Kargil,2020-05-16,7.751,1.6,60.21,1.9,293.8778807796024,3002.1393577453105,0.21217020889626623,3.175236474799966,2313,2020-05-16,185.5,1.9,22.1,101.9,3.5,76.5,4.3,73.3,7.6,53.0,16.2,8.9,306.5,128.5,22.4,43.8,25.9,204.1,71.2,405.1,2.2,5.1,1.5,205.5,2.4,81.3,8.5,129.8,225.2,0.9,296.5,152.8,3.9,350.6,30.5,151.7,3405.6,2020,5,16,5,2,6816.200000000001,1.09156705128588,6511.099999999999,6033.223333333333
Kargil,2020-05-17,7.2533,1.16,52.63,1.94,312.96183204783614,3200.565600194744,0.23886852248987903,3.7662443065004467,2314,2020-05-17,177.6,1.9,21.5,101.6,3.4,75.7,3.8,75.7,7.3,51.4,16.3,9.1,299.7,128.2,20.6,43.0,26.3,192.5,63.7,404.9,2.4,4.8,1.5,204.5,2.2,81.3,8.5,135.7,220.8,0.9,277.3,144.2,3.9,361.1,28.0,149.0,3344.7,2020,5,17,6,2,6695.0,-1.77811683929463,6590.5142857142855,6057.35
Kargil,2020-05-18,5.845,-0.04,58.16,1.82,222.99702127311505,2278.668814254924,0.15902588630644315,2.463815608425709,2315,2020-05-18,174.1,1.9,27.6,105.9,3.8,76.3,4.2,78.7,7.4,52.9,14.9,10.3,303.5,135.5,22.4,43.3,26.9,169.2,63.3,418.3,2.6,5.0,1.5,205.3,2.1,83.4,8.5,142.3,225.6,1.3,270.5,149.5,3.9,367.1,30.6,157.7,3391.9,2020,5,18,0,2,6789.2,1.40702016430172,6685.128571428571,6089.726666666667
Kargil,2020-05-19,7.4611,-0.53,61.59,1.41,267.4625583268417,2732.640628746392,0.19740737122800353,3.1133584237305145,2316,2020-05-19,164.7,1.9,30.9,102.2,3.9,76.2,4.4,81.3,7.9,52.7,14.8,10.5,307.0,134.0,23.6,44.2,26.5,174.0,65.6,420.9,2.6,5.2,1.7,208.3,2.1,74.2,8.5,143.6,231.8,1.2,274.7,151.3,3.9,370.6,31.7,148.2,3401.3,2020,5,19,1,2,6808.099999999999,0.2783833146762227,6730.228571428571,6125.856666666668
Kargil,2020-05-20,9.1536,2.4,53.86,1.32,314.0457938884043,3215.0632596869136,0.24007292401894353,4.604665450162271,2317,2020-05-20,175.5,2.0,28.4,93.3,4.0,74.8,4.4,82.3,8.1,47.3,15.0,10.6,308.6,139.8,23.8,45.3,19.3,188.0,70.1,426.2,2.4,5.0,1.6,203.8,2.2,57.4,8.5,145.4,230.0,1.2,296.7,159.8,3.9,383.2,32.9,75.1,3371.2000000000003,2020,5,20,2,2,6747.1,-0.8959915394897044,6747.9,6159.816666666667
Kargil,2020-05-21,7.5614,4.91,47.68,1.4,484.46085482791665,4956.921158773319,0.37877404931821124,6.39677026960725,2318,2020-05-21,186.9,2.1,20.2,81.6,4.2,78.0,4.5,84.8,8.2,47.3,16.6,10.6,316.6,142.4,24.3,43.4,17.4,196.5,71.2,434.5,2.8,4.4,1.5,207.2,2.3,70.0,8.5,160.4,233.5,1.1,302.2,166.9,3.9,382.7,33.7,51.5,3419.3,2020,5,21,3,2,6843.2,1.4243156319011074,6777.342857142857,6201.990000000001
Kargil,2020-05-22,8.0254,5.14,58.22,1.43,309.5809210920232,3166.017998627707,0.23995086973168883,3.8626216955439454,2319,2020-05-22,192.3,2.0,21.7,92.5,4.5,79.2,4.5,91.7,8.6,52.5,16.3,10.3,317.1,154.5,24.8,44.9,23.5,201.3,72.4,442.1,2.4,4.7,1.7,209.3,2.3,77.2,8.5,168.2,237.2,1.3,306.5,173.3,3.9,402.6,35.2,78.3,3565.1,2020,5,22,4,2,7134.4,4.255319148936176,6833.314285714286,6246.483333333334
Kargil,2020-05-23,6.45,3.58,67.83,1.39,380.9419243993407,3896.9444239727577,0.2933331639016568,4.962811838029397,2320,2020-05-23,195.9,1.5,23.6,98.6,4.6,79.4,4.6,95.2,8.1,54.7,16.5,10.7,315.2,158.0,24.1,41.2,27.3,201.2,74.0,443.5,2.5,5.1,1.4,216.6,2.1,84.5,8.5,171.0,244.1,1.3,311.9,168.1,3.9,417.5,36.1,102.9,3651.1,2020,5,23,5,2,7306.5,2.4122561112357,6903.357142857143,6295.37
Kargil,2020-05-24,5.4432,3.31,76.02,0.93,331.3531300728466,3390.319078053461,0.2597622941068829,4.231194467057071,2321,2020-05-24,194.0,1.6,22.9,109.2,4.5,83.8,4.1,98.0,8.7,55.0,17.3,10.0,312.2,154.3,22.4,46.2,27.7,192.6,69.7,447.4,2.4,4.6,1.6,216.2,2.1,85.0,7.6,168.3,245.8,0.9,302.2,172.3,4.3,426.9,34.6,118.4,3674.8,2020,5,24,6,2,7349.6,0.589885718196137,6996.871428571429,6345.823333333334
Kargil,2020-05-25,6.7846,4.84,57.11,1.55,374.5515346174102,3834.449084009233,0.29073825950854004,5.1105555840430945,2322,2020-05-25,191.6,1.5,20.0,105.8,5.0,85.8,4.4,101.5,9.0,55.3,17.3,10.6,319.8,162.7,24.5,47.4,28.3,200.9,75.9,457.9,2.4,4.3,1.7,220.3,2.1,85.8,7.6,175.9,249.6,1.1,306.3,177.1,4.3,426.5,36.1,113.4,3735.8,2020,5,25,0,2,7475.500000000001,1.7130183955589515,7094.914285714285,6401.906666666667
Kargil,2020-05-26,6.5328,5.44,42.99,1.59,332.76243708534076,3403.815119968726,0.25744746328390405,4.12586275347288,2323,2020-05-26,193.5,1.3,15.7,108.9,5.4,87.1,4.7,106.9,9.3,56.7,17.5,10.9,323.1,167.8,25.4,44.4,27.9,187.3,77.4,462.7,1.8,3.7,1.3,218.0,1.6,86.7,7.6,184.3,253.8,1.2,318.9,176.3,4.3,425.3,36.3,120.2,3771.6,2020,5,26,1,2,7546.800000000001,0.9537823556952764,7200.442857142857,6470.550000000001
Kargil,2020-05-27,7.0313,6.54,39.9,1.15,285.4326782238401,2916.9235397521443,0.2201191109291045,3.1892448036591685,2324,2020-05-27,194.8,1.4,17.8,79.3,5.5,86.7,4.8,110.4,9.2,53.8,17.3,10.8,321.1,168.2,25.6,41.3,24.4,187.0,77.7,460.7,1.8,4.2,1.6,218.3,1.8,88.2,8.2,182.7,260.7,1.2,324.6,176.9,1.9,395.3,35.5,104.6,3705.2999999999993,2020,5,27,2,2,7410.5999999999985,-1.804738432183206,7295.228571428571,6534.8966666666665
Kargil,2020-05-28,5.4814,3.67,68.73,1.38,370.26235136925806,3788.58341870952,0.2892487116306813,4.893855943973852,2325,2020-05-28,195.4,1.6,23.4,79.0,5.0,90.0,4.6,105.6,9.4,51.7,16.8,10.7,321.5,139.3,24.2,43.3,22.2,192.1,74.3,457.3,2.2,4.8,1.3,210.9,2.1,79.3,7.8,150.3,249.4,1.3,307.0,180.5,3.2,350.0,34.1,89.8,3541.4000000000005,2020,5,28,3,2,7082.800000000001,-4.42339351739397,7329.457142857143,6582.003333333333
Kargil,2020-05-29,4.8962,2.89,75.09,1.39,478.5977366602617,4896.060546520335,0.3660857445467344,5.9730673078322445,2326,2020-05-29,193.3,1.9,24.0,95.5,4.3,82.5,4.8,88.4,8.9,53.7,17.4,10.9,323.9,109.0,24.7,44.1,23.4,192.8,69.8,462.6,2.5,5.2,1.4,203.7,2.1,73.6,7.8,134.0,250.1,1.2,298.8,182.4,3.2,337.1,33.8,113.9,3483.6000000000004,2020,5,29,4,2,6970.300000000001,-1.5883548878974365,7306.014285714286,6623.58
Kargil,2020-05-30,5.5699,3.09,72.28,1.47,301.15681564388825,3078.7466348776184,0.2278651475883544,3.790631005788724,2327,2020-05-30,186.4,1.9,25.6,91.0,3.4,74.6,4.8,73.3,9.3,53.2,17.6,10.6,326.5,96.1,19.6,41.8,24.9,183.5,70.5,461.2,2.5,5.4,1.7,206.0,2.0,75.1,8.0,127.5,186.9,1.2,306.6,164.0,3.6,282.0,28.2,129.5,3306.0,2020,5,30,5,2,6612.0,-5.140381332223876,7206.800000000001,6646.9766666666665
Kargil,2020-05-31,5.177,2.39,77.36,1.43,249.73370133051708,2553.9185660072176,0.1841215946829328,2.8606834218397292,2328,2020-05-31,184.1,2.0,25.1,78.0,3.4,74.0,4.4,73.3,9.1,48.3,16.0,9.1,319.2,96.1,19.6,41.8,21.2,168.5,63.5,443.5,2.2,5.5,1.7,204.8,2.2,84.9,7.2,127.5,186.9,0.9,288.5,145.9,4.1,282.0,28.2,120.4,3193.1000000000004,2020,5,31,6,2,6386.200000000001,-3.415003024803376,7069.171428571429,6664.65
Kargil,2020-06-01,6.0427,2.45,76.21,1.35,241.33120264978788,2466.919523359967,0.18384629539216754,2.8114872508835966,2329,2020-06-01,178.2,1.6,24.2,94.1,3.9,72.7,4.5,74.6,9.2,54.9,15.9,9.1,325.4,109.4,22.7,41.3,20.3,164.5,68.3,388.3,2.5,5.2,1.5,200.7,2.2,80.3,7.7,134.9,197.4,1.2,303.3,138.5,4.4,331.0,29.4,123.1,3246.4,2020,6,1,0,2,6492.8,1.669224264821012,6928.785714285716,6681.33
Kargil,2020-06-02,5.4876,3.43,74.22,1.57,310.66454541812976,3176.1546364767623,0.2262529446429115,4.039883290228578,2330,2020-06-02,172.0,2.0,24.8,99.6,4.0,73.7,4.6,81.1,9.2,57.9,17.8,8.2,314.4,119.1,24.3,42.7,23.6,155.9,65.6,374.1,2.4,5.0,1.6,184.4,2.2,75.6,7.7,141.5,201.2,1.3,305.1,140.2,4.4,348.7,33.2,130.9,3255.8,2020,6,2,1,2,6515.799999999999,0.3542385411532622,6781.5,6701.130000000001
Kargil,2020-06-03,5.3114,2.78,71.76,1.54,313.6845465959038,3207.1259654874643,0.23081798780294885,4.1373462709369155,2331,2020-06-03,175.3,2.0,23.2,106.7,4.1,76.8,2.8,85.7,7.1,59.6,17.4,7.7,301.9,127.1,24.6,43.3,26.6,144.6,65.6,288.2,2.6,5.2,1.4,182.9,2.3,77.0,7.7,140.0,203.8,1.3,311.9,139.7,4.4,365.4,35.3,138.6,3205.5,2020,6,3,2,2,6415.300000000001,-1.542404616470705,6639.314285714287,6714.986666666667
Kargil,2020-06-04,5.3369,3.18,73.88,1.31,348.81831807760136,3567.7541219780264,0.2645036245518558,4.582115335423527,2332,2020-06-04,174.3,2.0,23.9,100.7,4.1,76.4,4.1,85.1,8.9,59.5,17.7,8.4,298.3,126.0,24.9,44.4,25.0,166.4,66.3,283.6,2.4,5.1,1.7,143.2,2.3,79.6,7.7,146.5,201.2,1.4,319.5,142.8,4.4,342.0,35.1,148.8,3179.4,2020,6,4,3,2,6363.1,-0.8136797967359444,6536.5,6723.79
Kargil,2020-06-05,5.1204,5.37,68.84,1.33,324.3144980561957,3316.573958372721,0.24530647431597363,4.187136047529455,2333,2020-06-05,181.6,1.9,26.0,74.0,3.9,74.9,4.9,81.0,10.0,61.1,17.4,8.8,288.9,121.4,25.3,42.8,24.7,177.3,66.4,335.2,2.5,5.3,1.7,149.8,2.2,84.5,7.6,151.0,198.0,1.4,321.4,149.2,3.2,284.9,32.9,141.3,3164.4,2020,6,5,4,2,6328.799999999999,-0.5390454338294437,6444.857142857143,6731.493333333333
Kargil,2020-06-06,6.4181,5.07,68.69,1.32,273.06653265259115,2792.8550195045905,0.20928817963404567,3.4253800892322954,2334,2020-06-06,186.6,1.7,24.2,85.3,3.9,76.5,5.1,80.2,10.0,62.3,12.4,8.4,279.5,129.4,24.7,35.0,26.5,175.2,64.2,357.0,2.4,4.5,1.7,162.3,2.1,93.9,7.6,143.4,206.1,1.4,299.3,153.9,4.3,324.9,34.2,157.4,3247.5000000000005,2020,6,6,5,2,6495.000000000001,2.626090254076629,6428.142857142857,6743.356666666668
Kavaratti,2020-05-15,4.5319,30.54,77.27,5.52,281.8991603902216,2879.8562655433675,0.21432107508880857,2.9989196322598706,2312,2020-05-15,181.9,2.0,22.2,100.6,3.4,79.4,4.2,72.0,7.5,49.7,13.9,10.0,306.3,120.4,21.9,43.2,23.2,209.5,71.9,405.5,2.3,5.1,1.6,202.9,2.1,81.2,8.5,121.2,219.7,1.2,303.5,156.8,3.9,339.7,30.1,145.2,3368.9,2020,5,15,4,2,6742.599999999999,1.589549652709743,6476.0,6003.933333333334
Kavaratti,2020-05-16,2.4912,30.16,79.06,5.84,293.8778807796024,3002.1393577453105,0.21217020889626623,3.175236474799966,2313,2020-05-16,185.5,1.9,22.1,101.9,3.5,76.5,4.3,73.3,7.6,53.0,16.2,8.9,306.5,128.5,22.4,43.8,25.9,204.1,71.2,405.1,2.2,5.1,1.5,205.5,2.4,81.3,8.5,129.8,225.2,0.9,296.5,152.8,3.9,350.6,30.5,151.7,3405.6,2020,5,16,5,2,6816.200000000001,1.09156705128588,6511.099999999999,6033.223333333333
Kavaratti,2020-05-17,5.2327,30.32,81.3,5.78,312.96183204783614,3200.565600194744,0.23886852248987903,3.7662443065004467,2314,2020-05-17,177.6,1.9,21.5,101.6,3.4,75.7,3.8,75.7,7.3,51.4,16.3,9.1,299.7,128.2,20.6,43.0,26.3,192.5,63.7,404.9,2.4,4.8,1.5,204.5,2.2,81.3,8.5,135.7,220.8,0.9,277.3,144.2,3.9,361.1,28.0,149.0,3344.7,2020,5,17,6,2,6695.0,-1.77811683929463,6590.5142857142855,6057.35
Kavaratti,2020-05-18,4.0289,30.33,79.23,6.98,222.99702127311505,2278.668814254924,0.15902588630644315,2.463815608425709,2315,2020-05-18,174.1,1.9,27.6,105.9,3.8,76.3,4.2,78.7,7.4,52.9,14.9,10.3,303.5,135.5,22.4,43.3,26.9,169.2,63.3,418.3,2.6,5.0,1.5,205.3,2.1,83.4,8.5,142.3,225.6,1.3,270.5,149.5,3.9,367.1,30.6,157.7,3391.9,2020,5,18,0,2,6789.2,1.40702016430172,6685.128571428571,6089.726666666667
Kavaratti,2020-05-19,6.1332,30.21,76.57,6.18,267.4625583268417,2732.640628746392,0.19740737122800353,3.1133584237305145,2316,2020-05-19,164.7,1.9,30.9,102.2,3.9,76.2,4.4,81.3,7.9,52.7,14.8,10.5,307.0,134.0,23.6,44.2,26.5,174.0,65.6,420.9,2.6,5.2,1.7,208.3,2.1,74.2,8.5,143.6,231.8,1.2,274.7,151.3,3.9,370.6,31.7,148.2,3401.3,2020,5,19,1,2,6808.099999999999,0.2783833146762227,6730.228571428571,6125.856666666668
Kavaratti,2020-05-20,3.5585,30.02,82.2,5.34,314.0457938884043,3215.0632596869136,0.24007292401894353,4.604665450162271,2317,2020-05-20,175.5,2.0,28.4,93.3,4.0,74.8,4.4,82.3,8.1,47.3,15.0,10.6,308.6,139.8,23.8,45.3,19.3,188.0,70.1,426.2,2.4,5.0,1.6,203.8,2.2,57.4,8.5,145.4,230.0,1.2,296.7,159.8,3.9,383.2,32.9,75.1,3371.2000000000003,2020,5,20,2,2,6747.1,-0.8959915394897044,6747.9,6159.816666666667
Kavaratti,2020-05-21,4.4875,29.37,79.57,2.97,484.46085482791665,4956.921158773319,0.37877404931821124,6.39677026960725,2318,2020-05-21,186.9,2.1,20.2,81.6,4.2,78.0,4.5,84.8,8.2,47.3,16.6,10.6,316.6,142.4,24.3,43.4,17.4,196.5,71.2,434.5,2.8,4.4,1.5,207.2,2.3,70.0,8.5,160.4,233.5,1.1,302.2,166.9,3.9,382.7,33.7,51.5,3419.3,2020,5,21,3,2,6843.2,1.4243156319011074,6777.342857142857,6201.990000000001
Kavaratti,2020-05-22,5.251,29.66,72.68,3.48,309.5809210920232,3166.017998627707,0.23995086973168883,3.8626216955439454,2319,2020-05-22,192.3,2.0,21.7,92.5,4.5,79.2,4.5,91.7,8.6,52.5,16.3,10.3,317.1,154.5,24.8,44.9,23.5,201.3,72.4,442.1,2.4,4.7,1.7,209.3,2.3,77.2,8.5,168.2,237.2,1.3,306.5,173.3,3.9,402.6,35.2,78.3,3565.1,2020,5,22,4,2,7134.4,4.255319148936176,6833.314285714286,6246.483333333334
Kavaratti,2020-05-23,6.1982,29.56,78.63,3.91,380.9419243993407,3896.9444239727577,0.2933331639016568,4.962811838029397,2320,2020-05-23,195.9,1.5,23.6,98.6,4.6,79.4,4.6,95.2,8.1,54.7,16.5,10.7,315.2,158.0,24.1,41.2,27.3,201.2,74.0,443.5,2.5,5.1,1.4,216.6,2.1,84.5,8.5,171.0,244.1,1.3,311.9,168.1,3.9,417.5,36.1,102.9,3651.1,2020,5,23,5,2,7306.5,2.4122561112357,6903.357142857143,6295.37
Kavaratti,2020-05-24,5.1768,29.83,77.24,3.93,331.3531300728466,3390.319078053461,0.2597622941068829,4.231194467057071,2321,2020-05-24,194.0,1.6,22.9,109.2,4.5,83.8,4.1,98.0,8.7,55.0,17.3,10.0,312.2,154.3,22.4,46.2,27.7,192.6,69.7,447.4,2.4,4.6,1.6,216.2,2.1,85.0,7.6,168.3,245.8,0.9,302.2,172.3,4.3,426.9,34.6,118.4,3674.8,2020,5,24,6,2,7349.6,0.589885718196137,6996.871428571429,6345.823333333334
Kavaratti,2020-05-25,6.042,29.89,76.11,3.21,374.5515346174102,3834.449084009233,0.29073825950854004,5.1105555840430945,2322,2020-05-25,191.6,1.5,20.0,105.8,5.0,85.8,4.4,101.5,9.0,55.3,17.3,10.6,319.8,162.7,24.5,47.4,28.3,200.9,75.9,457.9,2.4,4.3,1.7,220.3,2.1,85.8,7.6,175.9,249.6,1.1,306.3,177.1,4.3,426.5,36.1,113.4,3735.8,2020,5,25,0,2,7475.500000000001,1.7130183955589515,7094.914285714285,6401.906666666667
Kavaratti,2020-05-26,5.6736,29.91,77.93,3.2,332.76243708534076,3403.815119968726,0.25744746328390405,4.12586275347288,2323,2020-05-26,193.5,1.3,15.7,108.9,5.4,87.1,4.7,106.9,9.3,56.7,17.5,10.9,323.1,167.8,25.4,44.4,27.9,187.3,77.4,462.7,1.8,3.7,1.3,218.0,1.6,86.7,7.6,184.3,253.8,1.2,318.9,176.3,4.3,425.3,36.3,120.2,3771.6,2020,5,26,1,2,7546.800000000001,0.9537823556952764,7200.442857142857,6470.550000000001
Kavaratti,2020-05-27,5.7473,29.98,79.67,4.52,285.4326782238401,2916.9235397521443,0.2201191109291045,3.1892448036591685,2324,2020-05-27,194.8,1.4,17.8,79.3,5.5,86.7,4.8,110.4,9.2,53.8,17.3,10.8,321.1,168.2,25.6,41.3,24.4,187.0,77.7,460.7,1.8,4.2,1.6,218.3,1.8,88.2,8.2,182.7,260.7,1.2,324.6,176.9,1.9,395.3,35.5,104.6,3705.2999999999993,2020,5,27,2,2,7410.5999999999985,-1.804738432183206,7295.228571428571,6534.8966666666665
Kavaratti,2020-05-28,5.5296,30.21,81.73,4.59,370.26235136925806,3788.58341870952,0.2892487116306813,4.893855943973852,2325,2020-05-28,195.4,1.6,23.4,79.0,5.0,90.0,4.6,105.6,9.4,51.7,16.8,10.7,321.5,139.3,24.2,43.3,22.2,192.1,74.3,457.3,2.2,4.8,1.3,210.9,2.1,79.3,7.8,150.3,249.4,1.3,307.0,180.5,3.2,350.0,34.1,89.8,3541.4000000000005,2020,5,28,3,2,7082.800000000001,-4.42339351739397,7329.457142857143,6582.003333333333
Kavaratti,2020-05-29,4.6867,29.98,79.42,4.68,478.5977366602617,4896.060546520335,0.3660857445467344,5.9730673078322445,2326,2020-05-29,193.3,1.9,24.0,95.5,4.3,82.5,4.8,88.4,8.9,53.7,17.4,10.9,323.9,109.0,24.7,44.1,23.4,192.8,69.8,462.6,2.5,5.2,1.4,203.7,2.1,73.6,7.8,134.0,250.1,1.2,298.8,182.4,3.2,337.1,33.8,113.9,3483.6000000000004,2020,5,29,4,2,6970.300000000001,-1.5883548878974365,7306.014285714286,6623.58
Kavaratti,2020-05-30,1.9075,28.82,81.6,5.55,301.15681564388825,3078.7466348776184,0.2278651475883544,3.790631005788724,2327,2020-05-30,186.4,1.9,25.6,91.0,3.4,74.6,4.8,73.3,9.3,53.2,17.6,10.6,326.5,96.1,19.6,41.8,24.9,183.5,70.5,461.2,2.5,5.4,1.7,206.0,2.0,75.1,8.0,127.5,186.9,1.2,306.6,164.0,3.6,282.0,28.2,129.5,3306.0,2020,5,30,5,2,6612.0,-5.140381332223876,7206.800000000001,6646.9766666666665
Kavaratti,2020-05-31,3.3218,28.25,83.8,5.79,249.73370133051708,2553.9185660072176,0.1841215946829328,2.8606834218397292,2328,2020-05-31,184.1,2.0,25.1,78.0,3.4,74.0,4.4,73.3,9.1,48.3,16.0,9.1,319.2,96.1,19.6,41.8,21.2,168.5,63.5,443.5,2.2,5.5,1.7,204.8,2.2,84.9,7.2,127.5,186.9,0.9,288.5,145.9,4.1,282.0,28.2,120.4,3193.1000000000004,2020,5,31,6,2,6386.200000000001,-3.415003024803376,7069.171428571429,6664.65
Kavaratti,2020-06-01,4.6505,28.72,81.58,5.9,241.33120264978788,2466.919523359967,0.18384629539216754,2.8114872508835966,2329,2020-06-01,178.2,1.6,24.2,94.1,3.9,72.7,4.5,74.6,9.2,54.9,15.9,9.1,325.4,109.4,22.7,41.3,20.3,164.5,68.3,388.3,2.5,5.2,1.5,200.7,2.2,80.3,7.7,134.9,197.4,1.2,303.3,138.5,4.4,331.0,29.4,123.1,3246.4,2020,6,1,0,2,6492.8,1.669224264821012,6928.785714285716,6681.33
Kavaratti,2020-06-02,1.471,29.2,81.31,8.17,310.66454541812976,3176.1546364767623,0.2262529446429115,4.039883290228578,2330,2020-06-02,172.0,2.0,24.8,99.6,4.0,73.7,4.6,81.1,9.2,57.9,17.8,8.2,314.4,119.1,24.3,42.7,23.6,155.9,65.6,374.1,2.4,5.0,1.6,184.4,2.2,75.6,7.7,141.5,201.2,1.3,305.1,140.2,4.4,348.7,33.2,130.9,3255.8,2020,6,2,1,2,6515.799999999999,0.3542385411532622,6781.5,6701.130000000001
Kavaratti,2020-06-03,3.935,29.09,79.15,7.27,313.6845465959038,3207.1259654874643,0.23081798780294885,4.1373462709369155,2331,2020-06-03,175.3,2.0,23.2,106.7,4.1,76.8,2.8,85.7,7.1,59.6,17.4,7.7,301.9,127.1,24.6,43.3,26.6,144.6,65.6,288.2,2.6,5.2,1.4,182.9,2.3,77.0,7.7,140.0,203.8,1.3,311.9,139.7,4.4,365.4,35.3,138.6,3205.5,2020,6,3,2,2,6415.300000000001,-1.542404616470705,6639.314285714287,6714.986666666667
Kavaratti,2020-06-04,4.3296,29.5,73.89,5.47,348.81831807760136,3567.7541219780264,0.2645036245518558,4.582115335423527,2332,2020-06-04,174.3,2.0,23.9,100.7,4.1,76.4,4.1,85.1,8.9,59.5,17.7,8.4,298.3,126.0,24.9,44.4,25.0,166.4,66.3,283.6,2.4,5.1,1.7,143.2,2.3,79.6,7.7,146.5,201.2,1.4,319.5,142.8,4.4,342.0,35.1,148.8,3179.4,2020,6,4,3,2,6363.1,-0.8136797967359444,6536.5,6723.79
Kavaratti,2020-06-05,6.4075,29.59,76.45,6.42,324.3144980561957,3316.573958372721,0.24530647431597363,4.187136047529455,2333,2020-06-05,181.6,1.9,26.0,74.0,3.9,74.9,4.9,81.0,10.0,61.1,17.4,8.8,288.9,121.4,25.3,42.8,24.7,177.3,66.4,335.2,2.5,5.3,1.7,149.8,2.2,84.5,7.6,151.0,198.0,1.4,321.4,149.2,3.2,284.9,32.9,141.3,3164.4,2020,6,5,4,2,6328.799999999999,-0.5390454338294437,6444.857142857143,6731.493333333333
Kavaratti,2020-06-06,2.3093,29.38,79.59,5.66,273.06653265259115,2792.8550195045905,0.20928817963404567,3.4253800892322954,2334,2020-06-06,186.6,1.7,24.2,85.3,3.9,76.5,5.1,80.2,10.0,62.3,12.4,8.4,279.5,129.4,24.7,35.0,26.5,175.2,64.2,357.0,2.4,4.5,1.7,162.3,2.1,93.9,7.6,143.4,206.1,1.4,299.3,153.9,4.3,324.9,34.2,157.4,3247.5000000000005,2020,6,6,5,2,6495.000000000001,2.626090254076629,6428.142857142857,6743.356666666668
Puducherry,2020-05-15,6.5498,30.81,74.07,3.51,281.8991603902216,2879.8562655433675,0.21432107508880857,2.9989196322598706,2312,2020-05-15,181.9,2.0,22.2,100.6,3.4,79.4,4.2,72.0,7.5,49.7,13.9,10.0,306.3,120.4,21.9,43.2,23.2,209.5,71.9,405.5,2.3,5.1,1.6,202.9,2.1,81.2,8.5,121.2,219.7,1.2,303.5,156.8,3.9,339.7,30.1,145.2,3368.9,2020,5,15,4,2,6742.599999999999,1.589549652709743,6476.0,6003.933333333334
Puducherry,2020-05-16,5.9033,30.25,76.28,3.69,293.8778807796024,3002.1393577453105,0.21217020889626623,3.175236474799966,2313,2020-05-16,185.5,1.9,22.1,101.9,3.5,76.5,4.3,73.3,7.6,53.0,16.2,8.9,306.5,128.5,22.4,43.8,25.9,204.1,71.2,405.1,2.2,5.1,1.5,205.5,2.4,81.3,8.5,129.8,225.2,0.9,296.5,152.8,3.9,350.6,30.5,151.7,3405.6,2020,5,16,5,2,6816.200000000001,1.09156705128588,6511.099999999999,6033.223333333333
Puducherry,2020-05-17,4.2545,30.42,71.02,3.07,312.96183204783614,3200.565600194744,0.23886852248987903,3.7662443065004467,2314,2020-05-17,177.6,1.9,21.5,101.6,3.4,75.7,3.8,75.7,7.3,51.4,16.3,9.1,299.7,128.2,20.6,43.0,26.3,192.5,63.7,404.9,2.4,4.8,1.5,204.5,2.2,81.3,8.5,135.7,220.8,0.9,277.3,144.2,3.9,361.1,28.0,149.0,3344.7,2020,5,17,6,2,6695.0,-1.77811683929463,6590.5142857142855,6057.35
Puducherry,2020-05-18,4.7081,31.25,71.49,2.54,222.99702127311505,2278.668814254924,0.15902588630644315,2.463815608425709,2315,2020-05-18,174.1,1.9,27.6,105.9,3.8,76.3,4.2,78.7,7.4,52.9,14.9,10.3,303.5,135.5,22.4,43.3,26.9,169.2,63.3,418.3,2.6,5.0,1.5,205.3,2.1,83.4,8.5,142.3,225.6,1.3,270.5,149.5,3.9,367.1,30.6,157.7,3391.9,2020,5,18,0,2,6789.2,1.40702016430172,6685.128571428571,6089.726666666667
Puducherry,2020-05-19,5.2488,32.49,63.48,2.8,267.4625583268417,2732.640628746392,0.19740737122800353,3.1133584237305145,2316,2020-05-19,164.7,1.9,30.9,102.2,3.9,76.2,4.4,81.3,7.9,52.7,14.8,10.5,307.0,134.0,23.6,44.2,26.5,174.0,65.6,420.9,2.6,5.2,1.7,208.3,2.1,74.2,8.5,143.6,231.8,1.2,274.7,151.3,3.9,370.6,31.7,148.2,3401.3,2020,5,19,1,2,6808.099999999999,0.2783833146762227,6730.228571428571,6125.856666666668
Puducherry,2020-05-20,5.8183,32.76,61.64,3.78,314.0457938884043,3215.0632596869136,0.24007292401894353,4.604665450162271,2317,2020-05-20,175.5,2.0,28.4,93.3,4.0,74.8,4.4,82.3,8.1,47.3,15.0,10.6,308.6,139.8,23.8,45.3,19.3,188.0,70.1,426.2,2.4,5.0,1.6,203.8,2.2,57.4,8.5,145.4,230.0,1.2,296.7,159.8,3.9,383.2,32.9,75.1,3371.2000000000003,2020,5,20,2,2,6747.1,-0.8959915394897044,6747.9,6159.816666666667
Puducherry,2020-05-21,6.5678,32.62,60.03,5.84,484.46085482791665,4956.921158773319,0.37877404931821124,6.39677026960725,2318,2020-05-21,186.9,2.1,20.2,81.6,4.2,78.0,4.5,84.8,8.2,47.3,16.6,10.6,316.6,142.4,24.3,43.4,17.4,196.5,71.2,434.5,2.8,4.4,1.5,207.2,2.3,70.0,8.5,160.4,233.5,1.1,302.2,166.9,3.9,382.7,33.7,51.5,3419.3,2020,5,21,3,2,6843.2,1.4243156319011074,6777.342857142857,6201.990000000001
Puducherry,2020-05-22,6.3511,32.05,64.21,4.23,309.5809210920232,3166.017998627707,0.23995086973168883,3.8626216955439454,2319,2020-05-22,192.3,2.0,21.7,92.5,4.5,79.2,4.5,91.7,8.6,52.5,16.3,10.3,317.1,154.5,24.8,44.9,23.5,201.3,72.4,442.1,2.4,4.7,1.7,209.3,2.3,77.2,8.5,168.2,237.2,1.3,306.5,173.3,3.9,402.6,35.2,78.3,3565.1,2020,5,22,4,2,7134.4,4.255319148936176,6833.314285714286,6246.483333333334
Puducherry,2020-05-23,6.8314,31.52,71.9,4.21,380.9419243993407,3896.9444239727577,0.2933331639016568,4.962811838029397,2320,2020-05-23,195.9,1.5,23.6,98.6,4.6,79.4,4.6,95.2,8.1,54.7,16.5,10.7,315.2,158.0,24.1,41.2,27.3,201.2,74.0,443.5,2.5,5.1,1.4,216.6,2.1,84.5,8.5,171.0,244.1,1.3,311.9,168.1,3.9,417.5,36.1,102.9,3651.1,2020,5,23,5,2,7306.5,2.4122561112357,6903.357142857143,6295.37
Puducherry,2020-05-24,6.833,31.11,77.93,3.44,331.3531300728466,3390.319078053461,0.2597622941068829,4.231194467057071,2321,2020-05-24,194.0,1.6,22.9,109.2,4.5,83.8,4.1,98.0,8.7,55.0,17.3,10.0,312.2,154.3,22.4,46.2,27.7,192.6,69.7,447.4,2.4,4.6,1.6,216.2,2.1,85.0,7.6,168.3,245.8,0.9,302.2,172.3,4.3,426.9,34.6,118.4,3674.8,2020,5,24,6,2,7349.6,0.589885718196137,6996.871428571429,6345.823333333334
Puducherry,2020-05-25,6.4913,31.05,78.38,3.69,374.5515346174102,3834.449084009233,0.29073825950854004,5.1105555840430945,2322,2020-05-25,191.6,1.5,20.0,105.8,5.0,85.8,4.4,101.5,9.0,55.3,17.3,10.6,319.8,162.7,24.5,47.4,28.3,200.9,75.9,457.9,2.4,4.3,1.7,220.3,2.1,85.8,7.6,175.9,249.6,1.1,306.3,177.1,4.3,426.5,36.1,113.4,3735.8,2020,5,25,0,2,7475.500000000001,1.7130183955589515,7094.914285714285,6401.906666666667
Puducherry,2020-05-26,6.1094,31.14,76.33,3.86,332.76243708534076,3403.815119968726,0.25744746328390405,4.12586275347288,2323,2020-05-26,193.5,1.3,15.7,108.9,5.4,87.1,4.7,106.9,9.3,56.7,17.5,10.9,323.1,167.8,25.4,44.4,27.9,187.3,77.4,462.7,1.8,3.7,1.3,218.0,1.6,86.7,7.6,184.3,253.8,1.2,318.9,176.3,4.3,425.3,36.3,120.2,3771.6,2020,5,26,1,2,7546.800000000001,0.9537823556952764,7200.442857142857,6470.550000000001
Puducherry,2020-05-27,5.5202,31.86,72.83,4.09,285.4326782238401,2916.9235397521443,0.2201191109291045,3.1892448036591685,2324,2020-05-27,194.8,1.4,17.8,79.3,5.5,86.7,4.8,110.4,9.2,53.8,17.3,10.8,321.1,168.2,25.6,41.3,24.4,187.0,77.7,460.7,1.8,4.2,1.6,218.3,1.8,88.2,8.2,182.7,260.7,1.2,324.6,176.9,1.9,395.3,35.5,104.6,3705.2999999999993,2020,5,27,2,2,7410.5999999999985,-1.804738432183206,7295.228571428571,6534.8966666666665
Puducherry,2020-05-28,6.325,32.13,70.61,4.89,370.26235136925806,3788.58341870952,0.2892487116306813,4.893855943973852,2325,2020-05-28,195.4,1.6,23.4,79.0,5.0,90.0,4.6,105.6,9.4,51.7,16.8,10.7,321.5,139.3,24.2,43.3,22.2,192.1,74.3,457.3,2.2,4.8,1.3,210.9,2.1,79.3,7.8,150.3,249.4,1.3,307.0,180.5,3.2,350.0,34.1,89.8,3541.4000000000005,2020,5,28,3,2,7082.800000000001,-4.42339351739397,7329.457142857143,6582.003333333333
Puducherry,2020-05-29,5.9354,31.74,69.84,4.64,478.5977366602617,4896.060546520335,0.3660857445467344,5.9730673078322445,2326,2020-05-29,193.3,1.9,24.0,95.5,4.3,82.5,4.8,88.4,8.9,53.7,17.4,10.9,323.9,109.0,24.7,44.1,23.4,192.8,69.8,462.6,2.5,5.2,1.4,203.7,2.1,73.6,7.8,134.0,250.1,1.2,298.8,182.4,3.2,337.1,33.8,113.9,3483.6000000000004,2020,5,29,4,2,6970.300000000001,-1.5883548878974365,7306.014285714286,6623.58
Puducherry,2020-05-30,5.9208,31.33,70.66,4.71,301.15681564388825,3078.7466348776184,0.2278651475883544,3.790631005788724,2327,2020-05-30,186.4,1.9,25.6,91.0,3.4,74.6,4.8,73.3,9.3,53.2,17.6,10.6,326.5,96.1,19.6,41.8,24.9,183.5,70.5,461.2,2.5,5.4,1.7,206.0,2.0,75.1,8.0,127.5,186.9,1.2,306.6,164.0,3.6,282.0,28.2,129.5,3306.0,2020,5,30,5,2,6612.0,-5.140381332223876,7206.800000000001,6646.9766666666665
Puducherry,2020-05-31,6.6818,30.71,73.56,5.07,249.73370133051708,2553.9185660072176,0.1841215946829328,2.8606834218397292,2328,2020-05-31,184.1,2.0,25.1,78.0,3.4,74.0,4.4,73.3,9.1,48.3,16.0,9.1,319.2,96.1,19.6,41.8,21.2,168.5,63.5,443.5,2.2,5.5,1.7,204.8,2.2,84.9,7.2,127.5,186.9,0.9,288.5,145.9,4.1,282.0,28.2,120.4,3193.1000000000004,2020,5,31,6,2,6386.200000000001,-3.415003024803376,7069.171428571429,6664.65
Puducherry,2020-06-01,5.7948,30.85,72.29,4.82,241.33120264978788,2466.919523359967,0.18384629539216754,2.8114872508835966,2329,2020-06-01,178.2,1.6,24.2,94.1,3.9,72.7,4.5,74.6,9.2,54.9,15.9,9.1,325.4,109.4,22.7,41.3,20.3,164.5,68.3,388.3,2.5,5.2,1.5,200.7,2.2,80.3,7.7,134.9,197.4,1.2,303.3,138.5,4.4,331.0,29.4,123.1,3246.4,2020,6,1,0,2,6492.8,1.669224264821012,6928.785714285716,6681.33
Puducherry,2020-06-02,6.0624,30.45,71.42,4.21,310.66454541812976,3176.1546364767623,0.2262529446429115,4.039883290228578,2330,2020-06-02,172.0,2.0,24.8,99.6,4.0,73.7,4.6,81.1,9.2,57.9,17.8,8.2,314.4,119.1,24.3,42.7,23.6,155.9,65.6,374.1,2.4,5.0,1.6,184.4,2.2,75.6,7.7,141.5,201.2,1.3,305.1,140.2,4.4,348.7,33.2,130.9,3255.8,2020,6,2,1,2,6515.799999999999,0.3542385411532622,6781.5,6701.130000000001
Puducherry,2020-06-03,6.3523,30.44,69.71,4.48,313.6845465959038,3207.1259654874643,0.23081798780294885,4.1373462709369155,2331,2020-06-03,175.3,2.0,23.2,106.7,4.1,76.8,2.8,85.7,7.1,59.6,17.4,7.7,301.9,127.1,24.6,43.3,26.6,144.6,65.6,288.2,2.6,5.2,1.4,182.9,2.3,77.0,7.7,140.0,203.8,1.3,311.9,139.7,4.4,365.4,35.3,138.6,3205.5,2020,6,3,2,2,6415.300000000001,-1.542404616470705,6639.314285714287,6714.986666666667
Puducherry,2020-06-04,6.2395,31.07,66.3,4.39,348.81831807760136,3567.7541219780264,0.2645036245518558,4.582115335423527,2332,2020-06-04,174.3,2.0,23.9,100.7,4.1,76.4,4.1,85.1,8.9,59.5,17.7,8.4,298.3,126.0,24.9,44.4,25.0,166.4,66.3,283.6,2.4,5.1,1.7,143.2,2.3,79.6,7.7,146.5,201.2,1.4,319.5,142.8,4.4,342.0,35.1,148.8,3179.4,2020,6,4,3,2,6363.1,-0.8136797967359444,6536.5,6723.79
Puducherry,2020-06-05,6.1553,31.17,67.04,4.38,324.3144980561957,3316.573958372721,0.24530647431597363,4.187136047529455,2333,2020-06-05,181.6,1.9,26.0,74.0,3.9,74.9,4.9,81.0,10.0,61.1,17.4,8.8,288.9,121.4,25.3,42.8,24.7,177.3,66.4,335.2,2.5,5.3,1.7,149.8,2.2,84.5,7.6,151.0,198.0,1.4,321.4,149.2,3.2,284.9,32.9,141.3,3164.4,2020,6,5,4,2,6328.799999999999,-0.5390454338294437,6444.857142857143,6731.493333333333
Puducherry,2020-06-06,5.6234,29.57,74.18,4.28,273.06653265259115,2792.8550195045905,0.20928817963404567,3.4253800892322954,2334,2020-06-06,186.6,1.7,24.2,85.3,3.9,76.5,5.1,80.2,10.0,62.3,12.4,8.4,279.5,129.4,24.7,35.0,26.5,175.2,64.2,357.0,2.4,4.5,1.7,162.3,2.1,93.9,7.6,143.4,206.1,1.4,299.3,153.9,4.3,324.9,34.2,157.4,3247.5000000000005,2020,6,6,5,2,6495.000000000001,2.626090254076629,6428.142857142857,6743.356666666668
