city,date,irradiance,temperature,humidity,wind_speed,AC_POWER,DC_POWER,IRRADIATION,solar_performance_score,Unnamed: 0,Dates,Andhra Pradesh,Arunachal Pradesh,Assam,Bihar,Chandigarh,Chhattisgarh,DD,Delhi,DNH,DVC,Essar steel,Goa,Gujarat,Haryana,HP,J&K,Jharkhand,Karnataka,Kerala,Maharashtra,Manipur,Meghalaya,Mizoram,MP,Nagaland,Odisha,Pondy,Punjab,Rajasthan,Sikkim,Tamil Nadu,Telangana,Tripura,UP,Uttarakhand,West Bengal,Total Consumption,year,month,day,day_of_week,quarter,total_consumption,daily_growth_rate,rolling_7_day_avg,rolling_30_day_avg,installation_cost,tariff_rate,annual_savings,maintenance_cost,subsidy,net_installation_cost,roi,payback_period
Delhi,2020-05-15,7.0716,33.41,33.82,3.31,281.8991603902216,2879.8562655433675,0.2143210750888085,2.9989196322598706,2312,2020-05-15,181.9,2.0,22.2,100.6,3.4,79.4,4.2,72.0,7.5,49.7,13.9,10.0,306.3,120.4,21.9,43.2,23.2,209.5,71.9,405.5,2.3,5.1,1.6,202.9,2.1,81.2,8.5,121.2,219.7,1.2,303.5,156.8,3.9,339.7,30.1,145.2,3368.9,2020,5,15,4,2,6742.599999999999,1.589549652709743,6476.0,6003.933333333334,321958,7.397669800249804,761169.8705200991,6439.16,64391.600000000006,257566.4,293.02374475867157,0.3383818403665499
Delhi,2020-05-16,7.6356,33.13,28.31,3.9,293.8778807796024,3002.1393577453105,0.2121702088962662,3.175236474799966,2313,2020-05-16,185.5,1.9,22.1,101.9,3.5,76.5,4.3,73.3,7.6,53.0,16.2,8.9,306.5,128.5,22.4,43.8,25.9,204.1,71.2,405.1,2.2,5.1,1.5,205.5,2.4,81.3,8.5,129.8,225.2,0.9,296.5,152.8,3.9,350.6,30.5,151.7,3405.6,2020,5,16,5,2,6816.200000000001,1.09156705128588,6511.099999999999,6033.223333333333,331932,6.5914568812099095,707035.4335175349,6638.64,66386.40000000001,265545.6,263.7576346652081,0.37557555369374657
Delhi,2020-05-17,6.6514,34.34,25.48,2.17,312.96183204783614,3200.565600194744,0.238868522489879,3.766244306500447,2314,2020-05-17,177.6,1.9,21.5,101.6,3.4,75.7,3.8,75.7,7.3,51.4,16.3,9.1,299.7,128.2,20.6,43.0,26.3,192.5,63.7,404.9,2.4,4.8,1.5,204.5,2.2,81.3,8.5,135.7,220.8,0.9,277.3,144.2,3.9,361.1,28.0,149.0,3344.7,2020,5,17,6,2,6695.0,-1.77811683929463,6590.5142857142855,6057.35,565838,7.96517803694338,909870.7995255803,11316.76,113167.6,452670.4,198.50072801879253,0.49751008904334504
Delhi,2020-05-18,7.3142,34.03,22.57,2.49,222.99702127311505,2278.668814254924,0.1590258863064431,2.463815608425709,2315,2020-05-18,174.1,1.9,27.6,105.9,3.8,76.3,4.2,78.7,7.4,52.9,14.9,10.3,303.5,135.5,22.4,43.3,26.9,169.2,63.3,418.3,2.6,5.0,1.5,205.3,2.1,83.4,8.5,142.3,225.6,1.3,270.5,149.5,3.9,367.1,30.6,157.7,3391.9,2020,5,18,0,2,6789.2,1.40702016430172,6685.128571428571,6089.726666666667,459178,7.015507315330083,571019.5904240002,9183.56,91835.6,367342.4,152.94614246109356,0.6433085008847704
Delhi,2020-05-19,7.5792,33.72,17.27,2.62,267.4625583268417,2732.640628746392,0.1974073712280035,3.1133584237305145,2316,2020-05-19,164.7,1.9,30.9,102.2,3.9,76.2,4.4,81.3,7.9,52.7,14.8,10.5,307.0,134.0,23.6,44.2,26.5,174.0,65.6,420.9,2.6,5.2,1.7,208.3,2.1,74.2,8.5,143.6,231.8,1.2,274.7,151.3,3.9,370.6,31.7,148.2,3401.3,2020,5,19,1,2,6808.099999999999,0.2783833146762227,6730.228571428571,6125.856666666668,310268,9.30465184206858,908355.7848973812,6205.360000000001,62053.600000000006,248214.4,363.4561189428902,0.2732565046321983
Delhi,2020-05-20,8.1835,33.12,18.47,2.95,314.0457938884043,3215.0632596869136,0.2400729240189435,4.604665450162271,2317,2020-05-20,175.5,2.0,28.4,93.3,4.0,74.8,4.4,82.3,8.1,47.3,15.0,10.6,308.6,139.8,23.8,45.3,19.3,188.0,70.1,426.2,2.4,5.0,1.6,203.8,2.2,57.4,8.5,145.4,230.0,1.2,296.7,159.8,3.9,383.2,32.9,75.1,3371.2000000000003,2020,5,20,2,2,6747.1,-0.8959915394897044,6747.9,6159.816666666667,254886,11.382966861900753,1304792.0957071225,5097.72,50977.200000000004,203908.8,637.390036971,0.15627673128473538
Delhi,2020-05-21,7.9397,34.13,17.42,3.89,484.4608548279167,4956.921158773319,0.3787740493182112,6.39677026960725,2318,2020-05-21,186.9,2.1,20.2,81.6,4.2,78.0,4.5,84.8,8.2,47.3,16.6,10.6,316.6,142.4,24.3,43.4,17.4,196.5,71.2,434.5,2.8,4.4,1.5,207.2,2.3,70.0,8.5,160.4,233.5,1.1,302.2,166.9,3.9,382.7,33.7,51.5,3419.3,2020,5,21,3,2,6843.2,1.4243156319011074,6777.342857142857,6201.990000000001,337337,5.973813359001433,1056338.7351667557,6746.74,67467.40000000001,269869.6,388.92561265394687,0.25547614182798667
Delhi,2020-05-22,7.969,36.52,15.93,1.86,309.5809210920232,3166.017998627707,0.2399508697316888,3.8626216955439454,2319,2020-05-22,192.3,2.0,21.7,92.5,4.5,79.2,4.5,91.7,8.6,52.5,16.3,10.3,317.1,154.5,24.8,44.9,23.5,201.3,72.4,442.1,2.4,4.7,1.7,209.3,2.3,77.2,8.5,168.2,237.2,1.3,306.5,173.3,3.9,402.6,35.2,78.3,3565.1,2020,5,22,4,2,7134.4,4.255319148936176,6833.314285714286,6246.483333333334,721430,5.705562221111205,644711.6208322016,14428.6,144286.0,577144.0,109.20723785263324,0.8951957528844661
Delhi,2020-05-23,7.0056,38.66,15.66,2.01,380.9419243993407,3896.9444239727577,0.2933331639016568,4.962811838029397,2320,2020-05-23,195.9,1.5,23.6,98.6,4.6,79.4,4.6,95.2,8.1,54.7,16.5,10.7,315.2,158.0,24.1,41.2,27.3,201.2,74.0,443.5,2.5,5.1,1.4,216.6,2.1,84.5,8.5,171.0,244.1,1.3,311.9,168.1,3.9,417.5,36.1,102.9,3651.1,2020,5,23,5,2,7306.5,2.4122561112357,6903.357142857143,6295.37,287498,6.792108722975636,944400.6231958587,5749.96,57499.600000000006,229998.4,408.1118230369684,0.24353875972987482
Delhi,2020-05-24,7.579,38.32,15.52,3.19,331.3531300728466,3390.319078053461,0.2597622941068829,4.231194467057071,2321,2020-05-24,194.0,1.6,22.9,109.2,4.5,83.8,4.1,98.0,8.7,55.0,17.3,10.0,312.2,154.3,22.4,46.2,27.7,192.6,69.7,447.4,2.4,4.6,1.6,216.2,2.1,85.0,7.6,168.3,245.8,0.9,302.2,172.3,4.3,426.9,34.6,118.4,3674.8,2020,5,24,6,2,7349.6,0.589885718196137,6996.871428571429,6345.823333333334,375203,10.082669102436805,1219437.2478021432,7504.06,75040.6,300162.4,403.75916097490665,0.24614809363327605
Delhi,2020-05-25,7.9462,37.83,18.47,3.06,374.5515346174102,3834.449084009233,0.29073825950854,5.110555584043095,2322,2020-05-25,191.6,1.5,20.0,105.8,5.0,85.8,4.4,101.5,9.0,55.3,17.3,10.6,319.8,162.7,24.5,47.4,28.3,200.9,75.9,457.9,2.4,4.3,1.7,220.3,2.1,85.8,7.6,175.9,249.6,1.1,306.3,177.1,4.3,426.5,36.1,113.4,3735.8,2020,5,25,0,2,7475.500000000001,1.7130183955589515,7094.914285714285,6401.906666666667,391335,9.15074033681175,1251009.7001539716,7826.7,78267.0,313068.0,397.0967969112051,0.25025205616664054
Delhi,2020-05-26,7.5576,38.37,15.49,3.35,332.7624370853408,3403.815119968726,0.257447463283904,4.12586275347288,2323,2020-05-26,193.5,1.3,15.7,108.9,5.4,87.1,4.7,106.9,9.3,56.7,17.5,10.9,323.1,167.8,25.4,44.4,27.9,187.3,77.4,462.7,1.8,3.7,1.3,218.0,1.6,86.7,7.6,184.3,253.8,1.2,318.9,176.3,4.3,425.3,36.3,120.2,3771.6,2020,5,26,1,2,7546.800000000001,0.9537823556952764,7200.442857142857,6470.550000000001,478167,5.715488649576397,694193.4752408256,9563.34,95633.40000000001,382533.6,178.9725491409972,0.5510467363879464
Delhi,2020-05-27,7.0279,38.92,14.54,2.09,285.4326782238401,2916.9235397521443,0.2201191109291045,3.1892448036591685,2324,2020-05-27,194.8,1.4,17.8,79.3,5.5,86.7,4.8,110.4,9.2,53.8,17.3,10.8,321.1,168.2,25.6,41.3,24.4,187.0,77.7,460.7,1.8,4.2,1.6,218.3,1.8,88.2,8.2,182.7,260.7,1.2,324.6,176.9,1.9,395.3,35.5,104.6,3705.2999999999993,2020,5,27,2,2,7410.5999999999985,-1.804738432183206,7295.228571428571,6534.8966666666665,241090,11.431253655825225,1190941.471449964,4821.8,48218.0,192872.0,614.9776387707723,0.1619490484415924
Delhi,2020-05-28,6.2282,36.75,26.53,4.83,370.26235136925806,3788.58341870952,0.2892487116306813,4.893855943973852,2325,2020-05-28,195.4,1.6,23.4,79.0,5.0,90.0,4.6,105.6,9.4,51.7,16.8,10.7,321.5,139.3,24.2,43.3,22.2,192.1,74.3,457.3,2.2,4.8,1.3,210.9,2.1,79.3,7.8,150.3,249.4,1.3,307.0,180.5,3.2,350.0,34.1,89.8,3541.4000000000005,2020,5,28,3,2,7082.800000000001,-4.42339351739397,7329.457142857143,6582.003333333333,529365,10.530592459868608,1423164.9028083505,10587.300000000001,105873.0,423492.0,333.55473133101697,0.29757036699960143
Delhi,2020-05-29,5.8711,34.91,32.66,4.37,478.5977366602617,4896.060546520335,0.3660857445467344,5.9730673078322445,2326,2020-05-29,193.3,1.9,24.0,95.5,4.3,82.5,4.8,88.4,8.9,53.7,17.4,10.9,323.9,109.0,24.7,44.1,23.4,192.8,69.8,462.6,2.5,5.2,1.4,203.7,2.1,73.6,7.8,134.0,250.1,1.2,298.8,182.4,3.2,337.1,33.8,113.9,3483.6000000000004,2020,5,29,4,2,6970.300000000001,-1.5883548878974365,7306.014285714286,6623.58,264820,5.161158233513462,901593.3069233313,5296.400000000001,52964.0,211856.0,423.0689274428533,0.23497930097069208
Delhi,2020-05-30,6.323,31.65,43.82,2.81,301.15681564388825,3078.7466348776184,0.2278651475883544,3.790631005788724,2327,2020-05-30,186.4,1.9,25.6,91.0,3.4,74.6,4.8,73.3,9.3,53.2,17.6,10.6,326.5,96.1,19.6,41.8,24.9,183.5,70.5,461.2,2.5,5.4,1.7,206.0,2.0,75.1,8.0,127.5,186.9,1.2,306.6,164.0,3.6,282.0,28.2,129.5,3306.0,2020,5,30,5,2,6612.0,-5.140381332223876,7206.800000000001,6646.9766666666665,521879,9.559570476917724,1050809.3783694317,10437.58,104375.8,417503.2,249.18893995768937,0.39731545157352743
Delhi,2020-05-31,5.2262,29.66,55.57,1.3,249.73370133051708,2553.9185660072176,0.1841215946829328,2.860683421839729,2328,2020-05-31,184.1,2.0,25.1,78.0,3.4,74.0,4.4,73.3,9.1,48.3,16.0,9.1,319.2,96.1,19.6,41.8,21.2,168.5,63.5,443.5,2.2,5.5,1.7,204.8,2.2,84.9,7.2,127.5,186.9,0.9,288.5,145.9,4.1,282.0,28.2,120.4,3193.1000000000004,2020,5,31,6,2,6386.200000000001,-3.415003024803376,7069.171428571429,6664.65,527069,10.398726679638166,947873.0635331096,10541.380000000001,105413.8,421655.2,222.29814396528482,0.4448430611428703
Delhi,2020-06-01,6.9643,31.02,50.07,1.83,241.33120264978788,2466.919523359967,0.1838462953921675,2.8114872508835966,2329,2020-06-01,178.2,1.6,24.2,94.1,3.9,72.7,4.5,74.6,9.2,54.9,15.9,9.1,325.4,109.4,22.7,41.3,20.3,164.5,68.3,388.3,2.5,5.2,1.5,200.7,2.2,80.3,7.7,134.9,197.4,1.2,303.3,138.5,4.4,331.0,29.4,123.1,3246.4,2020,6,1,0,2,6492.8,1.669224264821012,6928.785714285716,6681.33,399041,7.621047588042954,671306.75165389,7980.820000000001,79808.20000000001,319232.8,207.78752423118493,0.4755386768788403
Delhi,2020-06-02,6.7135,31.92,45.23,1.4,310.66454541812976,3176.1546364767623,0.2262529446429115,4.039883290228578,2330,2020-06-02,172.0,2.0,24.8,99.6,4.0,73.7,4.6,81.1,9.2,57.9,17.8,8.2,314.4,119.1,24.3,42.7,23.6,155.9,65.6,374.1,2.4,5.0,1.6,184.4,2.2,75.6,7.7,141.5,201.2,1.3,305.1,140.2,4.4,348.7,33.2,130.9,3255.8,2020,6,2,1,2,6515.799999999999,0.3542385411532622,6781.5,6701.130000000001,303355,5.482450775570531,621669.1234590106,6067.1,60671.0,242684.0,253.6640336647701,0.39037423682143735
Delhi,2020-06-03,6.8263,33.32,40.7,1.25,313.6845465959038,3207.1259654874643,0.2308179878029488,4.137346270936916,2331,2020-06-03,175.3,2.0,23.2,106.7,4.1,76.8,2.8,85.7,7.1,59.6,17.4,7.7,301.9,127.1,24.6,43.3,26.6,144.6,65.6,288.2,2.6,5.2,1.4,182.9,2.3,77.0,7.7,140.0,203.8,1.3,311.9,139.7,4.4,365.4,35.3,138.6,3205.5,2020,6,3,2,2,6415.300000000001,-1.542404616470705,6639.314285714287,6714.986666666667,435796,5.541247458421511,634444.3492482894,8715.92,87159.20000000001,348636.8,179.4785947003556,0.549514312640286
Delhi,2020-06-04,3.4286,31.8,47.52,2.31,348.81831807760136,3567.7541219780264,0.2645036245518558,4.582115335423527,2332,2020-06-04,174.3,2.0,23.9,100.7,4.1,76.4,4.1,85.1,8.9,59.5,17.7,8.4,298.3,126.0,24.9,44.4,25.0,166.4,66.3,283.6,2.4,5.1,1.7,143.2,2.3,79.6,7.7,146.5,201.2,1.4,319.5,142.8,4.4,342.0,35.1,148.8,3179.4,2020,6,4,3,2,6363.1,-0.8136797967359444,6536.5,6723.79,414176,5.729728762362667,729501.5377237938,8283.52,82835.20000000001,331340.8,217.6665287594506,0.45420102448698146
Delhi,2020-06-05,5.9009,31.1,48.71,1.92,324.3144980561957,3316.573958372721,0.2453064743159736,4.187136047529455,2333,2020-06-05,181.6,1.9,26.0,74.0,3.9,74.9,4.9,81.0,10.0,61.1,17.4,8.8,288.9,121.4,25.3,42.8,24.7,177.3,66.4,335.2,2.5,5.3,1.7,149.8,2.2,84.5,7.6,151.0,198.0,1.4,321.4,149.2,3.2,284.9,32.9,141.3,3164.4,2020,6,5,4,2,6328.799999999999,-0.5390454338294437,6444.857142857143,6731.493333333333,384779,10.88307742386296,1288282.0240897934,7695.58,76955.8,307823.2,416.01362213432685,0.23894066307167663
Delhi,2020-06-06,6.5506,31.45,46.92,1.7,273.06653265259115,2792.8550195045905,0.2092881796340456,3.4253800892322954,2334,2020-06-06,186.6,1.7,24.2,85.3,3.9,76.5,5.1,80.2,10.0,62.3,12.4,8.4,279.5,129.4,24.7,35.0,26.5,175.2,64.2,357.0,2.4,4.5,1.7,162.3,2.1,93.9,7.6,143.4,206.1,1.4,299.3,153.9,4.3,324.9,34.2,157.4,3247.5000000000005,2020,6,6,5,2,6495.000000000001,2.626090254076629,6428.142857142857,6743.356666666668,547449,11.374803387789992,1133718.5140586975,10948.98,109489.8,437959.2,256.3639567472718,0.38630295639184437
Mumbai,2020-05-15,6.9871,32.91,51.15,2.9,281.8991603902216,2879.8562655433675,0.2143210750888085,2.9989196322598706,2312,2020-05-15,181.9,2.0,22.2,100.6,3.4,79.4,4.2,72.0,7.5,49.7,13.9,10.0,306.3,120.4,21.9,43.2,23.2,209.5,71.9,405.5,2.3,5.1,1.6,202.9,2.1,81.2,8.5,121.2,219.7,1.2,303.5,156.8,3.9,339.7,30.1,145.2,3368.9,2020,5,15,4,2,6742.599999999999,1.589549652709743,6476.0,6003.933333333334,621909,5.859675472920136,602920.7225310068,12438.18,124381.8,497527.2,118.68346947282615,0.8251936883471858
Mumbai,2020-05-16,6.6029,32.33,54.15,2.89,293.8778807796024,3002.1393577453105,0.2121702088962662,3.175236474799966,2313,2020-05-16,185.5,1.9,22.1,101.9,3.5,76.5,4.3,73.3,7.6,53.0,16.2,8.9,306.5,128.5,22.4,43.8,25.9,204.1,71.2,405.1,2.2,5.1,1.5,205.5,2.4,81.3,8.5,129.8,225.2,0.9,296.5,152.8,3.9,350.6,30.5,151.7,3405.6,2020,5,16,5,2,6816.200000000001,1.09156705128588,6511.099999999999,6033.223333333333,458795,6.651342242165568,713459.0623006251,9175.9,91759.0,367036.0,191.88394661576115,0.5144450536116272
Mumbai,2020-05-17,6.42,32.18,56.3,3.84,312.96183204783614,3200.565600194744,0.238868522489879,3.766244306500447,2314,2020-05-17,177.6,1.9,21.5,101.6,3.4,75.7,3.8,75.7,7.3,51.4,16.3,9.1,299.7,128.2,20.6,43.0,26.3,192.5,63.7,404.9,2.4,4.8,1.5,204.5,2.2,81.3,8.5,135.7,220.8,0.9,277.3,144.2,3.9,361.1,28.0,149.0,3344.7,2020,5,17,6,2,6695.0,-1.77811683929463,6590.5142857142855,6057.35,686232,6.1586435725710285,703508.4370215328,13724.64,137246.4,548985.6,125.64697453294455,0.7803528582704666
Mumbai,2020-05-18,6.8462,32.13,56.93,4.11,222.99702127311505,2278.668814254924,0.1590258863064431,2.463815608425709,2315,2020-05-18,174.1,1.9,27.6,105.9,3.8,76.3,4.2,78.7,7.4,52.9,14.9,10.3,303.5,135.5,22.4,43.3,26.9,169.2,63.3,418.3,2.6,5.0,1.5,205.3,2.1,83.4,8.5,142.3,225.6,1.3,270.5,149.5,3.9,367.1,30.6,157.7,3391.9,2020,5,18,0,2,6789.2,1.40702016430172,6685.128571428571,6089.726666666667,700186,6.304246156458845,513127.26170592447,14003.720000000001,140037.2,560148.8,89.10552726452764,1.0916350585285501
Mumbai,2020-05-19,7.2214,31.71,57.97,3.51,267.4625583268417,2732.640628746392,0.1974073712280035,3.1133584237305145,2316,2020-05-19,164.7,1.9,30.9,102.2,3.9,76.2,4.4,81.3,7.9,52.7,14.8,10.5,307.0,134.0,23.6,44.2,26.5,174.0,65.6,420.9,2.6,5.2,1.7,208.3,2.1,74.2,8.5,143.6,231.8,1.2,274.7,151.3,3.9,370.6,31.7,148.2,3401.3,2020,5,19,1,2,6808.099999999999,0.2783833146762227,6730.228571428571,6125.856666666668,356730,10.862435523017444,1060432.6000460128,7134.6,71346.0,285384.0,369.0809576030936,0.2691201033120952
Mumbai,2020-05-20,7.3747,31.8,58.45,2.95,314.0457938884043,3215.0632596869136,0.2400729240189435,4.604665450162271,2317,2020-05-20,175.5,2.0,28.4,93.3,4.0,74.8,4.4,82.3,8.1,47.3,15.0,10.6,308.6,139.8,23.8,45.3,19.3,188.0,70.1,426.2,2.4,5.0,1.6,203.8,2.2,57.4,8.5,145.4,230.0,1.2,296.7,159.8,3.9,383.2,32.9,75.1,3371.2000000000003,2020,5,20,2,2,6747.1,-0.8959915394897044,6747.9,6159.816666666667,584681,7.325024888584572,839643.5385815698,11693.62,116936.20000000001,467744.8,177.0088985663913,0.5570747840391741
Mumbai,2020-05-21,7.3198,32.21,59.0,2.94,484.4608548279167,4956.921158773319,0.3787740493182112,6.39677026960725,2318,2020-05-21,186.9,2.1,20.2,81.6,4.2,78.0,4.5,84.8,8.2,47.3,16.6,10.6,316.6,142.4,24.3,43.4,17.4,196.5,71.2,434.5,2.8,4.4,1.5,207.2,2.3,70.0,8.5,160.4,233.5,1.1,302.2,166.9,3.9,382.7,33.7,51.5,3419.3,2020,5,21,3,2,6843.2,1.4243156319011074,6777.342857142857,6201.990000000001,349503,7.180109848319488,1269645.9865294488,6990.06,69900.6,279602.4,451.58980270893545,0.22022058333260558
Mumbai,2020-05-22,7.5394,32.42,56.44,3.23,309.5809210920232,3166.017998627707,0.2399508697316888,3.8626216955439454,2319,2020-05-22,192.3,2.0,21.7,92.5,4.5,79.2,4.5,91.7,8.6,52.5,16.3,10.3,317.1,154.5,24.8,44.9,23.5,201.3,72.4,442.1,2.4,4.7,1.7,209.3,2.3,77.2,8.5,168.2,237.2,1.3,306.5,173.3,3.9,402.6,35.2,78.3,3565.1,2020,5,22,4,2,7134.4,4.255319148936176,6833.314285714286,6246.483333333334,727035,6.591769346139788,744850.3994185034,14540.7,145407.0,581628.0,125.56302300069864,0.7808644790814249
Mumbai,2020-05-23,7.704,32.5,57.2,3.13,380.9419243993407,3896.9444239727577,0.2933331639016568,4.962811838029397,2320,2020-05-23,195.9,1.5,23.6,98.6,4.6,79.4,4.6,95.2,8.1,54.7,16.5,10.7,315.2,158.0,24.1,41.2,27.3,201.2,74.0,443.5,2.5,5.1,1.4,216.6,2.1,84.5,8.5,171.0,244.1,1.3,311.9,168.1,3.9,417.5,36.1,102.9,3651.1,2020,5,23,5,2,7306.5,2.4122561112357,6903.357142857143,6295.37,652366,9.25526075655981,1286886.647848881,13047.32,130473.20000000001,521892.8,244.0806479508591,0.40554651439259576
Mumbai,2020-05-24,7.5199,32.72,57.55,2.75,331.3531300728466,3390.319078053461,0.2597622941068829,4.231194467057071,2321,2020-05-24,194.0,1.6,22.9,109.2,4.5,83.8,4.1,98.0,8.7,55.0,17.3,10.0,312.2,154.3,22.4,46.2,27.7,192.6,69.7,447.4,2.4,4.6,1.6,216.2,2.1,85.0,7.6,168.3,245.8,0.9,302.2,172.3,4.3,426.9,34.6,118.4,3674.8,2020,5,24,6,2,7349.6,0.589885718196137,6996.871428571429,6345.823333333334,265725,7.655139888698842,925842.4155920403,5314.5,53145.0,212580.0,433.02658556404185,0.2296068605338231
Mumbai,2020-05-25,7.3752,32.74,58.56,2.76,374.5515346174102,3834.449084009233,0.29073825950854,5.110555584043095,2322,2020-05-25,191.6,1.5,20.0,105.8,5.0,85.8,4.4,101.5,9.0,55.3,17.3,10.6,319.8,162.7,24.5,47.4,28.3,200.9,75.9,457.9,2.4,4.3,1.7,220.3,2.1,85.8,7.6,175.9,249.6,1.1,306.3,177.1,4.3,426.5,36.1,113.4,3735.8,2020,5,25,0,2,7475.500000000001,1.7130183955589515,7094.914285714285,6401.906666666667,329981,10.209747562903022,1395787.965475717,6599.62,65996.2,263984.8,526.2380051714027,0.18912945046103577
Mumbai,2020-05-26,7.3358,32.17,60.14,2.66,332.7624370853408,3403.815119968726,0.257447463283904,4.12586275347288,2323,2020-05-26,193.5,1.3,15.7,108.9,5.4,87.1,4.7,106.9,9.3,56.7,17.5,10.9,323.1,167.8,25.4,44.4,27.9,187.3,77.4,462.7,1.8,3.7,1.3,218.0,1.6,86.7,7.6,184.3,253.8,1.2,318.9,176.3,4.3,425.3,36.3,120.2,3771.6,2020,5,26,1,2,7546.800000000001,0.9537823556952764,7200.442857142857,6470.550000000001,284654,6.439058658629462,782077.050900067,5693.08,56930.8,227723.2,340.93319033812406,0.29117707591706626
Mumbai,2020-05-27,7.5173,31.7,60.88,3.0,285.4326782238401,2916.9235397521443,0.2201191109291045,3.1892448036591685,2324,2020-05-27,194.8,1.4,17.8,79.3,5.5,86.7,4.8,110.4,9.2,53.8,17.3,10.8,321.1,168.2,25.6,41.3,24.4,187.0,77.7,460.7,1.8,4.2,1.6,218.3,1.8,88.2,8.2,182.7,260.7,1.2,324.6,176.9,1.9,395.3,35.5,104.6,3705.2999999999993,2020,5,27,2,2,7410.5999999999985,-1.804738432183206,7295.228571428571,6534.8966666666665,791723,10.514529221001446,1095434.4360718436,15834.460000000001,158344.6,633378.4,170.4510251804993,0.5781978372648338
Mumbai,2020-05-28,7.327,31.75,62.09,3.56,370.26235136925806,3788.58341870952,0.2892487116306813,4.893855943973852,2325,2020-05-28,195.4,1.6,23.4,79.0,5.0,90.0,4.6,105.6,9.4,51.7,16.8,10.7,321.5,139.3,24.2,43.3,22.2,192.1,74.3,457.3,2.2,4.8,1.3,210.9,2.1,79.3,7.8,150.3,249.4,1.3,307.0,180.5,3.2,350.0,34.1,89.8,3541.4000000000005,2020,5,28,3,2,7082.800000000001,-4.42339351739397,7329.457142857143,6582.003333333333,519030,9.226050722110973,1246861.6204906104,10380.6,103806.0,415224.0,297.78650089845723,0.33301503563930673
Mumbai,2020-05-29,7.3222,31.95,61.8,3.35,478.5977366602617,4896.060546520335,0.3660857445467344,5.9730673078322445,2326,2020-05-29,193.3,1.9,24.0,95.5,4.3,82.5,4.8,88.4,8.9,53.7,17.4,10.9,323.9,109.0,24.7,44.1,23.4,192.8,69.8,462.6,2.5,5.2,1.4,203.7,2.1,73.6,7.8,134.0,250.1,1.2,298.8,182.4,3.2,337.1,33.8,113.9,3483.6000000000004,2020,5,29,4,2,6970.300000000001,-1.5883548878974365,7306.014285714286,6623.58,528947,5.799871100389814,1013168.8912722566,10578.94,105789.40000000001,423157.6,236.93062614785995,0.4176571013856649
Mumbai,2020-05-30,7.3522,31.94,62.19,2.88,301.15681564388825,3078.7466348776184,0.2278651475883544,3.790631005788724,2327,2020-05-30,186.4,1.9,25.6,91.0,3.4,74.6,4.8,73.3,9.3,53.2,17.6,10.6,326.5,96.1,19.6,41.8,24.9,183.5,70.5,461.2,2.5,5.4,1.7,206.0,2.0,75.1,8.0,127.5,186.9,1.2,306.6,164.0,3.6,282.0,28.2,129.5,3306.0,2020,5,30,5,2,6612.0,-5.140381332223876,7206.800000000001,6646.9766666666665,755839,7.901532089425394,868554.0886071629,15116.78,151167.80000000002,604671.2,141.14072385242807,0.6961805968688366
Mumbai,2020-05-31,7.2314,31.52,62.9,2.96,249.73370133051708,2553.9185660072176,0.1841215946829328,2.860683421839729,2328,2020-05-31,184.1,2.0,25.1,78.0,3.4,74.0,4.4,73.3,9.1,48.3,16.0,9.1,319.2,96.1,19.6,41.8,21.2,168.5,63.5,443.5,2.2,5.5,1.7,204.8,2.2,84.9,7.2,127.5,186.9,0.9,288.5,145.9,4.1,282.0,28.2,120.4,3193.1000000000004,2020,5,31,6,2,6386.200000000001,-3.415003024803376,7069.171428571429,6664.65,473538,11.044626984290698,1006748.6854596653,9470.76,94707.6,378830.4,263.2518207249643,0.37629055709814535
Mumbai,2020-06-01,3.9274,31.31,58.28,1.01,241.33120264978788,2466.919523359967,0.1838462953921675,2.8114872508835966,2329,2020-06-01,178.2,1.6,24.2,94.1,3.9,72.7,4.5,74.6,9.2,54.9,15.9,9.1,325.4,109.4,22.7,41.3,20.3,164.5,68.3,388.3,2.5,5.2,1.5,200.7,2.2,80.3,7.7,134.9,197.4,1.2,303.3,138.5,4.4,331.0,29.4,123.1,3246.4,2020,6,1,0,2,6492.8,1.669224264821012,6928.785714285716,6681.33,531236,11.460721622589393,1009527.8523310832,10624.72,106247.20000000001,424988.8,235.0422251906599,0.4209773688178072
Mumbai,2020-06-02,2.0225,29.82,62.21,2.13,310.66454541812976,3176.1546364767623,0.2262529446429115,4.039883290228578,2330,2020-06-02,172.0,2.0,24.8,99.6,4.0,73.7,4.6,81.1,9.2,57.9,17.8,8.2,314.4,119.1,24.3,42.7,23.6,155.9,65.6,374.1,2.4,5.0,1.6,184.4,2.2,75.6,7.7,141.5,201.2,1.3,305.1,140.2,4.4,348.7,33.2,130.9,3255.8,2020,6,2,1,2,6515.799999999999,0.3542385411532622,6781.5,6701.130000000001,728178,8.259900856231692,936611.2958155144,14563.56,145635.6,582542.4,158.2799356433994,0.6219674913543353
Mumbai,2020-06-03,2.3143,27.43,83.91,4.87,313.6845465959038,3207.1259654874643,0.2308179878029488,4.137346270936916,2331,2020-06-03,175.3,2.0,23.2,106.7,4.1,76.8,2.8,85.7,7.1,59.6,17.4,7.7,301.9,127.1,24.6,43.3,26.6,144.6,65.6,288.2,2.6,5.2,1.4,182.9,2.3,77.0,7.7,140.0,203.8,1.3,311.9,139.7,4.4,365.4,35.3,138.6,3205.5,2020,6,3,2,2,6415.300000000001,-1.542404616470705,6639.314285714287,6714.986666666667,765894,8.365858846623514,957847.833303776,15317.880000000001,153178.80000000002,612715.2,153.82839422031248,0.6396783904686149
Mumbai,2020-06-04,4.019,27.52,86.55,3.49,348.81831807760136,3567.7541219780264,0.2645036245518558,4.582115335423527,2332,2020-06-04,174.3,2.0,23.9,100.7,4.1,76.4,4.1,85.1,8.9,59.5,17.7,8.4,298.3,126.0,24.9,44.4,25.0,166.4,66.3,283.6,2.4,5.1,1.7,143.2,2.3,79.6,7.7,146.5,201.2,1.4,319.5,142.8,4.4,342.0,35.1,148.8,3179.4,2020,6,4,3,2,6363.1,-0.8136797967359444,6536.5,6723.79,689492,11.429183074575107,1455148.5722321114,13789.84,137898.4,551593.6,261.30809571251575,0.3790631633515782
Mumbai,2020-06-05,6.3403,28.31,76.93,2.64,324.3144980561957,3316.573958372721,0.2453064743159736,4.187136047529455,2333,2020-06-05,181.6,1.9,26.0,74.0,3.9,74.9,4.9,81.0,10.0,61.1,17.4,8.8,288.9,121.4,25.3,42.8,24.7,177.3,66.4,335.2,2.5,5.3,1.7,149.8,2.2,84.5,7.6,151.0,198.0,1.4,321.4,149.2,3.2,284.9,32.9,141.3,3164.4,2020,6,5,4,2,6328.799999999999,-0.5390454338294437,6444.857142857143,6731.493333333333,456840,9.10947756895597,1078332.5105454973,9136.800000000001,91368.0,365472.0,292.55201781408624,0.3389229736680616
Mumbai,2020-06-06,6.48,28.56,81.92,3.3,273.06653265259115,2792.8550195045905,0.2092881796340456,3.4253800892322954,2334,2020-06-06,186.6,1.7,24.2,85.3,3.9,76.5,5.1,80.2,10.0,62.3,12.4,8.4,279.5,129.4,24.7,35.0,26.5,175.2,64.2,357.0,2.4,4.5,1.7,162.3,2.1,93.9,7.6,143.4,206.1,1.4,299.3,153.9,4.3,324.9,34.2,157.4,3247.5000000000005,2020,6,6,5,2,6495.000000000001,2.626090254076629,6428.142857142857,6743.356666666668,673254,5.229926691704068,521263.0509217664,13465.08,134650.80000000002,538603.2,94.28053359537529,1.0332636579245629
Bengaluru,2020-05-15,6.3679,30.03,39.97,2.57,281.8991603902216,2879.8562655433675,0.2143210750888085,2.9989196322598706,2312,2020-05-15,181.9,2.0,22.2,100.6,3.4,79.4,4.2,72.0,7.5,49.7,13.9,10.0,306.3,120.4,21.9,43.2,23.2,209.5,71.9,405.5,2.3,5.1,1.6,202.9,2.1,81.2,8.5,121.2,219.7,1.2,303.5,156.8,3.9,339.7,30.1,145.2,3368.9,2020,5,15,4,2,6742.599999999999,1.589549652709743,6476.0,6003.933333333334,549457,11.389246240153902,1171875.9176905586,10989.14,109891.40000000001,439565.6,264.098641406552,0.3750953648496301
Bengaluru,2020-05-16,5.1895,30.25,40.33,2.87,293.8778807796024,3002.1393577453105,0.2121702088962662,3.175236474799966,2313,2020-05-16,185.5,1.9,22.1,101.9,3.5,76.5,4.3,73.3,7.6,53.0,16.2,8.9,306.5,128.5,22.4,43.8,25.9,204.1,71.2,405.1,2.2,5.1,1.5,205.5,2.4,81.3,8.5,129.8,225.2,0.9,296.5,152.8,3.9,350.6,30.5,151.7,3405.6,2020,5,16,5,2,6816.200000000001,1.09156705128588,6511.099999999999,6033.223333333333,470936,6.737585099300063,722709.9391524033,9418.72,94187.20000000001,376748.8,189.32806664610567,0.5212994291214849
Bengaluru,2020-05-17,5.4322,28.65,54.06,2.28,312.96183204783614,3200.565600194744,0.238868522489879,3.766244306500447,2314,2020-05-17,177.6,1.9,21.5,101.6,3.4,75.7,3.8,75.7,7.3,51.4,16.3,9.1,299.7,128.2,20.6,43.0,26.3,192.5,63.7,404.9,2.4,4.8,1.5,204.5,2.2,81.3,8.5,135.7,220.8,0.9,277.3,144.2,3.9,361.1,28.0,149.0,3344.7,2020,5,17,6,2,6695.0,-1.77811683929463,6590.5142857142855,6057.35,439931,9.043423678640831,1033039.951495059,8798.62,87986.20000000001,351944.8,291.0232887359208,0.34068813970119105
Bengaluru,2020-05-18,5.0626,25.75,70.22,5.31,222.99702127311505,2278.668814254924,0.1590258863064431,2.463815608425709,2315,2020-05-18,174.1,1.9,27.6,105.9,3.8,76.3,4.2,78.7,7.4,52.9,14.9,10.3,303.5,135.5,22.4,43.3,26.9,169.2,63.3,418.3,2.6,5.0,1.5,205.3,2.1,83.4,8.5,142.3,225.6,1.3,270.5,149.5,3.9,367.1,30.6,157.7,3391.9,2020,5,18,0,2,6789.2,1.40702016430172,6685.128571428571,6089.726666666667,439629,6.158593221995817,501271.9994643201,8792.58,87925.8,351703.2,140.0269941997457,0.7016200760380946
Bengaluru,2020-05-19,5.5555,27.45,61.87,5.46,267.4625583268417,2732.640628746392,0.1974073712280035,3.1133584237305145,2316,2020-05-19,164.7,1.9,30.9,102.2,3.9,76.2,4.4,81.3,7.9,52.7,14.8,10.5,307.0,134.0,23.6,44.2,26.5,174.0,65.6,420.9,2.6,5.2,1.7,208.3,2.1,74.2,8.5,143.6,231.8,1.2,274.7,151.3,3.9,370.6,31.7,148.2,3401.3,2020,5,19,1,2,6808.099999999999,0.2783833146762227,6730.228571428571,6125.856666666668,405041,5.237154121726165,511271.06350832793,8100.820000000001,81008.20000000001,324032.8,155.2837377908434,0.6337776364632564
Bengaluru,2020-05-20,6.1322,28.54,57.06,4.35,314.0457938884043,3215.0632596869136,0.2400729240189435,4.604665450162271,2317,2020-05-20,175.5,2.0,28.4,93.3,4.0,74.8,4.4,82.3,8.1,47.3,15.0,10.6,308.6,139.8,23.8,45.3,19.3,188.0,70.1,426.2,2.4,5.0,1.6,203.8,2.2,57.4,8.5,145.4,230.0,1.2,296.7,159.8,3.9,383.2,32.9,75.1,3371.2000000000003,2020,5,20,2,2,6747.1,-0.8959915394897044,6747.9,6159.816666666667,617113,7.180312197929302,823055.5982663349,12342.26,123422.6,493690.4,164.2149286812818,0.5998255782650874
Bengaluru,2020-05-21,6.667,28.75,55.83,3.61,484.4608548279167,4956.921158773319,0.3787740493182112,6.39677026960725,2318,2020-05-21,186.9,2.1,20.2,81.6,4.2,78.0,4.5,84.8,8.2,47.3,16.6,10.6,316.6,142.4,24.3,43.4,17.4,196.5,71.2,434.5,2.8,4.4,1.5,207.2,2.3,70.0,8.5,160.4,233.5,1.1,302.2,166.9,3.9,382.7,33.7,51.5,3419.3,2020,5,21,3,2,6843.2,1.4243156319011074,6777.342857142857,6201.990000000001,268148,10.463469952822614,1850236.6832008925,5362.96,53629.600000000006,214518.4,860.0072176563375,0.11594099609347774
Bengaluru,2020-05-22,6.456,28.85,49.33,3.67,309.5809210920232,3166.017998627707,0.2399508697316888,3.8626216955439454,2319,2020-05-22,192.3,2.0,21.7,92.5,4.5,79.2,4.5,91.7,8.6,52.5,16.3,10.3,317.1,154.5,24.8,44.9,23.5,201.3,72.4,442.1,2.4,4.7,1.7,209.3,2.3,77.2,8.5,168.2,237.2,1.3,306.5,173.3,3.9,402.6,35.2,78.3,3565.1,2020,5,22,4,2,7134.4,4.255319148936176,6833.314285714286,6246.483333333334,451995,6.943110208405927,784550.8755500335,9039.9,90399.0,361596.0,214.46890329263417,0.46089495324511504
Bengaluru,2020-05-23,6.2522,30.62,42.06,1.73,380.9419243993407,3896.9444239727577,0.2933331639016568,4.962811838029397,2320,2020-05-23,195.9,1.5,23.6,98.6,4.6,79.4,4.6,95.2,8.1,54.7,16.5,10.7,315.2,158.0,24.1,41.2,27.3,201.2,74.0,443.5,2.5,5.1,1.4,216.6,2.1,84.5,8.5,171.0,244.1,1.3,311.9,168.1,3.9,417.5,36.1,102.9,3651.1,2020,5,23,5,2,7306.5,2.4122561112357,6903.357142857143,6295.37,772843,6.54068049856768,909441.086842048,15456.86,154568.6,618274.4,144.59344052447392,0.6798392211502985
Bengaluru,2020-05-24,6.7138,30.82,45.97,2.38,331.3531300728466,3390.319078053461,0.2597622941068829,4.231194467057071,2321,2020-05-24,194.0,1.6,22.9,109.2,4.5,83.8,4.1,98.0,8.7,55.0,17.3,10.0,312.2,154.3,22.4,46.2,27.7,192.6,69.7,447.4,2.4,4.6,1.6,216.2,2.1,85.0,7.6,168.3,245.8,0.9,302.2,172.3,4.3,426.9,34.6,118.4,3674.8,2020,5,24,6,2,7349.6,0.589885718196137,6996.871428571429,6345.823333333334,456508,6.488765490388584,784776.5557753582,9130.16,91301.6,365206.4,212.38576207190187,0.4653629519758335
Bengaluru,2020-05-25,6.6365,28.98,61.46,1.5,374.5515346174102,3834.449084009233,0.29073825950854,5.110555584043095,2322,2020-05-25,191.6,1.5,20.0,105.8,5.0,85.8,4.4,101.5,9.0,55.3,17.3,10.6,319.8,162.7,24.5,47.4,28.3,200.9,75.9,457.9,2.4,4.3,1.7,220.3,2.1,85.8,7.6,175.9,249.6,1.1,306.3,177.1,4.3,426.5,36.1,113.4,3735.8,2020,5,25,0,2,7475.500000000001,1.7130183955589515,7094.914285714285,6401.906666666667,306530,8.606215776847687,1176567.034160407,6130.6,61306.0,245224.0,477.29277483460305,0.20842313651245048
Bengaluru,2020-05-26,6.6386,28.8,64.73,1.75,332.7624370853408,3403.815119968726,0.257447463283904,4.12586275347288,2323,2020-05-26,193.5,1.3,15.7,108.9,5.4,87.1,4.7,106.9,9.3,56.7,17.5,10.9,323.1,167.8,25.4,44.4,27.9,187.3,77.4,462.7,1.8,3.7,1.3,218.0,1.6,86.7,7.6,184.3,253.8,1.2,318.9,176.3,4.3,425.3,36.3,120.2,3771.6,2020,5,26,1,2,7546.800000000001,0.9537823556952764,7200.442857142857,6470.550000000001,660337,11.828789209779295,1436704.5047034535,13206.74,132067.4,528269.6,269.46425929174296,0.3676951179420995
Bengaluru,2020-05-27,5.9909,27.39,73.56,1.88,285.4326782238401,2916.9235397521443,0.2201191109291045,3.1892448036591685,2324,2020-05-27,194.8,1.4,17.8,79.3,5.5,86.7,4.8,110.4,9.2,53.8,17.3,10.8,321.1,168.2,25.6,41.3,24.4,187.0,77.7,460.7,1.8,4.2,1.6,218.3,1.8,88.2,8.2,182.7,260.7,1.2,324.6,176.9,1.9,395.3,35.5,104.6,3705.2999999999993,2020,5,27,2,2,7410.5999999999985,-1.804738432183206,7295.228571428571,6534.8966666666665,659773,8.21292291611909,855646.3531577454,13195.460000000001,131954.6,527818.4,159.60998956416552,0.616864410381332
Bengaluru,2020-05-28,6.6722,27.16,71.57,1.88,370.26235136925806,3788.58341870952,0.2892487116306813,4.893855943973852,2325,2020-05-28,195.4,1.6,23.4,79.0,5.0,90.0,4.6,105.6,9.4,51.7,16.8,10.7,321.5,139.3,24.2,43.3,22.2,192.1,74.3,457.3,2.2,4.8,1.3,210.9,2.1,79.3,7.8,150.3,249.4,1.3,307.0,180.5,3.2,350.0,34.1,89.8,3541.4000000000005,2020,5,28,3,2,7082.800000000001,-4.42339351739397,7329.457142857143,6582.003333333333,408261,8.901137582230335,1202950.987836125,8165.22,81652.20000000001,326608.8,365.815546867116,0.2715060977516694
Bengaluru,2020-05-29,6.8846,24.53,80.29,2.52,478.5977366602617,4896.060546520335,0.3660857445467344,5.9730673078322445,2326,2020-05-29,193.3,1.9,24.0,95.5,4.3,82.5,4.8,88.4,8.9,53.7,17.4,10.9,323.9,109.0,24.7,44.1,23.4,192.8,69.8,462.6,2.5,5.2,1.4,203.7,2.1,73.6,7.8,134.0,250.1,1.2,298.8,182.4,3.2,337.1,33.8,113.9,3483.6000000000004,2020,5,29,4,2,6970.300000000001,-1.5883548878974365,7306.014285714286,6623.58,541097,11.024424125235138,1925836.5185269176,10821.94,108219.40000000001,432877.6,442.39170114760327,0.22477368720654595
Bengaluru,2020-05-30,5.6004,25.68,72.94,1.32,301.15681564388825,3078.7466348776184,0.2278651475883544,3.790631005788724,2327,2020-05-30,186.4,1.9,25.6,91.0,3.4,74.6,4.8,73.3,9.3,53.2,17.6,10.6,326.5,96.1,19.6,41.8,24.9,183.5,70.5,461.2,2.5,5.4,1.7,206.0,2.0,75.1,8.0,127.5,186.9,1.2,306.6,164.0,3.6,282.0,28.2,129.5,3306.0,2020,5,30,5,2,6612.0,-5.140381332223876,7206.800000000001,6646.9766666666665,515139,8.745488032535611,961323.6144025077,10302.78,103027.8,412111.2,230.76801465296444,0.428690989313885
Bengaluru,2020-05-31,6.1913,26.36,70.31,2.35,249.73370133051708,2553.9185660072176,0.1841215946829328,2.860683421839729,2328,2020-05-31,184.1,2.0,25.1,78.0,3.4,74.0,4.4,73.3,9.1,48.3,16.0,9.1,319.2,96.1,19.6,41.8,21.2,168.5,63.5,443.5,2.2,5.5,1.7,204.8,2.2,84.9,7.2,127.5,186.9,0.9,288.5,145.9,4.1,282.0,28.2,120.4,3193.1000000000004,2020,5,31,6,2,6386.200000000001,-3.415003024803376,7069.171428571429,6664.65,371829,6.291240099931993,573464.1567819709,7436.58,74365.8,297463.2,190.28490811030437,0.5187118981547719
Bengaluru,2020-06-01,5.7701,25.15,77.56,2.49,241.33120264978788,2466.919523359967,0.1838462953921675,2.8114872508835966,2329,2020-06-01,178.2,1.6,24.2,94.1,3.9,72.7,4.5,74.6,9.2,54.9,15.9,9.1,325.4,109.4,22.7,41.3,20.3,164.5,68.3,388.3,2.5,5.2,1.5,200.7,2.2,80.3,7.7,134.9,197.4,1.2,303.3,138.5,4.4,331.0,29.4,123.1,3246.4,2020,6,1,0,2,6492.8,1.669224264821012,6928.785714285716,6681.33,471836,7.097171382365339,625160.650368028,9436.72,94367.20000000001,377468.8,163.1191585550986,0.6037939143864421
Bengaluru,2020-06-02,5.6009,25.15,72.43,3.09,310.66454541812976,3176.1546364767623,0.2262529446429115,4.039883290228578,2330,2020-06-02,172.0,2.0,24.8,99.6,4.0,73.7,4.6,81.1,9.2,57.9,17.8,8.2,314.4,119.1,24.3,42.7,23.6,155.9,65.6,374.1,2.4,5.0,1.6,184.4,2.2,75.6,7.7,141.5,201.2,1.3,305.1,140.2,4.4,348.7,33.2,130.9,3255.8,2020,6,2,1,2,6515.799999999999,0.3542385411532622,6781.5,6701.130000000001,638974,7.169558483880277,812974.5839438271,12779.48,127794.8,511179.2,156.53905791625073,0.6287755869865339
Bengaluru,2020-06-03,5.4535,24.3,77.64,3.56,313.6845465959038,3207.1259654874643,0.2308179878029488,4.137346270936916,2331,2020-06-03,175.3,2.0,23.2,106.7,4.1,76.8,2.8,85.7,7.1,59.6,17.4,7.7,301.9,127.1,24.6,43.3,26.6,144.6,65.6,288.2,2.6,5.2,1.4,182.9,2.3,77.0,7.7,140.0,203.8,1.3,311.9,139.7,4.4,365.4,35.3,138.6,3205.5,2020,6,3,2,2,6415.300000000001,-1.542404616470705,6639.314285714287,6714.986666666667,402283,7.781226808203185,890910.4702012542,8045.66,80456.6,321826.4,274.3295174669493,0.36123274956522944
Bengaluru,2020-06-04,5.5493,24.02,78.72,3.49,348.81831807760136,3567.7541219780264,0.2645036245518558,4.582115335423527,2332,2020-06-04,174.3,2.0,23.9,100.7,4.1,76.4,4.1,85.1,8.9,59.5,17.7,8.4,298.3,126.0,24.9,44.4,25.0,166.4,66.3,283.6,2.4,5.1,1.7,143.2,2.3,79.6,7.7,146.5,201.2,1.4,319.5,142.8,4.4,342.0,35.1,148.8,3179.4,2020,6,4,3,2,6363.1,-0.8136797967359444,6536.5,6723.79,396769,7.987522337357246,1016960.8491733425,7935.38,79353.8,317415.2,317.88820106073763,0.3121210498289756
Bengaluru,2020-06-05,6.0542,25.25,71.74,3.42,324.3144980561957,3316.573958372721,0.2453064743159736,4.187136047529455,2333,2020-06-05,181.6,1.9,26.0,74.0,3.9,74.9,4.9,81.0,10.0,61.1,17.4,8.8,288.9,121.4,25.3,42.8,24.7,177.3,66.4,335.2,2.5,5.3,1.7,149.8,2.2,84.5,7.6,151.0,198.0,1.4,321.4,149.2,3.2,284.9,32.9,141.3,3164.4,2020,6,5,4,2,6328.799999999999,-0.5390454338294437,6444.857142857143,6731.493333333333,761353,10.598474154519886,1254592.1713384083,15227.06,152270.6,609082.4,203.4806967560396,0.48548199839970985
Bengaluru,2020-06-06,5.9801,24.44,75.63,3.29,273.06653265259115,2792.8550195045905,0.2092881796340456,3.4253800892322954,2334,2020-06-06,186.6,1.7,24.2,85.3,3.9,76.5,5.1,80.2,10.0,62.3,12.4,8.4,279.5,129.4,24.7,35.0,26.5,175.2,64.2,357.0,2.4,4.5,1.7,162.3,2.1,93.9,7.6,143.4,206.1,1.4,299.3,153.9,4.3,324.9,34.2,157.4,3247.5000000000005,2020,6,6,5,2,6495.000000000001,2.626090254076629,6428.142857142857,6743.356666666668,423165,7.445708993345331,742108.4873528539,8463.3,84633.0,338532.0,216.71368950434635,0.4561752757097374
Chennai,2020-05-15,6.588,30.21,73.73,2.8,281.8991603902216,2879.8562655433675,0.2143210750888085,2.9989196322598706,2312,2020-05-15,181.9,2.0,22.2,100.6,3.4,79.4,4.2,72.0,7.5,49.7,13.9,10.0,306.3,120.4,21.9,43.2,23.2,209.5,71.9,405.5,2.3,5.1,1.6,202.9,2.1,81.2,8.5,121.2,219.7,1.2,303.5,156.8,3.9,339.7,30.1,145.2,3368.9,2020,5,15,4,2,6742.599999999999,1.589549652709743,6476.0,6003.933333333334,735822,8.277622799089656,851711.0447379703,14716.44,147164.4,588657.6,142.18700391160675,0.6911462666717374
Chennai,2020-05-16,5.958,29.74,76.57,3.06,293.8778807796024,3002.1393577453105,0.2121702088962662,3.175236474799966,2313,2020-05-16,185.5,1.9,22.1,101.9,3.5,76.5,4.3,73.3,7.6,53.0,16.2,8.9,306.5,128.5,22.4,43.8,25.9,204.1,71.2,405.1,2.2,5.1,1.5,205.5,2.4,81.3,8.5,129.8,225.2,0.9,296.5,152.8,3.9,350.6,30.5,151.7,3405.6,2020,5,16,5,2,6816.200000000001,1.09156705128588,6511.099999999999,6033.223333333333,687879,9.374831909357365,1005595.3429782316,13757.58,137575.80000000002,550303.2,180.23478020448215,0.5472406536107625
Chennai,2020-05-17,5.2817,29.73,72.43,2.55,312.96183204783614,3200.565600194744,0.238868522489879,3.766244306500447,2314,2020-05-17,177.6,1.9,21.5,101.6,3.4,75.7,3.8,75.7,7.3,51.4,16.3,9.1,299.7,128.2,20.6,43.0,26.3,192.5,63.7,404.9,2.4,4.8,1.5,204.5,2.2,81.3,8.5,135.7,220.8,0.9,277.3,144.2,3.9,361.1,28.0,149.0,3344.7,2020,5,17,6,2,6695.0,-1.77811683929463,6590.5142857142855,6057.35,764685,7.6440816320811855,873191.6140432595,15293.7,152937.0,611748.0,140.23714242519134,0.7005876941255174
Chennai,2020-05-18,3.8777,30.92,70.0,2.4,222.99702127311505,2278.668814254924,0.1590258863064431,2.463815608425709,2315,2020-05-18,174.1,1.9,27.6,105.9,3.8,76.3,4.2,78.7,7.4,52.9,14.9,10.3,303.5,135.5,22.4,43.3,26.9,169.2,63.3,418.3,2.6,5.0,1.5,205.3,2.1,83.4,8.5,142.3,225.6,1.3,270.5,149.5,3.9,367.1,30.6,157.7,3391.9,2020,5,18,0,2,6789.2,1.40702016430172,6685.128571428571,6089.726666666667,553531,10.855953693046331,883608.5478692946,11070.62,110706.20000000001,442824.8,197.03908359904295,0.5011543855176898
Chennai,2020-05-19,5.1341,32.91,58.51,3.1,267.4625583268417,2732.640628746392,0.1974073712280035,3.1133584237305145,2316,2020-05-19,164.7,1.9,30.9,102.2,3.9,76.2,4.4,81.3,7.9,52.7,14.8,10.5,307.0,134.0,23.6,44.2,26.5,174.0,65.6,420.9,2.6,5.2,1.7,208.3,2.1,74.2,8.5,143.6,231.8,1.2,274.7,151.3,3.9,370.6,31.7,148.2,3401.3,2020,5,19,1,2,6808.099999999999,0.2783833146762227,6730.228571428571,6125.856666666668,463160,9.11217522963852,889565.4800771822,9263.2,92632.0,370528.0,237.5805013594606,0.4165264859888286
Chennai,2020-05-20,5.4636,33.12,57.39,4.03,314.0457938884043,3215.0632596869136,0.2400729240189435,4.604665450162271,2317,2020-05-20,175.5,2.0,28.4,93.3,4.0,74.8,4.4,82.3,8.1,47.3,15.0,10.6,308.6,139.8,23.8,45.3,19.3,188.0,70.1,426.2,2.4,5.0,1.6,203.8,2.2,57.4,8.5,145.4,230.0,1.2,296.7,159.8,3.9,383.2,32.9,75.1,3371.2000000000003,2020,5,20,2,2,6747.1,-0.8959915394897044,6747.9,6159.816666666667,779879,7.058312754546801,809071.2028677195,15597.58,155975.80000000002,623903.2,127.17896347826387,0.7711341432675645
Chennai,2020-05-21,6.1685,32.81,57.19,4.42,484.4608548279167,4956.921158773319,0.3787740493182112,6.39677026960725,2318,2020-05-21,186.9,2.1,20.2,81.6,4.2,78.0,4.5,84.8,8.2,47.3,16.6,10.6,316.6,142.4,24.3,43.4,17.4,196.5,71.2,434.5,2.8,4.4,1.5,207.2,2.3,70.0,8.5,160.4,233.5,1.1,302.2,166.9,3.9,382.7,33.7,51.5,3419.3,2020,5,21,3,2,6843.2,1.4243156319011074,6777.342857142857,6201.990000000001,420884,9.998414398528798,1768001.7410487793,8417.68,84176.8,336707.2,522.5858137422601,0.19044495360921515
Chennai,2020-05-22,6.0187,32.61,60.58,3.65,309.5809210920232,3166.017998627707,0.2399508697316888,3.8626216955439454,2319,2020-05-22,192.3,2.0,21.7,92.5,4.5,79.2,4.5,91.7,8.6,52.5,16.3,10.3,317.1,154.5,24.8,44.9,23.5,201.3,72.4,442.1,2.4,4.7,1.7,209.3,2.3,77.2,8.5,168.2,237.2,1.3,306.5,173.3,3.9,402.6,35.2,78.3,3565.1,2020,5,22,4,2,7134.4,4.255319148936176,6833.314285714286,6246.483333333334,223247,8.6935341110135,982343.5886358559,4464.9400000000005,44649.4,178597.6,547.5317969759145,0.1818074859535915
Chennai,2020-05-23,6.084,31.38,72.38,3.27,380.9419243993407,3896.9444239727577,0.2933331639016568,4.962811838029397,2320,2020-05-23,195.9,1.5,23.6,98.6,4.6,79.4,4.6,95.2,8.1,54.7,16.5,10.7,315.2,158.0,24.1,41.2,27.3,201.2,74.0,443.5,2.5,5.1,1.4,216.6,2.1,84.5,8.5,171.0,244.1,1.3,311.9,168.1,3.9,417.5,36.1,102.9,3651.1,2020,5,23,5,2,7306.5,2.4122561112357,6903.357142857143,6295.37,224300,8.741191238800727,1215408.4673987632,4486.0,44860.0,179440.0,674.8341882516513,0.14763748745847774
Chennai,2020-05-24,6.1937,30.78,77.43,2.82,331.3531300728466,3390.319078053461,0.2597622941068829,4.231194467057071,2321,2020-05-24,194.0,1.6,22.9,109.2,4.5,83.8,4.1,98.0,8.7,55.0,17.3,10.0,312.2,154.3,22.4,46.2,27.7,192.6,69.7,447.4,2.4,4.6,1.6,216.2,2.1,85.0,7.6,168.3,245.8,0.9,302.2,172.3,4.3,426.9,34.6,118.4,3674.8,2020,5,24,6,2,7349.6,0.589885718196137,6996.871428571429,6345.823333333334,667281,8.3676156387131,1012012.006093942,13345.62,133456.2,533824.8,187.0775554252897,0.527488082451034
Chennai,2020-05-25,6.2405,30.44,79.62,3.3,374.5515346174102,3834.449084009233,0.29073825950854,5.110555584043095,2322,2020-05-25,191.6,1.5,20.0,105.8,5.0,85.8,4.4,101.5,9.0,55.3,17.3,10.6,319.8,162.7,24.5,47.4,28.3,200.9,75.9,457.9,2.4,4.3,1.7,220.3,2.1,85.8,7.6,175.9,249.6,1.1,306.3,177.1,4.3,426.5,36.1,113.4,3735.8,2020,5,25,0,2,7475.500000000001,1.7130183955589515,7094.914285714285,6401.906666666667,733556,8.479083641748744,1159186.6334107255,14671.12,146711.2,586844.8,195.02865381285227,0.5062552283044138
Chennai,2020-05-26,6.2215,30.68,77.66,3.13,332.7624370853408,3403.815119968726,0.257447463283904,4.12586275347288,2323,2020-05-26,193.5,1.3,15.7,108.9,5.4,87.1,4.7,106.9,9.3,56.7,17.5,10.9,323.1,167.8,25.4,44.4,27.9,187.3,77.4,462.7,1.8,3.7,1.3,218.0,1.6,86.7,7.6,184.3,253.8,1.2,318.9,176.3,4.3,425.3,36.3,120.2,3771.6,2020,5,26,1,2,7546.800000000001,0.9537823556952764,7200.442857142857,6470.550000000001,548951,10.357493967463684,1258003.5011691249,10979.02,109790.20000000001,439160.8,283.95623679734734,0.3490931865441391
Chennai,2020-05-27,6.2789,31.49,74.36,3.15,285.4326782238401,2916.9235397521443,0.2201191109291045,3.1892448036591685,2324,2020-05-27,194.8,1.4,17.8,79.3,5.5,86.7,4.8,110.4,9.2,53.8,17.3,10.8,321.1,168.2,25.6,41.3,24.4,187.0,77.7,460.7,1.8,4.2,1.6,218.3,1.8,88.2,8.2,182.7,260.7,1.2,324.6,176.9,1.9,395.3,35.5,104.6,3705.2999999999993,2020,5,27,2,2,7410.5999999999985,-1.804738432183206,7295.228571428571,6534.8966666666665,474329,5.720870355319208,596017.0217608988,9486.58,94865.8,379463.2,154.5684645469966,0.6366639701244254
Chennai,2020-05-28,6.1874,32.01,71.82,2.87,370.26235136925806,3788.58341870952,0.2892487116306813,4.893855943973852,2325,2020-05-28,195.4,1.6,23.4,79.0,5.0,90.0,4.6,105.6,9.4,51.7,16.8,10.7,321.5,139.3,24.2,43.3,22.2,192.1,74.3,457.3,2.2,4.8,1.3,210.9,2.1,79.3,7.8,150.3,249.4,1.3,307.0,180.5,3.2,350.0,34.1,89.8,3541.4000000000005,2020,5,28,3,2,7082.800000000001,-4.42339351739397,7329.457142857143,6582.003333333333,632315,7.340539679173375,992042.8009044768,12646.300000000001,126463.0,505852.0,193.61325069476382,0.5099089370235459
Chennai,2020-05-29,6.0876,31.45,68.65,3.4,478.5977366602617,4896.060546520335,0.3660857445467344,5.9730673078322445,2326,2020-05-29,193.3,1.9,24.0,95.5,4.3,82.5,4.8,88.4,8.9,53.7,17.4,10.9,323.9,109.0,24.7,44.1,23.4,192.8,69.8,462.6,2.5,5.2,1.4,203.7,2.1,73.6,7.8,134.0,250.1,1.2,298.8,182.4,3.2,337.1,33.8,113.9,3483.6000000000004,2020,5,29,4,2,6970.300000000001,-1.5883548878974365,7306.014285714286,6623.58,716588,5.528523546627224,965767.6826183945,14331.76,143317.6,573270.4,165.96634373907924,0.5935897594502111
Chennai,2020-05-30,6.3794,30.99,70.24,3.48,301.15681564388825,3078.7466348776184,0.2278651475883544,3.790631005788724,2327,2020-05-30,186.4,1.9,25.6,91.0,3.4,74.6,4.8,73.3,9.3,53.2,17.6,10.6,326.5,96.1,19.6,41.8,24.9,183.5,70.5,461.2,2.5,5.4,1.7,206.0,2.0,75.1,8.0,127.5,186.9,1.2,306.6,164.0,3.6,282.0,28.2,129.5,3306.0,2020,5,30,5,2,6612.0,-5.140381332223876,7206.800000000001,6646.9766666666665,436584,10.272723545232155,1129200.7594683203,8731.68,87316.8,349267.2,320.8056981784492,0.30930451274221443
Chennai,2020-05-31,6.5006,29.82,75.78,3.59,249.73370133051708,2553.9185660072176,0.1841215946829328,2.860683421839729,2328,2020-05-31,184.1,2.0,25.1,78.0,3.4,74.0,4.4,73.3,9.1,48.3,16.0,9.1,319.2,96.1,19.6,41.8,21.2,168.5,63.5,443.5,2.2,5.5,1.7,204.8,2.2,84.9,7.2,127.5,186.9,0.9,288.5,145.9,4.1,282.0,28.2,120.4,3193.1000000000004,2020,5,31,6,2,6386.200000000001,-3.415003024803376,7069.171428571429,6664.65,762332,6.906112983042096,629511.542327572,15246.64,152466.4,609865.6,100.72135603771912,0.9687902289366165
Chennai,2020-06-01,5.4638,30.49,73.6,3.19,241.33120264978788,2466.919523359967,0.1838462953921675,2.8114872508835966,2329,2020-06-01,178.2,1.6,24.2,94.1,3.9,72.7,4.5,74.6,9.2,54.9,15.9,9.1,325.4,109.4,22.7,41.3,20.3,164.5,68.3,388.3,2.5,5.2,1.5,200.7,2.2,80.3,7.7,134.9,197.4,1.2,303.3,138.5,4.4,331.0,29.4,123.1,3246.4,2020,6,1,0,2,6492.8,1.669224264821012,6928.785714285716,6681.33,576896,11.282012868732188,993786.1328813557,11537.92,115379.20000000001,461516.8,212.83043496604148,0.46440206834022135
Chennai,2020-06-02,6.0226,29.94,71.93,3.8,310.66454541812976,3176.1546364767623,0.2262529446429115,4.039883290228578,2330,2020-06-02,172.0,2.0,24.8,99.6,4.0,73.7,4.6,81.1,9.2,57.9,17.8,8.2,314.4,119.1,24.3,42.7,23.6,155.9,65.6,374.1,2.4,5.0,1.6,184.4,2.2,75.6,7.7,141.5,201.2,1.3,305.1,140.2,4.4,348.7,33.2,130.9,3255.8,2020,6,2,1,2,6515.799999999999,0.3542385411532622,6781.5,6701.130000000001,248984,8.686049266615056,984933.3546157427,4979.68,49796.8,199187.2,491.97622870131346,0.20223398551034388
Chennai,2020-06-03,6.6317,30.17,67.69,3.69,313.6845465959038,3207.1259654874643,0.2308179878029488,4.137346270936916,2331,2020-06-03,175.3,2.0,23.2,106.7,4.1,76.8,2.8,85.7,7.1,59.6,17.4,7.7,301.9,127.1,24.6,43.3,26.6,144.6,65.6,288.2,2.6,5.2,1.4,182.9,2.3,77.0,7.7,140.0,203.8,1.3,311.9,139.7,4.4,365.4,35.3,138.6,3205.5,2020,6,3,2,2,6415.300000000001,-1.542404616470705,6639.314285714287,6714.986666666667,502918,10.605248400402846,1214246.4256463149,10058.36,100583.6,402334.4,299.30029986158644,0.33134465966509835
Chennai,2020-06-04,6.3067,31.08,64.61,2.75,348.81831807760136,3567.7541219780264,0.2645036245518558,4.582115335423527,2332,2020-06-04,174.3,2.0,23.9,100.7,4.1,76.4,4.1,85.1,8.9,59.5,17.7,8.4,298.3,126.0,24.9,44.4,25.0,166.4,66.3,283.6,2.4,5.1,1.7,143.2,2.3,79.6,7.7,146.5,201.2,1.4,319.5,142.8,4.4,342.0,35.1,148.8,3179.4,2020,6,4,3,2,6363.1,-0.8136797967359444,6536.5,6723.79,464712,11.852520049311728,1509047.2796324175,9294.24,92942.40000000001,371769.6,403.4092727410788,0.24636030869108955
Chennai,2020-06-05,5.9311,31.11,66.28,2.26,324.3144980561957,3316.573958372721,0.2453064743159736,4.187136047529455,2333,2020-06-05,181.6,1.9,26.0,74.0,3.9,74.9,4.9,81.0,10.0,61.1,17.4,8.8,288.9,121.4,25.3,42.8,24.7,177.3,66.4,335.2,2.5,5.3,1.7,149.8,2.2,84.5,7.6,151.0,198.0,1.4,321.4,149.2,3.2,284.9,32.9,141.3,3164.4,2020,6,5,4,2,6328.799999999999,-0.5390454338294437,6444.857142857143,6731.493333333333,320151,10.878522016195994,1287742.7786556955,6403.02,64030.200000000004,256120.8,500.28727016926996,0.1988911181286158
Chennai,2020-06-06,6.2707,30.13,69.26,3.6,273.06653265259115,2792.8550195045905,0.2092881796340456,3.4253800892322954,2334,2020-06-06,186.6,1.7,24.2,85.3,3.9,76.5,5.1,80.2,10.0,62.3,12.4,8.4,279.5,129.4,24.7,35.0,26.5,175.2,64.2,357.0,2.4,4.5,1.7,162.3,2.1,93.9,7.6,143.4,206.1,1.4,299.3,153.9,4.3,324.9,34.2,157.4,3247.5000000000005,2020,6,6,5,2,6495.000000000001,2.626090254076629,6428.142857142857,6743.356666666668,655808,11.068956320080664,1103234.9556787054,13116.16,131161.6,524646.4,207.78162123645666,0.4755523034754973
Kolkata,2020-05-15,7.0164,31.84,65.59,3.47,281.8991603902216,2879.8562655433675,0.2143210750888085,2.9989196322598706,2312,2020-05-15,181.9,2.0,22.2,100.6,3.4,79.4,4.2,72.0,7.5,49.7,13.9,10.0,306.3,120.4,21.9,43.2,23.2,209.5,71.9,405.5,2.3,5.1,1.6,202.9,2.1,81.2,8.5,121.2,219.7,1.2,303.5,156.8,3.9,339.7,30.1,145.2,3368.9,2020,5,15,4,2,6742.599999999999,1.589549652709743,6476.0,6003.933333333334,333767,7.8558914675539135,808317.7612193562,6675.34,66753.40000000001,267013.6,300.22531482267436,0.33033205810688787
Kolkata,2020-05-16,7.1623,32.35,63.84,3.22,293.8778807796024,3002.1393577453105,0.2121702088962662,3.175236474799966,2313,2020-05-16,185.5,1.9,22.1,101.9,3.5,76.5,4.3,73.3,7.6,53.0,16.2,8.9,306.5,128.5,22.4,43.8,25.9,204.1,71.2,405.1,2.2,5.1,1.5,205.5,2.4,81.3,8.5,129.8,225.2,0.9,296.5,152.8,3.9,350.6,30.5,151.7,3405.6,2020,5,16,5,2,6816.200000000001,1.09156705128588,6511.099999999999,6033.223333333333,336330,8.862058166815379,950592.4487943841,6726.6,67266.0,269064.0,350.7960369259299,0.28304844762105996
Kolkata,2020-05-17,6.287,32.61,63.32,2.48,312.96183204783614,3200.565600194744,0.238868522489879,3.766244306500447,2314,2020-05-17,177.6,1.9,21.5,101.6,3.4,75.7,3.8,75.7,7.3,51.4,16.3,9.1,299.7,128.2,20.6,43.0,26.3,192.5,63.7,404.9,2.4,4.8,1.5,204.5,2.2,81.3,8.5,135.7,220.8,0.9,277.3,144.2,3.9,361.1,28.0,149.0,3344.7,2020,5,17,6,2,6695.0,-1.77811683929463,6590.5142857142855,6057.35,680754,6.77721994830313,774169.0774924124,13615.08,136150.80000000002,544603.2,139.65286973936483,0.7034671267120081
Kolkata,2020-05-18,6.9684,31.83,64.5,2.69,222.99702127311505,2278.668814254924,0.1590258863064431,2.463815608425709,2315,2020-05-18,174.1,1.9,27.6,105.9,3.8,76.3,4.2,78.7,7.4,52.9,14.9,10.3,303.5,135.5,22.4,43.3,26.9,169.2,63.3,418.3,2.6,5.0,1.5,205.3,2.1,83.4,8.5,142.3,225.6,1.3,270.5,149.5,3.9,367.1,30.6,157.7,3391.9,2020,5,18,0,2,6789.2,1.40702016430172,6685.128571428571,6089.726666666667,501648,6.372791697854169,518706.45152266376,10032.960000000001,100329.6,401318.4,126.75060289352886,0.7736892902192389
Kolkata,2020-05-19,2.9959,28.4,72.08,3.35,267.4625583268417,2732.640628746392,0.1974073712280035,3.1133584237305145,2316,2020-05-19,164.7,1.9,30.9,102.2,3.9,76.2,4.4,81.3,7.9,52.7,14.8,10.5,307.0,134.0,23.6,44.2,26.5,174.0,65.6,420.9,2.6,5.2,1.7,208.3,2.1,74.2,8.5,143.6,231.8,1.2,274.7,151.3,3.9,370.6,31.7,148.2,3401.3,2020,5,19,1,2,6808.099999999999,0.2783833146762227,6730.228571428571,6125.856666666668,213986,8.538555153742237,833566.4891296794,4279.72,42797.200000000004,171188.8,484.4281688578222,0.20536885403092764
Kolkata,2020-05-20,1.1659,26.33,90.18,7.87,314.0457938884043,3215.0632596869136,0.2400729240189435,4.604665450162271,2317,2020-05-20,175.5,2.0,28.4,93.3,4.0,74.8,4.4,82.3,8.1,47.3,15.0,10.6,308.6,139.8,23.8,45.3,19.3,188.0,70.1,426.2,2.4,5.0,1.6,203.8,2.2,57.4,8.5,145.4,230.0,1.2,296.7,159.8,3.9,383.2,32.9,75.1,3371.2000000000003,2020,5,20,2,2,6747.1,-0.8959915394897044,6747.9,6159.816666666667,786146,9.165342857902944,1050593.1415353846,15722.92,157229.2,628916.8,164.5480326706783,0.5986296469166231
Kolkata,2020-05-21,2.6138,27.25,80.55,5.01,484.4608548279167,4956.921158773319,0.3787740493182112,6.39677026960725,2318,2020-05-21,186.9,2.1,20.2,81.6,4.2,78.0,4.5,84.8,8.2,47.3,16.6,10.6,316.6,142.4,24.3,43.4,17.4,196.5,71.2,434.5,2.8,4.4,1.5,207.2,2.3,70.0,8.5,160.4,233.5,1.1,302.2,166.9,3.9,382.7,33.7,51.5,3419.3,2020,5,21,3,2,6843.2,1.4243156319011074,6777.342857142857,6201.990000000001,329312,7.374898721273336,1304090.1546537473,6586.24,65862.40000000001,263449.6,492.50555501080567,0.20201778001473308
Kolkata,2020-05-22,5.5565,29.53,76.1,2.37,309.5809210920232,3166.017998627707,0.2399508697316888,3.8626216955439454,2319,2020-05-22,192.3,2.0,21.7,92.5,4.5,79.2,4.5,91.7,8.6,52.5,16.3,10.3,317.1,154.5,24.8,44.9,23.5,201.3,72.4,442.1,2.4,4.7,1.7,209.3,2.3,77.2,8.5,168.2,237.2,1.3,306.5,173.3,3.9,402.6,35.2,78.3,3565.1,2020,5,22,4,2,7134.4,4.255319148936176,6833.314285714286,6246.483333333334,212666,8.986104624344502,1015403.1895213588,4253.32,42533.200000000004,170132.8,594.3297644671451,0.1675518003133286
Kolkata,2020-05-23,5.9074,30.21,80.44,2.97,380.9419243993407,3896.9444239727577,0.2933331639016568,4.962811838029397,2320,2020-05-23,195.9,1.5,23.6,98.6,4.6,79.4,4.6,95.2,8.1,54.7,16.5,10.7,315.2,158.0,24.1,41.2,27.3,201.2,74.0,443.5,2.5,5.1,1.4,216.6,2.1,84.5,8.5,171.0,244.1,1.3,311.9,168.1,3.9,417.5,36.1,102.9,3651.1,2020,5,23,5,2,7306.5,2.4122561112357,6903.357142857143,6295.37,500804,11.21222337759452,1558990.1718434882,10016.08,100160.8,400643.2,386.62183505011143,0.25698875480240485
Kolkata,2020-05-24,5.4756,30.49,80.53,4.86,331.3531300728466,3390.319078053461,0.2597622941068829,4.231194467057071,2321,2020-05-24,194.0,1.6,22.9,109.2,4.5,83.8,4.1,98.0,8.7,55.0,17.3,10.0,312.2,154.3,22.4,46.2,27.7,192.6,69.7,447.4,2.4,4.6,1.6,216.2,2.1,85.0,7.6,168.3,245.8,0.9,302.2,172.3,4.3,426.9,34.6,118.4,3674.8,2020,5,24,6,2,7349.6,0.589885718196137,6996.871428571429,6345.823333333334,334633,8.897051093483562,1076043.9908089945,6692.66,66926.6,267706.4,399.4492962473047,0.24878736696569947
Kolkata,2020-05-25,3.9598,30.09,80.38,5.8,374.5515346174102,3834.449084009233,0.29073825950854,5.110555584043095,2322,2020-05-25,191.6,1.5,20.0,105.8,5.0,85.8,4.4,101.5,9.0,55.3,17.3,10.6,319.8,162.7,24.5,47.4,28.3,200.9,75.9,457.9,2.4,4.3,1.7,220.3,2.1,85.8,7.6,175.9,249.6,1.1,306.3,177.1,4.3,426.5,36.1,113.4,3735.8,2020,5,25,0,2,7475.500000000001,1.7130183955589515,7094.914285714285,6401.906666666667,488998,10.045691674173547,1373359.6699920907,9779.960000000001,97799.6,391198.4,348.5647461728091,0.28484753389818057
Kolkata,2020-05-26,4.1928,30.06,79.14,6.41,332.7624370853408,3403.815119968726,0.257447463283904,4.12586275347288,2323,2020-05-26,193.5,1.3,15.7,108.9,5.4,87.1,4.7,106.9,9.3,56.7,17.5,10.9,323.1,167.8,25.4,44.4,27.9,187.3,77.4,462.7,1.8,3.7,1.3,218.0,1.6,86.7,7.6,184.3,253.8,1.2,318.9,176.3,4.3,425.3,36.3,120.2,3771.6,2020,5,26,1,2,7546.800000000001,0.9537823556952764,7200.442857142857,6470.550000000001,484806,10.637204771505335,1291976.696992805,9696.12,96961.20000000001,387844.8,330.61693156458585,0.300194655761275
Kolkata,2020-05-27,3.9761,29.97,81.23,5.33,285.4326782238401,2916.9235397521443,0.2201191109291045,3.1892448036591685,2324,2020-05-27,194.8,1.4,17.8,79.3,5.5,86.7,4.8,110.4,9.2,53.8,17.3,10.8,321.1,168.2,25.6,41.3,24.4,187.0,77.7,460.7,1.8,4.2,1.6,218.3,1.8,88.2,8.2,182.7,260.7,1.2,324.6,176.9,1.9,395.3,35.5,104.6,3705.2999999999993,2020,5,27,2,2,7410.5999999999985,-1.804738432183206,7295.228571428571,6534.8966666666665,230535,11.9211014736881,1241975.2511697311,4610.7,46107.0,184428.0,670.9201158011425,0.1484955930729755
Kolkata,2020-05-28,1.6198,28.92,84.86,2.98,370.26235136925806,3788.58341870952,0.2892487116306813,4.893855943973852,2325,2020-05-28,195.4,1.6,23.4,79.0,5.0,90.0,4.6,105.6,9.4,51.7,16.8,10.7,321.5,139.3,24.2,43.3,22.2,192.1,74.3,457.3,2.2,4.8,1.3,210.9,2.1,79.3,7.8,150.3,249.4,1.3,307.0,180.5,3.2,350.0,34.1,89.8,3541.4000000000005,2020,5,28,3,2,7082.800000000001,-4.42339351739397,7329.457142857143,6582.003333333333,575713,9.222381815238858,1246365.7832894307,11514.26,115142.6,460570.4,268.11352255582005,0.36953038718221887
Kolkata,2020-05-29,6.0984,29.16,81.23,1.74,478.5977366602617,4896.060546520335,0.3660857445467344,5.9730673078322445,2326,2020-05-29,193.3,1.9,24.0,95.5,4.3,82.5,4.8,88.4,8.9,53.7,17.4,10.9,323.9,109.0,24.7,44.1,23.4,192.8,69.8,462.6,2.5,5.2,1.4,203.7,2.1,73.6,7.8,134.0,250.1,1.2,298.8,182.4,3.2,337.1,33.8,113.9,3483.6000000000004,2020,5,29,4,2,6970.300000000001,-1.5883548878974365,7306.014285714286,6623.58,551279,10.647951042738102,1860071.1232301611,11025.58,110255.8,441023.2,419.26264723265376,0.237100053536703
Kolkata,2020-05-30,5.6234,29.65,79.52,1.94,301.15681564388825,3078.7466348776184,0.2278651475883544,3.790631005788724,2327,2020-05-30,186.4,1.9,25.6,91.0,3.4,74.6,4.8,73.3,9.3,53.2,17.6,10.6,326.5,96.1,19.6,41.8,24.9,183.5,70.5,461.2,2.5,5.4,1.7,206.0,2.0,75.1,8.0,127.5,186.9,1.2,306.6,164.0,3.6,282.0,28.2,129.5,3306.0,2020,5,30,5,2,6612.0,-5.140381332223876,7206.800000000001,6646.9766666666665,689570,11.738545229884123,1290327.1591291346,13791.4,137914.0,551656.0,231.40068432667,0.4275315516421206
Kolkata,2020-05-31,4.9697,29.95,79.62,2.1,249.73370133051708,2553.9185660072176,0.1841215946829328,2.860683421839729,2328,2020-05-31,184.1,2.0,25.1,78.0,3.4,74.0,4.4,73.3,9.1,48.3,16.0,9.1,319.2,96.1,19.6,41.8,21.2,168.5,63.5,443.5,2.2,5.5,1.7,204.8,2.2,84.9,7.2,127.5,186.9,0.9,288.5,145.9,4.1,282.0,28.2,120.4,3193.1000000000004,2020,5,31,6,2,6386.200000000001,-3.415003024803376,7069.171428571429,6664.65,656551,11.610868079040914,1058363.147279322,13131.02,131310.2,525240.8,199.00055884449986,0.4962760703395022
Kolkata,2020-06-01,5.4797,29.47,82.02,2.42,241.33120264978788,2466.919523359967,0.1838462953921675,2.8114872508835966,2329,2020-06-01,178.2,1.6,24.2,94.1,3.9,72.7,4.5,74.6,9.2,54.9,15.9,9.1,325.4,109.4,22.7,41.3,20.3,164.5,68.3,388.3,2.5,5.2,1.5,200.7,2.2,80.3,7.7,134.9,197.4,1.2,303.3,138.5,4.4,331.0,29.4,123.1,3246.4,2020,6,1,0,2,6492.8,1.669224264821012,6928.785714285716,6681.33,473109,5.987572941443995,527420.6853028827,9462.18,94621.8,378487.2,136.84967557763713,0.7176178199473273
Kolkata,2020-06-02,6.2822,29.81,81.08,2.79,310.66454541812976,3176.1546364767623,0.2262529446429115,4.039883290228578,2330,2020-06-02,172.0,2.0,24.8,99.6,4.0,73.7,4.6,81.1,9.2,57.9,17.8,8.2,314.4,119.1,24.3,42.7,23.6,155.9,65.6,374.1,2.4,5.0,1.6,184.4,2.2,75.6,7.7,141.5,201.2,1.3,305.1,140.2,4.4,348.7,33.2,130.9,3255.8,2020,6,2,1,2,6515.799999999999,0.3542385411532622,6781.5,6701.130000000001,224538,7.8447461579146545,889535.8421602492,4490.76,44907.600000000006,179630.4,492.70339661897384,0.20193699854383293
Kolkata,2020-06-03,6.5138,29.87,77.88,2.34,313.6845465959038,3207.1259654874643,0.2308179878029488,4.137346270936916,2331,2020-06-03,175.3,2.0,23.2,106.7,4.1,76.8,2.8,85.7,7.1,59.6,17.4,7.7,301.9,127.1,24.6,43.3,26.6,144.6,65.6,288.2,2.6,5.2,1.4,182.9,2.3,77.0,7.7,140.0,203.8,1.3,311.9,139.7,4.4,365.4,35.3,138.6,3205.5,2020,6,3,2,2,6415.300000000001,-1.542404616470705,6639.314285714287,6714.986666666667,401664,7.267930427747597,832140.673235281,8033.28,80332.8,321331.2,256.4666590842349,0.3861496309284661
Kolkata,2020-06-04,6.5311,29.76,79.88,2.74,348.81831807760136,3567.7541219780264,0.2645036245518558,4.582115335423527,2332,2020-06-04,174.3,2.0,23.9,100.7,4.1,76.4,4.1,85.1,8.9,59.5,17.7,8.4,298.3,126.0,24.9,44.4,25.0,166.4,66.3,283.6,2.4,5.1,1.7,143.2,2.3,79.6,7.7,146.5,201.2,1.4,319.5,142.8,4.4,342.0,35.1,148.8,3179.4,2020,6,4,3,2,6363.1,-0.8136797967359444,6536.5,6723.79,691234,5.608475104652445,714063.6813395123,13824.68,138246.80000000002,552987.2,126.62842853134978,0.7744217218006813
Kolkata,2020-06-05,6.353,29.17,85.5,3.02,324.3144980561957,3316.573958372721,0.2453064743159736,4.187136047529455,2333,2020-06-05,181.6,1.9,26.0,74.0,3.9,74.9,4.9,81.0,10.0,61.1,17.4,8.8,288.9,121.4,25.3,42.8,24.7,177.3,66.4,335.2,2.5,5.3,1.7,149.8,2.2,84.5,7.6,151.0,198.0,1.4,321.4,149.2,3.2,284.9,32.9,141.3,3164.4,2020,6,5,4,2,6328.799999999999,-0.5390454338294437,6444.857142857143,6731.493333333333,339182,9.432685424376723,1116592.1731359866,6783.64,67836.40000000001,271345.6,409.00185340613103,0.24301205356460978
Kolkata,2020-06-06,6.221,29.79,82.06,1.95,273.06653265259115,2792.8550195045905,0.2092881796340456,3.4253800892322954,2334,2020-06-06,186.6,1.7,24.2,85.3,3.9,76.5,5.1,80.2,10.0,62.3,12.4,8.4,279.5,129.4,24.7,35.0,26.5,175.2,64.2,357.0,2.4,4.5,1.7,162.3,2.1,93.9,7.6,143.4,206.1,1.4,299.3,153.9,4.3,324.9,34.2,157.4,3247.5000000000005,2020,6,6,5,2,6495.000000000001,2.626090254076629,6428.142857142857,6743.356666666668,672525,10.151332292372016,1011776.0254720417,13450.5,134505.0,538020.0,185.5554673566116,0.5317574786292348
Lucknow,2020-05-15,6.5642,34.66,35.27,2.77,281.8991603902216,2879.8562655433675,0.2143210750888085,2.9989196322598706,2312,2020-05-15,181.9,2.0,22.2,100.6,3.4,79.4,4.2,72.0,7.5,49.7,13.9,10.0,306.3,120.4,21.9,43.2,23.2,209.5,71.9,405.5,2.3,5.1,1.6,202.9,2.1,81.2,8.5,121.2,219.7,1.2,303.5,156.8,3.9,339.7,30.1,145.2,3368.9,2020,5,15,4,2,6742.599999999999,1.589549652709743,6476.0,6003.933333333334,358338,10.936896668268185,1125332.2256416858,7166.76,71667.6,286670.4,390.05264081735874,0.2547426784066873
Lucknow,2020-05-16,7.4112,33.84,28.41,3.85,293.8778807796024,3002.1393577453105,0.2121702088962662,3.175236474799966,2313,2020-05-16,185.5,1.9,22.1,101.9,3.5,76.5,4.3,73.3,7.6,53.0,16.2,8.9,306.5,128.5,22.4,43.8,25.9,204.1,71.2,405.1,2.2,5.1,1.5,205.5,2.4,81.3,8.5,129.8,225.2,0.9,296.5,152.8,3.9,350.6,30.5,151.7,3405.6,2020,5,16,5,2,6816.200000000001,1.09156705128588,6511.099999999999,6033.223333333333,384064,5.859438227638959,628515.1404475973,7681.28,76812.8,307251.2,202.06067883464644,0.4888517258780201
Lucknow,2020-05-17,7.417,33.7,27.23,3.25,312.96183204783614,3200.565600194744,0.238868522489879,3.766244306500447,2314,2020-05-17,177.6,1.9,21.5,101.6,3.4,75.7,3.8,75.7,7.3,51.4,16.3,9.1,299.7,128.2,20.6,43.0,26.3,192.5,63.7,404.9,2.4,4.8,1.5,204.5,2.2,81.3,8.5,135.7,220.8,0.9,277.3,144.2,3.9,361.1,28.0,149.0,3344.7,2020,5,17,6,2,6695.0,-1.77811683929463,6590.5142857142855,6057.35,414020,11.135108531127056,1271975.3475728496,8280.4,82804.0,331216.0,381.5319753794653,0.2603947790633193
Lucknow,2020-05-18,6.2081,34.78,26.01,1.68,222.99702127311505,2278.668814254924,0.1590258863064431,2.463815608425709,2315,2020-05-18,174.1,1.9,27.6,105.9,3.8,76.3,4.2,78.7,7.4,52.9,14.9,10.3,303.5,135.5,22.4,43.3,26.9,169.2,63.3,418.3,2.6,5.0,1.5,205.3,2.1,83.4,8.5,142.3,225.6,1.3,270.5,149.5,3.9,367.1,30.6,157.7,3391.9,2020,5,18,0,2,6789.2,1.40702016430172,6685.128571428571,6089.726666666667,319176,9.500478945299772,773281.1544964751,6383.52,63835.200000000004,255340.8,300.3427711107959,0.3302039217059986
Lucknow,2020-05-19,7.3661,34.18,25.21,1.64,267.4625583268417,2732.640628746392,0.1974073712280035,3.1133584237305145,2316,2020-05-19,164.7,1.9,30.9,102.2,3.9,76.2,4.4,81.3,7.9,52.7,14.8,10.5,307.0,134.0,23.6,44.2,26.5,174.0,65.6,420.9,2.6,5.2,1.7,208.3,2.1,74.2,8.5,143.6,231.8,1.2,274.7,151.3,3.9,370.6,31.7,148.2,3401.3,2020,5,19,1,2,6808.099999999999,0.2783833146762227,6730.228571428571,6125.856666666668,418126,9.927622945969567,969172.6124001462,8362.52,83625.20000000001,334500.8,287.2370088203515,0.34514022639515846
Lucknow,2020-05-20,7.3963,33.85,20.88,2.03,314.0457938884043,3215.0632596869136,0.2400729240189435,4.604665450162271,2317,2020-05-20,175.5,2.0,28.4,93.3,4.0,74.8,4.4,82.3,8.1,47.3,15.0,10.6,308.6,139.8,23.8,45.3,19.3,188.0,70.1,426.2,2.4,5.0,1.6,203.8,2.2,57.4,8.5,145.4,230.0,1.2,296.7,159.8,3.9,383.2,32.9,75.1,3371.2000000000003,2020,5,20,2,2,6747.1,-0.8959915394897044,6747.9,6159.816666666667,418969,11.374368024782127,1303806.4392573785,8379.380000000001,83793.8,335175.2,386.4925147377785,0.25707415827517355
Lucknow,2020-05-21,7.9534,34.43,20.66,2.22,484.4608548279167,4956.921158773319,0.3787740493182112,6.39677026960725,2318,2020-05-21,186.9,2.1,20.2,81.6,4.2,78.0,4.5,84.8,8.2,47.3,16.6,10.6,316.6,142.4,24.3,43.4,17.4,196.5,71.2,434.5,2.8,4.4,1.5,207.2,2.3,70.0,8.5,160.4,233.5,1.1,302.2,166.9,3.9,382.7,33.7,51.5,3419.3,2020,5,21,3,2,6843.2,1.4243156319011074,6777.342857142857,6201.990000000001,322409,9.373328897302757,1657468.9895122352,6448.18,64481.8,257927.2,640.1111668378655,0.1556150045744741
Lucknow,2020-05-22,7.9807,35.72,20.42,2.02,309.5809210920232,3166.017998627707,0.2399508697316888,3.8626216955439454,2319,2020-05-22,192.3,2.0,21.7,92.5,4.5,79.2,4.5,91.7,8.6,52.5,16.3,10.3,317.1,154.5,24.8,44.9,23.5,201.3,72.4,442.1,2.4,4.7,1.7,209.3,2.3,77.2,8.5,168.2,237.2,1.3,306.5,173.3,3.9,402.6,35.2,78.3,3565.1,2020,5,22,4,2,7134.4,4.255319148936176,6833.314285714286,6246.483333333334,747707,7.351061000048846,830648.1059205512,14954.14,149541.4,598165.6,136.36591036337617,0.7201182734520544
Lucknow,2020-05-23,7.4784,36.55,22.61,1.89,380.9419243993407,3896.9444239727577,0.2933331639016568,4.962811838029397,2320,2020-05-23,195.9,1.5,23.6,98.6,4.6,79.4,4.6,95.2,8.1,54.7,16.5,10.7,315.2,158.0,24.1,41.2,27.3,201.2,74.0,443.5,2.5,5.1,1.4,216.6,2.1,84.5,8.5,171.0,244.1,1.3,311.9,168.1,3.9,417.5,36.1,102.9,3651.1,2020,5,23,5,2,7306.5,2.4122561112357,6903.357142857143,6295.37,453618,10.77575131995862,1498301.4373059266,9072.36,90723.6,362894.4,410.37532607445206,0.24220370398149693
Lucknow,2020-05-24,7.0826,37.76,21.32,2.57,331.3531300728466,3390.319078053461,0.2597622941068829,4.231194467057071,2321,2020-05-24,194.0,1.6,22.9,109.2,4.5,83.8,4.1,98.0,8.7,55.0,17.3,10.0,312.2,154.3,22.4,46.2,27.7,192.6,69.7,447.4,2.4,4.6,1.6,216.2,2.1,85.0,7.6,168.3,245.8,0.9,302.2,172.3,4.3,426.9,34.6,118.4,3674.8,2020,5,24,6,2,7349.6,0.589885718196137,6996.871428571429,6345.823333333334,250015,7.5414144853656335,912088.022639452,5000.3,50003.0,200012.0,453.51665032070673,0.21928999805435062
Lucknow,2020-05-25,7.4006,38.46,16.87,2.54,374.5515346174102,3834.449084009233,0.29073825950854,5.110555584043095,2322,2020-05-25,191.6,1.5,20.0,105.8,5.0,85.8,4.4,101.5,9.0,55.3,17.3,10.6,319.8,162.7,24.5,47.4,28.3,200.9,75.9,457.9,2.4,4.3,1.7,220.3,2.1,85.8,7.6,175.9,249.6,1.1,306.3,177.1,4.3,426.5,36.1,113.4,3735.8,2020,5,25,0,2,7475.500000000001,1.7130183955589515,7094.914285714285,6401.906666666667,322096,5.239596775743704,716312.1397929022,6441.92,64419.200000000004,257676.8,275.4886042487729,0.3597264739196304
Lucknow,2020-05-26,6.2489,39.27,17.53,2.39,332.7624370853408,3403.815119968726,0.257447463283904,4.12586275347288,2323,2020-05-26,193.5,1.3,15.7,108.9,5.4,87.1,4.7,106.9,9.3,56.7,17.5,10.9,323.1,167.8,25.4,44.4,27.9,187.3,77.4,462.7,1.8,3.7,1.3,218.0,1.6,86.7,7.6,184.3,253.8,1.2,318.9,176.3,4.3,425.3,36.3,120.2,3771.6,2020,5,26,1,2,7546.800000000001,0.9537823556952764,7200.442857142857,6470.550000000001,385340,10.814581545956749,1313520.5766211129,7706.8,77068.0,308272.0,423.5914311455834,0.2346912342262357
Lucknow,2020-05-27,6.7169,39.2,19.84,2.41,285.4326782238401,2916.9235397521443,0.2201191109291045,3.1892448036591685,2324,2020-05-27,194.8,1.4,17.8,79.3,5.5,86.7,4.8,110.4,9.2,53.8,17.3,10.8,321.1,168.2,25.6,41.3,24.4,187.0,77.7,460.7,1.8,4.2,1.6,218.3,1.8,88.2,8.2,182.7,260.7,1.2,324.6,176.9,1.9,395.3,35.5,104.6,3705.2999999999993,2020,5,27,2,2,7410.5999999999985,-1.804738432183206,7295.228571428571,6534.8966666666665,310687,7.416345014168929,772656.5353095853,6213.74,62137.4,248549.6,308.3661350931908,0.3216814547733779
Lucknow,2020-05-28,7.026,35.02,36.48,4.96,370.26235136925806,3788.58341870952,0.2892487116306813,4.893855943973852,2325,2020-05-28,195.4,1.6,23.4,79.0,5.0,90.0,4.6,105.6,9.4,51.7,16.8,10.7,321.5,139.3,24.2,43.3,22.2,192.1,74.3,457.3,2.2,4.8,1.3,210.9,2.1,79.3,7.8,150.3,249.4,1.3,307.0,180.5,3.2,350.0,34.1,89.8,3541.4000000000005,2020,5,28,3,2,7082.800000000001,-4.42339351739397,7329.457142857143,6582.003333333333,611357,10.416841662409382,1407791.9650342064,12227.14,122271.40000000001,489085.6,285.34163038826057,0.34741301608089525
Lucknow,2020-05-29,5.8632,34.39,34.73,3.32,478.5977366602617,4896.060546520335,0.3660857445467344,5.9730673078322445,2326,2020-05-29,193.3,1.9,24.0,95.5,4.3,82.5,4.8,88.4,8.9,53.7,17.4,10.9,323.9,109.0,24.7,44.1,23.4,192.8,69.8,462.6,2.5,5.2,1.4,203.7,2.1,73.6,7.8,134.0,250.1,1.2,298.8,182.4,3.2,337.1,33.8,113.9,3483.6000000000004,2020,5,29,4,2,6970.300000000001,-1.5883548878974365,7306.014285714286,6623.58,305878,7.5393052626616175,1317027.4686657372,6117.56,61175.600000000006,244702.4,535.7159997882069,0.1857988690615811
Lucknow,2020-05-30,3.6948,34.59,35.08,3.28,301.15681564388825,3078.7466348776184,0.2278651475883544,3.790631005788724,2327,2020-05-30,186.4,1.9,25.6,91.0,3.4,74.6,4.8,73.3,9.3,53.2,17.6,10.6,326.5,96.1,19.6,41.8,24.9,183.5,70.5,461.2,2.5,5.4,1.7,206.0,2.0,75.1,8.0,127.5,186.9,1.2,306.6,164.0,3.6,282.0,28.2,129.5,3306.0,2020,5,30,5,2,6612.0,-5.140381332223876,7206.800000000001,6646.9766666666665,398286,11.027476139823051,1212164.8535831945,7965.72,79657.20000000001,318628.8,377.9316664354241,0.2628590791087909
Lucknow,2020-05-31,5.4389,30.59,52.78,2.89,249.73370133051708,2553.9185660072176,0.1841215946829328,2.860683421839729,2328,2020-05-31,184.1,2.0,25.1,78.0,3.4,74.0,4.4,73.3,9.1,48.3,16.0,9.1,319.2,96.1,19.6,41.8,21.2,168.5,63.5,443.5,2.2,5.5,1.7,204.8,2.2,84.9,7.2,127.5,186.9,0.9,288.5,145.9,4.1,282.0,28.2,120.4,3193.1000000000004,2020,5,31,6,2,6386.200000000001,-3.415003024803376,7069.171428571429,6664.65,364899,6.536573675566711,595826.9993768975,7297.9800000000005,72979.8,291919.2,201.6068211261532,0.4899387076560384
Lucknow,2020-06-01,6.84,31.38,48.65,1.57,241.33120264978788,2466.919523359967,0.1838462953921675,2.8114872508835966,2329,2020-06-01,178.2,1.6,24.2,94.1,3.9,72.7,4.5,74.6,9.2,54.9,15.9,9.1,325.4,109.4,22.7,41.3,20.3,164.5,68.3,388.3,2.5,5.2,1.5,200.7,2.2,80.3,7.7,134.9,197.4,1.2,303.3,138.5,4.4,331.0,29.4,123.1,3246.4,2020,6,1,0,2,6492.8,1.669224264821012,6928.785714285716,6681.33,524767,11.82183085639209,1041336.4802048483,10495.34,104953.40000000001,419813.6,245.54734296479398,0.4031484585740789
Lucknow,2020-06-02,4.8463,32.93,41.35,2.24,310.66454541812976,3176.1546364767623,0.2262529446429115,4.039883290228578,2330,2020-06-02,172.0,2.0,24.8,99.6,4.0,73.7,4.6,81.1,9.2,57.9,17.8,8.2,314.4,119.1,24.3,42.7,23.6,155.9,65.6,374.1,2.4,5.0,1.6,184.4,2.2,75.6,7.7,141.5,201.2,1.3,305.1,140.2,4.4,348.7,33.2,130.9,3255.8,2020,6,2,1,2,6515.799999999999,0.3542385411532622,6781.5,6701.130000000001,579989,10.458311423516216,1185894.695943183,11599.78,115997.8,463991.2,253.08560074914848,0.39125801837991503
Lucknow,2020-06-03,4.379,32.46,43.46,2.15,313.6845465959038,3207.1259654874643,0.2308179878029488,4.137346270936916,2331,2020-06-03,175.3,2.0,23.2,106.7,4.1,76.8,2.8,85.7,7.1,59.6,17.4,7.7,301.9,127.1,24.6,43.3,26.6,144.6,65.6,288.2,2.6,5.2,1.4,182.9,2.3,77.0,7.7,140.0,203.8,1.3,311.9,139.7,4.4,365.4,35.3,138.6,3205.5,2020,6,3,2,2,6415.300000000001,-1.542404616470705,6639.314285714287,6714.986666666667,615515,5.799665481442778,664031.8844883165,12310.300000000001,123103.0,492412.0,132.35290457753192,0.7415476123286239
Lucknow,2020-06-04,2.3083,30.06,50.13,2.46,348.81831807760136,3567.7541219780264,0.2645036245518558,4.582115335423527,2332,2020-06-04,174.3,2.0,23.9,100.7,4.1,76.4,4.1,85.1,8.9,59.5,17.7,8.4,298.3,126.0,24.9,44.4,25.0,166.4,66.3,283.6,2.4,5.1,1.7,143.2,2.3,79.6,7.7,146.5,201.2,1.4,319.5,142.8,4.4,342.0,35.1,148.8,3179.4,2020,6,4,3,2,6363.1,-0.8136797967359444,6536.5,6723.79,243585,8.960436339765923,1140830.9816466772,4871.7,48717.0,194868.0,582.937825423711,0.17081218192947875
Lucknow,2020-06-05,2.238,25.54,75.89,4.39,324.3144980561957,3316.573958372721,0.2453064743159736,4.187136047529455,2333,2020-06-05,181.6,1.9,26.0,74.0,3.9,74.9,4.9,81.0,10.0,61.1,17.4,8.8,288.9,121.4,25.3,42.8,24.7,177.3,66.4,335.2,2.5,5.3,1.7,149.8,2.2,84.5,7.6,151.0,198.0,1.4,321.4,149.2,3.2,284.9,32.9,141.3,3164.4,2020,6,5,4,2,6328.799999999999,-0.5390454338294437,6444.857142857143,6731.493333333333,571369,11.897571185692144,1408372.5119190956,11427.380000000001,114273.8,457095.2,305.61360782591805,0.32455537975657267
Lucknow,2020-06-06,6.48,30.0,56.43,1.52,273.06653265259115,2792.8550195045905,0.2092881796340456,3.4253800892322954,2334,2020-06-06,186.6,1.7,24.2,85.3,3.9,76.5,5.1,80.2,10.0,62.3,12.4,8.4,279.5,129.4,24.7,35.0,26.5,175.2,64.2,357.0,2.4,4.5,1.7,162.3,2.1,93.9,7.6,143.4,206.1,1.4,299.3,153.9,4.3,324.9,34.2,157.4,3247.5000000000005,2020,6,6,5,2,6495.000000000001,2.626090254076629,6428.142857142857,6743.356666666668,264044,8.2974581688567,827001.7181798603,5280.88,52808.8,211235.2,389.00753197377156,0.2554226187610421
Jaipur,2020-05-15,6.5086,34.17,28.23,3.38,281.8991603902216,2879.8562655433675,0.2143210750888085,2.9989196322598706,2312,2020-05-15,181.9,2.0,22.2,100.6,3.4,79.4,4.2,72.0,7.5,49.7,13.9,10.0,306.3,120.4,21.9,43.2,23.2,209.5,71.9,405.5,2.3,5.1,1.6,202.9,2.1,81.2,8.5,121.2,219.7,1.2,303.5,156.8,3.9,339.7,30.1,145.2,3368.9,2020,5,15,4,2,6742.599999999999,1.589549652709743,6476.0,6003.933333333334,642296,6.274749971751083,645629.0632737469,12845.92,128459.20000000001,513836.8,123.14866184628015,0.7958687632891924
Jaipur,2020-05-16,7.0841,33.75,28.13,2.48,293.8778807796024,3002.1393577453105,0.2121702088962662,3.175236474799966,2313,2020-05-16,185.5,1.9,22.1,101.9,3.5,76.5,4.3,73.3,7.6,53.0,16.2,8.9,306.5,128.5,22.4,43.8,25.9,204.1,71.2,405.1,2.2,5.1,1.5,205.5,2.4,81.3,8.5,129.8,225.2,0.9,296.5,152.8,3.9,350.6,30.5,151.7,3405.6,2020,5,16,5,2,6816.200000000001,1.09156705128588,6511.099999999999,6033.223333333333,309556,8.393448570052424,900326.8405428506,6191.12,61911.200000000004,247644.8,361.05572196260556,0.2750606932811087
Jaipur,2020-05-17,6.4435,34.35,20.14,2.59,312.96183204783614,3200.565600194744,0.238868522489879,3.766244306500447,2314,2020-05-17,177.6,1.9,21.5,101.6,3.4,75.7,3.8,75.7,7.3,51.4,16.3,9.1,299.7,128.2,20.6,43.0,26.3,192.5,63.7,404.9,2.4,4.8,1.5,204.5,2.2,81.3,8.5,135.7,220.8,0.9,277.3,144.2,3.9,361.1,28.0,149.0,3344.7,2020,5,17,6,2,6695.0,-1.77811683929463,6590.5142857142855,6057.35,726981,8.587203591173452,980925.4433424114,14539.62,145396.2,581584.8,166.16421600812322,0.592893385581804
Jaipur,2020-05-18,7.1155,33.48,14.07,2.64,222.99702127311505,2278.668814254924,0.1590258863064431,2.463815608425709,2315,2020-05-18,174.1,1.9,27.6,105.9,3.8,76.3,4.2,78.7,7.4,52.9,14.9,10.3,303.5,135.5,22.4,43.3,26.9,169.2,63.3,418.3,2.6,5.0,1.5,205.3,2.1,83.4,8.5,142.3,225.6,1.3,270.5,149.5,3.9,367.1,30.6,157.7,3391.9,2020,5,18,0,2,6789.2,1.40702016430172,6685.128571428571,6089.726666666667,400235,10.19180860960066,829551.1808842219,8004.7,80047.0,320188.0,256.58253303815945,0.38597692511483817
Jaipur,2020-05-19,7.819,33.12,14.44,3.38,267.4625583268417,2732.640628746392,0.1974073712280035,3.1133584237305145,2316,2020-05-19,164.7,1.9,30.9,102.2,3.9,76.2,4.4,81.3,7.9,52.7,14.8,10.5,307.0,134.0,23.6,44.2,26.5,174.0,65.6,420.9,2.6,5.2,1.7,208.3,2.1,74.2,8.5,143.6,231.8,1.2,274.7,151.3,3.9,370.6,31.7,148.2,3401.3,2020,5,19,1,2,6808.099999999999,0.2783833146762227,6730.228571428571,6125.856666666668,225939,9.891920972126332,965687.2488397245,4518.78,45187.8,180751.2,531.7632573613478,0.18717344879900194
Jaipur,2020-05-20,8.1715,32.51,14.37,3.75,314.0457938884043,3215.0632596869136,0.2400729240189435,4.604665450162271,2317,2020-05-20,175.5,2.0,28.4,93.3,4.0,74.8,4.4,82.3,8.1,47.3,15.0,10.6,308.6,139.8,23.8,45.3,19.3,188.0,70.1,426.2,2.4,5.0,1.6,203.8,2.2,57.4,8.5,145.4,230.0,1.2,296.7,159.8,3.9,383.2,32.9,75.1,3371.2000000000003,2020,5,20,2,2,6747.1,-0.8959915394897044,6747.9,6159.816666666667,352906,7.8178503051788635,896134.4970405691,7058.12,70581.2,282324.8,314.91260315798297,0.31504700007126135
Jaipur,2020-05-21,8.0352,33.89,15.51,3.2,484.4608548279167,4956.921158773319,0.3787740493182112,6.39677026960725,2318,2020-05-21,186.9,2.1,20.2,81.6,4.2,78.0,4.5,84.8,8.2,47.3,16.6,10.6,316.6,142.4,24.3,43.4,17.4,196.5,71.2,434.5,2.8,4.4,1.5,207.2,2.3,70.0,8.5,160.4,233.5,1.1,302.2,166.9,3.9,382.7,33.7,51.5,3419.3,2020,5,21,3,2,6843.2,1.4243156319011074,6777.342857142857,6201.990000000001,742335,6.526161752458606,1154009.5139895931,14846.7,148467.0,593868.0,191.8208783752607,0.5146122958160115
Jaipur,2020-05-22,7.8552,35.73,19.76,3.68,309.5809210920232,3166.017998627707,0.2399508697316888,3.8626216955439454,2319,2020-05-22,192.3,2.0,21.7,92.5,4.5,79.2,4.5,91.7,8.6,52.5,16.3,10.3,317.1,154.5,24.8,44.9,23.5,201.3,72.4,442.1,2.4,4.7,1.7,209.3,2.3,77.2,8.5,168.2,237.2,1.3,306.5,173.3,3.9,402.6,35.2,78.3,3565.1,2020,5,22,4,2,7134.4,4.255319148936176,6833.314285714286,6246.483333333334,488249,9.515379174385306,1075209.6450113112,9764.98,97649.8,390599.2,272.7718502780628,0.36327690933146495
Jaipur,2020-05-23,7.0956,37.01,22.9,4.65,380.9419243993407,3896.9444239727577,0.2933331639016568,4.962811838029397,2320,2020-05-23,195.9,1.5,23.6,98.6,4.6,79.4,4.6,95.2,8.1,54.7,16.5,10.7,315.2,158.0,24.1,41.2,27.3,201.2,74.0,443.5,2.5,5.1,1.4,216.6,2.1,84.5,8.5,171.0,244.1,1.3,311.9,168.1,3.9,417.5,36.1,102.9,3651.1,2020,5,23,5,2,7306.5,2.4122561112357,6903.357142857143,6295.37,275766,7.951927541872973,1105666.2418771011,5515.32,55153.200000000004,220612.8,498.6795516294164,0.19952910934167106
Jaipur,2020-05-24,7.6476,36.52,19.08,3.62,331.3531300728466,3390.319078053461,0.2597622941068829,4.231194467057071,2321,2020-05-24,194.0,1.6,22.9,109.2,4.5,83.8,4.1,98.0,8.7,55.0,17.3,10.0,312.2,154.3,22.4,46.2,27.7,192.6,69.7,447.4,2.4,4.6,1.6,216.2,2.1,85.0,7.6,168.3,245.8,0.9,302.2,172.3,4.3,426.9,34.6,118.4,3674.8,2020,5,24,6,2,7349.6,0.589885718196137,6996.871428571429,6345.823333333334,608923,5.9259334778773125,716705.4613718129,12178.460000000001,121784.6,487138.4,144.6256343929801,0.6796902585021938
Jaipur,2020-05-25,7.4522,36.89,20.53,4.25,374.5515346174102,3834.449084009233,0.29073825950854,5.110555584043095,2322,2020-05-25,191.6,1.5,20.0,105.8,5.0,85.8,4.4,101.5,9.0,55.3,17.3,10.6,319.8,162.7,24.5,47.4,28.3,200.9,75.9,457.9,2.4,4.3,1.7,220.3,2.1,85.8,7.6,175.9,249.6,1.1,306.3,177.1,4.3,426.5,36.1,113.4,3735.8,2020,5,25,0,2,7475.500000000001,1.7130183955589515,7094.914285714285,6401.906666666667,615192,11.3040061086547,1545385.484892237,12303.84,123038.40000000001,492153.6,311.50471009299474,0.31846635441121957
Jaipur,2020-05-26,7.4162,37.62,21.1,5.2,332.7624370853408,3403.815119968726,0.257447463283904,4.12586275347288,2323,2020-05-26,193.5,1.3,15.7,108.9,5.4,87.1,4.7,106.9,9.3,56.7,17.5,10.9,323.1,167.8,25.4,44.4,27.9,187.3,77.4,462.7,1.8,3.7,1.3,218.0,1.6,86.7,7.6,184.3,253.8,1.2,318.9,176.3,4.3,425.3,36.3,120.2,3771.6,2020,5,26,1,2,7546.800000000001,0.9537823556952764,7200.442857142857,6470.550000000001,768550,9.838553003267581,1194973.819287626,15371.0,153710.0,614840.0,191.85525003051623,0.5145213021028607
Jaipur,2020-05-27,7.8821,37.48,20.44,4.48,285.4326782238401,2916.9235397521443,0.2201191109291045,3.1892448036591685,2324,2020-05-27,194.8,1.4,17.8,79.3,5.5,86.7,4.8,110.4,9.2,53.8,17.3,10.8,321.1,168.2,25.6,41.3,24.4,187.0,77.7,460.7,1.8,4.2,1.6,218.3,1.8,88.2,8.2,182.7,260.7,1.2,324.6,176.9,1.9,395.3,35.5,104.6,3705.2999999999993,2020,5,27,2,2,7410.5999999999985,-1.804738432183206,7295.228571428571,6534.8966666666665,587261,9.782286995118369,1019147.2973023703,11745.22,117452.20000000001,469808.8,214.42809868660834,0.460981783753707
Jaipur,2020-05-28,7.1306,36.14,24.36,2.62,370.26235136925806,3788.58341870952,0.2892487116306813,4.893855943973852,2325,2020-05-28,195.4,1.6,23.4,79.0,5.0,90.0,4.6,105.6,9.4,51.7,16.8,10.7,321.5,139.3,24.2,43.3,22.2,192.1,74.3,457.3,2.2,4.8,1.3,210.9,2.1,79.3,7.8,150.3,249.4,1.3,307.0,180.5,3.2,350.0,34.1,89.8,3541.4000000000005,2020,5,28,3,2,7082.800000000001,-4.42339351739397,7329.457142857143,6582.003333333333,654589,10.758087131381718,1453909.8426877742,13091.78,130917.8,523671.2,275.13792293480606,0.3601810954459316
Jaipur,2020-05-29,6.8664,35.81,24.98,2.51,478.5977366602617,4896.060546520335,0.3660857445467344,5.9730673078322445,2326,2020-05-29,193.3,1.9,24.0,95.5,4.3,82.5,4.8,88.4,8.9,53.7,17.4,10.9,323.9,109.0,24.7,44.1,23.4,192.8,69.8,462.6,2.5,5.2,1.4,203.7,2.1,73.6,7.8,134.0,250.1,1.2,298.8,182.4,3.2,337.1,33.8,113.9,3483.6000000000004,2020,5,29,4,2,6970.300000000001,-1.5883548878974365,7306.014285714286,6623.58,337848,8.707631750585568,1521120.2893379692,6756.96,67569.6,270278.4,560.2975781038991,0.17768366131909974
Jaipur,2020-05-30,6.24,30.88,48.4,2.07,301.15681564388825,3078.7466348776184,0.2278651475883544,3.790631005788724,2327,2020-05-30,186.4,1.9,25.6,91.0,3.4,74.6,4.8,73.3,9.3,53.2,17.6,10.6,326.5,96.1,19.6,41.8,24.9,183.5,70.5,461.2,2.5,5.4,1.7,206.0,2.0,75.1,8.0,127.5,186.9,1.2,306.6,164.0,3.6,282.0,28.2,129.5,3306.0,2020,5,30,5,2,6612.0,-5.140381332223876,7206.800000000001,6646.9766666666665,327948,10.7053809988172,1176759.434928307,6558.96,65589.6,262358.4,446.03125912046534,0.22294971194879096
Jaipur,2020-05-31,6.2585,29.1,54.16,1.99,249.73370133051708,2553.9185660072176,0.1841215946829328,2.860683421839729,2328,2020-05-31,184.1,2.0,25.1,78.0,3.4,74.0,4.4,73.3,9.1,48.3,16.0,9.1,319.2,96.1,19.6,41.8,21.2,168.5,63.5,443.5,2.2,5.5,1.7,204.8,2.2,84.9,7.2,127.5,186.9,0.9,288.5,145.9,4.1,282.0,28.2,120.4,3193.1000000000004,2020,5,31,6,2,6386.200000000001,-3.415003024803376,7069.171428571429,6664.65,779304,8.48663527457704,773580.5762212225,15586.08,155860.80000000002,623443.2,121.58196548157436,0.8059178490850107
Jaipur,2020-06-01,6.4363,29.57,57.33,1.59,241.33120264978788,2466.919523359967,0.1838462953921675,2.8114872508835966,2329,2020-06-01,178.2,1.6,24.2,94.1,3.9,72.7,4.5,74.6,9.2,54.9,15.9,9.1,325.4,109.4,22.7,41.3,20.3,164.5,68.3,388.3,2.5,5.2,1.5,200.7,2.2,80.3,7.7,134.9,197.4,1.2,303.3,138.5,4.4,331.0,29.4,123.1,3246.4,2020,6,1,0,2,6492.8,1.669224264821012,6928.785714285716,6681.33,602690,5.470227799409971,481849.8785639675,12053.800000000001,120538.0,482152.0,97.43733896446919,1.0006249266099294
Jaipur,2020-06-02,7.3217,31.33,46.68,1.47,310.66454541812976,3176.1546364767623,0.2262529446429115,4.039883290228578,2330,2020-06-02,172.0,2.0,24.8,99.6,4.0,73.7,4.6,81.1,9.2,57.9,17.8,8.2,314.4,119.1,24.3,42.7,23.6,155.9,65.6,374.1,2.4,5.0,1.6,184.4,2.2,75.6,7.7,141.5,201.2,1.3,305.1,140.2,4.4,348.7,33.2,130.9,3255.8,2020,6,2,1,2,6515.799999999999,0.3542385411532622,6781.5,6701.130000000001,699046,7.8367366161938214,888627.6197274851,13980.92,139809.2,559236.8,156.40006160672635,0.629325668321937
Jaipur,2020-06-03,5.874,32.78,40.01,0.98,313.6845465959038,3207.1259654874643,0.2308179878029488,4.137346270936916,2331,2020-06-03,175.3,2.0,23.2,106.7,4.1,76.8,2.8,85.7,7.1,59.6,17.4,7.7,301.9,127.1,24.6,43.3,26.6,144.6,65.6,288.2,2.6,5.2,1.4,182.9,2.3,77.0,7.7,140.0,203.8,1.3,311.9,139.7,4.4,365.4,35.3,138.6,3205.5,2020,6,3,2,2,6415.300000000001,-1.542404616470705,6639.314285714287,6714.986666666667,651269,8.482254257859234,971174.509560528,13025.380000000001,130253.8,521015.2,183.90041779213504,0.5364789318418537
Jaipur,2020-06-04,4.3555,30.17,49.48,2.96,348.81831807760136,3567.7541219780264,0.2645036245518558,4.582115335423527,2332,2020-06-04,174.3,2.0,23.9,100.7,4.1,76.4,4.1,85.1,8.9,59.5,17.7,8.4,298.3,126.0,24.9,44.4,25.0,166.4,66.3,283.6,2.4,5.1,1.7,143.2,2.3,79.6,7.7,146.5,201.2,1.4,319.5,142.8,4.4,342.0,35.1,148.8,3179.4,2020,6,4,3,2,6363.1,-0.8136797967359444,6536.5,6723.79,221959,10.04141807142607,1278460.155417939,4439.18,44391.8,177567.2,717.4866616232835,0.13889135328632798
Jaipur,2020-06-05,6.605,30.36,48.57,2.17,324.3144980561957,3316.573958372721,0.2453064743159736,4.187136047529455,2333,2020-06-05,181.6,1.9,26.0,74.0,3.9,74.9,4.9,81.0,10.0,61.1,17.4,8.8,288.9,121.4,25.3,42.8,24.7,177.3,66.4,335.2,2.5,5.3,1.7,149.8,2.2,84.5,7.6,151.0,198.0,1.4,321.4,149.2,3.2,284.9,32.9,141.3,3164.4,2020,6,5,4,2,6328.799999999999,-0.5390454338294437,6444.857142857143,6731.493333333333,428576,5.74605111090072,680187.6038705097,8571.52,85715.20000000001,342860.8,195.88593501225853,0.5040672514196839
Jaipur,2020-06-06,7.0162,30.84,49.9,1.36,273.06653265259115,2792.8550195045905,0.2092881796340456,3.4253800892322954,2334,2020-06-06,186.6,1.7,24.2,85.3,3.9,76.5,5.1,80.2,10.0,62.3,12.4,8.4,279.5,129.4,24.7,35.0,26.5,175.2,64.2,357.0,2.4,4.5,1.7,162.3,2.1,93.9,7.6,143.4,206.1,1.4,299.3,153.9,4.3,324.9,34.2,157.4,3247.5000000000005,2020,6,6,5,2,6495.000000000001,2.626090254076629,6428.142857142857,6743.356666666668,737833,5.980129770623143,596035.2549659578,14756.66,147566.6,590266.4,98.47733073845264,0.9903196241539244
Ahmedabad,2020-05-15,7.6104,36.43,30.36,2.75,281.8991603902216,2879.8562655433675,0.2143210750888085,2.9989196322598706,2312,2020-05-15,181.9,2.0,22.2,100.6,3.4,79.4,4.2,72.0,7.5,49.7,13.9,10.0,306.3,120.4,21.9,43.2,23.2,209.5,71.9,405.5,2.3,5.1,1.6,202.9,2.1,81.2,8.5,121.2,219.7,1.2,303.5,156.8,3.9,339.7,30.1,145.2,3368.9,2020,5,15,4,2,6742.599999999999,1.589549652709743,6476.0,6003.933333333334,365838,6.845786618442315,704384.8474815685,7316.76,73167.6,292670.4,238.1751237848339,0.41549727474849396
Ahmedabad,2020-05-16,7.7753,36.5,28.46,3.52,293.8778807796024,3002.1393577453105,0.2121702088962662,3.175236474799966,2313,2020-05-16,185.5,1.9,22.1,101.9,3.5,76.5,4.3,73.3,7.6,53.0,16.2,8.9,306.5,128.5,22.4,43.8,25.9,204.1,71.2,405.1,2.2,5.1,1.5,205.5,2.4,81.3,8.5,129.8,225.2,0.9,296.5,152.8,3.9,350.6,30.5,151.7,3405.6,2020,5,16,5,2,6816.200000000001,1.09156705128588,6511.099999999999,6033.223333333333,535674,6.865488753596176,736429.5791794088,10713.48,107134.8,428539.2,169.34649133134351,0.5819139130228859
Ahmedabad,2020-05-17,7.6409,35.33,32.84,4.23,312.96183204783614,3200.565600194744,0.238868522489879,3.766244306500447,2314,2020-05-17,177.6,1.9,21.5,101.6,3.4,75.7,3.8,75.7,7.3,51.4,16.3,9.1,299.7,128.2,20.6,43.0,26.3,192.5,63.7,404.9,2.4,4.8,1.5,204.5,2.2,81.3,8.5,135.7,220.8,0.9,277.3,144.2,3.9,361.1,28.0,149.0,3344.7,2020,5,17,6,2,6695.0,-1.77811683929463,6590.5142857142855,6057.35,261087,10.125292049213437,1156622.9316555476,5221.74,52217.4,208869.6,551.2536011250788,0.18058557693945687
Ahmedabad,2020-05-18,7.3354,35.16,32.12,3.5,222.99702127311505,2278.668814254924,0.1590258863064431,2.463815608425709,2315,2020-05-18,174.1,1.9,27.6,105.9,3.8,76.3,4.2,78.7,7.4,52.9,14.9,10.3,303.5,135.5,22.4,43.3,26.9,169.2,63.3,418.3,2.6,5.0,1.5,205.3,2.1,83.4,8.5,142.3,225.6,1.3,270.5,149.5,3.9,367.1,30.6,157.7,3391.9,2020,5,18,0,2,6789.2,1.40702016430172,6685.128571428571,6089.726666666667,793128,6.755114623931185,549825.2104157162,15862.56,158625.6,634502.4,84.15455172678875,1.154005371115832
Ahmedabad,2020-05-19,7.6219,35.48,31.18,3.24,267.4625583268417,2732.640628746392,0.1974073712280035,3.1133584237305145,2316,2020-05-19,164.7,1.9,30.9,102.2,3.9,76.2,4.4,81.3,7.9,52.7,14.8,10.5,307.0,134.0,23.6,44.2,26.5,174.0,65.6,420.9,2.6,5.2,1.7,208.3,2.1,74.2,8.5,143.6,231.8,1.2,274.7,151.3,3.9,370.6,31.7,148.2,3401.3,2020,5,19,1,2,6808.099999999999,0.2783833146762227,6730.228571428571,6125.856666666668,318451,9.431686443502134,920757.3897132201,6369.02,63690.200000000004,254760.8,358.92035576635817,0.27668583077407305
Ahmedabad,2020-05-20,7.9582,36.35,25.63,2.63,314.0457938884043,3215.0632596869136,0.2400729240189435,4.604665450162271,2317,2020-05-20,175.5,2.0,28.4,93.3,4.0,74.8,4.4,82.3,8.1,47.3,15.0,10.6,308.6,139.8,23.8,45.3,19.3,188.0,70.1,426.2,2.4,5.0,1.6,203.8,2.2,57.4,8.5,145.4,230.0,1.2,296.7,159.8,3.9,383.2,32.9,75.1,3371.2000000000003,2020,5,20,2,2,6747.1,-0.8959915394897044,6747.9,6159.816666666667,647600,8.4599169509679,969732.4873102893,12952.0,129520.0,518080.0,184.678136062054,0.534249880796607
Ahmedabad,2020-05-21,7.8418,36.8,22.51,3.81,484.4608548279167,4956.921158773319,0.3787740493182112,6.39677026960725,2318,2020-05-21,186.9,2.1,20.2,81.6,4.2,78.0,4.5,84.8,8.2,47.3,16.6,10.6,316.6,142.4,24.3,43.4,17.4,196.5,71.2,434.5,2.8,4.4,1.5,207.2,2.3,70.0,8.5,160.4,233.5,1.1,302.2,166.9,3.9,382.7,33.7,51.5,3419.3,2020,5,21,3,2,6843.2,1.4243156319011074,6777.342857142857,6201.990000000001,639792,9.013060647255806,1593763.3990116722,12795.84,127958.40000000001,511833.6,308.88311338131615,0.3211475926538446
Ahmedabad,2020-05-22,7.7321,36.21,29.52,4.24,309.5809210920232,3166.017998627707,0.2399508697316888,3.8626216955439454,2319,2020-05-22,192.3,2.0,21.7,92.5,4.5,79.2,4.5,91.7,8.6,52.5,16.3,10.3,317.1,154.5,24.8,44.9,23.5,201.3,72.4,442.1,2.4,4.7,1.7,209.3,2.3,77.2,8.5,168.2,237.2,1.3,306.5,173.3,3.9,402.6,35.2,78.3,3565.1,2020,5,22,4,2,7134.4,4.255319148936176,6833.314285714286,6246.483333333334,239353,10.86674874224807,1227910.4009887706,4787.06,47870.600000000006,191482.4,638.7654118544423,0.15594154419106263
Ahmedabad,2020-05-23,8.0071,36.0,33.31,3.42,380.9419243993407,3896.9444239727577,0.2933331639016568,4.962811838029397,2320,2020-05-23,195.9,1.5,23.6,98.6,4.6,79.4,4.6,95.2,8.1,54.7,16.5,10.7,315.2,158.0,24.1,41.2,27.3,201.2,74.0,443.5,2.5,5.1,1.4,216.6,2.1,84.5,8.5,171.0,244.1,1.3,311.9,168.1,3.9,417.5,36.1,102.9,3651.1,2020,5,23,5,2,7306.5,2.4122561112357,6903.357142857143,6295.37,393075,7.83067051084317,1088806.2032142843,7861.5,78615.0,314460.0,343.746328058985,0.28881146181957457
Ahmedabad,2020-05-24,7.807,36.84,28.87,3.07,331.3531300728466,3390.319078053461,0.2597622941068829,4.231194467057071,2321,2020-05-24,194.0,1.6,22.9,109.2,4.5,83.8,4.1,98.0,8.7,55.0,17.3,10.0,312.2,154.3,22.4,46.2,27.7,192.6,69.7,447.4,2.4,4.6,1.6,216.2,2.1,85.0,7.6,168.3,245.8,0.9,302.2,172.3,4.3,426.9,34.6,118.4,3674.8,2020,5,24,6,2,7349.6,0.589885718196137,6996.871428571429,6345.823333333334,414283,10.396379639449894,1257378.6212594272,8285.66,82856.6,331426.4,376.8839661715021,0.263584994059339
Ahmedabad,2020-05-25,7.5994,36.73,29.51,3.23,374.5515346174102,3834.449084009233,0.29073825950854,5.110555584043095,2322,2020-05-25,191.6,1.5,20.0,105.8,5.0,85.8,4.4,101.5,9.0,55.3,17.3,10.6,319.8,162.7,24.5,47.4,28.3,200.9,75.9,457.9,2.4,4.3,1.7,220.3,2.1,85.8,7.6,175.9,249.6,1.1,306.3,177.1,4.3,426.5,36.1,113.4,3735.8,2020,5,25,0,2,7475.500000000001,1.7130183955589515,7094.914285714285,6401.906666666667,514877,7.954252416854811,1087436.269055533,10297.54,102975.40000000001,411901.6,261.5038953613031,0.3787819414702855
Ahmedabad,2020-05-26,7.9886,36.58,33.06,4.03,332.7624370853408,3403.815119968726,0.257447463283904,4.12586275347288,2323,2020-05-26,193.5,1.3,15.7,108.9,5.4,87.1,4.7,106.9,9.3,56.7,17.5,10.9,323.1,167.8,25.4,44.4,27.9,187.3,77.4,462.7,1.8,3.7,1.3,218.0,1.6,86.7,7.6,184.3,253.8,1.2,318.9,176.3,4.3,425.3,36.3,120.2,3771.6,2020,5,26,1,2,7546.800000000001,0.9537823556952764,7200.442857142857,6470.550000000001,265318,7.477099635928746,908155.732471271,5306.36,53063.600000000006,212254.4,425.36191121186226,0.23372000934509898
Ahmedabad,2020-05-27,7.8019,36.29,41.47,5.28,285.4326782238401,2916.9235397521443,0.2201191109291045,3.1892448036591685,2324,2020-05-27,194.8,1.4,17.8,79.3,5.5,86.7,4.8,110.4,9.2,53.8,17.3,10.8,321.1,168.2,25.6,41.3,24.4,187.0,77.7,460.7,1.8,4.2,1.6,218.3,1.8,88.2,8.2,182.7,260.7,1.2,324.6,176.9,1.9,395.3,35.5,104.6,3705.2999999999993,2020,5,27,2,2,7410.5999999999985,-1.804738432183206,7295.228571428571,6534.8966666666665,682690,11.710390241192544,1220022.7381003168,13653.800000000001,136538.0,546152.0,220.88520010918512,0.4476568635053005
Ahmedabad,2020-05-28,7.1863,36.18,44.73,5.9,370.26235136925806,3788.58341870952,0.2892487116306813,4.893855943973852,2325,2020-05-28,195.4,1.6,23.4,79.0,5.0,90.0,4.6,105.6,9.4,51.7,16.8,10.7,321.5,139.3,24.2,43.3,22.2,192.1,74.3,457.3,2.2,4.8,1.3,210.9,2.1,79.3,7.8,150.3,249.4,1.3,307.0,180.5,3.2,350.0,34.1,89.8,3541.4000000000005,2020,5,28,3,2,7082.800000000001,-4.42339351739397,7329.457142857143,6582.003333333333,616880,6.290596444752742,850147.4263694746,12337.6,123376.0,493504.0,169.76758574793206,0.5804915761680456
Ahmedabad,2020-05-29,6.9557,34.65,51.28,5.15,478.5977366602617,4896.060546520335,0.3660857445467344,5.9730673078322445,2326,2020-05-29,193.3,1.9,24.0,95.5,4.3,82.5,4.8,88.4,8.9,53.7,17.4,10.9,323.9,109.0,24.7,44.1,23.4,192.8,69.8,462.6,2.5,5.2,1.4,203.7,2.1,73.6,7.8,134.0,250.1,1.2,298.8,182.4,3.2,337.1,33.8,113.9,3483.6000000000004,2020,5,29,4,2,6970.300000000001,-1.5883548878974365,7306.014285714286,6623.58,791460,5.6323587240432555,983906.4601458103,15829.2,158292.0,633168.0,152.89421767142534,0.6435239345640977
Ahmedabad,2020-05-30,6.7826,34.98,48.19,3.37,301.15681564388825,3078.7466348776184,0.2278651475883544,3.790631005788724,2327,2020-05-30,186.4,1.9,25.6,91.0,3.4,74.6,4.8,73.3,9.3,53.2,17.6,10.6,326.5,96.1,19.6,41.8,24.9,183.5,70.5,461.2,2.5,5.4,1.7,206.0,2.0,75.1,8.0,127.5,186.9,1.2,306.6,164.0,3.6,282.0,28.2,129.5,3306.0,2020,5,30,5,2,6612.0,-5.140381332223876,7206.800000000001,6646.9766666666665,293264,10.39690147874835,1142850.6757946264,5865.28,58652.8,234611.2,484.6253698862741,0.20528578202142855
Ahmedabad,2020-05-31,6.7872,34.53,43.68,3.05,249.73370133051708,2553.9185660072176,0.1841215946829328,2.860683421839729,2328,2020-05-31,184.1,2.0,25.1,78.0,3.4,74.0,4.4,73.3,9.1,48.3,16.0,9.1,319.2,96.1,19.6,41.8,21.2,168.5,63.5,443.5,2.2,5.5,1.7,204.8,2.2,84.9,7.2,127.5,186.9,0.9,288.5,145.9,4.1,282.0,28.2,120.4,3193.1000000000004,2020,5,31,6,2,6386.200000000001,-3.415003024803376,7069.171428571429,6664.65,425281,5.477747937478641,499312.06759448367,8505.62,85056.20000000001,340224.8,144.25945656944577,0.6813857318797694
Ahmedabad,2020-06-01,7.0985,34.24,45.29,2.88,241.33120264978788,2466.919523359967,0.1838462953921675,2.8114872508835966,2329,2020-06-01,178.2,1.6,24.2,94.1,3.9,72.7,4.5,74.6,9.2,54.9,15.9,9.1,325.4,109.4,22.7,41.3,20.3,164.5,68.3,388.3,2.5,5.2,1.5,200.7,2.2,80.3,7.7,134.9,197.4,1.2,303.3,138.5,4.4,331.0,29.4,123.1,3246.4,2020,6,1,0,2,6492.8,1.669224264821012,6928.785714285716,6681.33,594070,10.859552934921206,956573.3740586025,11881.4,118814.0,475256.0,198.77539138035132,0.4968312061126618
Ahmedabad,2020-06-02,7.1366,34.89,43.29,2.6,310.66454541812976,3176.1546364767623,0.2262529446429115,4.039883290228578,2330,2020-06-02,172.0,2.0,24.8,99.6,4.0,73.7,4.6,81.1,9.2,57.9,17.8,8.2,314.4,119.1,24.3,42.7,23.6,155.9,65.6,374.1,2.4,5.0,1.6,184.4,2.2,75.6,7.7,141.5,201.2,1.3,305.1,140.2,4.4,348.7,33.2,130.9,3255.8,2020,6,2,1,2,6515.799999999999,0.3542385411532622,6781.5,6701.130000000001,552228,8.060353774500705,913984.1415615672,11044.56,110445.6,441782.4,204.38559380400102,0.48335840476050124
Ahmedabad,2020-06-03,6.3833,34.89,39.87,3.15,313.6845465959038,3207.1259654874643,0.2308179878029488,4.137346270936916,2331,2020-06-03,175.3,2.0,23.2,106.7,4.1,76.8,2.8,85.7,7.1,59.6,17.4,7.7,301.9,127.1,24.6,43.3,26.6,144.6,65.6,288.2,2.6,5.2,1.4,182.9,2.3,77.0,7.7,140.0,203.8,1.3,311.9,139.7,4.4,365.4,35.3,138.6,3205.5,2020,6,3,2,2,6415.300000000001,-1.542404616470705,6639.314285714287,6714.986666666667,631839,11.4085957410434,1306225.5665486825,12636.78,126367.8,505471.2,255.91740667889334,0.38697054013803917
Ahmedabad,2020-06-04,6.8287,35.01,37.65,2.67,348.81831807760136,3567.7541219780264,0.2645036245518558,4.582115335423527,2332,2020-06-04,174.3,2.0,23.9,100.7,4.1,76.4,4.1,85.1,8.9,59.5,17.7,8.4,298.3,126.0,24.9,44.4,25.0,166.4,66.3,283.6,2.4,5.1,1.7,143.2,2.3,79.6,7.7,146.5,201.2,1.4,319.5,142.8,4.4,342.0,35.1,148.8,3179.4,2020,6,4,3,2,6363.1,-0.8136797967359444,6536.5,6723.79,469536,10.050730027853339,1279645.7414752636,9390.72,93907.20000000001,375628.8,338.1676329065459,0.29354101239452196
Ahmedabad,2020-06-05,6.8028,33.55,51.98,4.4,324.3144980561957,3316.573958372721,0.2453064743159736,4.187136047529455,2333,2020-06-05,181.6,1.9,26.0,74.0,3.9,74.9,4.9,81.0,10.0,61.1,17.4,8.8,288.9,121.4,25.3,42.8,24.7,177.3,66.4,335.2,2.5,5.3,1.7,149.8,2.2,84.5,7.6,151.0,198.0,1.4,321.4,149.2,3.2,284.9,32.9,141.3,3164.4,2020,6,5,4,2,6328.799999999999,-0.5390454338294437,6444.857142857143,6731.493333333333,517824,9.272832669055703,1097669.6365077212,10356.48,103564.8,414259.2,262.4716980353656,0.37739845288927526
Ahmedabad,2020-06-06,6.9389,31.8,62.04,4.01,273.06653265259115,2792.8550195045905,0.2092881796340456,3.4253800892322954,2334,2020-06-06,186.6,1.7,24.2,85.3,3.9,76.5,5.1,80.2,10.0,62.3,12.4,8.4,279.5,129.4,24.7,35.0,26.5,175.2,64.2,357.0,2.4,4.5,1.7,162.3,2.1,93.9,7.6,143.4,206.1,1.4,299.3,153.9,4.3,324.9,34.2,157.4,3247.5000000000005,2020,6,6,5,2,6495.000000000001,2.626090254076629,6428.142857142857,6743.356666666668,457426,11.645147579404359,1160663.526183517,9148.52,91485.20000000001,365940.8,314.6724842333834,0.3152855900604476
Hyderabad,2020-05-15,6.5638,33.44,38.22,2.24,281.8991603902216,2879.8562655433675,0.2143210750888085,2.9989196322598706,2312,2020-05-15,181.9,2.0,22.2,100.6,3.4,79.4,4.2,72.0,7.5,49.7,13.9,10.0,306.3,120.4,21.9,43.2,23.2,209.5,71.9,405.5,2.3,5.1,1.6,202.9,2.1,81.2,8.5,121.2,219.7,1.2,303.5,156.8,3.9,339.7,30.1,145.2,3368.9,2020,5,15,4,2,6742.599999999999,1.589549652709743,6476.0,6003.933333333334,377789,7.77654561136438,800153.6126816566,7555.78,75557.8,302231.2,262.24884548043235,0.37771600039534287
Hyderabad,2020-05-16,5.4931,33.24,43.75,1.74,293.8778807796024,3002.1393577453105,0.2121702088962662,3.175236474799966,2313,2020-05-16,185.5,1.9,22.1,101.9,3.5,76.5,4.3,73.3,7.6,53.0,16.2,8.9,306.5,128.5,22.4,43.8,25.9,204.1,71.2,405.1,2.2,5.1,1.5,205.5,2.4,81.3,8.5,129.8,225.2,0.9,296.5,152.8,3.9,350.6,30.5,151.7,3405.6,2020,5,16,5,2,6816.200000000001,1.09156705128588,6511.099999999999,6033.223333333333,713153,11.678608555777432,1252710.9274816378,14263.06,142630.6,570522.4,217.0726105551049,0.4554298458281126
Hyderabad,2020-05-17,5.305,32.2,52.34,1.85,312.96183204783614,3200.565600194744,0.238868522489879,3.766244306500447,2314,2020-05-17,177.6,1.9,21.5,101.6,3.4,75.7,3.8,75.7,7.3,51.4,16.3,9.1,299.7,128.2,20.6,43.0,26.3,192.5,63.7,404.9,2.4,4.8,1.5,204.5,2.2,81.3,8.5,135.7,220.8,0.9,277.3,144.2,3.9,361.1,28.0,149.0,3344.7,2020,5,17,6,2,6695.0,-1.77811683929463,6590.5142857142855,6057.35,325657,5.945008941948449,679104.7248547283,6513.14,65131.4,260525.6,258.1671762217334,0.383630398721393
Hyderabad,2020-05-18,5.995,32.86,42.75,2.17,222.99702127311505,2278.668814254924,0.1590258863064431,2.463815608425709,2315,2020-05-18,174.1,1.9,27.6,105.9,3.8,76.3,4.2,78.7,7.4,52.9,14.9,10.3,303.5,135.5,22.4,43.3,26.9,169.2,63.3,418.3,2.6,5.0,1.5,205.3,2.1,83.4,8.5,142.3,225.6,1.3,270.5,149.5,3.9,367.1,30.6,157.7,3391.9,2020,5,18,0,2,6789.2,1.40702016430172,6685.128571428571,6089.726666666667,435167,8.38628459352689,682592.5166253662,8703.34,87033.40000000001,348133.6,193.57200127346692,0.510015978061317
Hyderabad,2020-05-19,5.1766,33.33,34.35,3.53,267.4625583268417,2732.640628746392,0.1974073712280035,3.1133584237305145,2316,2020-05-19,164.7,1.9,30.9,102.2,3.9,76.2,4.4,81.3,7.9,52.7,14.8,10.5,307.0,134.0,23.6,44.2,26.5,174.0,65.6,420.9,2.6,5.2,1.7,208.3,2.1,74.2,8.5,143.6,231.8,1.2,274.7,151.3,3.9,370.6,31.7,148.2,3401.3,2020,5,19,1,2,6808.099999999999,0.2783833146762227,6730.228571428571,6125.856666666668,680671,6.889378556745364,672567.5471352579,13613.42,136134.2,544536.8,121.01186313491719,0.8096376232867313
Hyderabad,2020-05-20,6.805,33.75,28.32,2.56,314.0457938884043,3215.0632596869136,0.2400729240189435,4.604665450162271,2317,2020-05-20,175.5,2.0,28.4,93.3,4.0,74.8,4.4,82.3,8.1,47.3,15.0,10.6,308.6,139.8,23.8,45.3,19.3,188.0,70.1,426.2,2.4,5.0,1.6,203.8,2.2,57.4,8.5,145.4,230.0,1.2,296.7,159.8,3.9,383.2,32.9,75.1,3371.2000000000003,2020,5,20,2,2,6747.1,-0.8959915394897044,6747.9,6159.816666666667,270467,8.778899452357354,1006296.4035134458,5409.34,54093.4,216373.6,462.5735595809497,0.21501953522342454
Hyderabad,2020-05-21,7.6675,33.04,17.84,3.57,484.4608548279167,4956.921158773319,0.3787740493182112,6.39677026960725,2318,2020-05-21,186.9,2.1,20.2,81.6,4.2,78.0,4.5,84.8,8.2,47.3,16.6,10.6,316.6,142.4,24.3,43.4,17.4,196.5,71.2,434.5,2.8,4.4,1.5,207.2,2.3,70.0,8.5,160.4,233.5,1.1,302.2,166.9,3.9,382.7,33.7,51.5,3419.3,2020,5,21,3,2,6843.2,1.4243156319011074,6777.342857142857,6201.990000000001,383734,6.134097145241093,1084681.4305020587,7674.68,76746.8,306987.2,350.8311585962081,0.28302034896786077
Hyderabad,2020-05-22,7.7112,33.98,18.43,2.5,309.5809210920232,3166.017998627707,0.2399508697316888,3.8626216955439454,2319,2020-05-22,192.3,2.0,21.7,92.5,4.5,79.2,4.5,91.7,8.6,52.5,16.3,10.3,317.1,154.5,24.8,44.9,23.5,201.3,72.4,442.1,2.4,4.7,1.7,209.3,2.3,77.2,8.5,168.2,237.2,1.3,306.5,173.3,3.9,402.6,35.2,78.3,3565.1,2020,5,22,4,2,7134.4,4.255319148936176,6833.314285714286,6246.483333333334,309751,10.890707622170304,1230617.683410621,6195.02,61950.200000000004,247800.8,494.11570237489997,0.20136278064073257
Hyderabad,2020-05-23,7.6274,34.75,24.63,2.14,380.9419243993407,3896.9444239727577,0.2933331639016568,4.962811838029397,2320,2020-05-23,195.9,1.5,23.6,98.6,4.6,79.4,4.6,95.2,8.1,54.7,16.5,10.7,315.2,158.0,24.1,41.2,27.3,201.2,74.0,443.5,2.5,5.1,1.4,216.6,2.1,84.5,8.5,171.0,244.1,1.3,311.9,168.1,3.9,417.5,36.1,102.9,3651.1,2020,5,23,5,2,7306.5,2.4122561112357,6903.357142857143,6295.37,581050,10.9248549452019,1519033.3723122359,11621.0,116210.0,464840.0,324.2862861010748,0.30601019204880286
Hyderabad,2020-05-24,6.7982,34.19,39.13,1.97,331.3531300728466,3390.319078053461,0.2597622941068829,4.231194467057071,2321,2020-05-24,194.0,1.6,22.9,109.2,4.5,83.8,4.1,98.0,8.7,55.0,17.3,10.0,312.2,154.3,22.4,46.2,27.7,192.6,69.7,447.4,2.4,4.6,1.6,216.2,2.1,85.0,7.6,168.3,245.8,0.9,302.2,172.3,4.3,426.9,34.6,118.4,3674.8,2020,5,24,6,2,7349.6,0.589885718196137,6996.871428571429,6345.823333333334,661079,11.686654189064352,1413429.4476532775,13221.58,132215.80000000002,528863.2,264.75804473695234,0.37416995005171494
Hyderabad,2020-05-25,6.3358,34.8,38.02,2.66,374.5515346174102,3834.449084009233,0.29073825950854,5.110555584043095,2322,2020-05-25,191.6,1.5,20.0,105.8,5.0,85.8,4.4,101.5,9.0,55.3,17.3,10.6,319.8,162.7,24.5,47.4,28.3,200.9,75.9,457.9,2.4,4.3,1.7,220.3,2.1,85.8,7.6,175.9,249.6,1.1,306.3,177.1,4.3,426.5,36.1,113.4,3735.8,2020,5,25,0,2,7475.500000000001,1.7130183955589515,7094.914285714285,6401.906666666667,568452,6.082704986182653,831574.5678278853,11369.04,113690.40000000001,454761.6,180.35945159571196,0.5468674376615691
Hyderabad,2020-05-26,6.5712,35.17,40.91,2.52,332.7624370853408,3403.815119968726,0.257447463283904,4.12586275347288,2323,2020-05-26,193.5,1.3,15.7,108.9,5.4,87.1,4.7,106.9,9.3,56.7,17.5,10.9,323.1,167.8,25.4,44.4,27.9,187.3,77.4,462.7,1.8,3.7,1.3,218.0,1.6,86.7,7.6,184.3,253.8,1.2,318.9,176.3,4.3,425.3,36.3,120.2,3771.6,2020,5,26,1,2,7546.800000000001,0.9537823556952764,7200.442857142857,6470.550000000001,306081,9.363327856334935,1137253.7857966216,6121.62,61216.200000000004,244864.8,461.94151458136145,0.21531217371705996
Hyderabad,2020-05-27,7.1741,35.93,34.75,2.59,285.4326782238401,2916.9235397521443,0.2201191109291045,3.1892448036591685,2324,2020-05-27,194.8,1.4,17.8,79.3,5.5,86.7,4.8,110.4,9.2,53.8,17.3,10.8,321.1,168.2,25.6,41.3,24.4,187.0,77.7,460.7,1.8,4.2,1.6,218.3,1.8,88.2,8.2,182.7,260.7,1.2,324.6,176.9,1.9,395.3,35.5,104.6,3705.2999999999993,2020,5,27,2,2,7410.5999999999985,-1.804738432183206,7295.228571428571,6534.8966666666665,758986,8.319661160902587,866766.6559810203,15179.720000000001,151797.2,607188.8,140.2507648331162,0.7005208325554959
Hyderabad,2020-05-28,7.7076,37.04,26.36,2.98,370.26235136925806,3788.58341870952,0.2892487116306813,4.893855943973852,2325,2020-05-28,195.4,1.6,23.4,79.0,5.0,90.0,4.6,105.6,9.4,51.7,16.8,10.7,321.5,139.3,24.2,43.3,22.2,192.1,74.3,457.3,2.2,4.8,1.3,210.9,2.1,79.3,7.8,150.3,249.4,1.3,307.0,180.5,3.2,350.0,34.1,89.8,3541.4000000000005,2020,5,28,3,2,7082.800000000001,-4.42339351739397,7329.457142857143,6582.003333333333,310078,7.410686124309633,1001522.7954209428,6201.56,62015.600000000006,248062.4,401.23825110977833,0.24768497876352383
Hyderabad,2020-05-29,7.0997,36.36,30.29,3.28,478.5977366602617,4896.060546520335,0.3660857445467344,5.9730673078322445,2326,2020-05-29,193.3,1.9,24.0,95.5,4.3,82.5,4.8,88.4,8.9,53.7,17.4,10.9,323.9,109.0,24.7,44.1,23.4,192.8,69.8,462.6,2.5,5.2,1.4,203.7,2.1,73.6,7.8,134.0,250.1,1.2,298.8,182.4,3.2,337.1,33.8,113.9,3483.6000000000004,2020,5,29,4,2,6970.300000000001,-1.5883548878974365,7306.014285714286,6623.58,222671,7.460781127939532,1303310.2309655508,4453.42,44534.200000000004,178136.8,729.1344691077593,0.13668016953097867
Hyderabad,2020-05-30,6.133,33.47,39.98,3.06,301.15681564388825,3078.7466348776184,0.2278651475883544,3.790631005788724,2327,2020-05-30,186.4,1.9,25.6,91.0,3.4,74.6,4.8,73.3,9.3,53.2,17.6,10.6,326.5,96.1,19.6,41.8,24.9,183.5,70.5,461.2,2.5,5.4,1.7,206.0,2.0,75.1,8.0,127.5,186.9,1.2,306.6,164.0,3.6,282.0,28.2,129.5,3306.0,2020,5,30,5,2,6612.0,-5.140381332223876,7206.800000000001,6646.9766666666665,618400,7.889554854247265,867237.5241148039,12368.0,123680.0,494720.0,172.7986586583934,0.5704543631810683
Hyderabad,2020-05-31,3.8455,31.61,51.06,2.28,249.73370133051708,2553.9185660072176,0.1841215946829328,2.860683421839729,2328,2020-05-31,184.1,2.0,25.1,78.0,3.4,74.0,4.4,73.3,9.1,48.3,16.0,9.1,319.2,96.1,19.6,41.8,21.2,168.5,63.5,443.5,2.2,5.5,1.7,204.8,2.2,84.9,7.2,127.5,186.9,0.9,288.5,145.9,4.1,282.0,28.2,120.4,3193.1000000000004,2020,5,31,6,2,6386.200000000001,-3.415003024803376,7069.171428571429,6664.65,555528,9.934478847822671,905555.5733116176,11110.56,111105.6,444422.4,201.2601104965946,0.4907726508734277
Hyderabad,2020-06-01,5.6314,28.46,70.01,1.23,241.33120264978788,2466.919523359967,0.1838462953921675,2.8114872508835966,2329,2020-06-01,178.2,1.6,24.2,94.1,3.9,72.7,4.5,74.6,9.2,54.9,15.9,9.1,325.4,109.4,22.7,41.3,20.3,164.5,68.3,388.3,2.5,5.2,1.5,200.7,2.2,80.3,7.7,134.9,197.4,1.2,303.3,138.5,4.4,331.0,29.4,123.1,3246.4,2020,6,1,0,2,6492.8,1.669224264821012,6928.785714285716,6681.33,251663,9.188002407877082,809333.359930375,5033.26,50332.600000000006,201330.4,399.492625023531,0.24876047523463596
Hyderabad,2020-06-02,6.2062,26.02,75.77,2.05,310.66454541812976,3176.1546364767623,0.2262529446429115,4.039883290228578,2330,2020-06-02,172.0,2.0,24.8,99.6,4.0,73.7,4.6,81.1,9.2,57.9,17.8,8.2,314.4,119.1,24.3,42.7,23.6,155.9,65.6,374.1,2.4,5.0,1.6,184.4,2.2,75.6,7.7,141.5,201.2,1.3,305.1,140.2,4.4,348.7,33.2,130.9,3255.8,2020,6,2,1,2,6515.799999999999,0.3542385411532622,6781.5,6701.130000000001,215708,8.217770589327918,931834.0370366724,4314.16,43141.600000000006,172566.4,537.4857892594806,0.18518985994428608
Hyderabad,2020-06-03,5.6119,27.05,75.31,3.05,313.6845465959038,3207.1259654874643,0.2308179878029488,4.137346270936916,2331,2020-06-03,175.3,2.0,23.2,106.7,4.1,76.8,2.8,85.7,7.1,59.6,17.4,7.7,301.9,127.1,24.6,43.3,26.6,144.6,65.6,288.2,2.6,5.2,1.4,182.9,2.3,77.0,7.7,140.0,203.8,1.3,311.9,139.7,4.4,365.4,35.3,138.6,3205.5,2020,6,3,2,2,6415.300000000001,-1.542404616470705,6639.314285714287,6714.986666666667,511955,5.531533872587355,633332.1936028936,10239.1,102391.0,409564.0,152.13570860790833,0.6466801426751063
Hyderabad,2020-06-04,5.7355,28.92,63.84,4.86,348.81831807760136,3567.7541219780264,0.2645036245518558,4.582115335423527,2332,2020-06-04,174.3,2.0,23.9,100.7,4.1,76.4,4.1,85.1,8.9,59.5,17.7,8.4,298.3,126.0,24.9,44.4,25.0,166.4,66.3,283.6,2.4,5.1,1.7,143.2,2.3,79.6,7.7,146.5,201.2,1.4,319.5,142.8,4.4,342.0,35.1,148.8,3179.4,2020,6,4,3,2,6363.1,-0.8136797967359444,6536.5,6723.79,333883,5.5443574085527,705900.3005164411,6677.66,66776.6,267106.4,261.77682021712735,0.37839057642277124
Hyderabad,2020-06-05,6.7193,29.92,57.46,3.53,324.3144980561957,3316.573958372721,0.2453064743159736,4.187136047529455,2333,2020-06-05,181.6,1.9,26.0,74.0,3.9,74.9,4.9,81.0,10.0,61.1,17.4,8.8,288.9,121.4,25.3,42.8,24.7,177.3,66.4,335.2,2.5,5.3,1.7,149.8,2.2,84.5,7.6,151.0,198.0,1.4,321.4,149.2,3.2,284.9,32.9,141.3,3164.4,2020,6,5,4,2,6328.799999999999,-0.5390454338294437,6444.857142857143,6731.493333333333,518394,5.016375734380448,593812.4331002594,10367.880000000001,103678.8,414715.2,140.68559654921242,0.6983930926499933
Hyderabad,2020-06-06,6.9053,30.06,51.0,4.5,273.06653265259115,2792.8550195045905,0.2092881796340456,3.4253800892322954,2334,2020-06-06,186.6,1.7,24.2,85.3,3.9,76.5,5.1,80.2,10.0,62.3,12.4,8.4,279.5,129.4,24.7,35.0,26.5,175.2,64.2,357.0,2.4,4.5,1.7,162.3,2.1,93.9,7.6,143.4,206.1,1.4,299.3,153.9,4.3,324.9,34.2,157.4,3247.5000000000005,2020,6,6,5,2,6495.000000000001,2.626090254076629,6428.142857142857,6743.356666666668,312547,11.773895717449605,1173495.7609726617,6250.9400000000005,62509.4,250037.6,466.8277175003526,0.21307054975827497
Patna,2020-05-15,6.235,34.33,39.72,2.04,281.8991603902216,2879.8562655433675,0.2143210750888085,2.9989196322598706,2312,2020-05-15,181.9,2.0,22.2,100.6,3.4,79.4,4.2,72.0,7.5,49.7,13.9,10.0,306.3,120.4,21.9,43.2,23.2,209.5,71.9,405.5,2.3,5.1,1.6,202.9,2.1,81.2,8.5,121.2,219.7,1.2,303.5,156.8,3.9,339.7,30.1,145.2,3368.9,2020,5,15,4,2,6742.599999999999,1.589549652709743,6476.0,6003.933333333334,759042,5.036776729908694,518250.04290050734,15180.84,151808.4,607233.6,82.84607487143454,1.171697786851488
Patna,2020-05-16,6.6526,34.73,34.56,3.08,293.8778807796024,3002.1393577453105,0.2121702088962662,3.175236474799966,2313,2020-05-16,185.5,1.9,22.1,101.9,3.5,76.5,4.3,73.3,7.6,53.0,16.2,8.9,306.5,128.5,22.4,43.8,25.9,204.1,71.2,405.1,2.2,5.1,1.5,205.5,2.4,81.3,8.5,129.8,225.2,0.9,296.5,152.8,3.9,350.6,30.5,151.7,3405.6,2020,5,16,5,2,6816.200000000001,1.09156705128588,6511.099999999999,6033.223333333333,342483,5.721656222096215,613735.8948611575,6849.66,68496.6,273986.4,221.5023208674436,0.44642321863668066
Patna,2020-05-17,7.2641,34.48,29.19,2.44,312.96183204783614,3200.565600194744,0.238868522489879,3.766244306500447,2314,2020-05-17,177.6,1.9,21.5,101.6,3.4,75.7,3.8,75.7,7.3,51.4,16.3,9.1,299.7,128.2,20.6,43.0,26.3,192.5,63.7,404.9,2.4,4.8,1.5,204.5,2.2,81.3,8.5,135.7,220.8,0.9,277.3,144.2,3.9,361.1,28.0,149.0,3344.7,2020,5,17,6,2,6695.0,-1.77811683929463,6590.5142857142855,6057.35,414835,7.202175897665876,822712.2497374627,8296.7,82967.0,331868.0,245.40345852491436,0.40338234507090154
Patna,2020-05-18,6.6048,33.74,37.22,2.08,222.99702127311505,2278.668814254924,0.1590258863064431,2.463815608425709,2315,2020-05-18,174.1,1.9,27.6,105.9,3.8,76.3,4.2,78.7,7.4,52.9,14.9,10.3,303.5,135.5,22.4,43.3,26.9,169.2,63.3,418.3,2.6,5.0,1.5,205.3,2.1,83.4,8.5,142.3,225.6,1.3,270.5,149.5,3.9,367.1,30.6,157.7,3391.9,2020,5,18,0,2,6789.2,1.40702016430172,6685.128571428571,6089.726666666667,601896,10.65201176271733,867008.916183034,12037.92,120379.20000000001,481516.8,177.55787465422472,0.555376346927902
Patna,2020-05-19,5.7686,34.08,39.24,1.8,267.4625583268417,2732.640628746392,0.1974073712280035,3.1133584237305145,2316,2020-05-19,164.7,1.9,30.9,102.2,3.9,76.2,4.4,81.3,7.9,52.7,14.8,10.5,307.0,134.0,23.6,44.2,26.5,174.0,65.6,420.9,2.6,5.2,1.7,208.3,2.1,74.2,8.5,143.6,231.8,1.2,274.7,151.3,3.9,370.6,31.7,148.2,3401.3,2020,5,19,1,2,6808.099999999999,0.2783833146762227,6730.228571428571,6125.856666666668,284896,11.734691500348823,1145585.5725987323,5697.92,56979.200000000004,227916.8,500.13322958146676,0.1989520525567761
Patna,2020-05-20,3.7793,31.95,47.73,3.92,314.0457938884043,3215.0632596869136,0.2400729240189435,4.604665450162271,2317,2020-05-20,175.5,2.0,28.4,93.3,4.0,74.8,4.4,82.3,8.1,47.3,15.0,10.6,308.6,139.8,23.8,45.3,19.3,188.0,70.1,426.2,2.4,5.0,1.6,203.8,2.2,57.4,8.5,145.4,230.0,1.2,296.7,159.8,3.9,383.2,32.9,75.1,3371.2000000000003,2020,5,20,2,2,6747.1,-0.8959915394897044,6747.9,6159.816666666667,677095,10.530094911542992,1207030.1859187544,13541.9,135419.0,541676.0,220.3325024403434,0.44876719534606985
Patna,2020-05-21,4.8178,31.04,48.1,1.83,484.4608548279167,4956.921158773319,0.3787740493182112,6.39677026960725,2318,2020-05-21,186.9,2.1,20.2,81.6,4.2,78.0,4.5,84.8,8.2,47.3,16.6,10.6,316.6,142.4,24.3,43.4,17.4,196.5,71.2,434.5,2.8,4.4,1.5,207.2,2.3,70.0,8.5,160.4,233.5,1.1,302.2,166.9,3.9,382.7,33.7,51.5,3419.3,2020,5,21,3,2,6843.2,1.4243156319011074,6777.342857142857,6201.990000000001,271295,9.833921627119484,1738914.7783915405,5425.900000000001,54259.0,217036.0,798.7102961681659,0.12481110511329858
Patna,2020-05-22,7.6003,33.38,37.15,2.42,309.5809210920232,3166.017998627707,0.2399508697316888,3.8626216955439454,2319,2020-05-22,192.3,2.0,21.7,92.5,4.5,79.2,4.5,91.7,8.6,52.5,16.3,10.3,317.1,154.5,24.8,44.9,23.5,201.3,72.4,442.1,2.4,4.7,1.7,209.3,2.3,77.2,8.5,168.2,237.2,1.3,306.5,173.3,3.9,402.6,35.2,78.3,3565.1,2020,5,22,4,2,7134.4,4.255319148936176,6833.314285714286,6246.483333333334,473255,8.649104671894985,977323.1936954982,9465.1,94651.0,378604.0,255.6386339540782,0.38738834303119735
Patna,2020-05-23,5.7173,33.98,41.51,2.51,380.9419243993407,3896.9444239727577,0.2933331639016568,4.962811838029397,2320,2020-05-23,195.9,1.5,23.6,98.6,4.6,79.4,4.6,95.2,8.1,54.7,16.5,10.7,315.2,158.0,24.1,41.2,27.3,201.2,74.0,443.5,2.5,5.1,1.4,216.6,2.1,84.5,8.5,171.0,244.1,1.3,311.9,168.1,3.9,417.5,36.1,102.9,3651.1,2020,5,23,5,2,7306.5,2.4122561112357,6903.357142857143,6295.37,499648,5.606936483035286,779609.7684488015,9992.960000000001,99929.6,399718.4,192.53975009626814,0.5127153397269297
Patna,2020-05-24,5.8085,36.75,29.01,2.48,331.3531300728466,3390.319078053461,0.2597622941068829,4.231194467057071,2321,2020-05-24,194.0,1.6,22.9,109.2,4.5,83.8,4.1,98.0,8.7,55.0,17.3,10.0,312.2,154.3,22.4,46.2,27.7,192.6,69.7,447.4,2.4,4.6,1.6,216.2,2.1,85.0,7.6,168.3,245.8,0.9,302.2,172.3,4.3,426.9,34.6,118.4,3674.8,2020,5,24,6,2,7349.6,0.589885718196137,6996.871428571429,6345.823333333334,208155,11.707195551027514,1415913.7999258728,4163.1,41631.0,166524.0,847.776116311086,0.11760877138138397
Patna,2020-05-25,6.4865,38.2,21.18,2.73,374.5515346174102,3834.449084009233,0.29073825950854,5.110555584043095,2322,2020-05-25,191.6,1.5,20.0,105.8,5.0,85.8,4.4,101.5,9.0,55.3,17.3,10.6,319.8,162.7,24.5,47.4,28.3,200.9,75.9,457.9,2.4,4.3,1.7,220.3,2.1,85.8,7.6,175.9,249.6,1.1,306.3,177.1,4.3,426.5,36.1,113.4,3735.8,2020,5,25,0,2,7475.500000000001,1.7130183955589515,7094.914285714285,6401.906666666667,666872,10.30874689761977,1409322.2942273722,13337.44,133374.4,533497.6,261.6665668650379,0.3785487703107024
Patna,2020-05-26,7.0507,38.66,19.44,3.1,332.7624370853408,3403.815119968726,0.257447463283904,4.12586275347288,2323,2020-05-26,193.5,1.3,15.7,108.9,5.4,87.1,4.7,106.9,9.3,56.7,17.5,10.9,323.1,167.8,25.4,44.4,27.9,187.3,77.4,462.7,1.8,3.7,1.3,218.0,1.6,86.7,7.6,184.3,253.8,1.2,318.9,176.3,4.3,425.3,36.3,120.2,3771.6,2020,5,26,1,2,7546.800000000001,0.9537823556952764,7200.442857142857,6470.550000000001,574705,9.472645697339832,1150531.3437808612,11494.1,114941.0,459764.0,247.7438955161477,0.39960980018095865
Patna,2020-05-27,6.1814,38.04,26.18,2.84,285.4326782238401,2916.9235397521443,0.2201191109291045,3.1892448036591685,2324,2020-05-27,194.8,1.4,17.8,79.3,5.5,86.7,4.8,110.4,9.2,53.8,17.3,10.8,321.1,168.2,25.6,41.3,24.4,187.0,77.7,460.7,1.8,4.2,1.6,218.3,1.8,88.2,8.2,182.7,260.7,1.2,324.6,176.9,1.9,395.3,35.5,104.6,3705.2999999999993,2020,5,27,2,2,7410.5999999999985,-1.804738432183206,7295.228571428571,6534.8966666666665,771542,10.31325091877195,1074464.6732929384,15430.84,154308.4,617233.6,171.57747622503675,0.5744563231213806
Patna,2020-05-28,6.613,33.17,51.62,4.96,370.26235136925806,3788.58341870952,0.2892487116306813,4.893855943973852,2325,2020-05-28,195.4,1.6,23.4,79.0,5.0,90.0,4.6,105.6,9.4,51.7,16.8,10.7,321.5,139.3,24.2,43.3,22.2,192.1,74.3,457.3,2.2,4.8,1.3,210.9,2.1,79.3,7.8,150.3,249.4,1.3,307.0,180.5,3.2,350.0,34.1,89.8,3541.4000000000005,2020,5,28,3,2,7082.800000000001,-4.42339351739397,7329.457142857143,6582.003333333333,754594,10.06872330491197,1360745.245649551,15091.880000000001,150918.80000000002,603675.2,222.910161896588,0.4436353963349251
Patna,2020-05-29,6.2935,33.43,47.23,3.54,478.5977366602617,4896.060546520335,0.3660857445467344,5.9730673078322445,2326,2020-05-29,193.3,1.9,24.0,95.5,4.3,82.5,4.8,88.4,8.9,53.7,17.4,10.9,323.9,109.0,24.7,44.1,23.4,192.8,69.8,462.6,2.5,5.2,1.4,203.7,2.1,73.6,7.8,134.0,250.1,1.2,298.8,182.4,3.2,337.1,33.8,113.9,3483.6000000000004,2020,5,29,4,2,6970.300000000001,-1.5883548878974365,7306.014285714286,6623.58,347718,9.460621058526408,1652658.616494069,6954.360000000001,69543.6,278174.4,591.6088096151439,0.16831923356977502
Patna,2020-05-30,6.101,34.48,44.16,3.14,301.15681564388825,3078.7466348776184,0.2278651475883544,3.790631005788724,2327,2020-05-30,186.4,1.9,25.6,91.0,3.4,74.6,4.8,73.3,9.3,53.2,17.6,10.6,326.5,96.1,19.6,41.8,24.9,183.5,70.5,461.2,2.5,5.4,1.7,206.0,2.0,75.1,8.0,127.5,186.9,1.2,306.6,164.0,3.6,282.0,28.2,129.5,3306.0,2020,5,30,5,2,6612.0,-5.140381332223876,7206.800000000001,6646.9766666666665,508987,11.864037601259916,1304121.5614062985,10179.74,101797.40000000001,407189.6,317.7737892633551,0.3122326168185509
Patna,2020-05-31,5.857,33.17,50.12,2.0,249.73370133051708,2553.9185660072176,0.1841215946829328,2.860683421839729,2328,2020-05-31,184.1,2.0,25.1,78.0,3.4,74.0,4.4,73.3,9.1,48.3,16.0,9.1,319.2,96.1,19.6,41.8,21.2,168.5,63.5,443.5,2.2,5.5,1.7,204.8,2.2,84.9,7.2,127.5,186.9,0.9,288.5,145.9,4.1,282.0,28.2,120.4,3193.1000000000004,2020,5,31,6,2,6386.200000000001,-3.415003024803376,7069.171428571429,6664.65,558745,11.323546688452176,1032172.9977440697,11174.9,111749.0,446996.0,228.41325151546536,0.43306264348545803
Patna,2020-06-01,5.7624,33.98,44.82,2.47,241.33120264978788,2466.919523359967,0.1838462953921675,2.8114872508835966,2329,2020-06-01,178.2,1.6,24.2,94.1,3.9,72.7,4.5,74.6,9.2,54.9,15.9,9.1,325.4,109.4,22.7,41.3,20.3,164.5,68.3,388.3,2.5,5.2,1.5,200.7,2.2,80.3,7.7,134.9,197.4,1.2,303.3,138.5,4.4,331.0,29.4,123.1,3246.4,2020,6,1,0,2,6492.8,1.669224264821012,6928.785714285716,6681.33,307512,9.526654433820145,839163.8246861036,6150.24,61502.4,246009.6,338.6101943526202,0.293160047660508
Patna,2020-06-02,5.1468,33.18,40.31,2.31,310.66454541812976,3176.1546364767623,0.2262529446429115,4.039883290228578,2330,2020-06-02,172.0,2.0,24.8,99.6,4.0,73.7,4.6,81.1,9.2,57.9,17.8,8.2,314.4,119.1,24.3,42.7,23.6,155.9,65.6,374.1,2.4,5.0,1.6,184.4,2.2,75.6,7.7,141.5,201.2,1.3,305.1,140.2,4.4,348.7,33.2,130.9,3255.8,2020,6,2,1,2,6515.799999999999,0.3542385411532622,6781.5,6701.130000000001,347443,9.852226480198473,1117169.1732019715,6948.860000000001,69488.6,277954.4,399.42534214316134,0.24880220280437892
Patna,2020-06-03,4.0054,32.76,44.12,2.44,313.6845465959038,3207.1259654874643,0.2308179878029488,4.137346270936916,2331,2020-06-03,175.3,2.0,23.2,106.7,4.1,76.8,2.8,85.7,7.1,59.6,17.4,7.7,301.9,127.1,24.6,43.3,26.6,144.6,65.6,288.2,2.6,5.2,1.4,182.9,2.3,77.0,7.7,140.0,203.8,1.3,311.9,139.7,4.4,365.4,35.3,138.6,3205.5,2020,6,3,2,2,6415.300000000001,-1.542404616470705,6639.314285714287,6714.986666666667,670587,5.36117064661097,613826.479979482,13411.74,134117.4,536469.6,111.91962041828316,0.8739745571800275
Patna,2020-06-04,2.4274,32.06,43.59,2.57,348.81831807760136,3567.7541219780264,0.2645036245518558,4.582115335423527,2332,2020-06-04,174.3,2.0,23.9,100.7,4.1,76.4,4.1,85.1,8.9,59.5,17.7,8.4,298.3,126.0,24.9,44.4,25.0,166.4,66.3,283.6,2.4,5.1,1.7,143.2,2.3,79.6,7.7,146.5,201.2,1.4,319.5,142.8,4.4,342.0,35.1,148.8,3179.4,2020,6,4,3,2,6363.1,-0.8136797967359444,6536.5,6723.79,573616,9.689422251850274,1233644.5101574457,11472.32,114723.20000000001,458892.8,266.33065285780157,0.37198108875006825
Patna,2020-06-05,3.336,30.73,66.63,2.97,324.3144980561957,3316.573958372721,0.2453064743159736,4.187136047529455,2333,2020-06-05,181.6,1.9,26.0,74.0,3.9,74.9,4.9,81.0,10.0,61.1,17.4,8.8,288.9,121.4,25.3,42.8,24.7,177.3,66.4,335.2,2.5,5.3,1.7,149.8,2.2,84.5,7.6,151.0,198.0,1.4,321.4,149.2,3.2,284.9,32.9,141.3,3164.4,2020,6,5,4,2,6328.799999999999,-0.5390454338294437,6444.857142857143,6731.493333333333,565871,5.309158063970701,628470.4804054465,11317.42,113174.20000000001,452696.8,136.32812522762399,0.7203139905536385
Patna,2020-06-06,5.0225,30.71,57.83,3.81,273.06653265259115,2792.8550195045905,0.2092881796340456,3.4253800892322954,2334,2020-06-06,186.6,1.7,24.2,85.3,3.9,76.5,5.1,80.2,10.0,62.3,12.4,8.4,279.5,129.4,24.7,35.0,26.5,175.2,64.2,357.0,2.4,4.5,1.7,162.3,2.1,93.9,7.6,143.4,206.1,1.4,299.3,153.9,4.3,324.9,34.2,157.4,3247.5000000000005,2020,6,6,5,2,6495.000000000001,2.626090254076629,6428.142857142857,6743.356666666668,575037,9.117846298789518,908769.216035446,11500.74,115007.40000000001,460029.6,195.04581358144043,0.5062111322341761
Amaravati,2020-05-15,7.086,33.91,52.69,2.99,281.8991603902216,2879.8562655433675,0.2143210750888085,2.9989196322598706,2312,2020-05-15,181.9,2.0,22.2,100.6,3.4,79.4,4.2,72.0,7.5,49.7,13.9,10.0,306.3,120.4,21.9,43.2,23.2,209.5,71.9,405.5,2.3,5.1,1.6,202.9,2.1,81.2,8.5,121.2,219.7,1.2,303.5,156.8,3.9,339.7,30.1,145.2,3368.9,2020,5,15,4,2,6742.599999999999,1.589549652709743,6476.0,6003.933333333334,317796,11.995474496960844,1234252.6790490858,6355.92,63559.200000000004,254236.8,482.9736525353867,0.205984235101388
Amaravati,2020-05-16,6.1454,34.37,52.3,2.75,293.8778807796024,3002.1393577453105,0.2121702088962662,3.175236474799966,2313,2020-05-16,185.5,1.9,22.1,101.9,3.5,76.5,4.3,73.3,7.6,53.0,16.2,8.9,306.5,128.5,22.4,43.8,25.9,204.1,71.2,405.1,2.2,5.1,1.5,205.5,2.4,81.3,8.5,129.8,225.2,0.9,296.5,152.8,3.9,350.6,30.5,151.7,3405.6,2020,5,16,5,2,6816.200000000001,1.09156705128588,6511.099999999999,6033.223333333333,491999,8.890646070060257,953658.9424282452,9839.98,98399.8,393599.2,239.7918904378477,0.4127248954148192
Amaravati,2020-05-17,6.0038,34.93,46.14,2.71,312.96183204783614,3200.565600194744,0.238868522489879,3.766244306500447,2314,2020-05-17,177.6,1.9,21.5,101.6,3.4,75.7,3.8,75.7,7.3,51.4,16.3,9.1,299.7,128.2,20.6,43.0,26.3,192.5,63.7,404.9,2.4,4.8,1.5,204.5,2.2,81.3,8.5,135.7,220.8,0.9,277.3,144.2,3.9,361.1,28.0,149.0,3344.7,2020,5,17,6,2,6695.0,-1.77811683929463,6590.5142857142855,6057.35,392506,8.312470826569333,949542.4260354751,7850.12,78501.2,314004.8,299.8974238723342,0.3306902995590522
Amaravati,2020-05-18,5.2692,35.11,41.03,2.54,222.99702127311505,2278.668814254924,0.1590258863064431,2.463815608425709,2315,2020-05-18,174.1,1.9,27.6,105.9,3.8,76.3,4.2,78.7,7.4,52.9,14.9,10.3,303.5,135.5,22.4,43.3,26.9,169.2,63.3,418.3,2.6,5.0,1.5,205.3,2.1,83.4,8.5,142.3,225.6,1.3,270.5,149.5,3.9,367.1,30.6,157.7,3391.9,2020,5,18,0,2,6789.2,1.40702016430172,6685.128571428571,6089.726666666667,469544,7.189983995539112,585220.9301124061,9390.880000000001,93908.8,375635.2,153.29501870762007,0.6418679490152567
Amaravati,2020-05-19,4.9584,35.96,38.18,3.18,267.4625583268417,2732.640628746392,0.1974073712280035,3.1133584237305145,2316,2020-05-19,164.7,1.9,30.9,102.2,3.9,76.2,4.4,81.3,7.9,52.7,14.8,10.5,307.0,134.0,23.6,44.2,26.5,174.0,65.6,420.9,2.6,5.2,1.7,208.3,2.1,74.2,8.5,143.6,231.8,1.2,274.7,151.3,3.9,370.6,31.7,148.2,3401.3,2020,5,19,1,2,6808.099999999999,0.2783833146762227,6730.228571428571,6125.856666666668,580002,5.843658051505251,570480.3023416371,11600.04,116000.40000000001,464001.6,120.44791706356983,0.8133511091343868
Amaravati,2020-05-20,5.7305,36.91,24.69,2.56,314.0457938884043,3215.0632596869136,0.2400729240189435,4.604665450162271,2317,2020-05-20,175.5,2.0,28.4,93.3,4.0,74.8,4.4,82.3,8.1,47.3,15.0,10.6,308.6,139.8,23.8,45.3,19.3,188.0,70.1,426.2,2.4,5.0,1.6,203.8,2.2,57.4,8.5,145.4,230.0,1.2,296.7,159.8,3.9,383.2,32.9,75.1,3371.2000000000003,2020,5,20,2,2,6747.1,-0.8959915394897044,6747.9,6159.816666666667,739439,10.117165700207972,1159697.4669911566,14788.78,147887.80000000002,591551.2,193.54346453716207,0.5100905251127756
Amaravati,2020-05-21,7.0286,36.36,34.52,1.27,484.4608548279167,4956.921158773319,0.3787740493182112,6.39677026960725,2318,2020-05-21,186.9,2.1,20.2,81.6,4.2,78.0,4.5,84.8,8.2,47.3,16.6,10.6,316.6,142.4,24.3,43.4,17.4,196.5,71.2,434.5,2.8,4.4,1.5,207.2,2.3,70.0,8.5,160.4,233.5,1.1,302.2,166.9,3.9,382.7,33.7,51.5,3419.3,2020,5,21,3,2,6843.2,1.4243156319011074,6777.342857142857,6201.990000000001,790978,6.348193194499413,1122539.6520912813,15819.56,158195.6,632782.4,174.8974200438067,0.5637055538444271
Amaravati,2020-05-22,7.217,36.01,46.31,2.42,309.5809210920232,3166.017998627707,0.2399508697316888,3.8626216955439454,2319,2020-05-22,192.3,2.0,21.7,92.5,4.5,79.2,4.5,91.7,8.6,52.5,16.3,10.3,317.1,154.5,24.8,44.9,23.5,201.3,72.4,442.1,2.4,4.7,1.7,209.3,2.3,77.2,8.5,168.2,237.2,1.3,306.5,173.3,3.9,402.6,35.2,78.3,3565.1,2020,5,22,4,2,7134.4,4.255319148936176,6833.314285714286,6246.483333333334,728787,5.8069741487309905,656170.868088423,14575.74,145757.4,583029.6,110.04503512144548,0.8885318441012977
Amaravati,2020-05-23,6.8726,34.18,57.61,3.09,380.9419243993407,3896.9444239727577,0.2933331639016568,4.962811838029397,2320,2020-05-23,195.9,1.5,23.6,98.6,4.6,79.4,4.6,95.2,8.1,54.7,16.5,10.7,315.2,158.0,24.1,41.2,27.3,201.2,74.0,443.5,2.5,5.1,1.4,216.6,2.1,84.5,8.5,171.0,244.1,1.3,311.9,168.1,3.9,417.5,36.1,102.9,3651.1,2020,5,23,5,2,7306.5,2.4122561112357,6903.357142857143,6295.37,730583,7.952338618113588,1105723.399480675,14611.66,146116.6,584466.4,186.6851096112069,0.5285823486164418
Amaravati,2020-05-24,6.6187,34.15,57.96,3.3,331.3531300728466,3390.319078053461,0.2597622941068829,4.231194467057071,2321,2020-05-24,194.0,1.6,22.9,109.2,4.5,83.8,4.1,98.0,8.7,55.0,17.3,10.0,312.2,154.3,22.4,46.2,27.7,192.6,69.7,447.4,2.4,4.6,1.6,216.2,2.1,85.0,7.6,168.3,245.8,0.9,302.2,172.3,4.3,426.9,34.6,118.4,3674.8,2020,5,24,6,2,7349.6,0.589885718196137,6996.871428571429,6345.823333333334,588215,10.567392865713682,1278061.6265087493,11764.300000000001,117643.0,470572.0,269.0974657456775,0.3681916599700982
Amaravati,2020-05-25,5.7895,33.81,59.12,4.04,374.5515346174102,3834.449084009233,0.29073825950854,5.110555584043095,2322,2020-05-25,191.6,1.5,20.0,105.8,5.0,85.8,4.4,101.5,9.0,55.3,17.3,10.6,319.8,162.7,24.5,47.4,28.3,200.9,75.9,457.9,2.4,4.3,1.7,220.3,2.1,85.8,7.6,175.9,249.6,1.1,306.3,177.1,4.3,426.5,36.1,113.4,3735.8,2020,5,25,0,2,7475.500000000001,1.7130183955589515,7094.914285714285,6401.906666666667,521184,10.215451836841542,1396567.804239223,10423.68,104236.8,416947.2,332.45075737149045,0.29855113384630616
Amaravati,2020-05-26,5.9292,34.02,57.1,3.98,332.7624370853408,3403.815119968726,0.257447463283904,4.12586275347288,2323,2020-05-26,193.5,1.3,15.7,108.9,5.4,87.1,4.7,106.9,9.3,56.7,17.5,10.9,323.1,167.8,25.4,44.4,27.9,187.3,77.4,462.7,1.8,3.7,1.3,218.0,1.6,86.7,7.6,184.3,253.8,1.2,318.9,176.3,4.3,425.3,36.3,120.2,3771.6,2020,5,26,1,2,7546.800000000001,0.9537823556952764,7200.442857142857,6470.550000000001,622515,5.384178302525324,653953.0871823742,12450.300000000001,124503.0,498012.0,128.81271679846554,0.7615397009685098
Amaravati,2020-05-27,6.1939,33.51,61.68,3.86,285.4326782238401,2916.9235397521443,0.2201191109291045,3.1892448036591685,2324,2020-05-27,194.8,1.4,17.8,79.3,5.5,86.7,4.8,110.4,9.2,53.8,17.3,10.8,321.1,168.2,25.6,41.3,24.4,187.0,77.7,460.7,1.8,4.2,1.6,218.3,1.8,88.2,8.2,182.7,260.7,1.2,324.6,176.9,1.9,395.3,35.5,104.6,3705.2999999999993,2020,5,27,2,2,7410.5999999999985,-1.804738432183206,7295.228571428571,6534.8966666666665,578480,8.186005795253092,852842.0487046627,11569.6,115696.0,462784.0,181.78511977610782,0.5426367732056885
Amaravati,2020-05-28,6.1663,35.1,56.75,4.03,370.26235136925806,3788.58341870952,0.2892487116306813,4.893855943973852,2325,2020-05-28,195.4,1.6,23.4,79.0,5.0,90.0,4.6,105.6,9.4,51.7,16.8,10.7,321.5,139.3,24.2,43.3,22.2,192.1,74.3,457.3,2.2,4.8,1.3,210.9,2.1,79.3,7.8,150.3,249.4,1.3,307.0,180.5,3.2,350.0,34.1,89.8,3541.4000000000005,2020,5,28,3,2,7082.800000000001,-4.42339351739397,7329.457142857143,6582.003333333333,232711,8.657042032498182,1169962.5096821766,4654.22,46542.200000000004,186168.8,625.9417741760041,0.15912359527398695
Amaravati,2020-05-29,6.5623,36.55,47.84,4.42,478.5977366602617,4896.060546520335,0.3660857445467344,5.9730673078322445,2326,2020-05-29,193.3,1.9,24.0,95.5,4.3,82.5,4.8,88.4,8.9,53.7,17.4,10.9,323.9,109.0,24.7,44.1,23.4,192.8,69.8,462.6,2.5,5.2,1.4,203.7,2.1,73.6,7.8,134.0,250.1,1.2,298.8,182.4,3.2,337.1,33.8,113.9,3483.6000000000004,2020,5,29,4,2,6970.300000000001,-1.5883548878974365,7306.014285714286,6623.58,701157,9.511826554380756,1661603.611057536,14023.14,140231.4,560925.6,293.72531242245606,0.3375806712783472
Amaravati,2020-05-30,5.2642,35.3,50.96,3.08,301.15681564388825,3078.7466348776184,0.2278651475883544,3.790631005788724,2327,2020-05-30,186.4,1.9,25.6,91.0,3.4,74.6,4.8,73.3,9.3,53.2,17.6,10.6,326.5,96.1,19.6,41.8,24.9,183.5,70.5,461.2,2.5,5.4,1.7,206.0,2.0,75.1,8.0,127.5,186.9,1.2,306.6,164.0,3.6,282.0,28.2,129.5,3306.0,2020,5,30,5,2,6612.0,-5.140381332223876,7206.800000000001,6646.9766666666665,384423,9.551171453102597,1049886.1388770933,7688.46,76884.6,307538.4,338.88375528945113,0.29292519987331944
Amaravati,2020-05-31,6.1961,32.59,63.57,3.37,249.73370133051708,2553.9185660072176,0.1841215946829328,2.860683421839729,2328,2020-05-31,184.1,2.0,25.1,78.0,3.4,74.0,4.4,73.3,9.1,48.3,16.0,9.1,319.2,96.1,19.6,41.8,21.2,168.5,63.5,443.5,2.2,5.5,1.7,204.8,2.2,84.9,7.2,127.5,186.9,0.9,288.5,145.9,4.1,282.0,28.2,120.4,3193.1000000000004,2020,5,31,6,2,6386.200000000001,-3.415003024803376,7069.171428571429,6664.65,716349,7.552880746201141,688466.2355267352,14326.98,143269.80000000002,573079.2,117.63457049684149,0.8323986537450054
Amaravati,2020-06-01,5.4607,31.84,64.43,1.5,241.33120264978788,2466.919523359967,0.1838462953921675,2.8114872508835966,2329,2020-06-01,178.2,1.6,24.2,94.1,3.9,72.7,4.5,74.6,9.2,54.9,15.9,9.1,325.4,109.4,22.7,41.3,20.3,164.5,68.3,388.3,2.5,5.2,1.5,200.7,2.2,80.3,7.7,134.9,197.4,1.2,303.3,138.5,4.4,331.0,29.4,123.1,3246.4,2020,6,1,0,2,6492.8,1.669224264821012,6928.785714285716,6681.33,333272,8.924740358024598,786143.6882377987,6665.4400000000005,66654.40000000001,266617.6,292.3581369863801,0.3391457119651129
Amaravati,2020-06-02,5.6297,31.88,62.57,2.11,310.66454541812976,3176.1546364767623,0.2262529446429115,4.039883290228578,2330,2020-06-02,172.0,2.0,24.8,99.6,4.0,73.7,4.6,81.1,9.2,57.9,17.8,8.2,314.4,119.1,24.3,42.7,23.6,155.9,65.6,374.1,2.4,5.0,1.6,184.4,2.2,75.6,7.7,141.5,201.2,1.3,305.1,140.2,4.4,348.7,33.2,130.9,3255.8,2020,6,2,1,2,6515.799999999999,0.3542385411532622,6781.5,6701.130000000001,277505,8.367433186908606,948804.6619745502,5550.1,55501.0,222004.0,424.88178680318833,0.23398258347024367
Amaravati,2020-06-03,5.773,30.61,69.52,2.52,313.6845465959038,3207.1259654874643,0.2308179878029488,4.137346270936916,2331,2020-06-03,175.3,2.0,23.2,106.7,4.1,76.8,2.8,85.7,7.1,59.6,17.4,7.7,301.9,127.1,24.6,43.3,26.6,144.6,65.6,288.2,2.6,5.2,1.4,182.9,2.3,77.0,7.7,140.0,203.8,1.3,311.9,139.7,4.4,365.4,35.3,138.6,3205.5,2020,6,3,2,2,6415.300000000001,-1.542404616470705,6639.314285714287,6714.986666666667,202869,11.194988495662967,1281768.6349990647,4057.38,40573.8,162295.2,787.2760593037038,0.12661807205326597
Amaravati,2020-06-04,5.0712,31.13,64.42,4.02,348.81831807760136,3567.7541219780264,0.2645036245518558,4.582115335423527,2332,2020-06-04,174.3,2.0,23.9,100.7,4.1,76.4,4.1,85.1,8.9,59.5,17.7,8.4,298.3,126.0,24.9,44.4,25.0,166.4,66.3,283.6,2.4,5.1,1.7,143.2,2.3,79.6,7.7,146.5,201.2,1.4,319.5,142.8,4.4,342.0,35.1,148.8,3179.4,2020,6,4,3,2,6363.1,-0.8136797967359444,6536.5,6723.79,654351,8.711855928444301,1109182.0502874274,13087.02,130870.20000000001,523480.8,209.38590876445272,0.4719516763841173
Amaravati,2020-06-05,5.8565,32.19,59.6,3.01,324.3144980561957,3316.573958372721,0.2453064743159736,4.187136047529455,2333,2020-06-05,181.6,1.9,26.0,74.0,3.9,74.9,4.9,81.0,10.0,61.1,17.4,8.8,288.9,121.4,25.3,42.8,24.7,177.3,66.4,335.2,2.5,5.3,1.7,149.8,2.2,84.5,7.6,151.0,198.0,1.4,321.4,149.2,3.2,284.9,32.9,141.3,3164.4,2020,6,5,4,2,6328.799999999999,-0.5390454338294437,6444.857142857143,6731.493333333333,512252,8.087225132237132,957323.5911915617,10245.04,102450.40000000001,409801.6,231.10660163151184,0.42806964719242047
Amaravati,2020-06-06,6.1954,34.18,49.72,3.79,273.06653265259115,2792.8550195045905,0.2092881796340456,3.4253800892322954,2334,2020-06-06,186.6,1.7,24.2,85.3,3.9,76.5,5.1,80.2,10.0,62.3,12.4,8.4,279.5,129.4,24.7,35.0,26.5,175.2,64.2,357.0,2.4,4.5,1.7,162.3,2.1,93.9,7.6,143.4,206.1,1.4,299.3,153.9,4.3,324.9,34.2,157.4,3247.5000000000005,2020,6,6,5,2,6495.000000000001,2.626090254076629,6428.142857142857,6743.356666666668,290272,7.831398147772955,780549.8493825141,5805.4400000000005,58054.4,232217.6,333.6286351174563,0.2975047688228192
Itanagar,2020-05-15,4.1074,25.18,75.69,0.64,281.8991603902216,2879.8562655433675,0.2143210750888085,2.9989196322598706,2312,2020-05-15,181.9,2.0,22.2,100.6,3.4,79.4,4.2,72.0,7.5,49.7,13.9,10.0,306.3,120.4,21.9,43.2,23.2,209.5,71.9,405.5,2.3,5.1,1.6,202.9,2.1,81.2,8.5,121.2,219.7,1.2,303.5,156.8,3.9,339.7,30.1,145.2,3368.9,2020,5,15,4,2,6742.599999999999,1.589549652709743,6476.0,6003.933333333334,238467,9.006994316034259,926758.4093952879,4769.34,47693.4,190773.6,483.2896529683813,0.2058501894515213
Itanagar,2020-05-16,2.814,25.34,79.63,0.81,293.8778807796024,3002.1393577453105,0.2121702088962662,3.175236474799966,2313,2020-05-16,185.5,1.9,22.1,101.9,3.5,76.5,4.3,73.3,7.6,53.0,16.2,8.9,306.5,128.5,22.4,43.8,25.9,204.1,71.2,405.1,2.2,5.1,1.5,205.5,2.4,81.3,8.5,129.8,225.2,0.9,296.5,152.8,3.9,350.6,30.5,151.7,3405.6,2020,5,16,5,2,6816.200000000001,1.09156705128588,6511.099999999999,6033.223333333333,680047,10.627838855806283,1139999.6674771847,13600.94,136009.4,544037.6,207.0442791963616,0.4772256854936342
Itanagar,2020-05-17,4.5106,26.45,69.51,0.78,312.96183204783614,3200.565600194744,0.238868522489879,3.766244306500447,2314,2020-05-17,177.6,1.9,21.5,101.6,3.4,75.7,3.8,75.7,7.3,51.4,16.3,9.1,299.7,128.2,20.6,43.0,26.3,192.5,63.7,404.9,2.4,4.8,1.5,204.5,2.2,81.3,8.5,135.7,220.8,0.9,277.3,144.2,3.9,361.1,28.0,149.0,3344.7,2020,5,17,6,2,6695.0,-1.77811683929463,6590.5142857142855,6057.35,258871,8.768810432665513,1001670.5869288198,5177.42,51774.200000000004,207096.8,481.17265304380356,0.2067511974009068
Itanagar,2020-05-18,3.005,27.23,70.33,0.7,222.99702127311505,2278.668814254924,0.1590258863064431,2.463815608425709,2315,2020-05-18,174.1,1.9,27.6,105.9,3.8,76.3,4.2,78.7,7.4,52.9,14.9,10.3,303.5,135.5,22.4,43.3,26.9,169.2,63.3,418.3,2.6,5.0,1.5,205.3,2.1,83.4,8.5,142.3,225.6,1.3,270.5,149.5,3.9,367.1,30.6,157.7,3391.9,2020,5,18,0,2,6789.2,1.40702016430172,6685.128571428571,6089.726666666667,328391,9.63158622556379,783952.4890290999,6567.82,65678.2,262712.8,295.90665891768504,0.33511273777907535
Itanagar,2020-05-19,3.5467,27.64,70.44,0.88,267.4625583268417,2732.640628746392,0.1974073712280035,3.1133584237305145,2316,2020-05-19,164.7,1.9,30.9,102.2,3.9,76.2,4.4,81.3,7.9,52.7,14.8,10.5,307.0,134.0,23.6,44.2,26.5,174.0,65.6,420.9,2.6,5.2,1.7,208.3,2.1,74.2,8.5,143.6,231.8,1.2,274.7,151.3,3.9,370.6,31.7,148.2,3401.3,2020,5,19,1,2,6808.099999999999,0.2783833146762227,6730.228571428571,6125.856666666668,639430,10.164990368345675,992345.3301891853,12788.6,127886.0,511544.0,191.49021984212214,0.5154893855479639
Itanagar,2020-05-20,2.029,25.09,79.38,1.18,314.0457938884043,3215.0632596869136,0.2400729240189435,4.604665450162271,2317,2020-05-20,175.5,2.0,28.4,93.3,4.0,74.8,4.4,82.3,8.1,47.3,15.0,10.6,308.6,139.8,23.8,45.3,19.3,188.0,70.1,426.2,2.4,5.0,1.6,203.8,2.2,57.4,8.5,145.4,230.0,1.2,296.7,159.8,3.9,383.2,32.9,75.1,3371.2000000000003,2020,5,20,2,2,6747.1,-0.8959915394897044,6747.9,6159.816666666667,456687,8.641176769151123,990509.704788307,9133.74,91337.40000000001,365349.6,268.61284774591434,0.36884972391901905
Itanagar,2020-05-21,1.5569,25.48,83.07,1.94,484.4608548279167,4956.921158773319,0.3787740493182112,6.39677026960725,2318,2020-05-21,186.9,2.1,20.2,81.6,4.2,78.0,4.5,84.8,8.2,47.3,16.6,10.6,316.6,142.4,24.3,43.4,17.4,196.5,71.2,434.5,2.8,4.4,1.5,207.2,2.3,70.0,8.5,160.4,233.5,1.1,302.2,166.9,3.9,382.7,33.7,51.5,3419.3,2020,5,21,3,2,6843.2,1.4243156319011074,6777.342857142857,6201.990000000001,307450,7.98771939658405,1412454.1389530436,6149.0,61490.0,245960.0,571.7617250581573,0.1741365040324844
Itanagar,2020-05-22,2.0858,26.98,75.8,0.88,309.5809210920232,3166.017998627707,0.2399508697316888,3.8626216955439454,2319,2020-05-22,192.3,2.0,21.7,92.5,4.5,79.2,4.5,91.7,8.6,52.5,16.3,10.3,317.1,154.5,24.8,44.9,23.5,201.3,72.4,442.1,2.4,4.7,1.7,209.3,2.3,77.2,8.5,168.2,237.2,1.3,306.5,173.3,3.9,402.6,35.2,78.3,3565.1,2020,5,22,4,2,7134.4,4.255319148936176,6833.314285714286,6246.483333333334,371890,11.136657645037147,1258409.3070475494,7437.8,74378.0,297512.0,420.4776637740829,0.2364189154632841
Itanagar,2020-05-23,1.8096,26.46,83.35,0.92,380.9419243993407,3896.9444239727577,0.2933331639016568,4.962811838029397,2320,2020-05-23,195.9,1.5,23.6,98.6,4.6,79.4,4.6,95.2,8.1,54.7,16.5,10.7,315.2,158.0,24.1,41.2,27.3,201.2,74.0,443.5,2.5,5.1,1.4,216.6,2.1,84.5,8.5,171.0,244.1,1.3,311.9,168.1,3.9,417.5,36.1,102.9,3651.1,2020,5,23,5,2,7306.5,2.4122561112357,6903.357142857143,6295.37,638741,7.922542588195245,1101580.4461842328,12774.82,127748.20000000001,510992.8,213.07651031173683,0.4638720103447889
Itanagar,2020-05-24,1.7117,26.51,84.12,2.53,331.3531300728466,3390.319078053461,0.2597622941068829,4.231194467057071,2321,2020-05-24,194.0,1.6,22.9,109.2,4.5,83.8,4.1,98.0,8.7,55.0,17.3,10.0,312.2,154.3,22.4,46.2,27.7,192.6,69.7,447.4,2.4,4.6,1.6,216.2,2.1,85.0,7.6,168.3,245.8,0.9,302.2,172.3,4.3,426.9,34.6,118.4,3674.8,2020,5,24,6,2,7349.6,0.589885718196137,6996.871428571429,6345.823333333334,481974,8.233599954029113,995803.6275353453,9639.48,96394.8,385579.2,255.7617598499466,0.38720366358843233
Itanagar,2020-05-25,1.921,26.32,84.68,3.2,374.5515346174102,3834.449084009233,0.29073825950854,5.110555584043095,2322,2020-05-25,191.6,1.5,20.0,105.8,5.0,85.8,4.4,101.5,9.0,55.3,17.3,10.6,319.8,162.7,24.5,47.4,28.3,200.9,75.9,457.9,2.4,4.3,1.7,220.3,2.1,85.8,7.6,175.9,249.6,1.1,306.3,177.1,4.3,426.5,36.1,113.4,3735.8,2020,5,25,0,2,7475.500000000001,1.7130183955589515,7094.914285714285,6401.906666666667,600109,11.932389193392439,1631292.5596736288,12002.18,120021.8,480087.2,337.2908879207004,0.2942984707768052
Itanagar,2020-05-26,1.2552,24.36,86.01,1.2,332.7624370853408,3403.815119968726,0.257447463283904,4.12586275347288,2323,2020-05-26,193.5,1.3,15.7,108.9,5.4,87.1,4.7,106.9,9.3,56.7,17.5,10.9,323.1,167.8,25.4,44.4,27.9,187.3,77.4,462.7,1.8,3.7,1.3,218.0,1.6,86.7,7.6,184.3,253.8,1.2,318.9,176.3,4.3,425.3,36.3,120.2,3771.6,2020,5,26,1,2,7546.800000000001,0.9537823556952764,7200.442857142857,6470.550000000001,316381,5.001662665031192,607493.3921315072,6327.62,63276.200000000004,253104.8,237.51654339684873,0.416637261641107
Itanagar,2020-05-27,3.0125,23.34,75.63,1.04,285.4326782238401,2916.9235397521443,0.2201191109291045,3.1892448036591685,2324,2020-05-27,194.8,1.4,17.8,79.3,5.5,86.7,4.8,110.4,9.2,53.8,17.3,10.8,321.1,168.2,25.6,41.3,24.4,187.0,77.7,460.7,1.8,4.2,1.6,218.3,1.8,88.2,8.2,182.7,260.7,1.2,324.6,176.9,1.9,395.3,35.5,104.6,3705.2999999999993,2020,5,27,2,2,7410.5999999999985,-1.804738432183206,7295.228571428571,6534.8966666666665,673125,6.2983103670370575,656176.4126671532,13462.5,134625.0,538500.0,119.35263002175547,0.8206622014177053
Itanagar,2020-05-28,6.103,25.31,70.5,0.96,370.26235136925806,3788.58341870952,0.2892487116306813,4.893855943973852,2325,2020-05-28,195.4,1.6,23.4,79.0,5.0,90.0,4.6,105.6,9.4,51.7,16.8,10.7,321.5,139.3,24.2,43.3,22.2,192.1,74.3,457.3,2.2,4.8,1.3,210.9,2.1,79.3,7.8,150.3,249.4,1.3,307.0,180.5,3.2,350.0,34.1,89.8,3541.4000000000005,2020,5,28,3,2,7082.800000000001,-4.42339351739397,7329.457142857143,6582.003333333333,771621,7.68774722943808,1038966.4285550487,15432.42,154324.2,617296.8,165.80905790456853,0.5941445160205936
Itanagar,2020-05-29,6.5335,25.93,73.5,0.78,478.5977366602617,4896.060546520335,0.3660857445467344,5.9730673078322445,2326,2020-05-29,193.3,1.9,24.0,95.5,4.3,82.5,4.8,88.4,8.9,53.7,17.4,10.9,323.9,109.0,24.7,44.1,23.4,192.8,69.8,462.6,2.5,5.2,1.4,203.7,2.1,73.6,7.8,134.0,250.1,1.2,298.8,182.4,3.2,337.1,33.8,113.9,3483.6000000000004,2020,5,29,4,2,6970.300000000001,-1.5883548878974365,7306.014285714286,6623.58,334508,11.52812936597677,2013827.8672063607,6690.16,66901.6,267606.4,750.0335220706085,0.13288437977911752
Itanagar,2020-05-30,4.7952,24.67,79.62,0.87,301.15681564388825,3078.7466348776184,0.2278651475883544,3.790631005788724,2327,2020-05-30,186.4,1.9,25.6,91.0,3.4,74.6,4.8,73.3,9.3,53.2,17.6,10.6,326.5,96.1,19.6,41.8,24.9,183.5,70.5,461.2,2.5,5.4,1.7,206.0,2.0,75.1,8.0,127.5,186.9,1.2,306.6,164.0,3.6,282.0,28.2,129.5,3306.0,2020,5,30,5,2,6612.0,-5.140381332223876,7206.800000000001,6646.9766666666665,599111,5.490207940232297,603495.9422836495,11982.22,119822.20000000001,479288.8,123.41488519732768,0.7941859625441641
Itanagar,2020-05-31,4.3044,24.56,77.34,0.73,249.73370133051708,2553.9185660072176,0.1841215946829328,2.860683421839729,2328,2020-05-31,184.1,2.0,25.1,78.0,3.4,74.0,4.4,73.3,9.1,48.3,16.0,9.1,319.2,96.1,19.6,41.8,21.2,168.5,63.5,443.5,2.2,5.5,1.7,204.8,2.2,84.9,7.2,127.5,186.9,0.9,288.5,145.9,4.1,282.0,28.2,120.4,3193.1000000000004,2020,5,31,6,2,6386.200000000001,-3.415003024803376,7069.171428571429,6664.65,350810,5.066398035399486,461816.37183480046,7016.2,70162.0,280648.0,162.05359447949047,0.6077034280563883
Itanagar,2020-06-01,2.5507,25.82,80.37,1.3,241.33120264978788,2466.919523359967,0.1838462953921675,2.8114872508835966,2329,2020-06-01,178.2,1.6,24.2,94.1,3.9,72.7,4.5,74.6,9.2,54.9,15.9,9.1,325.4,109.4,22.7,41.3,20.3,164.5,68.3,388.3,2.5,5.2,1.5,200.7,2.2,80.3,7.7,134.9,197.4,1.2,303.3,138.5,4.4,331.0,29.4,123.1,3246.4,2020,6,1,0,2,6492.8,1.669224264821012,6928.785714285716,6681.33,492890,5.3687868518406,472914.3625196471,9857.800000000001,98578.0,394312.0,117.43405286160377,0.8337897883019574
Itanagar,2020-06-02,3.0725,25.43,86.99,2.11,310.66454541812976,3176.1546364767623,0.2262529446429115,4.039883290228578,2330,2020-06-02,172.0,2.0,24.8,99.6,4.0,73.7,4.6,81.1,9.2,57.9,17.8,8.2,314.4,119.1,24.3,42.7,23.6,155.9,65.6,374.1,2.4,5.0,1.6,184.4,2.2,75.6,7.7,141.5,201.2,1.3,305.1,140.2,4.4,348.7,33.2,130.9,3255.8,2020,6,2,1,2,6515.799999999999,0.3542385411532622,6781.5,6701.130000000001,773665,5.619803874295327,637243.9428206558,15473.300000000001,154733.0,618932.0,100.45863565313407,0.9712623175327266
Itanagar,2020-06-03,1.7738,24.23,86.8,1.82,313.6845465959038,3207.1259654874643,0.2308179878029488,4.137346270936916,2331,2020-06-03,175.3,2.0,23.2,106.7,4.1,76.8,2.8,85.7,7.1,59.6,17.4,7.7,301.9,127.1,24.6,43.3,26.6,144.6,65.6,288.2,2.6,5.2,1.4,182.9,2.3,77.0,7.7,140.0,203.8,1.3,311.9,139.7,4.4,365.4,35.3,138.6,3205.5,2020,6,3,2,2,6415.300000000001,-1.542404616470705,6639.314285714287,6714.986666666667,560032,5.263177412443826,602606.7584008289,11200.64,112006.40000000001,448025.6,132.00275127154094,0.7434779817454532
Itanagar,2020-06-04,1.3495,22.38,85.1,1.12,348.81831807760136,3567.7541219780264,0.2645036245518558,4.582115335423527,2332,2020-06-04,174.3,2.0,23.9,100.7,4.1,76.4,4.1,85.1,8.9,59.5,17.7,8.4,298.3,126.0,24.9,44.4,25.0,166.4,66.3,283.6,2.4,5.1,1.7,143.2,2.3,79.6,7.7,146.5,201.2,1.4,319.5,142.8,4.4,342.0,35.1,148.8,3179.4,2020,6,4,3,2,6363.1,-0.8136797967359444,6536.5,6723.79,569599,8.358469287995533,1064189.327540789,11391.98,113919.8,455679.2,231.03914937104634,0.42819332990276066
Itanagar,2020-06-05,1.1297,25.27,83.93,1.13,324.3144980561957,3316.573958372721,0.2453064743159736,4.187136047529455,2333,2020-06-05,181.6,1.9,26.0,74.0,3.9,74.9,4.9,81.0,10.0,61.1,17.4,8.8,288.9,121.4,25.3,42.8,24.7,177.3,66.4,335.2,2.5,5.3,1.7,149.8,2.2,84.5,7.6,151.0,198.0,1.4,321.4,149.2,3.2,284.9,32.9,141.3,3164.4,2020,6,5,4,2,6328.799999999999,-0.5390454338294437,6444.857142857143,6731.493333333333,371836,9.065300450591295,1073103.053357174,7436.72,74367.2,297468.8,358.2447414173096,0.2772040596337119
Itanagar,2020-06-06,2.2013,24.99,89.87,1.99,273.06653265259115,2792.8550195045905,0.2092881796340456,3.4253800892322954,2334,2020-06-06,186.6,1.7,24.2,85.3,3.9,76.5,5.1,80.2,10.0,62.3,12.4,8.4,279.5,129.4,24.7,35.0,26.5,175.2,64.2,357.0,2.4,4.5,1.7,162.3,2.1,93.9,7.6,143.4,206.1,1.4,299.3,153.9,4.3,324.9,34.2,157.4,3247.5000000000005,2020,6,6,5,2,6495.000000000001,2.626090254076629,6428.142857142857,6743.356666666668,245714,6.901808797483028,687898.3440363416,4914.28,49142.8,196571.2,347.4486924006882,0.2857557602055442
Dispur,2020-05-15,3.5808,26.76,74.75,0.41,281.8991603902216,2879.8562655433675,0.2143210750888085,2.9989196322598706,2312,2020-05-15,181.9,2.0,22.2,100.6,3.4,79.4,4.2,72.0,7.5,49.7,13.9,10.0,306.3,120.4,21.9,43.2,23.2,209.5,71.9,405.5,2.3,5.1,1.6,202.9,2.1,81.2,8.5,121.2,219.7,1.2,303.5,156.8,3.9,339.7,30.1,145.2,3368.9,2020,5,15,4,2,6742.599999999999,1.589549652709743,6476.0,6003.933333333334,666960,7.788011687829449,801333.3939065493,13339.2,133392.0,533568.0,147.68393042808964,0.6658493683252837
Dispur,2020-05-16,4.087,26.94,75.99,0.47,293.8778807796024,3002.1393577453105,0.2121702088962662,3.175236474799966,2313,2020-05-16,185.5,1.9,22.1,101.9,3.5,76.5,4.3,73.3,7.6,53.0,16.2,8.9,306.5,128.5,22.4,43.8,25.9,204.1,71.2,405.1,2.2,5.1,1.5,205.5,2.4,81.3,8.5,129.8,225.2,0.9,296.5,152.8,3.9,350.6,30.5,151.7,3405.6,2020,5,16,5,2,6816.200000000001,1.09156705128588,6511.099999999999,6033.223333333333,324123,5.641895345780011,605180.310446318,6482.46,64824.600000000006,259298.4,230.8914557306632,0.4284639917395479
Dispur,2020-05-17,4.4981,27.12,71.39,0.46,312.96183204783614,3200.565600194744,0.238868522489879,3.766244306500447,2314,2020-05-17,177.6,1.9,21.5,101.6,3.4,75.7,3.8,75.7,7.3,51.4,16.3,9.1,299.7,128.2,20.6,43.0,26.3,192.5,63.7,404.9,2.4,4.8,1.5,204.5,2.2,81.3,8.5,135.7,220.8,0.9,277.3,144.2,3.9,361.1,28.0,149.0,3344.7,2020,5,17,6,2,6695.0,-1.77811683929463,6590.5142857142855,6057.35,505628,7.354593246798954,840123.0464169681,10112.56,101125.6,404502.4,205.19296953910978,0.4814793740581001
Dispur,2020-05-18,6.199,27.59,72.51,0.4,222.99702127311505,2278.668814254924,0.1590258863064431,2.463815608425709,2315,2020-05-18,174.1,1.9,27.6,105.9,3.8,76.3,4.2,78.7,7.4,52.9,14.9,10.3,303.5,135.5,22.4,43.3,26.9,169.2,63.3,418.3,2.6,5.0,1.5,205.3,2.1,83.4,8.5,142.3,225.6,1.3,270.5,149.5,3.9,367.1,30.6,157.7,3391.9,2020,5,18,0,2,6789.2,1.40702016430172,6685.128571428571,6089.726666666667,282989,8.65763434144166,704678.7343358608,5659.78,56597.8,226391.2,308.7659565989582,0.32126821443696946
Dispur,2020-05-19,4.295,26.73,70.73,0.46,267.4625583268417,2732.640628746392,0.1974073712280035,3.1133584237305145,2316,2020-05-19,164.7,1.9,30.9,102.2,3.9,76.2,4.4,81.3,7.9,52.7,14.8,10.5,307.0,134.0,23.6,44.2,26.5,174.0,65.6,420.9,2.6,5.2,1.7,208.3,2.1,74.2,8.5,143.6,231.8,1.2,274.7,151.3,3.9,370.6,31.7,148.2,3401.3,2020,5,19,1,2,6808.099999999999,0.2783833146762227,6730.228571428571,6125.856666666668,498356,10.125902650292517,988529.4372987609,9967.12,99671.20000000001,398684.8,245.44761106988804,0.40331059617085574
Dispur,2020-05-20,2.0904,24.75,80.71,0.83,314.0457938884043,3215.0632596869136,0.2400729240189435,4.604665450162271,2317,2020-05-20,175.5,2.0,28.4,93.3,4.0,74.8,4.4,82.3,8.1,47.3,15.0,10.6,308.6,139.8,23.8,45.3,19.3,188.0,70.1,426.2,2.4,5.0,1.6,203.8,2.2,57.4,8.5,145.4,230.0,1.2,296.7,159.8,3.9,383.2,32.9,75.1,3371.2000000000003,2020,5,20,2,2,6747.1,-0.8959915394897044,6747.9,6159.816666666667,378274,5.023424534300855,575818.6512582449,7565.4800000000005,75654.8,302619.2,187.77829406007447,0.5255451065949825
Dispur,2020-05-21,2.8982,24.42,89.39,1.39,484.4608548279167,4956.921158773319,0.3787740493182112,6.39677026960725,2318,2020-05-21,186.9,2.1,20.2,81.6,4.2,78.0,4.5,84.8,8.2,47.3,16.6,10.6,316.6,142.4,24.3,43.4,17.4,196.5,71.2,434.5,2.8,4.4,1.5,207.2,2.3,70.0,8.5,160.4,233.5,1.1,302.2,166.9,3.9,382.7,33.7,51.5,3419.3,2020,5,21,3,2,6843.2,1.4243156319011074,6777.342857142857,6201.990000000001,525352,8.271175365763568,1462577.15116724,10507.04,105070.40000000001,420281.6,345.4993297749033,0.2873566787966754
Dispur,2020-05-22,1.9058,25.51,86.65,0.61,309.5809210920232,3166.017998627707,0.2399508697316888,3.8626216955439454,2319,2020-05-22,192.3,2.0,21.7,92.5,4.5,79.2,4.5,91.7,8.6,52.5,16.3,10.3,317.1,154.5,24.8,44.9,23.5,201.3,72.4,442.1,2.4,4.7,1.7,209.3,2.3,77.2,8.5,168.2,237.2,1.3,306.5,173.3,3.9,402.6,35.2,78.3,3565.1,2020,5,22,4,2,7134.4,4.255319148936176,6833.314285714286,6246.483333333334,611927,7.079020135184176,799908.2944659428,12238.54,122385.40000000001,489541.6,160.89945256254887,0.6119963893241684
Dispur,2020-05-23,2.4898,26.01,85.88,0.65,380.9419243993407,3896.9444239727577,0.2933331639016568,4.962811838029397,2320,2020-05-23,195.9,1.5,23.6,98.6,4.6,79.4,4.6,95.2,8.1,54.7,16.5,10.7,315.2,158.0,24.1,41.2,27.3,201.2,74.0,443.5,2.5,5.1,1.4,216.6,2.1,84.5,8.5,171.0,244.1,1.3,311.9,168.1,3.9,417.5,36.1,102.9,3651.1,2020,5,23,5,2,7306.5,2.4122561112357,6903.357142857143,6295.37,331373,10.96975275184331,1525276.1340673359,6627.46,66274.6,265098.4,572.8622557010286,0.17380343157251896
Dispur,2020-05-24,1.6054,27.18,83.96,1.09,331.3531300728466,3390.319078053461,0.2597622941068829,4.231194467057071,2321,2020-05-24,194.0,1.6,22.9,109.2,4.5,83.8,4.1,98.0,8.7,55.0,17.3,10.0,312.2,154.3,22.4,46.2,27.7,192.6,69.7,447.4,2.4,4.6,1.6,216.2,2.1,85.0,7.6,168.3,245.8,0.9,302.2,172.3,4.3,426.9,34.6,118.4,3674.8,2020,5,24,6,2,7349.6,0.589885718196137,6996.871428571429,6345.823333333334,638452,10.008873206639693,1210512.0849156438,12769.04,127690.40000000001,510761.6,234.50138869399026,0.4219381073733648
Dispur,2020-05-25,2.2918,27.2,82.67,1.51,374.5515346174102,3834.449084009233,0.29073825950854,5.110555584043095,2322,2020-05-25,191.6,1.5,20.0,105.8,5.0,85.8,4.4,101.5,9.0,55.3,17.3,10.6,319.8,162.7,24.5,47.4,28.3,200.9,75.9,457.9,2.4,4.3,1.7,220.3,2.1,85.8,7.6,175.9,249.6,1.1,306.3,177.1,4.3,426.5,36.1,113.4,3735.8,2020,5,25,0,2,7475.500000000001,1.7130183955589515,7094.914285714285,6401.906666666667,315294,9.123759741296265,1247321.1475928174,6305.88,63058.8,252235.2,492.00716933751414,0.20222137519708425
Dispur,2020-05-26,3.9598,26.46,83.79,1.38,332.7624370853408,3403.815119968726,0.257447463283904,4.12586275347288,2323,2020-05-26,193.5,1.3,15.7,108.9,5.4,87.1,4.7,106.9,9.3,56.7,17.5,10.9,323.1,167.8,25.4,44.4,27.9,187.3,77.4,462.7,1.8,3.7,1.3,218.0,1.6,86.7,7.6,184.3,253.8,1.2,318.9,176.3,4.3,425.3,36.3,120.2,3771.6,2020,5,26,1,2,7546.800000000001,0.9537823556952764,7200.442857142857,6470.550000000001,659451,6.9408595198774155,843024.92519501,13189.02,131890.2,527560.8,157.29673341821643,0.6257942777714266
Dispur,2020-05-27,2.7878,25.36,79.07,0.57,285.4326782238401,2916.9235397521443,0.2201191109291045,3.1892448036591685,2324,2020-05-27,194.8,1.4,17.8,79.3,5.5,86.7,4.8,110.4,9.2,53.8,17.3,10.8,321.1,168.2,25.6,41.3,24.4,187.0,77.7,460.7,1.8,4.2,1.6,218.3,1.8,88.2,8.2,182.7,260.7,1.2,324.6,176.9,1.9,395.3,35.5,104.6,3705.2999999999993,2020,5,27,2,2,7410.5999999999985,-1.804738432183206,7295.228571428571,6534.8966666666665,265726,11.372373714402741,1184807.186778497,5314.52,53145.200000000004,212580.8,554.8444011775744,0.1794221228146717
Dispur,2020-05-28,6.7207,26.02,77.51,0.38,370.26235136925806,3788.58341870952,0.2892487116306813,4.893855943973852,2325,2020-05-28,195.4,1.6,23.4,79.0,5.0,90.0,4.6,105.6,9.4,51.7,16.8,10.7,321.5,139.3,24.2,43.3,22.2,192.1,74.3,457.3,2.2,4.8,1.3,210.9,2.1,79.3,7.8,150.3,249.4,1.3,307.0,180.5,3.2,350.0,34.1,89.8,3541.4000000000005,2020,5,28,3,2,7082.800000000001,-4.42339351739397,7329.457142857143,6582.003333333333,341564,5.315704740542262,718394.9477925298,6831.28,68312.8,273251.2,260.4064200971596,0.38036294725720526
Dispur,2020-05-29,6.6893,24.59,86.96,0.37,478.5977366602617,4896.060546520335,0.3660857445467344,5.9730673078322445,2326,2020-05-29,193.3,1.9,24.0,95.5,4.3,82.5,4.8,88.4,8.9,53.7,17.4,10.9,323.9,109.0,24.7,44.1,23.4,192.8,69.8,462.6,2.5,5.2,1.4,203.7,2.1,73.6,7.8,134.0,250.1,1.2,298.8,182.4,3.2,337.1,33.8,113.9,3483.6000000000004,2020,5,29,4,2,6970.300000000001,-1.5883548878974365,7306.014285714286,6623.58,577812,5.766273190753806,1007299.7337917236,11556.24,115562.40000000001,462249.6,215.4125160501434,0.4588992983852803
Dispur,2020-05-30,5.4134,26.46,75.58,0.33,301.15681564388825,3078.7466348776184,0.2278651475883544,3.790631005788724,2327,2020-05-30,186.4,1.9,25.6,91.0,3.4,74.6,4.8,73.3,9.3,53.2,17.6,10.6,326.5,96.1,19.6,41.8,24.9,183.5,70.5,461.2,2.5,5.4,1.7,206.0,2.0,75.1,8.0,127.5,186.9,1.2,306.6,164.0,3.6,282.0,28.2,129.5,3306.0,2020,5,30,5,2,6612.0,-5.140381332223876,7206.800000000001,6646.9766666666665,468246,7.741410983782492,850953.2183702928,9364.92,93649.20000000001,374596.8,224.6651061542151,0.4402079358833311
Dispur,2020-05-31,4.3234,27.19,73.97,0.32,249.73370133051708,2553.9185660072176,0.1841215946829328,2.860683421839729,2328,2020-05-31,184.1,2.0,25.1,78.0,3.4,74.0,4.4,73.3,9.1,48.3,16.0,9.1,319.2,96.1,19.6,41.8,21.2,168.5,63.5,443.5,2.2,5.5,1.7,204.8,2.2,84.9,7.2,127.5,186.9,0.9,288.5,145.9,4.1,282.0,28.2,120.4,3193.1000000000004,2020,5,31,6,2,6386.200000000001,-3.415003024803376,7069.171428571429,6664.65,318015,5.871062901077995,535163.8281961293,6360.3,63603.0,254412.0,207.8532176926125,0.4753899856564604
Dispur,2020-06-01,3.7944,26.04,83.78,0.63,241.33120264978788,2466.919523359967,0.1838462953921675,2.8114872508835966,2329,2020-06-01,178.2,1.6,24.2,94.1,3.9,72.7,4.5,74.6,9.2,54.9,15.9,9.1,325.4,109.4,22.7,41.3,20.3,164.5,68.3,388.3,2.5,5.2,1.5,200.7,2.2,80.3,7.7,134.9,197.4,1.2,303.3,138.5,4.4,331.0,29.4,123.1,3246.4,2020,6,1,0,2,6492.8,1.669224264821012,6928.785714285716,6681.33,454079,11.694909882915976,1030156.5334276259,9081.58,90815.8,363263.2,281.08406065564196,0.35262878561041094
Dispur,2020-06-02,5.9174,25.92,86.55,0.88,310.66454541812976,3176.1546364767623,0.2262529446429115,4.039883290228578,2330,2020-06-02,172.0,2.0,24.8,99.6,4.0,73.7,4.6,81.1,9.2,57.9,17.8,8.2,314.4,119.1,24.3,42.7,23.6,155.9,65.6,374.1,2.4,5.0,1.6,184.4,2.2,75.6,7.7,141.5,201.2,1.3,305.1,140.2,4.4,348.7,33.2,130.9,3255.8,2020,6,2,1,2,6515.799999999999,0.3542385411532622,6781.5,6701.130000000001,750929,10.585925255003684,1200365.1548692468,15018.58,150185.80000000002,600743.2,197.31335700000378,0.5004666264231996
Dispur,2020-06-03,3.5321,25.37,87.83,0.76,313.6845465959038,3207.1259654874643,0.2308179878029488,4.137346270936916,2331,2020-06-03,175.3,2.0,23.2,106.7,4.1,76.8,2.8,85.7,7.1,59.6,17.4,7.7,301.9,127.1,24.6,43.3,26.6,144.6,65.6,288.2,2.6,5.2,1.4,182.9,2.3,77.0,7.7,140.0,203.8,1.3,311.9,139.7,4.4,365.4,35.3,138.6,3205.5,2020,6,3,2,2,6415.300000000001,-1.542404616470705,6639.314285714287,6714.986666666667,713758,6.812878561212695,780039.5737077396,14275.16,142751.6,571006.4,134.10785127937964,0.732021409201646
Dispur,2020-06-04,4.2922,25.74,85.64,0.61,348.81831807760136,3567.7541219780264,0.2645036245518558,4.582115335423527,2332,2020-06-04,174.3,2.0,23.9,100.7,4.1,76.4,4.1,85.1,8.9,59.5,17.7,8.4,298.3,126.0,24.9,44.4,25.0,166.4,66.3,283.6,2.4,5.1,1.7,143.2,2.3,79.6,7.7,146.5,201.2,1.4,319.5,142.8,4.4,342.0,35.1,148.8,3179.4,2020,6,4,3,2,6363.1,-0.8136797967359444,6536.5,6723.79,565890,9.119879602812718,1161131.0884050247,11317.800000000001,113178.0,452712.0,253.983390854456,0.3898884584456386
Dispur,2020-06-05,4.0826,26.88,80.57,0.59,324.3144980561957,3316.573958372721,0.2453064743159736,4.187136047529455,2333,2020-06-05,181.6,1.9,26.0,74.0,3.9,74.9,4.9,81.0,10.0,61.1,17.4,8.8,288.9,121.4,25.3,42.8,24.7,177.3,66.4,335.2,2.5,5.3,1.7,149.8,2.2,84.5,7.6,151.0,198.0,1.4,321.4,149.2,3.2,284.9,32.9,141.3,3164.4,2020,6,5,4,2,6328.799999999999,-0.5390454338294437,6444.857142857143,6731.493333333333,645101,11.876313605560572,1405856.1502970508,12902.02,129020.20000000001,516080.8,269.9100858425756,0.367093342229653
Dispur,2020-06-06,4.3534,25.69,93.28,0.58,273.06653265259115,2792.8550195045905,0.2092881796340456,3.4253800892322954,2334,2020-06-06,186.6,1.7,24.2,85.3,3.9,76.5,5.1,80.2,10.0,62.3,12.4,8.4,279.5,129.4,24.7,35.0,26.5,175.2,64.2,357.0,2.4,4.5,1.7,162.3,2.1,93.9,7.6,143.4,206.1,1.4,299.3,153.9,4.3,324.9,34.2,157.4,3247.5000000000005,2020,6,6,5,2,6495.000000000001,2.626090254076629,6428.142857142857,6743.356666666668,236631,11.189392846920521,1115238.7781266465,4732.62,47326.200000000004,189304.8,586.6233492899528,0.16974358672714288
Raipur,2020-05-15,6.3331,34.08,44.93,1.45,281.8991603902216,2879.8562655433675,0.2143210750888085,2.9989196322598706,2312,2020-05-15,181.9,2.0,22.2,100.6,3.4,79.4,4.2,72.0,7.5,49.7,13.9,10.0,306.3,120.4,21.9,43.2,23.2,209.5,71.9,405.5,2.3,5.1,1.6,202.9,2.1,81.2,8.5,121.2,219.7,1.2,303.5,156.8,3.9,339.7,30.1,145.2,3368.9,2020,5,15,4,2,6742.599999999999,1.589549652709743,6476.0,6003.933333333334,272991,9.205589125095386,947192.4635205365,5459.82,54598.200000000004,218392.8,431.2104810783765,0.23056831408894632
Raipur,2020-05-16,6.445,31.66,56.63,1.35,293.8778807796024,3002.1393577453105,0.2121702088962662,3.175236474799966,2313,2020-05-16,185.5,1.9,22.1,101.9,3.5,76.5,4.3,73.3,7.6,53.0,16.2,8.9,306.5,128.5,22.4,43.8,25.9,204.1,71.2,405.1,2.2,5.1,1.5,205.5,2.4,81.3,8.5,129.8,225.2,0.9,296.5,152.8,3.9,350.6,30.5,151.7,3405.6,2020,5,16,5,2,6816.200000000001,1.09156705128588,6511.099999999999,6033.223333333333,204014,11.326067770226892,1214895.489766359,4080.28,40802.8,163211.2,741.8701717568151,0.1343416508112454
Raipur,2020-05-17,6.535,32.58,51.85,1.31,312.96183204783614,3200.565600194744,0.238868522489879,3.766244306500447,2314,2020-05-17,177.6,1.9,21.5,101.6,3.4,75.7,3.8,75.7,7.3,51.4,16.3,9.1,299.7,128.2,20.6,43.0,26.3,192.5,63.7,404.9,2.4,4.8,1.5,204.5,2.2,81.3,8.5,135.7,220.8,0.9,277.3,144.2,3.9,361.1,28.0,149.0,3344.7,2020,5,17,6,2,6695.0,-1.77811683929463,6590.5142857142855,6057.35,473237,11.924294368693513,1362124.8891989663,9464.74,94647.40000000001,378589.6,357.28930461876564,0.27794024252974114
Raipur,2020-05-18,5.6666,32.92,47.33,1.89,222.99702127311505,2278.668814254924,0.1590258863064431,2.463815608425709,2315,2020-05-18,174.1,1.9,27.6,105.9,3.8,76.3,4.2,78.7,7.4,52.9,14.9,10.3,303.5,135.5,22.4,43.3,26.9,169.2,63.3,418.3,2.6,5.0,1.5,205.3,2.1,83.4,8.5,142.3,225.6,1.3,270.5,149.5,3.9,367.1,30.6,157.7,3391.9,2020,5,18,0,2,6789.2,1.40702016430172,6685.128571428571,6089.726666666667,218070,10.20346976025537,830500.3275633473,4361.4,43614.0,174456.0,473.5514557042161,0.2100610730049594
Raipur,2020-05-19,5.958,31.03,49.33,3.02,267.4625583268417,2732.640628746392,0.1974073712280035,3.1133584237305145,2316,2020-05-19,164.7,1.9,30.9,102.2,3.9,76.2,4.4,81.3,7.9,52.7,14.8,10.5,307.0,134.0,23.6,44.2,26.5,174.0,65.6,420.9,2.6,5.2,1.7,208.3,2.1,74.2,8.5,143.6,231.8,1.2,274.7,151.3,3.9,370.6,31.7,148.2,3401.3,2020,5,19,1,2,6808.099999999999,0.2783833146762227,6730.228571428571,6125.856666666668,256958,5.454904866380258,532528.7260119349,5139.16,51391.600000000006,205566.4,256.55436200270805,0.3860186388832553
Raipur,2020-05-20,5.5829,30.83,43.86,3.17,314.0457938884043,3215.0632596869136,0.2400729240189435,4.604665450162271,2317,2020-05-20,175.5,2.0,28.4,93.3,4.0,74.8,4.4,82.3,8.1,47.3,15.0,10.6,308.6,139.8,23.8,45.3,19.3,188.0,70.1,426.2,2.4,5.0,1.6,203.8,2.2,57.4,8.5,145.4,230.0,1.2,296.7,159.8,3.9,383.2,32.9,75.1,3371.2000000000003,2020,5,20,2,2,6747.1,-0.8959915394897044,6747.9,6159.816666666667,282074,7.811061654978412,895356.3363703736,5641.4800000000005,56414.8,225659.2,394.2736907559601,0.2520325582127735
Raipur,2020-05-21,7.357,30.75,39.52,2.0,484.4608548279167,4956.921158773319,0.3787740493182112,6.39677026960725,2318,2020-05-21,186.9,2.1,20.2,81.6,4.2,78.0,4.5,84.8,8.2,47.3,16.6,10.6,316.6,142.4,24.3,43.4,17.4,196.5,71.2,434.5,2.8,4.4,1.5,207.2,2.3,70.0,8.5,160.4,233.5,1.1,302.2,166.9,3.9,382.7,33.7,51.5,3419.3,2020,5,21,3,2,6843.2,1.4243156319011074,6777.342857142857,6201.990000000001,735017,10.864780146982717,1921199.6472964883,14700.34,147003.4,588013.6,324.2270769411606,0.3060656890926266
Raipur,2020-05-22,7.6313,32.71,34.92,1.53,309.5809210920232,3166.017998627707,0.2399508697316888,3.8626216955439454,2319,2020-05-22,192.3,2.0,21.7,92.5,4.5,79.2,4.5,91.7,8.6,52.5,16.3,10.3,317.1,154.5,24.8,44.9,23.5,201.3,72.4,442.1,2.4,4.7,1.7,209.3,2.3,77.2,8.5,168.2,237.2,1.3,306.5,173.3,3.9,402.6,35.2,78.3,3565.1,2020,5,22,4,2,7134.4,4.255319148936176,6833.314285714286,6246.483333333334,376089,6.613984370635134,747360.6313455565,7521.78,75217.8,300871.2,245.8988601586182,0.4025777981916316
Raipur,2020-05-23,7.8756,33.74,37.14,1.41,380.9419243993407,3896.9444239727577,0.2933331639016568,4.962811838029397,2320,2020-05-23,195.9,1.5,23.6,98.6,4.6,79.4,4.6,95.2,8.1,54.7,16.5,10.7,315.2,158.0,24.1,41.2,27.3,201.2,74.0,443.5,2.5,5.1,1.4,216.6,2.1,84.5,8.5,171.0,244.1,1.3,311.9,168.1,3.9,417.5,36.1,102.9,3651.1,2020,5,23,5,2,7306.5,2.4122561112357,6903.357142857143,6295.37,397392,10.814497624254372,1503688.8707843788,7947.84,79478.40000000001,317913.6,470.4866450458171,0.2114223193072151
Raipur,2020-05-24,7.5055,34.25,37.81,2.12,331.3531300728466,3390.319078053461,0.2597622941068829,4.231194467057071,2321,2020-05-24,194.0,1.6,22.9,109.2,4.5,83.8,4.1,98.0,8.7,55.0,17.3,10.0,312.2,154.3,22.4,46.2,27.7,192.6,69.7,447.4,2.4,4.6,1.6,216.2,2.1,85.0,7.6,168.3,245.8,0.9,302.2,172.3,4.3,426.9,34.6,118.4,3674.8,2020,5,24,6,2,7349.6,0.589885718196137,6996.871428571429,6345.823333333334,358823,5.842371334244971,706599.1304572297,7176.46,71764.6,287058.4,243.6516996044114,0.40625296773473435
Raipur,2020-05-25,7.3925,34.71,36.3,2.71,374.5515346174102,3834.449084009233,0.29073825950854,5.110555584043095,2322,2020-05-25,191.6,1.5,20.0,105.8,5.0,85.8,4.4,101.5,9.0,55.3,17.3,10.6,319.8,162.7,24.5,47.4,28.3,200.9,75.9,457.9,2.4,4.3,1.7,220.3,2.1,85.8,7.6,175.9,249.6,1.1,306.3,177.1,4.3,426.5,36.1,113.4,3735.8,2020,5,25,0,2,7475.500000000001,1.7130183955589515,7094.914285714285,6401.906666666667,593002,5.328617500034691,728482.2796399213,11860.04,118600.40000000001,474401.6,151.05814138061956,0.6512182410480166
Raipur,2020-05-26,7.603,35.2,35.87,3.12,332.7624370853408,3403.815119968726,0.257447463283904,4.12586275347288,2323,2020-05-26,193.5,1.3,15.7,108.9,5.4,87.1,4.7,106.9,9.3,56.7,17.5,10.9,323.1,167.8,25.4,44.4,27.9,187.3,77.4,462.7,1.8,3.7,1.3,218.0,1.6,86.7,7.6,184.3,253.8,1.2,318.9,176.3,4.3,425.3,36.3,120.2,3771.6,2020,5,26,1,2,7546.800000000001,0.9537823556952764,7200.442857142857,6470.550000000001,698863,7.688634280438746,933848.368571093,13977.26,139772.6,559090.4,164.52994159282522,0.5986944134849914
Raipur,2020-05-27,7.6248,35.41,36.68,3.37,285.4326782238401,2916.9235397521443,0.2201191109291045,3.1892448036591685,2324,2020-05-27,194.8,1.4,17.8,79.3,5.5,86.7,4.8,110.4,9.2,53.8,17.3,10.8,321.1,168.2,25.6,41.3,24.4,187.0,77.7,460.7,1.8,4.2,1.6,218.3,1.8,88.2,8.2,182.7,260.7,1.2,324.6,176.9,1.9,395.3,35.5,104.6,3705.2999999999993,2020,5,27,2,2,7410.5999999999985,-1.804738432183206,7295.228571428571,6534.8966666666665,567654,5.257123561986296,547702.523188762,11353.08,113530.8,454123.2,118.1065938029068,0.8291405491716908
Raipur,2020-05-28,7.8403,35.59,31.69,2.53,370.26235136925806,3788.58341870952,0.2892487116306813,4.893855943973852,2325,2020-05-28,195.4,1.6,23.4,79.0,5.0,90.0,4.6,105.6,9.4,51.7,16.8,10.7,321.5,139.3,24.2,43.3,22.2,192.1,74.3,457.3,2.2,4.8,1.3,210.9,2.1,79.3,7.8,150.3,249.4,1.3,307.0,180.5,3.2,350.0,34.1,89.8,3541.4000000000005,2020,5,28,3,2,7082.800000000001,-4.42339351739397,7329.457142857143,6582.003333333333,779036,11.70089184088328,1581325.9000348258,15580.720000000001,155807.2,623228.8,251.2311979219872,0.3941176236148734
Raipur,2020-05-29,7.4352,35.48,33.3,1.41,478.5977366602617,4896.060546520335,0.3660857445467344,5.9730673078322445,2326,2020-05-29,193.3,1.9,24.0,95.5,4.3,82.5,4.8,88.4,8.9,53.7,17.4,10.9,323.9,109.0,24.7,44.1,23.4,192.8,69.8,462.6,2.5,5.2,1.4,203.7,2.1,73.6,7.8,134.0,250.1,1.2,298.8,182.4,3.2,337.1,33.8,113.9,3483.6000000000004,2020,5,29,4,2,6970.300000000001,-1.5883548878974365,7306.014285714286,6623.58,730089,10.78343987055776,1883739.419143254,14601.78,146017.80000000002,584071.2,320.01879893123544,0.31005928102643887
Raipur,2020-05-30,6.4087,32.74,49.34,2.79,301.15681564388825,3078.7466348776184,0.2278651475883544,3.790631005788724,2327,2020-05-30,186.4,1.9,25.6,91.0,3.4,74.6,4.8,73.3,9.3,53.2,17.6,10.6,326.5,96.1,19.6,41.8,24.9,183.5,70.5,461.2,2.5,5.4,1.7,206.0,2.0,75.1,8.0,127.5,186.9,1.2,306.6,164.0,3.6,282.0,28.2,129.5,3306.0,2020,5,30,5,2,6612.0,-5.140381332223876,7206.800000000001,6646.9766666666665,350262,10.605387809909125,1165767.9598477709,7005.24,70052.40000000001,280209.6,413.5342685788677,0.24036460881287358
Raipur,2020-05-31,6.1339,32.99,48.05,1.0,249.73370133051708,2553.9185660072176,0.1841215946829328,2.860683421839729,2328,2020-05-31,184.1,2.0,25.1,78.0,3.4,74.0,4.4,73.3,9.1,48.3,16.0,9.1,319.2,96.1,19.6,41.8,21.2,168.5,63.5,443.5,2.2,5.5,1.7,204.8,2.2,84.9,7.2,127.5,186.9,0.9,288.5,145.9,4.1,282.0,28.2,120.4,3193.1000000000004,2020,5,31,6,2,6386.200000000001,-3.415003024803376,7069.171428571429,6664.65,642905,9.408445460973072,857606.1566883145,12858.1,128581.0,514324.0,164.2443394996762,0.5997198087596229
Raipur,2020-06-01,6.9821,30.35,62.3,2.78,241.33120264978788,2466.919523359967,0.1838462953921675,2.8114872508835966,2329,2020-06-01,178.2,1.6,24.2,94.1,3.9,72.7,4.5,74.6,9.2,54.9,15.9,9.1,325.4,109.4,22.7,41.3,20.3,164.5,68.3,388.3,2.5,5.2,1.5,200.7,2.2,80.3,7.7,134.9,197.4,1.2,303.3,138.5,4.4,331.0,29.4,123.1,3246.4,2020,6,1,0,2,6492.8,1.669224264821012,6928.785714285716,6681.33,435362,6.514268161255875,573815.1019547725,8707.24,87072.40000000001,348289.6,162.25229290646993,0.6069707678357408
Raipur,2020-06-02,2.8397,30.05,61.87,1.35,310.66454541812976,3176.1546364767623,0.2262529446429115,4.039883290228578,2330,2020-06-02,172.0,2.0,24.8,99.6,4.0,73.7,4.6,81.1,9.2,57.9,17.8,8.2,314.4,119.1,24.3,42.7,23.6,155.9,65.6,374.1,2.4,5.0,1.6,184.4,2.2,75.6,7.7,141.5,201.2,1.3,305.1,140.2,4.4,348.7,33.2,130.9,3255.8,2020,6,2,1,2,6515.799999999999,0.3542385411532622,6781.5,6701.130000000001,644209,8.627822566734746,978330.88010967,12884.18,128841.8,515367.2,187.33180926331164,0.5267815661309411
Raipur,2020-06-03,4.145,28.33,66.67,1.41,313.6845465959038,3207.1259654874643,0.2308179878029488,4.137346270936916,2331,2020-06-03,175.3,2.0,23.2,106.7,4.1,76.8,2.8,85.7,7.1,59.6,17.4,7.7,301.9,127.1,24.6,43.3,26.6,144.6,65.6,288.2,2.6,5.2,1.4,182.9,2.3,77.0,7.7,140.0,203.8,1.3,311.9,139.7,4.4,365.4,35.3,138.6,3205.5,2020,6,3,2,2,6415.300000000001,-1.542404616470705,6639.314285714287,6714.986666666667,753880,9.180918507012386,1051167.9746102346,15077.6,150776.0,603104.0,171.79298671708935,0.5737460052258737
Raipur,2020-06-04,4.699,29.41,65.26,3.16,348.81831807760136,3567.7541219780264,0.2645036245518558,4.582115335423527,2332,2020-06-04,174.3,2.0,23.9,100.7,4.1,76.4,4.1,85.1,8.9,59.5,17.7,8.4,298.3,126.0,24.9,44.4,25.0,166.4,66.3,283.6,2.4,5.1,1.7,143.2,2.3,79.6,7.7,146.5,201.2,1.4,319.5,142.8,4.4,342.0,35.1,148.8,3179.4,2020,6,4,3,2,6363.1,-0.8136797967359444,6536.5,6723.79,419963,8.675220506021876,1104517.676439947,8399.26,83992.6,335970.4,326.2544606429456,0.3041781068681339
Raipur,2020-06-05,6.4927,29.54,57.17,4.41,324.3144980561957,3316.573958372721,0.2453064743159736,4.187136047529455,2333,2020-06-05,181.6,1.9,26.0,74.0,3.9,74.9,4.9,81.0,10.0,61.1,17.4,8.8,288.9,121.4,25.3,42.8,24.7,177.3,66.4,335.2,2.5,5.3,1.7,149.8,2.2,84.5,7.6,151.0,198.0,1.4,321.4,149.2,3.2,284.9,32.9,141.3,3164.4,2020,6,5,4,2,6328.799999999999,-0.5390454338294437,6444.857142857143,6731.493333333333,680761,6.821633575660691,807509.4541899962,13615.220000000001,136152.2,544608.8,145.77330263300854,0.674429411005323
Raipur,2020-06-06,6.2594,30.58,57.2,1.98,273.06653265259115,2792.8550195045905,0.2092881796340456,3.4253800892322954,2334,2020-06-06,186.6,1.7,24.2,85.3,3.9,76.5,5.1,80.2,10.0,62.3,12.4,8.4,279.5,129.4,24.7,35.0,26.5,175.2,64.2,357.0,2.4,4.5,1.7,162.3,2.1,93.9,7.6,143.4,206.1,1.4,299.3,153.9,4.3,324.9,34.2,157.4,3247.5000000000005,2020,6,6,5,2,6495.000000000001,2.626090254076629,6428.142857142857,6743.356666666668,448710,8.60673547020308,857827.1654918446,8974.2,89742.0,358968.0,236.47037214789194,0.41846142903711026
Panaji,2020-05-15,4.5713,29.71,78.46,4.36,281.8991603902216,2879.8562655433675,0.2143210750888085,2.9989196322598706,2312,2020-05-15,181.9,2.0,22.2,100.6,3.4,79.4,4.2,72.0,7.5,49.7,13.9,10.0,306.3,120.4,21.9,43.2,23.2,209.5,71.9,405.5,2.3,5.1,1.6,202.9,2.1,81.2,8.5,121.2,219.7,1.2,303.5,156.8,3.9,339.7,30.1,145.2,3368.9,2020,5,15,4,2,6742.599999999999,1.589549652709743,6476.0,6003.933333333334,420984,8.438304386080386,868244.0863669125,8419.68,84196.8,336787.2,255.30198486370992,0.3878941617847254
Panaji,2020-05-16,2.0453,30.47,72.25,3.57,293.8778807796024,3002.1393577453105,0.2121702088962662,3.175236474799966,2313,2020-05-16,185.5,1.9,22.1,101.9,3.5,76.5,4.3,73.3,7.6,53.0,16.2,8.9,306.5,128.5,22.4,43.8,25.9,204.1,71.2,405.1,2.2,5.1,1.5,205.5,2.4,81.3,8.5,129.8,225.2,0.9,296.5,152.8,3.9,350.6,30.5,151.7,3405.6,2020,5,16,5,2,6816.200000000001,1.09156705128588,6511.099999999999,6033.223333333333,464512,11.974350430647071,1284433.8058188714,9290.24,92902.40000000001,371609.6,343.14064163543446,0.2893176036000411
Panaji,2020-05-17,6.1714,29.9,77.4,3.55,312.96183204783614,3200.565600194744,0.238868522489879,3.766244306500447,2314,2020-05-17,177.6,1.9,21.5,101.6,3.4,75.7,3.8,75.7,7.3,51.4,16.3,9.1,299.7,128.2,20.6,43.0,26.3,192.5,63.7,404.9,2.4,4.8,1.5,204.5,2.2,81.3,8.5,135.7,220.8,0.9,277.3,144.2,3.9,361.1,28.0,149.0,3344.7,2020,5,17,6,2,6695.0,-1.77811683929463,6590.5142857142855,6057.35,468799,11.282053036323427,1288760.9754406507,9375.98,93759.8,375039.2,341.13367227763143,0.2910073443715372
Panaji,2020-05-18,5.004,30.01,74.13,5.11,222.99702127311505,2278.668814254924,0.1590258863064431,2.463815608425709,2315,2020-05-18,174.1,1.9,27.6,105.9,3.8,76.3,4.2,78.7,7.4,52.9,14.9,10.3,303.5,135.5,22.4,43.3,26.9,169.2,63.3,418.3,2.6,5.0,1.5,205.3,2.1,83.4,8.5,142.3,225.6,1.3,270.5,149.5,3.9,367.1,30.6,157.7,3391.9,2020,5,18,0,2,6789.2,1.40702016430172,6685.128571428571,6089.726666666667,437549,8.24366523750934,670984.1692031178,8750.98,87509.8,350039.2,189.18829354058568,0.521679488707205
Panaji,2020-05-19,6.547,29.94,73.26,4.67,267.4625583268417,2732.640628746392,0.1974073712280035,3.1133584237305145,2316,2020-05-19,164.7,1.9,30.9,102.2,3.9,76.2,4.4,81.3,7.9,52.7,14.8,10.5,307.0,134.0,23.6,44.2,26.5,174.0,65.6,420.9,2.6,5.2,1.7,208.3,2.1,74.2,8.5,143.6,231.8,1.2,274.7,151.3,3.9,370.6,31.7,148.2,3401.3,2020,5,19,1,2,6808.099999999999,0.2783833146762227,6730.228571428571,6125.856666666668,794319,9.360561680545832,913813.9176760709,15886.380000000001,158863.80000000002,635455.2,141.30461717459718,0.6953872033693983
Panaji,2020-05-20,6.9257,29.93,72.08,3.55,314.0457938884043,3215.0632596869136,0.2400729240189435,4.604665450162271,2317,2020-05-20,175.5,2.0,28.4,93.3,4.0,74.8,4.4,82.3,8.1,47.3,15.0,10.6,308.6,139.8,23.8,45.3,19.3,188.0,70.1,426.2,2.4,5.0,1.6,203.8,2.2,57.4,8.5,145.4,230.0,1.2,296.7,159.8,3.9,383.2,32.9,75.1,3371.2000000000003,2020,5,20,2,2,6747.1,-0.8959915394897044,6747.9,6159.816666666667,684299,10.2351012286456,1173216.0291705395,13685.98,136859.80000000002,547439.2,211.8098318809723,0.46661375209243056
Panaji,2020-05-21,6.6658,29.98,70.34,3.26,484.4608548279167,4956.921158773319,0.3787740493182112,6.39677026960725,2318,2020-05-21,186.9,2.1,20.2,81.6,4.2,78.0,4.5,84.8,8.2,47.3,16.6,10.6,316.6,142.4,24.3,43.4,17.4,196.5,71.2,434.5,2.8,4.4,1.5,207.2,2.3,70.0,8.5,160.4,233.5,1.1,302.2,166.9,3.9,382.7,33.7,51.5,3419.3,2020,5,21,3,2,6843.2,1.4243156319011074,6777.342857142857,6201.990000000001,648982,5.244056121636774,927297.0676806081,12979.64,129796.40000000001,519185.6,176.10608377439746,0.5598907385826932
Panaji,2020-05-22,6.6077,30.15,71.1,3.8,309.5809210920232,3166.017998627707,0.2399508697316888,3.8626216955439454,2319,2020-05-22,192.3,2.0,21.7,92.5,4.5,79.2,4.5,91.7,8.6,52.5,16.3,10.3,317.1,154.5,24.8,44.9,23.5,201.3,72.4,442.1,2.4,4.7,1.7,209.3,2.3,77.2,8.5,168.2,237.2,1.3,306.5,173.3,3.9,402.6,35.2,78.3,3565.1,2020,5,22,4,2,7134.4,4.255319148936176,6833.314285714286,6246.483333333334,324046,11.264450088594879,1272849.4744181484,6480.92,64809.200000000004,259236.8,488.49876036818404,0.20366634197037448
Panaji,2020-05-23,7.0435,30.02,73.74,3.66,380.9419243993407,3896.9444239727577,0.2933331639016568,4.962811838029397,2320,2020-05-23,195.9,1.5,23.6,98.6,4.6,79.4,4.6,95.2,8.1,54.7,16.5,10.7,315.2,158.0,24.1,41.2,27.3,201.2,74.0,443.5,2.5,5.1,1.4,216.6,2.1,84.5,8.5,171.0,244.1,1.3,311.9,168.1,3.9,417.5,36.1,102.9,3651.1,2020,5,23,5,2,7306.5,2.4122561112357,6903.357142857143,6295.37,606619,11.020887714925466,1532386.1337701571,12132.380000000001,121323.8,485295.2,313.2637111947856,0.31669229616018785
Panaji,2020-05-24,6.9605,29.96,72.27,3.42,331.3531300728466,3390.319078053461,0.2597622941068829,4.231194467057071,2321,2020-05-24,194.0,1.6,22.9,109.2,4.5,83.8,4.1,98.0,8.7,55.0,17.3,10.0,312.2,154.3,22.4,46.2,27.7,192.6,69.7,447.4,2.4,4.6,1.6,216.2,2.1,85.0,7.6,168.3,245.8,0.9,302.2,172.3,4.3,426.9,34.6,118.4,3674.8,2020,5,24,6,2,7349.6,0.589885718196137,6996.871428571429,6345.823333333334,232097,8.202024684415951,991984.7915223318,4641.9400000000005,46419.4,185677.6,531.7511921321321,0.18717768095756038
Panaji,2020-05-25,6.9067,30.01,74.62,3.31,374.5515346174102,3834.449084009233,0.29073825950854,5.110555584043095,2322,2020-05-25,191.6,1.5,20.0,105.8,5.0,85.8,4.4,101.5,9.0,55.3,17.3,10.6,319.8,162.7,24.5,47.4,28.3,200.9,75.9,457.9,2.4,4.3,1.7,220.3,2.1,85.8,7.6,175.9,249.6,1.1,306.3,177.1,4.3,426.5,36.1,113.4,3735.8,2020,5,25,0,2,7475.500000000001,1.7130183955589515,7094.914285714285,6401.906666666667,430229,7.738188362562658,1057897.8691200963,8604.58,86045.8,344183.2,304.86476072048146,0.3253460326375745
Panaji,2020-05-26,4.3054,29.78,76.64,2.89,332.7624370853408,3403.815119968726,0.257447463283904,4.12586275347288,2323,2020-05-26,193.5,1.3,15.7,108.9,5.4,87.1,4.7,106.9,9.3,56.7,17.5,10.9,323.1,167.8,25.4,44.4,27.9,187.3,77.4,462.7,1.8,3.7,1.3,218.0,1.6,86.7,7.6,184.3,253.8,1.2,318.9,176.3,4.3,425.3,36.3,120.2,3771.6,2020,5,26,1,2,7546.800000000001,0.9537823556952764,7200.442857142857,6470.550000000001,318834,6.9107156239942045,839363.6991610795,6376.68,63766.8,255067.2,326.57551388852795,0.30388125716381953
Panaji,2020-05-27,6.5827,29.95,74.63,3.36,285.4326782238401,2916.9235397521443,0.2201191109291045,3.1892448036591685,2324,2020-05-27,194.8,1.4,17.8,79.3,5.5,86.7,4.8,110.4,9.2,53.8,17.3,10.8,321.1,168.2,25.6,41.3,24.4,187.0,77.7,460.7,1.8,4.2,1.6,218.3,1.8,88.2,8.2,182.7,260.7,1.2,324.6,176.9,1.9,395.3,35.5,104.6,3705.2999999999993,2020,5,27,2,2,7410.5999999999985,-1.804738432183206,7295.228571428571,6534.8966666666665,293848,8.33673779831258,868545.7500591322,5876.96,58769.600000000006,235078.4,366.9706744895032,0.2706571638014827
Panaji,2020-05-28,7.0786,30.44,72.36,3.88,370.26235136925806,3788.58341870952,0.2892487116306813,4.893855943973852,2325,2020-05-28,195.4,1.6,23.4,79.0,5.0,90.0,4.6,105.6,9.4,51.7,16.8,10.7,321.5,139.3,24.2,43.3,22.2,192.1,74.3,457.3,2.2,4.8,1.3,210.9,2.1,79.3,7.8,150.3,249.4,1.3,307.0,180.5,3.2,350.0,34.1,89.8,3541.4000000000005,2020,5,28,3,2,7082.800000000001,-4.42339351739397,7329.457142857143,6582.003333333333,252921,5.310636644732657,717710.0161414583,5058.42,50584.200000000004,202336.8,352.21056977349565,0.2819195963966089
Panaji,2020-05-29,7.0068,30.67,71.61,3.8,478.5977366602617,4896.060546520335,0.3660857445467344,5.9730673078322445,2326,2020-05-29,193.3,1.9,24.0,95.5,4.3,82.5,4.8,88.4,8.9,53.7,17.4,10.9,323.9,109.0,24.7,44.1,23.4,192.8,69.8,462.6,2.5,5.2,1.4,203.7,2.1,73.6,7.8,134.0,250.1,1.2,298.8,182.4,3.2,337.1,33.8,113.9,3483.6000000000004,2020,5,29,4,2,6970.300000000001,-1.5883548878974365,7306.014285714286,6623.58,484821,10.965354733429054,1915517.7943400517,9696.42,96964.20000000001,387856.8,491.3724277465425,0.20248133359277595
Panaji,2020-05-30,6.5554,30.47,76.23,3.46,301.15681564388825,3078.7466348776184,0.2278651475883544,3.790631005788724,2327,2020-05-30,186.4,1.9,25.6,91.0,3.4,74.6,4.8,73.3,9.3,53.2,17.6,10.6,326.5,96.1,19.6,41.8,24.9,183.5,70.5,461.2,2.5,5.4,1.7,206.0,2.0,75.1,8.0,127.5,186.9,1.2,306.6,164.0,3.6,282.0,28.2,129.5,3306.0,2020,5,30,5,2,6612.0,-5.140381332223876,7206.800000000001,6646.9766666666665,255609,5.2479565789298155,576867.1305609824,5112.18,51121.8,204487.2,279.6042737936567,0.35447824063559197
Panaji,2020-05-31,1.8991,28.56,83.74,5.36,249.73370133051708,2553.9185660072176,0.1841215946829328,2.860683421839729,2328,2020-05-31,184.1,2.0,25.1,78.0,3.4,74.0,4.4,73.3,9.1,48.3,16.0,9.1,319.2,96.1,19.6,41.8,21.2,168.5,63.5,443.5,2.2,5.5,1.7,204.8,2.2,84.9,7.2,127.5,186.9,0.9,288.5,145.9,4.1,282.0,28.2,120.4,3193.1000000000004,2020,5,31,6,2,6386.200000000001,-3.415003024803376,7069.171428571429,6664.65,427897,7.303359557589097,665721.6802794816,8557.94,85579.40000000001,342317.6,191.97486202271858,0.5142045030767005
Panaji,2020-06-01,1.2907,28.4,81.29,3.86,241.33120264978788,2466.919523359967,0.1838462953921675,2.8114872508835966,2329,2020-06-01,178.2,1.6,24.2,94.1,3.9,72.7,4.5,74.6,9.2,54.9,15.9,9.1,325.4,109.4,22.7,41.3,20.3,164.5,68.3,388.3,2.5,5.2,1.5,200.7,2.2,80.3,7.7,134.9,197.4,1.2,303.3,138.5,4.4,331.0,29.4,123.1,3246.4,2020,6,1,0,2,6492.8,1.669224264821012,6928.785714285716,6681.33,231024,11.52112641823293,1014848.6624532245,4620.4800000000005,46204.8,184819.2,546.6034819181257,0.18211485586272097
Panaji,2020-06-02,1.837,28.32,84.66,6.11,310.66454541812976,3176.1546364767623,0.2262529446429115,4.039883290228578,2330,2020-06-02,172.0,2.0,24.8,99.6,4.0,73.7,4.6,81.1,9.2,57.9,17.8,8.2,314.4,119.1,24.3,42.7,23.6,155.9,65.6,374.1,2.4,5.0,1.6,184.4,2.2,75.6,7.7,141.5,201.2,1.3,305.1,140.2,4.4,348.7,33.2,130.9,3255.8,2020,6,2,1,2,6515.799999999999,0.3542385411532622,6781.5,6701.130000000001,270313,10.146488581664169,1150536.3059267243,5406.26,54062.600000000006,216250.4,529.5389261368878,0.1879560088021801
Panaji,2020-06-03,1.0814,28.37,80.77,7.13,313.6845465959038,3207.1259654874643,0.2308179878029488,4.137346270936916,2331,2020-06-03,175.3,2.0,23.2,106.7,4.1,76.8,2.8,85.7,7.1,59.6,17.4,7.7,301.9,127.1,24.6,43.3,26.6,144.6,65.6,288.2,2.6,5.2,1.4,182.9,2.3,77.0,7.7,140.0,203.8,1.3,311.9,139.7,4.4,365.4,35.3,138.6,3205.5,2020,6,3,2,2,6415.300000000001,-1.542404616470705,6639.314285714287,6714.986666666667,589957,6.969736724042687,797999.0270235648,11799.14,117991.40000000001,471965.6,166.5799132444324,0.5914355689439882
Panaji,2020-06-04,4.5305,28.65,77.26,4.43,348.81831807760136,3567.7541219780264,0.2645036245518558,4.582115335423527,2332,2020-06-04,174.3,2.0,23.9,100.7,4.1,76.4,4.1,85.1,8.9,59.5,17.7,8.4,298.3,126.0,24.9,44.4,25.0,166.4,66.3,283.6,2.4,5.1,1.7,143.2,2.3,79.6,7.7,146.5,201.2,1.4,319.5,142.8,4.4,342.0,35.1,148.8,3179.4,2020,6,4,3,2,6363.1,-0.8136797967359444,6536.5,6723.79,384078,6.7685436577261955,861762.0853008466,7681.56,76815.6,307262.4,277.96454278195006,0.35655089576357624
Panaji,2020-06-05,4.0517,28.78,78.96,3.8,324.3144980561957,3316.573958372721,0.2453064743159736,4.187136047529455,2333,2020-06-05,181.6,1.9,26.0,74.0,3.9,74.9,4.9,81.0,10.0,61.1,17.4,8.8,288.9,121.4,25.3,42.8,24.7,177.3,66.4,335.2,2.5,5.3,1.7,149.8,2.2,84.5,7.6,151.0,198.0,1.4,321.4,149.2,3.2,284.9,32.9,141.3,3164.4,2020,6,5,4,2,6328.799999999999,-0.5390454338294437,6444.857142857143,6731.493333333333,557429,5.035574978726181,596085.1396522208,11148.58,111485.8,445943.2,131.16839984379644,0.7481187203248513
Panaji,2020-06-06,6.0593,28.62,80.91,3.7,273.06653265259115,2792.8550195045905,0.2092881796340456,3.4253800892322954,2334,2020-06-06,186.6,1.7,24.2,85.3,3.9,76.5,5.1,80.2,10.0,62.3,12.4,8.4,279.5,129.4,24.7,35.0,26.5,175.2,64.2,357.0,2.4,4.5,1.7,162.3,2.1,93.9,7.6,143.4,206.1,1.4,299.3,153.9,4.3,324.9,34.2,157.4,3247.5000000000005,2020,6,6,5,2,6495.000000000001,2.626090254076629,6428.142857142857,6743.356666666668,661243,9.870000049948251,983735.8421858986,13224.86,132248.6,528994.4,183.46337545083625,0.537739746357934
Gandhinagar,2020-05-15,7.6104,36.43,30.36,2.75,281.8991603902216,2879.8562655433675,0.2143210750888085,2.9989196322598706,2312,2020-05-15,181.9,2.0,22.2,100.6,3.4,79.4,4.2,72.0,7.5,49.7,13.9,10.0,306.3,120.4,21.9,43.2,23.2,209.5,71.9,405.5,2.3,5.1,1.6,202.9,2.1,81.2,8.5,121.2,219.7,1.2,303.5,156.8,3.9,339.7,30.1,145.2,3368.9,2020,5,15,4,2,6742.599999999999,1.589549652709743,6476.0,6003.933333333334,313632,5.341485071712212,549602.4572876899,6272.64,62726.4,250905.6,216.54750523212311,0.4565211456969847
Gandhinagar,2020-05-16,7.7753,36.5,28.46,3.52,293.8778807796024,3002.1393577453105,0.2121702088962662,3.175236474799966,2313,2020-05-16,185.5,1.9,22.1,101.9,3.5,76.5,4.3,73.3,7.6,53.0,16.2,8.9,306.5,128.5,22.4,43.8,25.9,204.1,71.2,405.1,2.2,5.1,1.5,205.5,2.4,81.3,8.5,129.8,225.2,0.9,296.5,152.8,3.9,350.6,30.5,151.7,3405.6,2020,5,16,5,2,6816.200000000001,1.09156705128588,6511.099999999999,6033.223333333333,451451,8.728217635805334,936235.9871546725,9029.02,90290.20000000001,361160.8,256.729680284979,0.3857578849748369
Gandhinagar,2020-05-17,7.6409,35.33,32.84,4.23,312.96183204783614,3200.565600194744,0.238868522489879,3.766244306500447,2314,2020-05-17,177.6,1.9,21.5,101.6,3.4,75.7,3.8,75.7,7.3,51.4,16.3,9.1,299.7,128.2,20.6,43.0,26.3,192.5,63.7,404.9,2.4,4.8,1.5,204.5,2.2,81.3,8.5,135.7,220.8,0.9,277.3,144.2,3.9,361.1,28.0,149.0,3344.7,2020,5,17,6,2,6695.0,-1.77811683929463,6590.5142857142855,6057.35,203051,11.734853808144349,1340484.8915127893,4061.02,40610.200000000004,162440.8,822.7144113503439,0.12118053686986542
Gandhinagar,2020-05-18,7.3354,35.16,32.12,3.5,222.99702127311505,2278.668814254924,0.1590258863064431,2.463815608425709,2315,2020-05-18,174.1,1.9,27.6,105.9,3.8,76.3,4.2,78.7,7.4,52.9,14.9,10.3,303.5,135.5,22.4,43.3,26.9,169.2,63.3,418.3,2.6,5.0,1.5,205.3,2.1,83.4,8.5,142.3,225.6,1.3,270.5,149.5,3.9,367.1,30.6,157.7,3391.9,2020,5,18,0,2,6789.2,1.40702016430172,6685.128571428571,6089.726666666667,576836,5.766282020381177,469340.25574348855,11536.72,115367.20000000001,461468.8,99.20573953070902,0.9832265848204251
Gandhinagar,2020-05-19,7.6219,35.48,31.18,3.24,267.4625583268417,2732.640628746392,0.1974073712280035,3.1133584237305145,2316,2020-05-19,164.7,1.9,30.9,102.2,3.9,76.2,4.4,81.3,7.9,52.7,14.8,10.5,307.0,134.0,23.6,44.2,26.5,174.0,65.6,420.9,2.6,5.2,1.7,208.3,2.1,74.2,8.5,143.6,231.8,1.2,274.7,151.3,3.9,370.6,31.7,148.2,3401.3,2020,5,19,1,2,6808.099999999999,0.2783833146762227,6730.228571428571,6125.856666666668,389407,11.261359516776473,1099377.0897073068,7788.14,77881.40000000001,311525.6,350.40104238858925,0.28336529799583243
Gandhinagar,2020-05-20,7.9582,36.35,25.63,2.63,314.0457938884043,3215.0632596869136,0.2400729240189435,4.604665450162271,2317,2020-05-20,175.5,2.0,28.4,93.3,4.0,74.8,4.4,82.3,8.1,47.3,15.0,10.6,308.6,139.8,23.8,45.3,19.3,188.0,70.1,426.2,2.4,5.0,1.6,203.8,2.2,57.4,8.5,145.4,230.0,1.2,296.7,159.8,3.9,383.2,32.9,75.1,3371.2000000000003,2020,5,20,2,2,6747.1,-0.8959915394897044,6747.9,6159.816666666667,649395,11.940327346015337,1368680.4969433858,12987.9,129879.0,519516.0,260.95300182157735,0.3795740653762117
Gandhinagar,2020-05-21,7.8418,36.8,22.51,3.81,484.4608548279167,4956.921158773319,0.3787740493182112,6.39677026960725,2318,2020-05-21,186.9,2.1,20.2,81.6,4.2,78.0,4.5,84.8,8.2,47.3,16.6,10.6,316.6,142.4,24.3,43.4,17.4,196.5,71.2,434.5,2.8,4.4,1.5,207.2,2.3,70.0,8.5,160.4,233.5,1.1,302.2,166.9,3.9,382.7,33.7,51.5,3419.3,2020,5,21,3,2,6843.2,1.4243156319011074,6777.342857142857,6201.990000000001,662894,5.430619183674645,960286.6803682841,13257.880000000001,132578.80000000002,530315.2,178.57847566282922,0.5522461766838626
Gandhinagar,2020-05-22,7.7321,36.21,29.52,4.24,309.5809210920232,3166.017998627707,0.2399508697316888,3.8626216955439454,2319,2020-05-22,192.3,2.0,21.7,92.5,4.5,79.2,4.5,91.7,8.6,52.5,16.3,10.3,317.1,154.5,24.8,44.9,23.5,201.3,72.4,442.1,2.4,4.7,1.7,209.3,2.3,77.2,8.5,168.2,237.2,1.3,306.5,173.3,3.9,402.6,35.2,78.3,3565.1,2020,5,22,4,2,7134.4,4.255319148936176,6833.314285714286,6246.483333333334,411810,11.18034388396223,1263345.7225687471,8236.2,82362.0,329448.0,380.97348369659164,0.26077401723110305
Gandhinagar,2020-05-23,8.0071,36.0,33.31,3.42,380.9419243993407,3896.9444239727577,0.2933331639016568,4.962811838029397,2320,2020-05-23,195.9,1.5,23.6,98.6,4.6,79.4,4.6,95.2,8.1,54.7,16.5,10.7,315.2,158.0,24.1,41.2,27.3,201.2,74.0,443.5,2.5,5.1,1.4,216.6,2.1,84.5,8.5,171.0,244.1,1.3,311.9,168.1,3.9,417.5,36.1,102.9,3651.1,2020,5,23,5,2,7306.5,2.4122561112357,6903.357142857143,6295.37,273523,8.612553143105316,1197522.1374390372,5470.46,54704.600000000006,218818.4,544.767568650094,0.1827258222901263
Gandhinagar,2020-05-24,7.807,36.84,28.87,3.07,331.3531300728466,3390.319078053461,0.2597622941068829,4.231194467057071,2321,2020-05-24,194.0,1.6,22.9,109.2,4.5,83.8,4.1,98.0,8.7,55.0,17.3,10.0,312.2,154.3,22.4,46.2,27.7,192.6,69.7,447.4,2.4,4.6,1.6,216.2,2.1,85.0,7.6,168.3,245.8,0.9,302.2,172.3,4.3,426.9,34.6,118.4,3674.8,2020,5,24,6,2,7349.6,0.589885718196137,6996.871428571429,6345.823333333334,294476,11.34559603611206,1372180.5470743515,5889.52,58895.200000000004,235580.8,579.9670546472172,0.17168340479602373
Gandhinagar,2020-05-25,7.5994,36.73,29.51,3.23,374.5515346174102,3834.449084009233,0.29073825950854,5.110555584043095,2322,2020-05-25,191.6,1.5,20.0,105.8,5.0,85.8,4.4,101.5,9.0,55.3,17.3,10.6,319.8,162.7,24.5,47.4,28.3,200.9,75.9,457.9,2.4,4.3,1.7,220.3,2.1,85.8,7.6,175.9,249.6,1.1,306.3,177.1,4.3,426.5,36.1,113.4,3735.8,2020,5,25,0,2,7475.500000000001,1.7130183955589515,7094.914285714285,6401.906666666667,433841,8.999232593437018,1230296.8780615607,8676.82,86768.20000000001,347072.8,351.97804554593756,0.28210468878223444
Gandhinagar,2020-05-26,7.9886,36.58,33.06,4.03,332.7624370853408,3403.815119968726,0.257447463283904,4.12586275347288,2323,2020-05-26,193.5,1.3,15.7,108.9,5.4,87.1,4.7,106.9,9.3,56.7,17.5,10.9,323.1,167.8,25.4,44.4,27.9,187.3,77.4,462.7,1.8,3.7,1.3,218.0,1.6,86.7,7.6,184.3,253.8,1.2,318.9,176.3,4.3,425.3,36.3,120.2,3771.6,2020,5,26,1,2,7546.800000000001,0.9537823556952764,7200.442857142857,6470.550000000001,422866,9.634784070745951,1170224.3932829418,8457.32,84573.20000000001,338292.8,343.42057332669856,0.2890834551546996
Gandhinagar,2020-05-27,7.8019,36.29,41.47,5.28,285.4326782238401,2916.9235397521443,0.2201191109291045,3.1892448036591685,2324,2020-05-27,194.8,1.4,17.8,79.3,5.5,86.7,4.8,110.4,9.2,53.8,17.3,10.8,321.1,168.2,25.6,41.3,24.4,187.0,77.7,460.7,1.8,4.2,1.6,218.3,1.8,88.2,8.2,182.7,260.7,1.2,324.6,176.9,1.9,395.3,35.5,104.6,3705.2999999999993,2020,5,27,2,2,7410.5999999999985,-1.804738432183206,7295.228571428571,6534.8966666666665,286672,8.806452355981795,917481.9877907637,5733.4400000000005,57334.4,229337.6,397.5573773296502,0.24996387186669178
Gandhinagar,2020-05-28,7.1863,36.18,44.73,5.9,370.26235136925806,3788.58341870952,0.2892487116306813,4.893855943973852,2325,2020-05-28,195.4,1.6,23.4,79.0,5.0,90.0,4.6,105.6,9.4,51.7,16.8,10.7,321.5,139.3,24.2,43.3,22.2,192.1,74.3,457.3,2.2,4.8,1.3,210.9,2.1,79.3,7.8,150.3,249.4,1.3,307.0,180.5,3.2,350.0,34.1,89.8,3541.4000000000005,2020,5,28,3,2,7082.800000000001,-4.42339351739397,7329.457142857143,6582.003333333333,798135,11.05145016215144,1493556.6119236017,15962.7,159627.0,638508.0,231.41353153345014,0.427508115457056
Gandhinagar,2020-05-29,6.9557,34.65,51.28,5.15,478.5977366602617,4896.060546520335,0.3660857445467344,5.9730673078322445,2326,2020-05-29,193.3,1.9,24.0,95.5,4.3,82.5,4.8,88.4,8.9,53.7,17.4,10.9,323.9,109.0,24.7,44.1,23.4,192.8,69.8,462.6,2.5,5.2,1.4,203.7,2.1,73.6,7.8,134.0,250.1,1.2,298.8,182.4,3.2,337.1,33.8,113.9,3483.6000000000004,2020,5,29,4,2,6970.300000000001,-1.5883548878974365,7306.014285714286,6623.58,544894,10.137369432675913,1770878.5541511786,10897.880000000001,108978.8,435915.2,403.74381855718235,0.2461574526501006
Gandhinagar,2020-05-30,6.7826,34.98,48.19,3.37,301.15681564388825,3078.7466348776184,0.2278651475883544,3.790631005788724,2327,2020-05-30,186.4,1.9,25.6,91.0,3.4,74.6,4.8,73.3,9.3,53.2,17.6,10.6,326.5,96.1,19.6,41.8,24.9,183.5,70.5,461.2,2.5,5.4,1.7,206.0,2.0,75.1,8.0,127.5,186.9,1.2,306.6,164.0,3.6,282.0,28.2,129.5,3306.0,2020,5,30,5,2,6612.0,-5.140381332223876,7206.800000000001,6646.9766666666665,228251,8.648822185262905,950697.8881601568,4565.02,45650.200000000004,182600.8,518.1427836899711,0.19207006789855283
Gandhinagar,2020-05-31,6.7872,34.53,43.68,3.05,249.73370133051708,2553.9185660072176,0.1841215946829328,2.860683421839729,2328,2020-05-31,184.1,2.0,25.1,78.0,3.4,74.0,4.4,73.3,9.1,48.3,16.0,9.1,319.2,96.1,19.6,41.8,21.2,168.5,63.5,443.5,2.2,5.5,1.7,204.8,2.2,84.9,7.2,127.5,186.9,0.9,288.5,145.9,4.1,282.0,28.2,120.4,3193.1000000000004,2020,5,31,6,2,6386.200000000001,-3.415003024803376,7069.171428571429,6664.65,574710,11.077125628360829,1009711.0278948931,11494.2,114942.0,459768.0,217.11315878766965,0.45534567014968746
Gandhinagar,2020-06-01,7.0985,34.24,45.29,2.88,241.33120264978788,2466.919523359967,0.1838462953921675,2.8114872508835966,2329,2020-06-01,178.2,1.6,24.2,94.1,3.9,72.7,4.5,74.6,9.2,54.9,15.9,9.1,325.4,109.4,22.7,41.3,20.3,164.5,68.3,388.3,2.5,5.2,1.5,200.7,2.2,80.3,7.7,134.9,197.4,1.2,303.3,138.5,4.4,331.0,29.4,123.1,3246.4,2020,6,1,0,2,6492.8,1.669224264821012,6928.785714285716,6681.33,750233,6.716998725787342,591672.8039523434,15004.66,150046.6,600186.4,96.08150800357078,1.0143873127233165
Gandhinagar,2020-06-02,7.1366,34.89,43.29,2.6,310.66454541812976,3176.1546364767623,0.2262529446429115,4.039883290228578,2330,2020-06-02,172.0,2.0,24.8,99.6,4.0,73.7,4.6,81.1,9.2,57.9,17.8,8.2,314.4,119.1,24.3,42.7,23.6,155.9,65.6,374.1,2.4,5.0,1.6,184.4,2.2,75.6,7.7,141.5,201.2,1.3,305.1,140.2,4.4,348.7,33.2,130.9,3255.8,2020,6,2,1,2,6515.799999999999,0.3542385411532622,6781.5,6701.130000000001,232217,6.101384617917682,691851.6157424966,4644.34,46443.4,185773.6,369.9165412860043,0.26851614892086184
Gandhinagar,2020-06-03,6.3833,34.89,39.87,3.15,313.6845465959038,3207.1259654874643,0.2308179878029488,4.137346270936916,2331,2020-06-03,175.3,2.0,23.2,106.7,4.1,76.8,2.8,85.7,7.1,59.6,17.4,7.7,301.9,127.1,24.6,43.3,26.6,144.6,65.6,288.2,2.6,5.2,1.4,182.9,2.3,77.0,7.7,140.0,203.8,1.3,311.9,139.7,4.4,365.4,35.3,138.6,3205.5,2020,6,3,2,2,6415.300000000001,-1.542404616470705,6639.314285714287,6714.986666666667,208308,6.122800737310505,701029.2102108136,4166.16,41661.600000000006,166646.4,418.1686794379078,0.23771643157844247
Gandhinagar,2020-06-04,6.8287,35.01,37.65,2.67,348.81831807760136,3567.7541219780264,0.2645036245518558,4.582115335423527,2332,2020-06-04,174.3,2.0,23.9,100.7,4.1,76.4,4.1,85.1,8.9,59.5,17.7,8.4,298.3,126.0,24.9,44.4,25.0,166.4,66.3,283.6,2.4,5.1,1.7,143.2,2.3,79.6,7.7,146.5,201.2,1.4,319.5,142.8,4.4,342.0,35.1,148.8,3179.4,2020,6,4,3,2,6363.1,-0.8136797967359444,6536.5,6723.79,468093,7.338062151216665,934272.4316007503,9361.86,93618.6,374474.4,246.9889988743557,0.4008188473885949
Gandhinagar,2020-06-05,6.8028,33.55,51.98,4.4,324.3144980561957,3316.573958372721,0.2453064743159736,4.187136047529455,2333,2020-06-05,181.6,1.9,26.0,74.0,3.9,74.9,4.9,81.0,10.0,61.1,17.4,8.8,288.9,121.4,25.3,42.8,24.7,177.3,66.4,335.2,2.5,5.3,1.7,149.8,2.2,84.5,7.6,151.0,198.0,1.4,321.4,149.2,3.2,284.9,32.9,141.3,3164.4,2020,6,5,4,2,6328.799999999999,-0.5390454338294437,6444.857142857143,6731.493333333333,383062,6.670830219107122,789658.1382566573,7661.24,76612.40000000001,306449.6,255.17961134772486,0.388078330450976
Gandhinagar,2020-06-06,6.9389,31.8,62.04,4.01,273.06653265259115,2792.8550195045905,0.2092881796340456,3.4253800892322954,2334,2020-06-06,186.6,1.7,24.2,85.3,3.9,76.5,5.1,80.2,10.0,62.3,12.4,8.4,279.5,129.4,24.7,35.0,26.5,175.2,64.2,357.0,2.4,4.5,1.7,162.3,2.1,93.9,7.6,143.4,206.1,1.4,299.3,153.9,4.3,324.9,34.2,157.4,3247.5000000000005,2020,6,6,5,2,6495.000000000001,2.626090254076629,6428.142857142857,6743.356666666668,594366,11.51063245356817,1147256.4998480005,11887.32,118873.20000000001,475492.8,238.77736526147197,0.41446039800393353
Shimla,2020-05-15,7.41,26.34,42.24,2.26,281.8991603902216,2879.8562655433675,0.2143210750888085,2.9989196322598706,2312,2020-05-15,181.9,2.0,22.2,100.6,3.4,79.4,4.2,72.0,7.5,49.7,13.9,10.0,306.3,120.4,21.9,43.2,23.2,209.5,71.9,405.5,2.3,5.1,1.6,202.9,2.1,81.2,8.5,121.2,219.7,1.2,303.5,156.8,3.9,339.7,30.1,145.2,3368.9,2020,5,15,4,2,6742.599999999999,1.589549652709743,6476.0,6003.933333333334,300235,5.740838656800088,590693.2230100004,6004.7,60047.0,240188.0,243.42953145452748,0.40661985616868584
Shimla,2020-05-16,8.0124,25.81,42.36,2.44,293.8778807796024,3002.1393577453105,0.2121702088962662,3.175236474799966,2313,2020-05-16,185.5,1.9,22.1,101.9,3.5,76.5,4.3,73.3,7.6,53.0,16.2,8.9,306.5,128.5,22.4,43.8,25.9,204.1,71.2,405.1,2.2,5.1,1.5,205.5,2.4,81.3,8.5,129.8,225.2,0.9,296.5,152.8,3.9,350.6,30.5,151.7,3405.6,2020,5,16,5,2,6816.200000000001,1.09156705128588,6511.099999999999,6033.223333333333,274740,9.892935166277113,1061169.9097947653,5494.8,54948.0,219792.0,480.3064305319417,0.2071221496662669
Shimla,2020-05-17,6.9358,25.89,38.95,1.86,312.96183204783614,3200.565600194744,0.238868522489879,3.766244306500447,2314,2020-05-17,177.6,1.9,21.5,101.6,3.4,75.7,3.8,75.7,7.3,51.4,16.3,9.1,299.7,128.2,20.6,43.0,26.3,192.5,63.7,404.9,2.4,4.8,1.5,204.5,2.2,81.3,8.5,135.7,220.8,0.9,277.3,144.2,3.9,361.1,28.0,149.0,3344.7,2020,5,17,6,2,6695.0,-1.77811683929463,6590.5142857142855,6057.35,578496,6.324550778495041,722460.1944588424,11569.92,115699.20000000001,462796.8,153.6074308333252,0.6405836099565966
Shimla,2020-05-18,6.5726,26.46,34.32,2.38,222.99702127311505,2278.668814254924,0.1590258863064431,2.463815608425709,2315,2020-05-18,174.1,1.9,27.6,105.9,3.8,76.3,4.2,78.7,7.4,52.9,14.9,10.3,303.5,135.5,22.4,43.3,26.9,169.2,63.3,418.3,2.6,5.0,1.5,205.3,2.1,83.4,8.5,142.3,225.6,1.3,270.5,149.5,3.9,367.1,30.6,157.7,3391.9,2020,5,18,0,2,6789.2,1.40702016430172,6685.128571428571,6089.726666666667,377247,11.171459929392451,909288.8349471655,7544.9400000000005,75449.40000000001,301797.6,298.7909429853536,0.33190473312344465
Shimla,2020-05-19,6.8693,25.5,32.6,2.35,267.4625583268417,2732.640628746392,0.1974073712280035,3.1133584237305145,2316,2020-05-19,164.7,1.9,30.9,102.2,3.9,76.2,4.4,81.3,7.9,52.7,14.8,10.5,307.0,134.0,23.6,44.2,26.5,174.0,65.6,420.9,2.6,5.2,1.7,208.3,2.1,74.2,8.5,143.6,231.8,1.2,274.7,151.3,3.9,370.6,31.7,148.2,3401.3,2020,5,19,1,2,6808.099999999999,0.2783833146762227,6730.228571428571,6125.856666666668,729525,11.729207017294351,1145050.1563366023,14590.5,145905.0,583620.0,193.6978952634595,0.509689018495203
Shimla,2020-05-20,8.7917,26.11,31.75,2.16,314.0457938884043,3215.0632596869136,0.2400729240189435,4.604665450162271,2317,2020-05-20,175.5,2.0,28.4,93.3,4.0,74.8,4.4,82.3,8.1,47.3,15.0,10.6,308.6,139.8,23.8,45.3,19.3,188.0,70.1,426.2,2.4,5.0,1.6,203.8,2.2,57.4,8.5,145.4,230.0,1.2,296.7,159.8,3.9,383.2,32.9,75.1,3371.2000000000003,2020,5,20,2,2,6747.1,-0.8959915394897044,6747.9,6159.816666666667,220056,8.258290061389886,946620.6593488157,4401.12,44011.200000000004,176044.8,535.2157742511087,0.185971658541071
Shimla,2020-05-21,8.669,27.96,30.91,2.93,484.4608548279167,4956.921158773319,0.3787740493182112,6.39677026960725,2318,2020-05-21,186.9,2.1,20.2,81.6,4.2,78.0,4.5,84.8,8.2,47.3,16.6,10.6,316.6,142.4,24.3,43.4,17.4,196.5,71.2,434.5,2.8,4.4,1.5,207.2,2.3,70.0,8.5,160.4,233.5,1.1,302.2,166.9,3.9,382.7,33.7,51.5,3419.3,2020,5,21,3,2,6843.2,1.4243156319011074,6777.342857142857,6201.990000000001,376615,11.153500361596922,1972253.5266184937,7532.3,75323.0,301292.0,652.0987037885153,0.15276527239948928
Shimla,2020-05-22,8.4374,29.98,29.68,2.1,309.5809210920232,3166.017998627707,0.2399508697316888,3.8626216955439454,2319,2020-05-22,192.3,2.0,21.7,92.5,4.5,79.2,4.5,91.7,8.6,52.5,16.3,10.3,317.1,154.5,24.8,44.9,23.5,201.3,72.4,442.1,2.4,4.7,1.7,209.3,2.3,77.2,8.5,168.2,237.2,1.3,306.5,173.3,3.9,402.6,35.2,78.3,3565.1,2020,5,22,4,2,7134.4,4.255319148936176,6833.314285714286,6246.483333333334,387628,5.036016195283003,569054.9043150712,7752.56,77525.6,310102.4,181.00548216172177,0.5449418899769548
Shimla,2020-05-23,6.1714,30.97,31.93,2.15,380.9419243993407,3896.9444239727577,0.2933331639016568,4.962811838029397,2320,2020-05-23,195.9,1.5,23.6,98.6,4.6,79.4,4.6,95.2,8.1,54.7,16.5,10.7,315.2,158.0,24.1,41.2,27.3,201.2,74.0,443.5,2.5,5.1,1.4,216.6,2.1,84.5,8.5,171.0,244.1,1.3,311.9,168.1,3.9,417.5,36.1,102.9,3651.1,2020,5,23,5,2,7306.5,2.4122561112357,6903.357142857143,6295.37,573632,10.7396284218567,1493278.7721999201,11472.64,114726.40000000001,458905.6,322.8999890609137,0.3073138795176566
Shimla,2020-05-24,8.0386,30.2,33.77,2.69,331.3531300728466,3390.319078053461,0.2597622941068829,4.231194467057071,2321,2020-05-24,194.0,1.6,22.9,109.2,4.5,83.8,4.1,98.0,8.7,55.0,17.3,10.0,312.2,154.3,22.4,46.2,27.7,192.6,69.7,447.4,2.4,4.6,1.6,216.2,2.1,85.0,7.6,168.3,245.8,0.9,302.2,172.3,4.3,426.9,34.6,118.4,3674.8,2020,5,24,6,2,7349.6,0.589885718196137,6996.871428571429,6345.823333333334,334415,6.600376130674465,798275.1810533371,6688.3,66883.0,267532.0,295.8849337848695,0.33513714469970485
Shimla,2020-05-25,8.1422,30.41,32.33,2.76,374.5515346174102,3834.449084009233,0.29073825950854,5.110555584043095,2322,2020-05-25,191.6,1.5,20.0,105.8,5.0,85.8,4.4,101.5,9.0,55.3,17.3,10.6,319.8,162.7,24.5,47.4,28.3,200.9,75.9,457.9,2.4,4.3,1.7,220.3,2.1,85.8,7.6,175.9,249.6,1.1,306.3,177.1,4.3,426.5,36.1,113.4,3735.8,2020,5,25,0,2,7475.500000000001,1.7130183955589515,7094.914285714285,6401.906666666667,606716,11.360909164885575,1553164.7762602656,12134.32,121343.20000000001,485372.8,317.4941933829555,0.3125054694217429
Shimla,2020-05-26,6.8177,31.29,30.88,2.26,332.7624370853408,3403.815119968726,0.257447463283904,4.12586275347288,2323,2020-05-26,193.5,1.3,15.7,108.9,5.4,87.1,4.7,106.9,9.3,56.7,17.5,10.9,323.1,167.8,25.4,44.4,27.9,187.3,77.4,462.7,1.8,3.7,1.3,218.0,1.6,86.7,7.6,184.3,253.8,1.2,318.9,176.3,4.3,425.3,36.3,120.2,3771.6,2020,5,26,1,2,7546.800000000001,0.9537823556952764,7200.442857142857,6470.550000000001,646438,5.007840780360766,608243.7754519943,12928.76,129287.6,517150.4,115.11448419105821,0.8502340190521145
Shimla,2020-05-27,5.7547,31.72,31.78,2.23,285.4326782238401,2916.9235397521443,0.2201191109291045,3.1892448036591685,2324,2020-05-27,194.8,1.4,17.8,79.3,5.5,86.7,4.8,110.4,9.2,53.8,17.3,10.8,321.1,168.2,25.6,41.3,24.4,187.0,77.7,460.7,1.8,4.2,1.6,218.3,1.8,88.2,8.2,182.7,260.7,1.2,324.6,176.9,1.9,395.3,35.5,104.6,3705.2999999999993,2020,5,27,2,2,7410.5999999999985,-1.804738432183206,7295.228571428571,6534.8966666666665,753663,8.8932721452783,926527.1276090954,15073.26,150732.6,602930.4,151.17066042931248,0.6507416040955617
Shimla,2020-05-28,4.4539,28.39,43.16,3.45,370.26235136925806,3788.58341870952,0.2892487116306813,4.893855943973852,2325,2020-05-28,195.4,1.6,23.4,79.0,5.0,90.0,4.6,105.6,9.4,51.7,16.8,10.7,321.5,139.3,24.2,43.3,22.2,192.1,74.3,457.3,2.2,4.8,1.3,210.9,2.1,79.3,7.8,150.3,249.4,1.3,307.0,180.5,3.2,350.0,34.1,89.8,3541.4000000000005,2020,5,28,3,2,7082.800000000001,-4.42339351739397,7329.457142857143,6582.003333333333,741252,10.296450626494543,1391521.627199019,14825.04,148250.4,593001.6,232.1573141116346,0.4261530415740681
Shimla,2020-05-29,5.2754,27.57,46.28,2.28,478.5977366602617,4896.060546520335,0.3660857445467344,5.9730673078322445,2326,2020-05-29,193.3,1.9,24.0,95.5,4.3,82.5,4.8,88.4,8.9,53.7,17.4,10.9,323.9,109.0,24.7,44.1,23.4,192.8,69.8,462.6,2.5,5.2,1.4,203.7,2.1,73.6,7.8,134.0,250.1,1.2,298.8,182.4,3.2,337.1,33.8,113.9,3483.6000000000004,2020,5,29,4,2,6970.300000000001,-1.5883548878974365,7306.014285714286,6623.58,452764,6.810818314885356,1189769.414062562,9055.28,90552.8,362211.2,325.9739439483268,0.3044378946717982
Shimla,2020-05-30,3.8669,23.4,65.41,1.85,301.15681564388825,3078.7466348776184,0.2278651475883544,3.790631005788724,2327,2020-05-30,186.4,1.9,25.6,91.0,3.4,74.6,4.8,73.3,9.3,53.2,17.6,10.6,326.5,96.1,19.6,41.8,24.9,183.5,70.5,461.2,2.5,5.4,1.7,206.0,2.0,75.1,8.0,127.5,186.9,1.2,306.6,164.0,3.6,282.0,28.2,129.5,3306.0,2020,5,30,5,2,6612.0,-5.140381332223876,7206.800000000001,6646.9766666666665,666882,6.351930052111051,698218.3651055656,13337.64,133376.4,533505.6,128.3736712614761,0.7640945334126301
Shimla,2020-05-31,1.7808,23.1,70.33,2.02,249.73370133051708,2553.9185660072176,0.1841215946829328,2.860683421839729,2328,2020-05-31,184.1,2.0,25.1,78.0,3.4,74.0,4.4,73.3,9.1,48.3,16.0,9.1,319.2,96.1,19.6,41.8,21.2,168.5,63.5,443.5,2.2,5.5,1.7,204.8,2.2,84.9,7.2,127.5,186.9,0.9,288.5,145.9,4.1,282.0,28.2,120.4,3193.1000000000004,2020,5,31,6,2,6386.200000000001,-3.415003024803376,7069.171428571429,6664.65,712153,5.5886875712758926,509424.5259554241,14243.06,142430.6,569722.4,86.91627114458271,1.1183624906339147
Shimla,2020-06-01,5.8579,23.96,60.77,1.49,241.33120264978788,2466.919523359967,0.1838462953921675,2.8114872508835966,2329,2020-06-01,178.2,1.6,24.2,94.1,3.9,72.7,4.5,74.6,9.2,54.9,15.9,9.1,325.4,109.4,22.7,41.3,20.3,164.5,68.3,388.3,2.5,5.2,1.5,200.7,2.2,80.3,7.7,134.9,197.4,1.2,303.3,138.5,4.4,331.0,29.4,123.1,3246.4,2020,6,1,0,2,6492.8,1.669224264821012,6928.785714285716,6681.33,267215,7.285035035523051,641708.7872610455,5344.3,53443.0,213772.0,297.6837412107505,0.33312878226842163
Shimla,2020-06-02,5.693,25.03,52.18,1.67,310.66454541812976,3176.1546364767623,0.2262529446429115,4.039883290228578,2330,2020-06-02,172.0,2.0,24.8,99.6,4.0,73.7,4.6,81.1,9.2,57.9,17.8,8.2,314.4,119.1,24.3,42.7,23.6,155.9,65.6,374.1,2.4,5.0,1.6,184.4,2.2,75.6,7.7,141.5,201.2,1.3,305.1,140.2,4.4,348.7,33.2,130.9,3255.8,2020,6,2,1,2,6515.799999999999,0.3542385411532622,6781.5,6701.130000000001,344356,8.918910186161806,1011338.050192316,6887.12,68871.2,275484.8,364.61210571048423,0.2723960870962254
Shimla,2020-06-03,4.9956,25.2,55.61,1.29,313.6845465959038,3207.1259654874643,0.2308179878029488,4.137346270936916,2331,2020-06-03,175.3,2.0,23.2,106.7,4.1,76.8,2.8,85.7,7.1,59.6,17.4,7.7,301.9,127.1,24.6,43.3,26.6,144.6,65.6,288.2,2.6,5.2,1.4,182.9,2.3,77.0,7.7,140.0,203.8,1.3,311.9,139.7,4.4,365.4,35.3,138.6,3205.5,2020,6,3,2,2,6415.300000000001,-1.542404616470705,6639.314285714287,6714.986666666667,403861,5.810906997461804,665318.9802855663,8077.22,80772.20000000001,323088.8,203.42449514980595,0.485614154953418
Shimla,2020-06-04,5.8202,25.98,53.99,1.77,348.81831807760136,3567.7541219780264,0.2645036245518558,4.582115335423527,2332,2020-06-04,174.3,2.0,23.9,100.7,4.1,76.4,4.1,85.1,8.9,59.5,17.7,8.4,298.3,126.0,24.9,44.4,25.0,166.4,66.3,283.6,2.4,5.1,1.7,143.2,2.3,79.6,7.7,146.5,201.2,1.4,319.5,142.8,4.4,342.0,35.1,148.8,3179.4,2020,6,4,3,2,6363.1,-0.8136797967359444,6536.5,6723.79,555612,7.6368675339075915,972315.9403240662,11112.24,111122.40000000001,444489.6,216.24886168856733,0.45714476583309843
Shimla,2020-06-05,4.0219,23.91,67.72,1.09,324.3144980561957,3316.573958372721,0.2453064743159736,4.187136047529455,2333,2020-06-05,181.6,1.9,26.0,74.0,3.9,74.9,4.9,81.0,10.0,61.1,17.4,8.8,288.9,121.4,25.3,42.8,24.7,177.3,66.4,335.2,2.5,5.3,1.7,149.8,2.2,84.5,7.6,151.0,198.0,1.4,321.4,149.2,3.2,284.9,32.9,141.3,3164.4,2020,6,5,4,2,6328.799999999999,-0.5390454338294437,6444.857142857143,6731.493333333333,654605,5.063506832569074,599391.5670351962,13092.1,130921.0,523684.0,111.95672715515393,0.8736911813743753
Shimla,2020-06-06,4.6661,23.49,66.35,1.29,273.06653265259115,2792.8550195045905,0.2092881796340456,3.4253800892322954,2334,2020-06-06,186.6,1.7,24.2,85.3,3.9,76.5,5.1,80.2,10.0,62.3,12.4,8.4,279.5,129.4,24.7,35.0,26.5,175.2,64.2,357.0,2.4,4.5,1.7,162.3,2.1,93.9,7.6,143.4,206.1,1.4,299.3,153.9,4.3,324.9,34.2,157.4,3247.5000000000005,2020,6,6,5,2,6495.000000000001,2.626090254076629,6428.142857142857,6743.356666666668,209435,10.730755943498892,1069526.7661548357,4188.7,41887.0,167548.0,635.8405150493206,0.156656054477546
Dharamshala,2020-05-15,7.9495,23.6,52.81,1.82,281.8991603902216,2879.8562655433675,0.2143210750888085,2.9989196322598706,2312,2020-05-15,181.9,2.0,22.2,100.6,3.4,79.4,4.2,72.0,7.5,49.7,13.9,10.0,306.3,120.4,21.9,43.2,23.2,209.5,71.9,405.5,2.3,5.1,1.6,202.9,2.1,81.2,8.5,121.2,219.7,1.2,303.5,156.8,3.9,339.7,30.1,145.2,3368.9,2020,5,15,4,2,6742.599999999999,1.589549652709743,6476.0,6003.933333333334,647556,5.899141026652339,606981.4593894335,12951.12,129511.20000000001,518044.8,114.6677544856031,0.8534757339134704
Dharamshala,2020-05-16,7.7851,24.47,46.48,1.71,293.8778807796024,3002.1393577453105,0.2121702088962662,3.175236474799966,2313,2020-05-16,185.5,1.9,22.1,101.9,3.5,76.5,4.3,73.3,7.6,53.0,16.2,8.9,306.5,128.5,22.4,43.8,25.9,204.1,71.2,405.1,2.2,5.1,1.5,205.5,2.4,81.3,8.5,129.8,225.2,0.9,296.5,152.8,3.9,350.6,30.5,151.7,3405.6,2020,5,16,5,2,6816.200000000001,1.09156705128588,6511.099999999999,6033.223333333333,775581,6.983400637859071,749077.4477324658,15511.62,155116.2,620464.8,118.22843580046214,0.8283041674449559
Dharamshala,2020-05-17,7.1177,24.03,41.8,1.46,312.96183204783614,3200.565600194744,0.238868522489879,3.766244306500447,2314,2020-05-17,177.6,1.9,21.5,101.6,3.4,75.7,3.8,75.7,7.3,51.4,16.3,9.1,299.7,128.2,20.6,43.0,26.3,192.5,63.7,404.9,2.4,4.8,1.5,204.5,2.2,81.3,8.5,135.7,220.8,0.9,277.3,144.2,3.9,361.1,28.0,149.0,3344.7,2020,5,17,6,2,6695.0,-1.77811683929463,6590.5142857142855,6057.35,278781,5.128994031167522,585890.4695231605,5575.62,55756.200000000004,223024.8,260.2019369698619,0.38065889606058473
Dharamshala,2020-05-18,3.972,24.11,38.06,2.02,222.99702127311505,2278.668814254924,0.1590258863064431,2.463815608425709,2315,2020-05-18,174.1,1.9,27.6,105.9,3.8,76.3,4.2,78.7,7.4,52.9,14.9,10.3,303.5,135.5,22.4,43.3,26.9,169.2,63.3,418.3,2.6,5.0,1.5,205.3,2.1,83.4,8.5,142.3,225.6,1.3,270.5,149.5,3.9,367.1,30.6,157.7,3391.9,2020,5,18,0,2,6789.2,1.40702016430172,6685.128571428571,6089.726666666667,391475,8.025685487247586,653241.9444258444,7829.5,78295.0,313180.0,206.08354442360445,0.4794234712711114
Dharamshala,2020-05-19,6.1085,23.42,37.53,2.07,267.4625583268417,2732.640628746392,0.1974073712280035,3.1133584237305145,2316,2020-05-19,164.7,1.9,30.9,102.2,3.9,76.2,4.4,81.3,7.9,52.7,14.8,10.5,307.0,134.0,23.6,44.2,26.5,174.0,65.6,420.9,2.6,5.2,1.7,208.3,2.1,74.2,8.5,143.6,231.8,1.2,274.7,151.3,3.9,370.6,31.7,148.2,3401.3,2020,5,19,1,2,6808.099999999999,0.2783833146762227,6730.228571428571,6125.856666666668,360196,10.880850519188531,1062230.3425714495,7203.92,72039.2,288156.8,366.12928189494386,0.27127499298074753
Dharamshala,2020-05-20,9.0048,24.33,36.78,1.95,314.0457938884043,3215.0632596869136,0.2400729240189435,4.604665450162271,2317,2020-05-20,175.5,2.0,28.4,93.3,4.0,74.8,4.4,82.3,8.1,47.3,15.0,10.6,308.6,139.8,23.8,45.3,19.3,188.0,70.1,426.2,2.4,5.0,1.6,203.8,2.2,57.4,8.5,145.4,230.0,1.2,296.7,159.8,3.9,383.2,32.9,75.1,3371.2000000000003,2020,5,20,2,2,6747.1,-0.8959915394897044,6747.9,6159.816666666667,426507,7.745058480116376,887790.6092715969,8530.14,85301.40000000001,341205.6,257.692273887532,0.38433073306465204
Dharamshala,2020-05-21,8.862,26.71,34.03,2.08,484.4608548279167,4956.921158773319,0.3787740493182112,6.39677026960725,2318,2020-05-21,186.9,2.1,20.2,81.6,4.2,78.0,4.5,84.8,8.2,47.3,16.6,10.6,316.6,142.4,24.3,43.4,17.4,196.5,71.2,434.5,2.8,4.4,1.5,207.2,2.3,70.0,8.5,160.4,233.5,1.1,302.2,166.9,3.9,382.7,33.7,51.5,3419.3,2020,5,21,3,2,6843.2,1.4243156319011074,6777.342857142857,6201.990000000001,506063,6.256481263966833,1106322.395395019,10121.26,101212.6,404850.4,270.7669636475644,0.3659421844328311
Dharamshala,2020-05-22,8.2464,28.3,33.41,1.68,309.5809210920232,3166.017998627707,0.2399508697316888,3.8626216955439454,2319,2020-05-22,192.3,2.0,21.7,92.5,4.5,79.2,4.5,91.7,8.6,52.5,16.3,10.3,317.1,154.5,24.8,44.9,23.5,201.3,72.4,442.1,2.4,4.7,1.7,209.3,2.3,77.2,8.5,168.2,237.2,1.3,306.5,173.3,3.9,402.6,35.2,78.3,3565.1,2020,5,22,4,2,7134.4,4.255319148936176,6833.314285714286,6246.483333333334,321172,10.275891838353633,1161145.322031225,6423.4400000000005,64234.4,256937.6,449.41724451042785,0.2212792609552705
Dharamshala,2020-05-23,5.2188,28.25,36.78,1.65,380.9419243993407,3896.9444239727577,0.2933331639016568,4.962811838029397,2320,2020-05-23,195.9,1.5,23.6,98.6,4.6,79.4,4.6,95.2,8.1,54.7,16.5,10.7,315.2,158.0,24.1,41.2,27.3,201.2,74.0,443.5,2.5,5.1,1.4,216.6,2.1,84.5,8.5,171.0,244.1,1.3,311.9,168.1,3.9,417.5,36.1,102.9,3651.1,2020,5,23,5,2,7306.5,2.4122561112357,6903.357142857143,6295.37,556902,10.52164887309521,1462970.0668934307,11138.04,111380.40000000001,445521.6,325.8724216499112,0.3045320649751809
Dharamshala,2020-05-24,7.427,27.78,38.73,2.27,331.3531300728466,3390.319078053461,0.2597622941068829,4.231194467057071,2321,2020-05-24,194.0,1.6,22.9,109.2,4.5,83.8,4.1,98.0,8.7,55.0,17.3,10.0,312.2,154.3,22.4,46.2,27.7,192.6,69.7,447.4,2.4,4.6,1.6,216.2,2.1,85.0,7.6,168.3,245.8,0.9,302.2,172.3,4.3,426.9,34.6,118.4,3674.8,2020,5,24,6,2,7349.6,0.589885718196137,6996.871428571429,6345.823333333334,684963,6.216274327152968,751820.4138281692,13699.26,136992.6,547970.4,134.70091702547603,0.7288571327196064
Dharamshala,2020-05-25,8.0726,28.09,40.6,2.09,374.5515346174102,3834.449084009233,0.29073825950854,5.110555584043095,2322,2020-05-25,191.6,1.5,20.0,105.8,5.0,85.8,4.4,101.5,9.0,55.3,17.3,10.6,319.8,162.7,24.5,47.4,28.3,200.9,75.9,457.9,2.4,4.3,1.7,220.3,2.1,85.8,7.6,175.9,249.6,1.1,306.3,177.1,4.3,426.5,36.1,113.4,3735.8,2020,5,25,0,2,7475.500000000001,1.7130183955589515,7094.914285714285,6401.906666666667,655968,10.395978759786928,1421247.876389791,13119.36,131193.6,524774.4,268.3302608491936,0.36923469824160177
Dharamshala,2020-05-26,6.7241,28.15,37.96,2.26,332.7624370853408,3403.815119968726,0.257447463283904,4.12586275347288,2323,2020-05-26,193.5,1.3,15.7,108.9,5.4,87.1,4.7,106.9,9.3,56.7,17.5,10.9,323.1,167.8,25.4,44.4,27.9,187.3,77.4,462.7,1.8,3.7,1.3,218.0,1.6,86.7,7.6,184.3,253.8,1.2,318.9,176.3,4.3,425.3,36.3,120.2,3771.6,2020,5,26,1,2,7546.800000000001,0.9537823556952764,7200.442857142857,6470.550000000001,518717,11.631085217794366,1412691.7160024955,10374.34,103743.40000000001,414973.6,337.92929863550245,0.29374654183413157
Dharamshala,2020-05-27,6.8256,28.65,34.42,2.69,285.4326782238401,2916.9235397521443,0.2201191109291045,3.1892448036591685,2324,2020-05-27,194.8,1.4,17.8,79.3,5.5,86.7,4.8,110.4,9.2,53.8,17.3,10.8,321.1,168.2,25.6,41.3,24.4,187.0,77.7,460.7,1.8,4.2,1.6,218.3,1.8,88.2,8.2,182.7,260.7,1.2,324.6,176.9,1.9,395.3,35.5,104.6,3705.2999999999993,2020,5,27,2,2,7410.5999999999985,-1.804738432183206,7295.228571428571,6534.8966666666665,259101,6.164643108525906,642250.5663576514,5182.02,51820.200000000004,207280.8,307.34566170993713,0.32274082440239826
Dharamshala,2020-05-28,4.637,27.22,42.79,1.32,370.26235136925806,3788.58341870952,0.2892487116306813,4.893855943973852,2325,2020-05-28,195.4,1.6,23.4,79.0,5.0,90.0,4.6,105.6,9.4,51.7,16.8,10.7,321.5,139.3,24.2,43.3,22.2,192.1,74.3,457.3,2.2,4.8,1.3,210.9,2.1,79.3,7.8,150.3,249.4,1.3,307.0,180.5,3.2,350.0,34.1,89.8,3541.4000000000005,2020,5,28,3,2,7082.800000000001,-4.42339351739397,7329.457142857143,6582.003333333333,695972,10.396890047724948,1405095.5889393713,13919.44,139194.4,556777.6,249.8620901665892,0.3962557480979156
Dharamshala,2020-05-29,5.6052,25.64,48.04,1.49,478.5977366602617,4896.060546520335,0.3660857445467344,5.9730673078322445,2326,2020-05-29,193.3,1.9,24.0,95.5,4.3,82.5,4.8,88.4,8.9,53.7,17.4,10.9,323.9,109.0,24.7,44.1,23.4,192.8,69.8,462.6,2.5,5.2,1.4,203.7,2.1,73.6,7.8,134.0,250.1,1.2,298.8,182.4,3.2,337.1,33.8,113.9,3483.6000000000004,2020,5,29,4,2,6970.300000000001,-1.5883548878974365,7306.014285714286,6623.58,488790,9.960004032218405,1739894.9162355852,9775.800000000001,97758.0,391032.0,442.44949677662834,0.22474447830536406
Dharamshala,2020-05-30,4.465,22.35,62.84,1.93,301.15681564388825,3078.7466348776184,0.2278651475883544,3.790631005788724,2327,2020-05-30,186.4,1.9,25.6,91.0,3.4,74.6,4.8,73.3,9.3,53.2,17.6,10.6,326.5,96.1,19.6,41.8,24.9,183.5,70.5,461.2,2.5,5.4,1.7,206.0,2.0,75.1,8.0,127.5,186.9,1.2,306.6,164.0,3.6,282.0,28.2,129.5,3306.0,2020,5,30,5,2,6612.0,-5.140381332223876,7206.800000000001,6646.9766666666665,747337,8.31501721904562,914005.2993148355,14946.74,149467.4,597869.6,150.3770319338591,0.6541197806275292
Dharamshala,2020-05-31,2.8668,19.74,77.94,1.33,249.73370133051708,2553.9185660072176,0.1841215946829328,2.860683421839729,2328,2020-05-31,184.1,2.0,25.1,78.0,3.4,74.0,4.4,73.3,9.1,48.3,16.0,9.1,319.2,96.1,19.6,41.8,21.2,168.5,63.5,443.5,2.2,5.5,1.7,204.8,2.2,84.9,7.2,127.5,186.9,0.9,288.5,145.9,4.1,282.0,28.2,120.4,3193.1000000000004,2020,5,31,6,2,6386.200000000001,-3.415003024803376,7069.171428571429,6664.65,560260,5.405443223911588,492721.2904283824,11205.2,112052.0,448208.0,107.43139132464891,0.9096564306240726
Dharamshala,2020-06-01,4.0771,21.53,60.93,1.31,241.33120264978788,2466.919523359967,0.1838462953921675,2.8114872508835966,2329,2020-06-01,178.2,1.6,24.2,94.1,3.9,72.7,4.5,74.6,9.2,54.9,15.9,9.1,325.4,109.4,22.7,41.3,20.3,164.5,68.3,388.3,2.5,5.2,1.5,200.7,2.2,80.3,7.7,134.9,197.4,1.2,303.3,138.5,4.4,331.0,29.4,123.1,3246.4,2020,6,1,0,2,6492.8,1.669224264821012,6928.785714285716,6681.33,792673,5.522860924304978,486486.1141594644,15853.460000000001,158534.6,634138.4,74.21607872342447,1.303505029307184
Dharamshala,2020-06-02,4.7801,22.68,56.89,1.69,310.66454541812976,3176.1546364767623,0.2262529446429115,4.039883290228578,2330,2020-06-02,172.0,2.0,24.8,99.6,4.0,73.7,4.6,81.1,9.2,57.9,17.8,8.2,314.4,119.1,24.3,42.7,23.6,155.9,65.6,374.1,2.4,5.0,1.6,184.4,2.2,75.6,7.7,141.5,201.2,1.3,305.1,140.2,4.4,348.7,33.2,130.9,3255.8,2020,6,2,1,2,6515.799999999999,0.3542385411532622,6781.5,6701.130000000001,633374,10.966902614390534,1243565.152600755,12667.48,126674.8,506699.2,242.92473179368645,0.40745657071825675
Dharamshala,2020-06-03,5.4763,23.27,57.88,1.4,313.6845465959038,3207.1259654874643,0.2308179878029488,4.137346270936916,2331,2020-06-03,175.3,2.0,23.2,106.7,4.1,76.8,2.8,85.7,7.1,59.6,17.4,7.7,301.9,127.1,24.6,43.3,26.6,144.6,65.6,288.2,2.6,5.2,1.4,182.9,2.3,77.0,7.7,140.0,203.8,1.3,311.9,139.7,4.4,365.4,35.3,138.6,3205.5,2020,6,3,2,2,6415.300000000001,-1.542404616470705,6639.314285714287,6714.986666666667,747577,11.931038609254529,1366042.5893452137,14951.54,149515.4,598061.6,225.9116869140593,0.43780564885683415
Dharamshala,2020-06-04,5.0158,23.85,53.8,1.63,348.81831807760136,3567.7541219780264,0.2645036245518558,4.582115335423527,2332,2020-06-04,174.3,2.0,23.9,100.7,4.1,76.4,4.1,85.1,8.9,59.5,17.7,8.4,298.3,126.0,24.9,44.4,25.0,166.4,66.3,283.6,2.4,5.1,1.7,143.2,2.3,79.6,7.7,146.5,201.2,1.4,319.5,142.8,4.4,342.0,35.1,148.8,3179.4,2020,6,4,3,2,6363.1,-0.8136797967359444,6536.5,6723.79,572370,9.732365800307281,1239112.0263233914,11447.4,114474.0,457896.0,268.1099259053129,0.3695352968394148
Dharamshala,2020-06-05,4.7724,22.24,65.86,1.28,324.3144980561957,3316.573958372721,0.2453064743159736,4.187136047529455,2333,2020-06-05,181.6,1.9,26.0,74.0,3.9,74.9,4.9,81.0,10.0,61.1,17.4,8.8,288.9,121.4,25.3,42.8,24.7,177.3,66.4,335.2,2.5,5.3,1.7,149.8,2.2,84.5,7.6,151.0,198.0,1.4,321.4,149.2,3.2,284.9,32.9,141.3,3164.4,2020,6,5,4,2,6328.799999999999,-0.5390454338294437,6444.857142857143,6731.493333333333,471967,8.121708149072251,961405.5111297277,9439.34,94393.40000000001,377573.6,252.1273126960486,0.3927304377794587
Dharamshala,2020-06-06,3.5434,21.62,71.63,1.46,273.06653265259115,2792.8550195045905,0.2092881796340456,3.4253800892322954,2334,2020-06-06,186.6,1.7,24.2,85.3,3.9,76.5,5.1,80.2,10.0,62.3,12.4,8.4,279.5,129.4,24.7,35.0,26.5,175.2,64.2,357.0,2.4,4.5,1.7,162.3,2.1,93.9,7.6,143.4,206.1,1.4,299.3,153.9,4.3,324.9,34.2,157.4,3247.5000000000005,2020,6,6,5,2,6495.000000000001,2.626090254076629,6428.142857142857,6743.356666666668,391232,9.533015503813353,950148.8336126428,7824.64,78246.40000000001,312985.6,301.0758941026817,0.32940657244549704
Ranchi,2020-05-15,6.888,30.62,44.57,2.05,281.8991603902216,2879.8562655433675,0.2143210750888085,2.9989196322598706,2312,2020-05-15,181.9,2.0,22.2,100.6,3.4,79.4,4.2,72.0,7.5,49.7,13.9,10.0,306.3,120.4,21.9,43.2,23.2,209.5,71.9,405.5,2.3,5.1,1.6,202.9,2.1,81.2,8.5,121.2,219.7,1.2,303.5,156.8,3.9,339.7,30.1,145.2,3368.9,2020,5,15,4,2,6742.599999999999,1.589549652709743,6476.0,6003.933333333334,504119,9.160771014599817,942580.9850031098,10082.380000000001,100823.8,403295.2,231.21986202739575,0.4278621981075412
Ranchi,2020-05-16,6.5234,31.44,41.99,1.95,293.8778807796024,3002.1393577453105,0.2121702088962662,3.175236474799966,2313,2020-05-16,185.5,1.9,22.1,101.9,3.5,76.5,4.3,73.3,7.6,53.0,16.2,8.9,306.5,128.5,22.4,43.8,25.9,204.1,71.2,405.1,2.2,5.1,1.5,205.5,2.4,81.3,8.5,129.8,225.2,0.9,296.5,152.8,3.9,350.6,30.5,151.7,3405.6,2020,5,16,5,2,6816.200000000001,1.09156705128588,6511.099999999999,6033.223333333333,209540,7.685285822839353,824365.4614425664,4190.8,41908.0,167632.0,489.27093958347234,0.20334645796562276
Ranchi,2020-05-17,6.6595,30.87,39.76,2.0,312.96183204783614,3200.565600194744,0.238868522489879,3.766244306500447,2314,2020-05-17,177.6,1.9,21.5,101.6,3.4,75.7,3.8,75.7,7.3,51.4,16.3,9.1,299.7,128.2,20.6,43.0,26.3,192.5,63.7,404.9,2.4,4.8,1.5,204.5,2.2,81.3,8.5,135.7,220.8,0.9,277.3,144.2,3.9,361.1,28.0,149.0,3344.7,2020,5,17,6,2,6695.0,-1.77811683929463,6590.5142857142855,6057.35,740652,5.45938301201809,623631.1558915856,14813.04,148130.4,592521.6,102.75036655061784,0.9501139323915908
Ranchi,2020-05-18,6.817,30.92,35.2,2.35,222.99702127311505,2278.668814254924,0.1590258863064431,2.463815608425709,2315,2020-05-18,174.1,1.9,27.6,105.9,3.8,76.3,4.2,78.7,7.4,52.9,14.9,10.3,303.5,135.5,22.4,43.3,26.9,169.2,63.3,418.3,2.6,5.0,1.5,205.3,2.1,83.4,8.5,142.3,225.6,1.3,270.5,149.5,3.9,367.1,30.6,157.7,3391.9,2020,5,18,0,2,6789.2,1.40702016430172,6685.128571428571,6089.726666666667,597827,10.750590631852088,875032.6360578301,11956.54,119565.40000000001,478261.6,180.4610899260635,0.5465636751458457
Ranchi,2020-05-19,4.7239,29.46,43.98,2.39,267.4625583268417,2732.640628746392,0.1974073712280035,3.1133584237305145,2316,2020-05-19,164.7,1.9,30.9,102.2,3.9,76.2,4.4,81.3,7.9,52.7,14.8,10.5,307.0,134.0,23.6,44.2,26.5,174.0,65.6,420.9,2.6,5.2,1.7,208.3,2.1,74.2,8.5,143.6,231.8,1.2,274.7,151.3,3.9,370.6,31.7,148.2,3401.3,2020,5,19,1,2,6808.099999999999,0.2783833146762227,6730.228571428571,6125.856666666668,751951,7.602834704671072,742217.8715363094,15039.02,150390.2,601560.8,120.8820208258765,0.8104897666571547
Ranchi,2020-05-20,1.7916,26.07,62.45,4.67,314.0457938884043,3215.0632596869136,0.2400729240189435,4.604665450162271,2317,2020-05-20,175.5,2.0,28.4,93.3,4.0,74.8,4.4,82.3,8.1,47.3,15.0,10.6,308.6,139.8,23.8,45.3,19.3,188.0,70.1,426.2,2.4,5.0,1.6,203.8,2.2,57.4,8.5,145.4,230.0,1.2,296.7,159.8,3.9,383.2,32.9,75.1,3371.2000000000003,2020,5,20,2,2,6747.1,-0.8959915394897044,6747.9,6159.816666666667,251991,10.731499503499656,1230116.5326341917,5039.82,50398.200000000004,201592.8,607.6986443137808,0.16388092572610213
Ranchi,2020-05-21,4.2427,27.28,58.52,3.56,484.4608548279167,4956.921158773319,0.3787740493182112,6.39677026960725,2318,2020-05-21,186.9,2.1,20.2,81.6,4.2,78.0,4.5,84.8,8.2,47.3,16.6,10.6,316.6,142.4,24.3,43.4,17.4,196.5,71.2,434.5,2.8,4.4,1.5,207.2,2.3,70.0,8.5,160.4,233.5,1.1,302.2,166.9,3.9,382.7,33.7,51.5,3419.3,2020,5,21,3,2,6843.2,1.4243156319011074,6777.342857142857,6201.990000000001,388751,6.7675612478186755,1196695.755134759,7775.02,77750.2,311000.8,382.28864206611655,0.25988271353253434
Ranchi,2020-05-22,7.4837,30.06,35.24,1.81,309.5809210920232,3166.017998627707,0.2399508697316888,3.8626216955439454,2319,2020-05-22,192.3,2.0,21.7,92.5,4.5,79.2,4.5,91.7,8.6,52.5,16.3,10.3,317.1,154.5,24.8,44.9,23.5,201.3,72.4,442.1,2.4,4.7,1.7,209.3,2.3,77.2,8.5,168.2,237.2,1.3,306.5,173.3,3.9,402.6,35.2,78.3,3565.1,2020,5,22,4,2,7134.4,4.255319148936176,6833.314285714286,6246.483333333334,566326,5.007206358919434,565799.4781926215,11326.52,113265.20000000001,453060.8,122.38378561831469,0.8007430489405837
Ranchi,2020-05-23,6.9031,31.0,36.57,1.64,380.9419243993407,3896.9444239727577,0.2933331639016568,4.962811838029397,2320,2020-05-23,195.9,1.5,23.6,98.6,4.6,79.4,4.6,95.2,8.1,54.7,16.5,10.7,315.2,158.0,24.1,41.2,27.3,201.2,74.0,443.5,2.5,5.1,1.4,216.6,2.1,84.5,8.5,171.0,244.1,1.3,311.9,168.1,3.9,417.5,36.1,102.9,3651.1,2020,5,23,5,2,7306.5,2.4122561112357,6903.357142857143,6295.37,249115,6.112567982937295,849914.6948113042,4982.3,49823.0,199292.0,423.96704072983573,0.23448443324045948
Ranchi,2020-05-24,6.7963,32.81,37.15,2.45,331.3531300728466,3390.319078053461,0.2597622941068829,4.231194467057071,2321,2020-05-24,194.0,1.6,22.9,109.2,4.5,83.8,4.1,98.0,8.7,55.0,17.3,10.0,312.2,154.3,22.4,46.2,27.7,192.6,69.7,447.4,2.4,4.6,1.6,216.2,2.1,85.0,7.6,168.3,245.8,0.9,302.2,172.3,4.3,426.9,34.6,118.4,3674.8,2020,5,24,6,2,7349.6,0.589885718196137,6996.871428571429,6345.823333333334,553151,8.279775917380091,1001388.3282818688,11063.02,110630.20000000001,442520.8,223.79181007579052,0.4419068463204555
Ranchi,2020-05-25,5.982,33.54,34.18,2.53,374.5515346174102,3834.449084009233,0.29073825950854,5.110555584043095,2322,2020-05-25,191.6,1.5,20.0,105.8,5.0,85.8,4.4,101.5,9.0,55.3,17.3,10.6,319.8,162.7,24.5,47.4,28.3,200.9,75.9,457.9,2.4,4.3,1.7,220.3,2.1,85.8,7.6,175.9,249.6,1.1,306.3,177.1,4.3,426.5,36.1,113.4,3735.8,2020,5,25,0,2,7475.500000000001,1.7130183955589515,7094.914285714285,6401.906666666667,391962,11.61012544470481,1587235.4603814124,7839.24,78392.40000000001,313569.6,503.6828252424382,0.19755695375385296
Ranchi,2020-05-26,5.7065,34.32,34.8,2.91,332.7624370853408,3403.815119968726,0.257447463283904,4.12586275347288,2323,2020-05-26,193.5,1.3,15.7,108.9,5.4,87.1,4.7,106.9,9.3,56.7,17.5,10.9,323.1,167.8,25.4,44.4,27.9,187.3,77.4,462.7,1.8,3.7,1.3,218.0,1.6,86.7,7.6,184.3,253.8,1.2,318.9,176.3,4.3,425.3,36.3,120.2,3771.6,2020,5,26,1,2,7546.800000000001,0.9537823556952764,7200.442857142857,6470.550000000001,349143,5.715355337856033,694177.283427295,6982.860000000001,69828.6,279314.4,246.02899937392954,0.4023669519319587
Ranchi,2020-05-27,5.9419,33.74,29.97,2.91,285.4326782238401,2916.9235397521443,0.2201191109291045,3.1892448036591685,2324,2020-05-27,194.8,1.4,17.8,79.3,5.5,86.7,4.8,110.4,9.2,53.8,17.3,10.8,321.1,168.2,25.6,41.3,24.4,187.0,77.7,460.7,1.8,4.2,1.6,218.3,1.8,88.2,8.2,182.7,260.7,1.2,324.6,176.9,1.9,395.3,35.5,104.6,3705.2999999999993,2020,5,27,2,2,7410.5999999999985,-1.804738432183206,7295.228571428571,6534.8966666666665,736226,10.979468421230962,1143873.1630853014,14724.52,147245.2,588980.8,191.71230082293027,0.5148999942540693
Ranchi,2020-05-28,4.201,32.52,35.57,2.01,370.26235136925806,3788.58341870952,0.2892487116306813,4.893855943973852,2325,2020-05-28,195.4,1.6,23.4,79.0,5.0,90.0,4.6,105.6,9.4,51.7,16.8,10.7,321.5,139.3,24.2,43.3,22.2,192.1,74.3,457.3,2.2,4.8,1.3,210.9,2.1,79.3,7.8,150.3,249.4,1.3,307.0,180.5,3.2,350.0,34.1,89.8,3541.4000000000005,2020,5,28,3,2,7082.800000000001,-4.42339351739397,7329.457142857143,6582.003333333333,553824,8.689168673483035,1174304.288938093,11076.48,110764.8,443059.2,262.54455588284657,0.3772947326164663
Ranchi,2020-05-29,6.1082,30.71,55.41,1.74,478.5977366602617,4896.060546520335,0.3660857445467344,5.9730673078322445,2326,2020-05-29,193.3,1.9,24.0,95.5,4.3,82.5,4.8,88.4,8.9,53.7,17.4,10.9,323.9,109.0,24.7,44.1,23.4,192.8,69.8,462.6,2.5,5.2,1.4,203.7,2.1,73.6,7.8,134.0,250.1,1.2,298.8,182.4,3.2,337.1,33.8,113.9,3483.6000000000004,2020,5,29,4,2,6970.300000000001,-1.5883548878974365,7306.014285714286,6623.58,204000,10.781445360599276,1883391.0018408187,4080.0,40800.0,163200.0,1151.5386040691292,0.08665216791856876
Ranchi,2020-05-30,6.1322,30.3,52.61,2.07,301.15681564388825,3078.7466348776184,0.2278651475883544,3.790631005788724,2327,2020-05-30,186.4,1.9,25.6,91.0,3.4,74.6,4.8,73.3,9.3,53.2,17.6,10.6,326.5,96.1,19.6,41.8,24.9,183.5,70.5,461.2,2.5,5.4,1.7,206.0,2.0,75.1,8.0,127.5,186.9,1.2,306.6,164.0,3.6,282.0,28.2,129.5,3306.0,2020,5,30,5,2,6612.0,-5.140381332223876,7206.800000000001,6646.9766666666665,555754,7.088621016929949,779197.0844592119,11115.08,111150.8,444603.2,172.75674229497494,0.5705907250895883
Ranchi,2020-05-31,5.6405,29.99,56.75,1.34,249.73370133051708,2553.9185660072176,0.1841215946829328,2.860683421839729,2328,2020-05-31,184.1,2.0,25.1,78.0,3.4,74.0,4.4,73.3,9.1,48.3,16.0,9.1,319.2,96.1,19.6,41.8,21.2,168.5,63.5,443.5,2.2,5.5,1.7,204.8,2.2,84.9,7.2,127.5,186.9,0.9,288.5,145.9,4.1,282.0,28.2,120.4,3193.1000000000004,2020,5,31,6,2,6386.200000000001,-3.415003024803376,7069.171428571429,6664.65,451492,10.879630152707303,991708.7621070832,9029.84,90298.40000000001,361193.6,272.0643228747916,0.36421301251746563
Ranchi,2020-06-01,5.8829,27.86,67.07,2.78,241.33120264978788,2466.919523359967,0.1838462953921675,2.8114872508835966,2329,2020-06-01,178.2,1.6,24.2,94.1,3.9,72.7,4.5,74.6,9.2,54.9,15.9,9.1,325.4,109.4,22.7,41.3,20.3,164.5,68.3,388.3,2.5,5.2,1.5,200.7,2.2,80.3,7.7,134.9,197.4,1.2,303.3,138.5,4.4,331.0,29.4,123.1,3246.4,2020,6,1,0,2,6492.8,1.669224264821012,6928.785714285716,6681.33,699522,10.40975946011763,916952.915978896,13990.44,139904.4,559617.6,161.3534806587384,0.6103006816897435
Ranchi,2020-06-02,4.3538,26.94,67.59,1.74,310.66454541812976,3176.1546364767623,0.2262529446429115,4.039883290228578,2330,2020-06-02,172.0,2.0,24.8,99.6,4.0,73.7,4.6,81.1,9.2,57.9,17.8,8.2,314.4,119.1,24.3,42.7,23.6,155.9,65.6,374.1,2.4,5.0,1.6,184.4,2.2,75.6,7.7,141.5,201.2,1.3,305.1,140.2,4.4,348.7,33.2,130.9,3255.8,2020,6,2,1,2,6515.799999999999,0.3542385411532622,6781.5,6701.130000000001,691072,6.610375781220037,749567.4262972442,13821.44,138214.4,552857.6,133.0805593153181,0.7375678865384362
Ranchi,2020-06-03,4.4678,27.01,61.71,1.85,313.6845465959038,3207.1259654874643,0.2308179878029488,4.137346270936916,2331,2020-06-03,175.3,2.0,23.2,106.7,4.1,76.8,2.8,85.7,7.1,59.6,17.4,7.7,301.9,127.1,24.6,43.3,26.6,144.6,65.6,288.2,2.6,5.2,1.4,182.9,2.3,77.0,7.7,140.0,203.8,1.3,311.9,139.7,4.4,365.4,35.3,138.6,3205.5,2020,6,3,2,2,6415.300000000001,-1.542404616470705,6639.314285714287,6714.986666666667,238304,5.919345884865646,677734.6754640193,4766.08,47660.8,190643.2,352.99900309269844,0.28129432594716813
Ranchi,2020-06-04,4.4662,26.81,67.45,1.47,348.81831807760136,3567.7541219780264,0.2645036245518558,4.582115335423527,2332,2020-06-04,174.3,2.0,23.9,100.7,4.1,76.4,4.1,85.1,8.9,59.5,17.7,8.4,298.3,126.0,24.9,44.4,25.0,166.4,66.3,283.6,2.4,5.1,1.7,143.2,2.3,79.6,7.7,146.5,201.2,1.4,319.5,142.8,4.4,342.0,35.1,148.8,3179.4,2020,6,4,3,2,6363.1,-0.8136797967359444,6536.5,6723.79,704999,11.07638025772605,1410230.1811391017,14099.98,140999.80000000002,563999.2,247.5411669270279,0.3999338601664123
Ranchi,2020-06-05,4.6987,27.98,67.39,3.9,324.3144980561957,3316.573958372721,0.2453064743159736,4.187136047529455,2333,2020-06-05,181.6,1.9,26.0,74.0,3.9,74.9,4.9,81.0,10.0,61.1,17.4,8.8,288.9,121.4,25.3,42.8,24.7,177.3,66.4,335.2,2.5,5.3,1.7,149.8,2.2,84.5,7.6,151.0,198.0,1.4,321.4,149.2,3.2,284.9,32.9,141.3,3164.4,2020,6,5,4,2,6328.799999999999,-0.5390454338294437,6444.857142857143,6731.493333333333,531593,11.742656574080923,1390034.5270243096,10631.86,106318.6,425274.4,324.3559139756142,0.30594498610434623
Ranchi,2020-06-06,6.6684,28.12,60.42,2.36,273.06653265259115,2792.8550195045905,0.2092881796340456,3.4253800892322954,2334,2020-06-06,186.6,1.7,24.2,85.3,3.9,76.5,5.1,80.2,10.0,62.3,12.4,8.4,279.5,129.4,24.7,35.0,26.5,175.2,64.2,357.0,2.4,4.5,1.7,162.3,2.1,93.9,7.6,143.4,206.1,1.4,299.3,153.9,4.3,324.9,34.2,157.4,3247.5000000000005,2020,6,6,5,2,6495.000000000001,2.626090254076629,6428.142857142857,6743.356666666668,351836,5.219116196232614,520185.5765739204,7036.72,70367.2,281468.8,182.31109685120356,0.5410920094359687
Thiruvananthapuram,2020-05-15,5.4394,27.65,89.58,4.25,281.8991603902216,2879.8562655433675,0.2143210750888085,2.9989196322598706,2312,2020-05-15,181.9,2.0,22.2,100.6,3.4,79.4,4.2,72.0,7.5,49.7,13.9,10.0,306.3,120.4,21.9,43.2,23.2,209.5,71.9,405.5,2.3,5.1,1.6,202.9,2.1,81.2,8.5,121.2,219.7,1.2,303.5,156.8,3.9,339.7,30.1,145.2,3368.9,2020,5,15,4,2,6742.599999999999,1.589549652709743,6476.0,6003.933333333334,308940,10.118890468815799,1041164.9554425231,6178.8,61788.0,247152.0,418.76503343793416,0.23738002448894313
Thiruvananthapuram,2020-05-16,4.1081,28.22,84.34,4.16,293.8778807796024,3002.1393577453105,0.2121702088962662,3.175236474799966,2313,2020-05-16,185.5,1.9,22.1,101.9,3.5,76.5,4.3,73.3,7.6,53.0,16.2,8.9,306.5,128.5,22.4,43.8,25.9,204.1,71.2,405.1,2.2,5.1,1.5,205.5,2.4,81.3,8.5,129.8,225.2,0.9,296.5,152.8,3.9,350.6,30.5,151.7,3405.6,2020,5,16,5,2,6816.200000000001,1.09156705128588,6511.099999999999,6033.223333333333,465517,11.36667157663473,1219250.874377592,9310.34,93103.40000000001,372413.6,324.89160824889103,0.30544435307110845
Thiruvananthapuram,2020-05-17,4.147,28.68,82.52,5.42,312.96183204783614,3200.565600194744,0.238868522489879,3.766244306500447,2314,2020-05-17,177.6,1.9,21.5,101.6,3.4,75.7,3.8,75.7,7.3,51.4,16.3,9.1,299.7,128.2,20.6,43.0,26.3,192.5,63.7,404.9,2.4,4.8,1.5,204.5,2.2,81.3,8.5,135.7,220.8,0.9,277.3,144.2,3.9,361.1,28.0,149.0,3344.7,2020,5,17,6,2,6695.0,-1.77811683929463,6590.5142857142855,6057.35,585777,11.00152064464749,1256715.4605352539,11715.54,117155.40000000001,468621.6,265.67275612887966,0.3728936595613677
Thiruvananthapuram,2020-05-18,2.6098,27.78,86.66,5.99,222.99702127311505,2278.668814254924,0.1590258863064431,2.463815608425709,2315,2020-05-18,174.1,1.9,27.6,105.9,3.8,76.3,4.2,78.7,7.4,52.9,14.9,10.3,303.5,135.5,22.4,43.3,26.9,169.2,63.3,418.3,2.6,5.0,1.5,205.3,2.1,83.4,8.5,142.3,225.6,1.3,270.5,149.5,3.9,367.1,30.6,157.7,3391.9,2020,5,18,0,2,6789.2,1.40702016430172,6685.128571428571,6089.726666666667,751638,11.75164330589146,956512.2300814473,15032.76,150327.6,601310.4,156.57129330898772,0.6286482832535398
Thiruvananthapuram,2020-05-19,4.2751,28.29,85.55,5.52,267.4625583268417,2732.640628746392,0.1974073712280035,3.1133584237305145,2316,2020-05-19,164.7,1.9,30.9,102.2,3.9,76.2,4.4,81.3,7.9,52.7,14.8,10.5,307.0,134.0,23.6,44.2,26.5,174.0,65.6,420.9,2.6,5.2,1.7,208.3,2.1,74.2,8.5,143.6,231.8,1.2,274.7,151.3,3.9,370.6,31.7,148.2,3401.3,2020,5,19,1,2,6808.099999999999,0.2783833146762227,6730.228571428571,6125.856666666668,749639,10.32065854906668,1007542.254790175,14992.78,149927.80000000002,599711.2,165.50457533395658,0.5952212941219007
Thiruvananthapuram,2020-05-20,5.4142,28.79,82.27,5.37,314.0457938884043,3215.0632596869136,0.2400729240189435,4.604665450162271,2317,2020-05-20,175.5,2.0,28.4,93.3,4.0,74.8,4.4,82.3,8.1,47.3,15.0,10.6,308.6,139.8,23.8,45.3,19.3,188.0,70.1,426.2,2.4,5.0,1.6,203.8,2.2,57.4,8.5,145.4,230.0,1.2,296.7,159.8,3.9,383.2,32.9,75.1,3371.2000000000003,2020,5,20,2,2,6747.1,-0.8959915394897044,6747.9,6159.816666666667,537497,8.096091336666372,928028.3523939946,10749.94,107499.40000000001,429997.6,213.3217516548917,0.46334482728456267
Thiruvananthapuram,2020-05-21,1.7059,27.77,82.02,4.21,484.4608548279167,4956.921158773319,0.3787740493182112,6.39677026960725,2318,2020-05-21,186.9,2.1,20.2,81.6,4.2,78.0,4.5,84.8,8.2,47.3,16.6,10.6,316.6,142.4,24.3,43.4,17.4,196.5,71.2,434.5,2.8,4.4,1.5,207.2,2.3,70.0,8.5,160.4,233.5,1.1,302.2,166.9,3.9,382.7,33.7,51.5,3419.3,2020,5,21,3,2,6843.2,1.4243156319011074,6777.342857142857,6201.990000000001,407869,7.183663933465914,1270274.4490512304,8157.38,81573.8,326295.2,386.80221745561397,0.2568696421266034
Thiruvananthapuram,2020-05-22,5.4415,27.9,80.21,4.1,309.5809210920232,3166.017998627707,0.2399508697316888,3.8626216955439454,2319,2020-05-22,192.3,2.0,21.7,92.5,4.5,79.2,4.5,91.7,8.6,52.5,16.3,10.3,317.1,154.5,24.8,44.9,23.5,201.3,72.4,442.1,2.4,4.7,1.7,209.3,2.3,77.2,8.5,168.2,237.2,1.3,306.5,173.3,3.9,402.6,35.2,78.3,3565.1,2020,5,22,4,2,7134.4,4.255319148936176,6833.314285714286,6246.483333333334,265953,7.245199183066893,818686.0343549931,5319.06,53190.600000000006,212762.4,382.2888698167501,0.2598824594402255
Thiruvananthapuram,2020-05-23,6.1718,28.43,84.06,4.21,380.9419243993407,3896.9444239727577,0.2933331639016568,4.962811838029397,2320,2020-05-23,195.9,1.5,23.6,98.6,4.6,79.4,4.6,95.2,8.1,54.7,16.5,10.7,315.2,158.0,24.1,41.2,27.3,201.2,74.0,443.5,2.5,5.1,1.4,216.6,2.1,84.5,8.5,171.0,244.1,1.3,311.9,168.1,3.9,417.5,36.1,102.9,3651.1,2020,5,23,5,2,7306.5,2.4122561112357,6903.357142857143,6295.37,700328,10.070958708298818,1400304.3926732622,14006.56,140065.6,560262.4,247.43724238379409,0.4001001516750767
Thiruvananthapuram,2020-05-24,5.7521,28.52,85.58,5.06,331.3531300728466,3390.319078053461,0.2597622941068829,4.231194467057071,2321,2020-05-24,194.0,1.6,22.9,109.2,4.5,83.8,4.1,98.0,8.7,55.0,17.3,10.0,312.2,154.3,22.4,46.2,27.7,192.6,69.7,447.4,2.4,4.6,1.6,216.2,2.1,85.0,7.6,168.3,245.8,0.9,302.2,172.3,4.3,426.9,34.6,118.4,3674.8,2020,5,24,6,2,7349.6,0.589885718196137,6996.871428571429,6345.823333333334,203267,10.22085908421675,1236150.4820998786,4065.34,40653.4,162613.6,757.6765670890248,0.1315482789566895
Thiruvananthapuram,2020-05-25,5.4461,28.29,86.18,3.75,374.5515346174102,3834.449084009233,0.29073825950854,5.110555584043095,2322,2020-05-25,191.6,1.5,20.0,105.8,5.0,85.8,4.4,101.5,9.0,55.3,17.3,10.6,319.8,162.7,24.5,47.4,28.3,200.9,75.9,457.9,2.4,4.3,1.7,220.3,2.1,85.8,7.6,175.9,249.6,1.1,306.3,177.1,4.3,426.5,36.1,113.4,3735.8,2020,5,25,0,2,7475.500000000001,1.7130183955589515,7094.914285714285,6401.906666666667,282745,6.402514004840988,875296.0777617684,5654.900000000001,56549.0,226196.0,384.46355274265164,0.2584219755176245
Thiruvananthapuram,2020-05-26,5.9261,28.07,87.66,3.45,332.7624370853408,3403.815119968726,0.257447463283904,4.12586275347288,2323,2020-05-26,193.5,1.3,15.7,108.9,5.4,87.1,4.7,106.9,9.3,56.7,17.5,10.9,323.1,167.8,25.4,44.4,27.9,187.3,77.4,462.7,1.8,3.7,1.3,218.0,1.6,86.7,7.6,184.3,253.8,1.2,318.9,176.3,4.3,425.3,36.3,120.2,3771.6,2020,5,26,1,2,7546.800000000001,0.9537823556952764,7200.442857142857,6470.550000000001,357164,11.076859694433717,1345376.4319178336,7143.28,71432.8,285731.2,468.3538766217457,0.2123799561530407
Thiruvananthapuram,2020-05-27,4.5998,28.31,87.58,3.2,285.4326782238401,2916.9235397521443,0.2201191109291045,3.1892448036591685,2324,2020-05-27,194.8,1.4,17.8,79.3,5.5,86.7,4.8,110.4,9.2,53.8,17.3,10.8,321.1,168.2,25.6,41.3,24.4,187.0,77.7,460.7,1.8,4.2,1.6,218.3,1.8,88.2,8.2,182.7,260.7,1.2,324.6,176.9,1.9,395.3,35.5,104.6,3705.2999999999993,2020,5,27,2,2,7410.5999999999985,-1.804738432183206,7295.228571428571,6534.8966666666665,735626,10.004468281415733,1042294.7941560324,14712.52,147125.2,588500.8,174.61017455813692,0.5646197589010908
Thiruvananthapuram,2020-05-28,3.8045,27.95,89.27,3.23,370.26235136925806,3788.58341870952,0.2892487116306813,4.893855943973852,2325,2020-05-28,195.4,1.6,23.4,79.0,5.0,90.0,4.6,105.6,9.4,51.7,16.8,10.7,321.5,139.3,24.2,43.3,22.2,192.1,74.3,457.3,2.2,4.8,1.3,210.9,2.1,79.3,7.8,150.3,249.4,1.3,307.0,180.5,3.2,350.0,34.1,89.8,3541.4000000000005,2020,5,28,3,2,7082.800000000001,-4.42339351739397,7329.457142857143,6582.003333333333,331484,8.939252004403679,1208101.9903209938,6629.68,66296.8,265187.2,453.0657250127434,0.21950711332114126
Thiruvananthapuram,2020-05-29,2.3095,27.69,85.26,3.06,478.5977366602617,4896.060546520335,0.3660857445467344,5.9730673078322445,2326,2020-05-29,193.3,1.9,24.0,95.5,4.3,82.5,4.8,88.4,8.9,53.7,17.4,10.9,323.9,109.0,24.7,44.1,23.4,192.8,69.8,462.6,2.5,5.2,1.4,203.7,2.1,73.6,7.8,134.0,250.1,1.2,298.8,182.4,3.2,337.1,33.8,113.9,3483.6000000000004,2020,5,29,4,2,6970.300000000001,-1.5883548878974365,7306.014285714286,6623.58,731831,8.300727220717588,1450038.8800714267,14636.62,146366.2,585464.8,245.17311033411855,0.4037577228366719
Thiruvananthapuram,2020-05-30,5.3287,27.03,86.86,2.78,301.15681564388825,3078.7466348776184,0.2278651475883544,3.790631005788724,2327,2020-05-30,186.4,1.9,25.6,91.0,3.4,74.6,4.8,73.3,9.3,53.2,17.6,10.6,326.5,96.1,19.6,41.8,24.9,183.5,70.5,461.2,2.5,5.4,1.7,206.0,2.0,75.1,8.0,127.5,186.9,1.2,306.6,164.0,3.6,282.0,28.2,129.5,3306.0,2020,5,30,5,2,6612.0,-5.140381332223876,7206.800000000001,6646.9766666666665,260692,8.802629640529707,967604.7478195674,5213.84,52138.4,208553.6,461.4597435956835,0.21553571841626726
Thiruvananthapuram,2020-05-31,5.8915,27.23,88.07,3.94,249.73370133051708,2553.9185660072176,0.1841215946829328,2.860683421839729,2328,2020-05-31,184.1,2.0,25.1,78.0,3.4,74.0,4.4,73.3,9.1,48.3,16.0,9.1,319.2,96.1,19.6,41.8,21.2,168.5,63.5,443.5,2.2,5.5,1.7,204.8,2.2,84.9,7.2,127.5,186.9,0.9,288.5,145.9,4.1,282.0,28.2,120.4,3193.1000000000004,2020,5,31,6,2,6386.200000000001,-3.415003024803376,7069.171428571429,6664.65,420156,6.114720167954851,557373.87055246,8403.12,84031.20000000001,336124.8,163.3234889399592,0.6030497924437087
Thiruvananthapuram,2020-06-01,4.842,27.39,87.07,3.61,241.33120264978788,2466.919523359967,0.1838462953921675,2.8114872508835966,2329,2020-06-01,178.2,1.6,24.2,94.1,3.9,72.7,4.5,74.6,9.2,54.9,15.9,9.1,325.4,109.4,22.7,41.3,20.3,164.5,68.3,388.3,2.5,5.2,1.5,200.7,2.2,80.3,7.7,134.9,197.4,1.2,303.3,138.5,4.4,331.0,29.4,123.1,3246.4,2020,6,1,0,2,6492.8,1.669224264821012,6928.785714285716,6681.33,423992,6.42590874493392,566031.8842194325,8479.84,84798.40000000001,339193.6,164.3757559751813,0.599247162941342
Thiruvananthapuram,2020-06-02,3.4805,27.18,86.73,3.61,310.66454541812976,3176.1546364767623,0.2262529446429115,4.039883290228578,2330,2020-06-02,172.0,2.0,24.8,99.6,4.0,73.7,4.6,81.1,9.2,57.9,17.8,8.2,314.4,119.1,24.3,42.7,23.6,155.9,65.6,374.1,2.4,5.0,1.6,184.4,2.2,75.6,7.7,141.5,201.2,1.3,305.1,140.2,4.4,348.7,33.2,130.9,3255.8,2020,6,2,1,2,6515.799999999999,0.3542385411532622,6781.5,6701.130000000001,716771,5.638151432843342,639324.4194372416,14335.42,143354.2,573416.8,108.99384172860675,0.8969091210306375
Thiruvananthapuram,2020-06-03,5.6506,27.08,86.57,3.5,313.6845465959038,3207.1259654874643,0.2308179878029488,4.137346270936916,2331,2020-06-03,175.3,2.0,23.2,106.7,4.1,76.8,2.8,85.7,7.1,59.6,17.4,7.7,301.9,127.1,24.6,43.3,26.6,144.6,65.6,288.2,2.6,5.2,1.4,182.9,2.3,77.0,7.7,140.0,203.8,1.3,311.9,139.7,4.4,365.4,35.3,138.6,3205.5,2020,6,3,2,2,6415.300000000001,-1.542404616470705,6639.314285714287,6714.986666666667,763044,6.075606267127789,695625.6859777124,15260.880000000001,152608.80000000002,610435.2,111.45569685000348,0.8775327518409178
Thiruvananthapuram,2020-06-04,5.4797,27.64,84.03,3.78,348.81831807760136,3567.7541219780264,0.2645036245518558,4.582115335423527,2332,2020-06-04,174.3,2.0,23.9,100.7,4.1,76.4,4.1,85.1,8.9,59.5,17.7,8.4,298.3,126.0,24.9,44.4,25.0,166.4,66.3,283.6,2.4,5.1,1.7,143.2,2.3,79.6,7.7,146.5,201.2,1.4,319.5,142.8,4.4,342.0,35.1,148.8,3179.4,2020,6,4,3,2,6363.1,-0.8136797967359444,6536.5,6723.79,743176,8.17585544223698,1040939.172635448,14863.52,148635.2,594540.8,172.58288289642155,0.5711575128229935
Thiruvananthapuram,2020-06-05,4.0829,27.77,86.46,4.52,324.3144980561957,3316.573958372721,0.2453064743159736,4.187136047529455,2333,2020-06-05,181.6,1.9,26.0,74.0,3.9,74.9,4.9,81.0,10.0,61.1,17.4,8.8,288.9,121.4,25.3,42.8,24.7,177.3,66.4,335.2,2.5,5.3,1.7,149.8,2.2,84.5,7.6,151.0,198.0,1.4,321.4,149.2,3.2,284.9,32.9,141.3,3164.4,2020,6,5,4,2,6328.799999999999,-0.5390454338294437,6444.857142857143,6731.493333333333,314352,8.712480756097793,1031338.0954819139,6287.04,62870.4,251481.6,407.6047931466611,0.24383987875732588
Thiruvananthapuram,2020-06-06,2.7454,27.43,82.67,4.59,273.06653265259115,2792.8550195045905,0.2092881796340456,3.4253800892322954,2334,2020-06-06,186.6,1.7,24.2,85.3,3.9,76.5,5.1,80.2,10.0,62.3,12.4,8.4,279.5,129.4,24.7,35.0,26.5,175.2,64.2,357.0,2.4,4.5,1.7,162.3,2.1,93.9,7.6,143.4,206.1,1.4,299.3,153.9,4.3,324.9,34.2,157.4,3247.5000000000005,2020,6,6,5,2,6495.000000000001,2.626090254076629,6428.142857142857,6743.356666666668,285999,5.125033247348235,510808.3963826607,5719.9800000000005,57199.8,228799.2,220.75619861549373,0.4479150180483378
Bhopal,2020-05-15,6.2899,35.59,24.96,2.08,281.8991603902216,2879.8562655433675,0.2143210750888085,2.9989196322598706,2312,2020-05-15,181.9,2.0,22.2,100.6,3.4,79.4,4.2,72.0,7.5,49.7,13.9,10.0,306.3,120.4,21.9,43.2,23.2,209.5,71.9,405.5,2.3,5.1,1.6,202.9,2.1,81.2,8.5,121.2,219.7,1.2,303.5,156.8,3.9,339.7,30.1,145.2,3368.9,2020,5,15,4,2,6742.599999999999,1.589549652709743,6476.0,6003.933333333334,217955,10.577584795048192,1088361.4795283678,4359.1,43591.0,174364.0,621.6893278018213,0.16020765441634766
Bhopal,2020-05-16,6.4428,35.42,24.51,2.25,293.8778807796024,3002.1393577453105,0.2121702088962662,3.175236474799966,2313,2020-05-16,185.5,1.9,22.1,101.9,3.5,76.5,4.3,73.3,7.6,53.0,16.2,8.9,306.5,128.5,22.4,43.8,25.9,204.1,71.2,405.1,2.2,5.1,1.5,205.5,2.4,81.3,8.5,129.8,225.2,0.9,296.5,152.8,3.9,350.6,30.5,151.7,3405.6,2020,5,16,5,2,6816.200000000001,1.09156705128588,6511.099999999999,6033.223333333333,270640,7.059175813404345,757205.5042542716,5412.8,54128.0,216512.0,347.22911628652065,0.28593520893382973
Bhopal,2020-05-17,6.9024,35.48,23.73,1.81,312.96183204783614,3200.565600194744,0.238868522489879,3.766244306500447,2314,2020-05-17,177.6,1.9,21.5,101.6,3.4,75.7,3.8,75.7,7.3,51.4,16.3,9.1,299.7,128.2,20.6,43.0,26.3,192.5,63.7,404.9,2.4,4.8,1.5,204.5,2.2,81.3,8.5,135.7,220.8,0.9,277.3,144.2,3.9,361.1,28.0,149.0,3344.7,2020,5,17,6,2,6695.0,-1.77811683929463,6590.5142857142855,6057.35,396582,11.382852244719377,1300275.376739578,7931.64,79316.40000000001,317265.6,407.3381219834669,0.24399858805059454
Bhopal,2020-05-18,6.8906,34.64,21.68,3.55,222.99702127311505,2278.668814254924,0.1590258863064431,2.463815608425709,2315,2020-05-18,174.1,1.9,27.6,105.9,3.8,76.3,4.2,78.7,7.4,52.9,14.9,10.3,303.5,135.5,22.4,43.3,26.9,169.2,63.3,418.3,2.6,5.0,1.5,205.3,2.1,83.4,8.5,142.3,225.6,1.3,270.5,149.5,3.9,367.1,30.6,157.7,3391.9,2020,5,18,0,2,6789.2,1.40702016430172,6685.128571428571,6089.726666666667,600573,11.772578845296444,958216.2555494582,12011.460000000001,120114.6,480458.4,196.93792335599883,0.5014086285938327
Bhopal,2020-05-19,7.783,34.25,18.33,3.21,267.4625583268417,2732.640628746392,0.1974073712280035,3.1133584237305145,2316,2020-05-19,164.7,1.9,30.9,102.2,3.9,76.2,4.4,81.3,7.9,52.7,14.8,10.5,307.0,134.0,23.6,44.2,26.5,174.0,65.6,420.9,2.6,5.2,1.7,208.3,2.1,74.2,8.5,143.6,231.8,1.2,274.7,151.3,3.9,370.6,31.7,148.2,3401.3,2020,5,19,1,2,6808.099999999999,0.2783833146762227,6730.228571428571,6125.856666666668,625695,6.29821212273658,614855.6134397727,12513.9,125139.0,500556.0,120.33453068982745,0.8141020020906568
Bhopal,2020-05-20,8.4502,34.24,10.81,4.84,314.0457938884043,3215.0632596869136,0.2400729240189435,4.604665450162271,2317,2020-05-20,175.5,2.0,28.4,93.3,4.0,74.8,4.4,82.3,8.1,47.3,15.0,10.6,308.6,139.8,23.8,45.3,19.3,188.0,70.1,426.2,2.4,5.0,1.6,203.8,2.2,57.4,8.5,145.4,230.0,1.2,296.7,159.8,3.9,383.2,32.9,75.1,3371.2000000000003,2020,5,20,2,2,6747.1,-0.8959915394897044,6747.9,6159.816666666667,261476,8.234681035359625,943914.4342560647,5229.52,52295.200000000004,209180.8,448.74334272364615,0.22160968282594432
Bhopal,2020-05-21,8.1869,33.98,13.49,3.93,484.4608548279167,4956.921158773319,0.3787740493182112,6.39677026960725,2318,2020-05-21,186.9,2.1,20.2,81.6,4.2,78.0,4.5,84.8,8.2,47.3,16.6,10.6,316.6,142.4,24.3,43.4,17.4,196.5,71.2,434.5,2.8,4.4,1.5,207.2,2.3,70.0,8.5,160.4,233.5,1.1,302.2,166.9,3.9,382.7,33.7,51.5,3419.3,2020,5,21,3,2,6843.2,1.4243156319011074,6777.342857142857,6201.990000000001,506955,5.0086228461649815,885665.8225307578,10139.1,101391.0,405564.0,215.87880643517616,0.4579193774484145
Bhopal,2020-05-22,8.0878,35.11,17.47,4.8,309.5809210920232,3166.017998627707,0.2399508697316888,3.8626216955439454,2319,2020-05-22,192.3,2.0,21.7,92.5,4.5,79.2,4.5,91.7,8.6,52.5,16.3,10.3,317.1,154.5,24.8,44.9,23.5,201.3,72.4,442.1,2.4,4.7,1.7,209.3,2.3,77.2,8.5,168.2,237.2,1.3,306.5,173.3,3.9,402.6,35.2,78.3,3565.1,2020,5,22,4,2,7134.4,4.255319148936176,6833.314285714286,6246.483333333334,367280,9.18829085585699,1038249.6344424315,7345.6,73456.0,293824.0,350.8576680061641,0.28299910469863704
Bhopal,2020-05-23,7.8552,36.32,19.29,4.7,380.9419243993407,3896.9444239727577,0.2933331639016568,4.962811838029397,2320,2020-05-23,195.9,1.5,23.6,98.6,4.6,79.4,4.6,95.2,8.1,54.7,16.5,10.7,315.2,158.0,24.1,41.2,27.3,201.2,74.0,443.5,2.5,5.1,1.4,216.6,2.1,84.5,8.5,171.0,244.1,1.3,311.9,168.1,3.9,417.5,36.1,102.9,3651.1,2020,5,23,5,2,7306.5,2.4122561112357,6903.357142857143,6295.37,795468,9.251145137838698,1286314.3965726453,15909.36,159093.6,636374.4,199.6317005480807,0.4947265668245933
Bhopal,2020-05-24,7.9394,36.51,17.74,4.23,331.3531300728466,3390.319078053461,0.2597622941068829,4.231194467057071,2321,2020-05-24,194.0,1.6,22.9,109.2,4.5,83.8,4.1,98.0,8.7,55.0,17.3,10.0,312.2,154.3,22.4,46.2,27.7,192.6,69.7,447.4,2.4,4.6,1.6,216.2,2.1,85.0,7.6,168.3,245.8,0.9,302.2,172.3,4.3,426.9,34.6,118.4,3674.8,2020,5,24,6,2,7349.6,0.589885718196137,6996.871428571429,6345.823333333334,614568,6.7327796892236265,814288.5828020247,12291.36,122913.6,491654.4,163.12214897334889,0.6037832368040181
Bhopal,2020-05-25,7.8953,36.61,19.38,3.82,374.5515346174102,3834.449084009233,0.29073825950854,5.110555584043095,2322,2020-05-25,191.6,1.5,20.0,105.8,5.0,85.8,4.4,101.5,9.0,55.3,17.3,10.6,319.8,162.7,24.5,47.4,28.3,200.9,75.9,457.9,2.4,4.3,1.7,220.3,2.1,85.8,7.6,175.9,249.6,1.1,306.3,177.1,4.3,426.5,36.1,113.4,3735.8,2020,5,25,0,2,7475.500000000001,1.7130183955589515,7094.914285714285,6401.906666666667,386141,8.908888708082387,1217945.8471320109,7722.82,77228.2,308912.8,391.7684949060094,0.25363405696021935
Bhopal,2020-05-26,7.9562,36.67,16.51,4.26,332.7624370853408,3403.815119968726,0.257447463283904,4.12586275347288,2323,2020-05-26,193.5,1.3,15.7,108.9,5.4,87.1,4.7,106.9,9.3,56.7,17.5,10.9,323.1,167.8,25.4,44.4,27.9,187.3,77.4,462.7,1.8,3.7,1.3,218.0,1.6,86.7,7.6,184.3,253.8,1.2,318.9,176.3,4.3,425.3,36.3,120.2,3771.6,2020,5,26,1,2,7546.800000000001,0.9537823556952764,7200.442857142857,6470.550000000001,738685,6.578780997106148,799047.4871414362,14773.7,147737.0,590948.0,132.71451754493395,0.7395646315708483
Bhopal,2020-05-27,7.7573,36.58,22.67,4.96,285.4326782238401,2916.9235397521443,0.2201191109291045,3.1892448036591685,2324,2020-05-27,194.8,1.4,17.8,79.3,5.5,86.7,4.8,110.4,9.2,53.8,17.3,10.8,321.1,168.2,25.6,41.3,24.4,187.0,77.7,460.7,1.8,4.2,1.6,218.3,1.8,88.2,8.2,182.7,260.7,1.2,324.6,176.9,1.9,395.3,35.5,104.6,3705.2999999999993,2020,5,27,2,2,7410.5999999999985,-1.804738432183206,7295.228571428571,6534.8966666666665,378031,6.12577828354733,638201.5151125988,7560.62,75606.2,302424.8,208.5281680313912,0.473869646136764
Bhopal,2020-05-28,7.6373,36.01,28.65,4.45,370.26235136925806,3788.58341870952,0.2892487116306813,4.893855943973852,2325,2020-05-28,195.4,1.6,23.4,79.0,5.0,90.0,4.6,105.6,9.4,51.7,16.8,10.7,321.5,139.3,24.2,43.3,22.2,192.1,74.3,457.3,2.2,4.8,1.3,210.9,2.1,79.3,7.8,150.3,249.4,1.3,307.0,180.5,3.2,350.0,34.1,89.8,3541.4000000000005,2020,5,28,3,2,7082.800000000001,-4.42339351739397,7329.457142857143,6582.003333333333,319180,9.560636267615852,1292079.4377372833,6383.6,63836.0,255344.0,503.51519430152393,0.1976223712876293
Bhopal,2020-05-29,6.9389,35.87,30.78,3.64,478.5977366602617,4896.060546520335,0.3660857445467344,5.9730673078322445,2326,2020-05-29,193.3,1.9,24.0,95.5,4.3,82.5,4.8,88.4,8.9,53.7,17.4,10.9,323.9,109.0,24.7,44.1,23.4,192.8,69.8,462.6,2.5,5.2,1.4,203.7,2.1,73.6,7.8,134.0,250.1,1.2,298.8,182.4,3.2,337.1,33.8,113.9,3483.6000000000004,2020,5,29,4,2,6970.300000000001,-1.5883548878974365,7306.014285714286,6623.58,266234,7.281478247664524,1271988.1382387069,5324.68,53246.8,212987.2,594.7134185710254,0.167444197121776
Bhopal,2020-05-30,6.81,35.28,32.01,3.49,301.15681564388825,3078.7466348776184,0.2278651475883544,3.790631005788724,2327,2020-05-30,186.4,1.9,25.6,91.0,3.4,74.6,4.8,73.3,9.3,53.2,17.6,10.6,326.5,96.1,19.6,41.8,24.9,183.5,70.5,461.2,2.5,5.4,1.7,206.0,2.0,75.1,8.0,127.5,186.9,1.2,306.6,164.0,3.6,282.0,28.2,129.5,3306.0,2020,5,30,5,2,6612.0,-5.140381332223876,7206.800000000001,6646.9766666666665,764242,9.131847572199357,1003793.1195629595,15284.84,152848.4,611393.6,161.68116243986844,0.6090826675356434
Bhopal,2020-05-31,6.541,34.55,27.76,2.85,249.73370133051708,2553.9185660072176,0.1841215946829328,2.860683421839729,2328,2020-05-31,184.1,2.0,25.1,78.0,3.4,74.0,4.4,73.3,9.1,48.3,16.0,9.1,319.2,96.1,19.6,41.8,21.2,168.5,63.5,443.5,2.2,5.5,1.7,204.8,2.2,84.9,7.2,127.5,186.9,0.9,288.5,145.9,4.1,282.0,28.2,120.4,3193.1000000000004,2020,5,31,6,2,6386.200000000001,-3.415003024803376,7069.171428571429,6664.65,378352,8.032727242801588,732205.5877350117,7567.04,75670.40000000001,302681.6,239.40621026683212,0.4133827871397704
Bhopal,2020-06-01,5.3578,33.67,31.03,1.6,241.33120264978788,2466.919523359967,0.1838462953921675,2.8114872508835966,2329,2020-06-01,178.2,1.6,24.2,94.1,3.9,72.7,4.5,74.6,9.2,54.9,15.9,9.1,325.4,109.4,22.7,41.3,20.3,164.5,68.3,388.3,2.5,5.2,1.5,200.7,2.2,80.3,7.7,134.9,197.4,1.2,303.3,138.5,4.4,331.0,29.4,123.1,3246.4,2020,6,1,0,2,6492.8,1.669224264821012,6928.785714285716,6681.33,279459,11.890459851820328,1047381.7262760687,5589.18,55891.8,223567.2,465.9863102798928,0.21345320520502098
Bhopal,2020-06-02,3.3758,31.05,40.55,1.9,310.66454541812976,3176.1546364767623,0.2262529446429115,4.039883290228578,2330,2020-06-02,172.0,2.0,24.8,99.6,4.0,73.7,4.6,81.1,9.2,57.9,17.8,8.2,314.4,119.1,24.3,42.7,23.6,155.9,65.6,374.1,2.4,5.0,1.6,184.4,2.2,75.6,7.7,141.5,201.2,1.3,305.1,140.2,4.4,348.7,33.2,130.9,3255.8,2020,6,2,1,2,6515.799999999999,0.3542385411532622,6781.5,6701.130000000001,609995,6.0470644986729605,685692.1184119363,12199.9,121999.0,487996.0,138.0118317387717,0.7116828022573678
Bhopal,2020-06-03,3.4874,30.6,41.77,3.89,313.6845465959038,3207.1259654874643,0.2308179878029488,4.137346270936916,2331,2020-06-03,175.3,2.0,23.2,106.7,4.1,76.8,2.8,85.7,7.1,59.6,17.4,7.7,301.9,127.1,24.6,43.3,26.6,144.6,65.6,288.2,2.6,5.2,1.4,182.9,2.3,77.0,7.7,140.0,203.8,1.3,311.9,139.7,4.4,365.4,35.3,138.6,3205.5,2020,6,3,2,2,6415.300000000001,-1.542404616470705,6639.314285714287,6714.986666666667,395004,8.252190176450672,944833.3548819316,7900.08,79000.8,316003.2,296.49486931839033,0.3344535456053441
Bhopal,2020-06-04,1.542,23.41,84.08,5.39,348.81831807760136,3567.7541219780264,0.2645036245518558,4.582115335423527,2332,2020-06-04,174.3,2.0,23.9,100.7,4.1,76.4,4.1,85.1,8.9,59.5,17.7,8.4,298.3,126.0,24.9,44.4,25.0,166.4,66.3,283.6,2.4,5.1,1.7,143.2,2.3,79.6,7.7,146.5,201.2,1.4,319.5,142.8,4.4,342.0,35.1,148.8,3179.4,2020,6,4,3,2,6363.1,-0.8136797967359444,6536.5,6723.79,666152,9.763196384515277,1243037.3357963972,13323.04,133230.4,532921.6,230.74956912919222,0.42872499154144317
Bhopal,2020-06-05,6.3382,25.87,70.38,2.51,324.3144980561957,3316.573958372721,0.2453064743159736,4.187136047529455,2333,2020-06-05,181.6,1.9,26.0,74.0,3.9,74.9,4.9,81.0,10.0,61.1,17.4,8.8,288.9,121.4,25.3,42.8,24.7,177.3,66.4,335.2,2.5,5.3,1.7,149.8,2.2,84.5,7.6,151.0,198.0,1.4,321.4,149.2,3.2,284.9,32.9,141.3,3164.4,2020,6,5,4,2,6328.799999999999,-0.5390454338294437,6444.857142857143,6731.493333333333,259163,7.76881558715978,919631.9275889188,5183.26,51832.600000000006,207330.4,441.058652078479,0.2254490827591135
Bhopal,2020-06-06,6.1786,27.19,71.65,2.69,273.06653265259115,2792.8550195045905,0.2092881796340456,3.4253800892322954,2334,2020-06-06,186.6,1.7,24.2,85.3,3.9,76.5,5.1,80.2,10.0,62.3,12.4,8.4,279.5,129.4,24.7,35.0,26.5,175.2,64.2,357.0,2.4,4.5,1.7,162.3,2.1,93.9,7.6,143.4,206.1,1.4,299.3,153.9,4.3,324.9,34.2,157.4,3247.5000000000005,2020,6,6,5,2,6495.000000000001,2.626090254076629,6428.142857142857,6743.356666666668,675853,11.82289896309483,1178379.8794002903,13517.06,135170.6,540682.4,215.44308070695294,0.45883500780763503
Imphal,2020-05-15,5.1218,24.14,72.54,0.56,281.8991603902216,2879.8562655433675,0.2143210750888085,2.9989196322598706,2312,2020-05-15,181.9,2.0,22.2,100.6,3.4,79.4,4.2,72.0,7.5,49.7,13.9,10.0,306.3,120.4,21.9,43.2,23.2,209.5,71.9,405.5,2.3,5.1,1.6,202.9,2.1,81.2,8.5,121.2,219.7,1.2,303.5,156.8,3.9,339.7,30.1,145.2,3368.9,2020,5,15,4,2,6742.599999999999,1.589549652709743,6476.0,6003.933333333334,251934,10.053213395488545,1034407.2316253615,5038.68,50386.8,201547.2,510.73324344141787,0.1948429970276916
Imphal,2020-05-16,3.7337,24.3,74.71,0.63,293.8778807796024,3002.1393577453105,0.2121702088962662,3.175236474799966,2313,2020-05-16,185.5,1.9,22.1,101.9,3.5,76.5,4.3,73.3,7.6,53.0,16.2,8.9,306.5,128.5,22.4,43.8,25.9,204.1,71.2,405.1,2.2,5.1,1.5,205.5,2.4,81.3,8.5,129.8,225.2,0.9,296.5,152.8,3.9,350.6,30.5,151.7,3405.6,2020,5,16,5,2,6816.200000000001,1.09156705128588,6511.099999999999,6033.223333333333,625523,9.598887002951452,1029628.7081486383,12510.460000000001,125104.6,500418.4,203.25356704482456,0.4860178334401353
Imphal,2020-05-17,6.1118,24.68,67.2,0.65,312.96183204783614,3200.565600194744,0.238868522489879,3.766244306500447,2314,2020-05-17,177.6,1.9,21.5,101.6,3.4,75.7,3.8,75.7,7.3,51.4,16.3,9.1,299.7,128.2,20.6,43.0,26.3,192.5,63.7,404.9,2.4,4.8,1.5,204.5,2.2,81.3,8.5,135.7,220.8,0.9,277.3,144.2,3.9,361.1,28.0,149.0,3344.7,2020,5,17,6,2,6695.0,-1.77811683929463,6590.5142857142855,6057.35,654137,10.299414873278563,1176513.1679331267,13082.74,130827.40000000001,523309.6,222.32162909549658,0.4447966835106953
Imphal,2020-05-18,7.1748,26.05,63.97,0.46,222.99702127311505,2278.668814254924,0.1590258863064431,2.463815608425709,2315,2020-05-18,174.1,1.9,27.6,105.9,3.8,76.3,4.2,78.7,7.4,52.9,14.9,10.3,303.5,135.5,22.4,43.3,26.9,169.2,63.3,418.3,2.6,5.0,1.5,205.3,2.1,83.4,8.5,142.3,225.6,1.3,270.5,149.5,3.9,367.1,30.6,157.7,3391.9,2020,5,18,0,2,6789.2,1.40702016430172,6685.128571428571,6089.726666666667,205486,11.668540466271018,949748.1648028833,4109.72,41097.200000000004,164388.8,575.2450561126326,0.17308654336549822
Imphal,2020-05-19,3.431,25.05,71.78,0.4,267.4625583268417,2732.640628746392,0.1974073712280035,3.1133584237305145,2316,2020-05-19,164.7,1.9,30.9,102.2,3.9,76.2,4.4,81.3,7.9,52.7,14.8,10.5,307.0,134.0,23.6,44.2,26.5,174.0,65.6,420.9,2.6,5.2,1.7,208.3,2.1,74.2,8.5,143.6,231.8,1.2,274.7,151.3,3.9,370.6,31.7,148.2,3401.3,2020,5,19,1,2,6808.099999999999,0.2783833146762227,6730.228571428571,6125.856666666668,339407,11.354730570892482,1108492.3299750595,6788.14,67881.40000000001,271525.6,405.7459738511063,0.24495014327791143
Imphal,2020-05-20,3.6036,25.04,75.74,0.54,314.0457938884043,3215.0632596869136,0.2400729240189435,4.604665450162271,2317,2020-05-20,175.5,2.0,28.4,93.3,4.0,74.8,4.4,82.3,8.1,47.3,15.0,10.6,308.6,139.8,23.8,45.3,19.3,188.0,70.1,426.2,2.4,5.0,1.6,203.8,2.2,57.4,8.5,145.4,230.0,1.2,296.7,159.8,3.9,383.2,32.9,75.1,3371.2000000000003,2020,5,20,2,2,6747.1,-0.8959915394897044,6747.9,6159.816666666667,420184,10.069997156884885,1154290.6918295792,8403.68,84036.8,336147.2,340.8884595289145,0.2912151255868427
Imphal,2020-05-21,3.1078,25.17,76.83,0.7,484.4608548279167,4956.921158773319,0.3787740493182112,6.39677026960725,2318,2020-05-21,186.9,2.1,20.2,81.6,4.2,78.0,4.5,84.8,8.2,47.3,16.6,10.6,316.6,142.4,24.3,43.4,17.4,196.5,71.2,434.5,2.8,4.4,1.5,207.2,2.3,70.0,8.5,160.4,233.5,1.1,302.2,166.9,3.9,382.7,33.7,51.5,3419.3,2020,5,21,3,2,6843.2,1.4243156319011074,6777.342857142857,6201.990000000001,549652,10.244131473708983,1811451.4521137562,10993.04,109930.40000000001,439721.6,409.45416648028123,0.24274531715524497
Imphal,2020-05-22,3.8712,24.85,75.46,0.49,309.5809210920232,3166.017998627707,0.2399508697316888,3.8626216955439454,2319,2020-05-22,192.3,2.0,21.7,92.5,4.5,79.2,4.5,91.7,8.6,52.5,16.3,10.3,317.1,154.5,24.8,44.9,23.5,201.3,72.4,442.1,2.4,4.7,1.7,209.3,2.3,77.2,8.5,168.2,237.2,1.3,306.5,173.3,3.9,402.6,35.2,78.3,3565.1,2020,5,22,4,2,7134.4,4.255319148936176,6833.314285714286,6246.483333333334,522710,6.021454518246018,680406.5141663993,10454.2,104542.0,418168.0,160.2112821082434,0.6145846294956313
Imphal,2020-05-23,5.5258,24.47,78.66,0.68,380.9419243993407,3896.9444239727577,0.2933331639016568,4.962811838029397,2320,2020-05-23,195.9,1.5,23.6,98.6,4.6,79.4,4.6,95.2,8.1,54.7,16.5,10.7,315.2,158.0,24.1,41.2,27.3,201.2,74.0,443.5,2.5,5.1,1.4,216.6,2.1,84.5,8.5,171.0,244.1,1.3,311.9,168.1,3.9,417.5,36.1,102.9,3651.1,2020,5,23,5,2,7306.5,2.4122561112357,6903.357142857143,6295.37,397775,5.7195468314486595,795267.5394824344,7955.5,79555.0,318220.0,247.41123734599788,0.4001415675352875
Imphal,2020-05-24,5.5807,24.4,81.05,0.71,331.3531300728466,3390.319078053461,0.2597622941068829,4.231194467057071,2321,2020-05-24,194.0,1.6,22.9,109.2,4.5,83.8,4.1,98.0,8.7,55.0,17.3,10.0,312.2,154.3,22.4,46.2,27.7,192.6,69.7,447.4,2.4,4.6,1.6,216.2,2.1,85.0,7.6,168.3,245.8,0.9,302.2,172.3,4.3,426.9,34.6,118.4,3674.8,2020,5,24,6,2,7349.6,0.589885718196137,6996.871428571429,6345.823333333334,489336,8.996331512909151,1088051.3511810338,9786.72,97867.20000000001,391468.8,275.44075828802545,0.35978857044431506
Imphal,2020-05-25,3.4524,24.03,81.25,0.81,374.5515346174102,3834.449084009233,0.29073825950854,5.110555584043095,2322,2020-05-25,191.6,1.5,20.0,105.8,5.0,85.8,4.4,101.5,9.0,55.3,17.3,10.6,319.8,162.7,24.5,47.4,28.3,200.9,75.9,457.9,2.4,4.3,1.7,220.3,2.1,85.8,7.6,175.9,249.6,1.1,306.3,177.1,4.3,426.5,36.1,113.4,3735.8,2020,5,25,0,2,7475.500000000001,1.7130183955589515,7094.914285714285,6401.906666666667,289780,5.12857345858378,701133.996648396,5795.6,57956.0,231824.0,299.9423686280955,0.33064103362145353
Imphal,2020-05-26,4.3668,22.86,83.28,0.78,332.7624370853408,3403.815119968726,0.257447463283904,4.12586275347288,2323,2020-05-26,193.5,1.3,15.7,108.9,5.4,87.1,4.7,106.9,9.3,56.7,17.5,10.9,323.1,167.8,25.4,44.4,27.9,187.3,77.4,462.7,1.8,3.7,1.3,218.0,1.6,86.7,7.6,184.3,253.8,1.2,318.9,176.3,4.3,425.3,36.3,120.2,3771.6,2020,5,26,1,2,7546.800000000001,0.9537823556952764,7200.442857142857,6470.550000000001,352617,8.376494670861142,1017394.715031465,7052.34,70523.40000000001,282093.6,358.1585597941482,0.27727028513313096
Imphal,2020-05-27,1.7026,22.15,82.03,0.58,285.4326782238401,2916.9235397521443,0.2201191109291045,3.1892448036591685,2324,2020-05-27,194.8,1.4,17.8,79.3,5.5,86.7,4.8,110.4,9.2,53.8,17.3,10.8,321.1,168.2,25.6,41.3,24.4,187.0,77.7,460.7,1.8,4.2,1.6,218.3,1.8,88.2,8.2,182.7,260.7,1.2,324.6,176.9,1.9,395.3,35.5,104.6,3705.2999999999993,2020,5,27,2,2,7410.5999999999985,-1.804738432183206,7295.228571428571,6534.8966666666665,745977,6.47244705943208,674318.4830750368,14919.54,149195.4,596781.6,110.49250564612527,0.8850131354332994
Imphal,2020-05-28,4.441,20.92,86.98,0.58,370.26235136925806,3788.58341870952,0.2892487116306813,4.893855943973852,2325,2020-05-28,195.4,1.6,23.4,79.0,5.0,90.0,4.6,105.6,9.4,51.7,16.8,10.7,321.5,139.3,24.2,43.3,22.2,192.1,74.3,457.3,2.2,4.8,1.3,210.9,2.1,79.3,7.8,150.3,249.4,1.3,307.0,180.5,3.2,350.0,34.1,89.8,3541.4000000000005,2020,5,28,3,2,7082.800000000001,-4.42339351739397,7329.457142857143,6582.003333333333,550605,7.422115973513877,1003067.4910583311,11012.1,110121.0,440484.0,225.2193929991398,0.4391365135348317
Imphal,2020-05-29,2.8709,21.2,83.18,0.48,478.5977366602617,4896.060546520335,0.3660857445467344,5.9730673078322445,2326,2020-05-29,193.3,1.9,24.0,95.5,4.3,82.5,4.8,88.4,8.9,53.7,17.4,10.9,323.9,109.0,24.7,44.1,23.4,192.8,69.8,462.6,2.5,5.2,1.4,203.7,2.1,73.6,7.8,134.0,250.1,1.2,298.8,182.4,3.2,337.1,33.8,113.9,3483.6000000000004,2020,5,29,4,2,6970.300000000001,-1.5883548878974365,7306.014285714286,6623.58,733636,10.430633150550692,1822108.2574922754,14672.720000000001,146727.2,586908.8,307.9585001097743,0.32210406570665706
Imphal,2020-05-30,3.3924,22.85,74.8,0.47,301.15681564388825,3078.7466348776184,0.2278651475883544,3.790631005788724,2327,2020-05-30,186.4,1.9,25.6,91.0,3.4,74.6,4.8,73.3,9.3,53.2,17.6,10.6,326.5,96.1,19.6,41.8,24.9,183.5,70.5,461.2,2.5,5.4,1.7,206.0,2.0,75.1,8.0,127.5,186.9,1.2,306.6,164.0,3.6,282.0,28.2,129.5,3306.0,2020,5,30,5,2,6612.0,-5.140381332223876,7206.800000000001,6646.9766666666665,238102,11.588662529626706,1273851.7173228194,4762.04,47620.4,190481.6,666.2531590047644,0.14953188654362168
Imphal,2020-05-31,3.8885,22.89,81.31,0.53,249.73370133051708,2553.9185660072176,0.1841215946829328,2.860683421839729,2328,2020-05-31,184.1,2.0,25.1,78.0,3.4,74.0,4.4,73.3,9.1,48.3,16.0,9.1,319.2,96.1,19.6,41.8,21.2,168.5,63.5,443.5,2.2,5.5,1.7,204.8,2.2,84.9,7.2,127.5,186.9,0.9,288.5,145.9,4.1,282.0,28.2,120.4,3193.1000000000004,2020,5,31,6,2,6386.200000000001,-3.415003024803376,7069.171428571429,6664.65,274460,5.5069139050243905,501970.6272297349,5489.2,54892.0,219568.0,226.1173883397102,0.43741117642792865
Imphal,2020-06-01,2.6736,22.33,86.22,0.62,241.33120264978788,2466.919523359967,0.1838462953921675,2.8114872508835966,2329,2020-06-01,178.2,1.6,24.2,94.1,3.9,72.7,4.5,74.6,9.2,54.9,15.9,9.1,325.4,109.4,22.7,41.3,20.3,164.5,68.3,388.3,2.5,5.2,1.5,200.7,2.2,80.3,7.7,134.9,197.4,1.2,303.3,138.5,4.4,331.0,29.4,123.1,3246.4,2020,6,1,0,2,6492.8,1.669224264821012,6928.785714285716,6681.33,564778,8.739695441835115,769843.8422963923,11295.56,112955.6,451822.4,167.88638241406187,0.5869006001939897
Imphal,2020-06-02,3.203,22.0,89.69,0.72,310.66454541812976,3176.1546364767623,0.2262529446429115,4.039883290228578,2330,2020-06-02,172.0,2.0,24.8,99.6,4.0,73.7,4.6,81.1,9.2,57.9,17.8,8.2,314.4,119.1,24.3,42.7,23.6,155.9,65.6,374.1,2.4,5.0,1.6,184.4,2.2,75.6,7.7,141.5,201.2,1.3,305.1,140.2,4.4,348.7,33.2,130.9,3255.8,2020,6,2,1,2,6515.799999999999,0.3542385411532622,6781.5,6701.130000000001,289930,11.1777344007372,1267471.908389509,5798.6,57986.0,231944.0,543.9560016165578,0.18299720527732255
Imphal,2020-06-03,3.9967,21.22,87.95,0.52,313.6845465959038,3207.1259654874643,0.2308179878029488,4.137346270936916,2331,2020-06-03,175.3,2.0,23.2,106.7,4.1,76.8,2.8,85.7,7.1,59.6,17.4,7.7,301.9,127.1,24.6,43.3,26.6,144.6,65.6,288.2,2.6,5.2,1.4,182.9,2.3,77.0,7.7,140.0,203.8,1.3,311.9,139.7,4.4,365.4,35.3,138.6,3205.5,2020,6,3,2,2,6415.300000000001,-1.542404616470705,6639.314285714287,6714.986666666667,731089,5.577559741082949,638601.9189500075,14621.78,146217.80000000002,584871.2,106.68676093984581,0.9158605177715858
Imphal,2020-06-04,1.5209,21.67,86.36,0.56,348.81831807760136,3567.7541219780264,0.2645036245518558,4.582115335423527,2332,2020-06-04,174.3,2.0,23.9,100.7,4.1,76.4,4.1,85.1,8.9,59.5,17.7,8.4,298.3,126.0,24.9,44.4,25.0,166.4,66.3,283.6,2.4,5.1,1.7,143.2,2.3,79.6,7.7,146.5,201.2,1.4,319.5,142.8,4.4,342.0,35.1,148.8,3179.4,2020,6,4,3,2,6363.1,-0.8136797967359444,6536.5,6723.79,379208,10.771598328277836,1371425.7463352426,7584.16,75841.6,303366.4,449.569097413307,0.22120496104561366
Imphal,2020-06-05,4.8955,22.64,85.11,0.5,324.3144980561957,3316.573958372721,0.2453064743159736,4.187136047529455,2333,2020-06-05,181.6,1.9,26.0,74.0,3.9,74.9,4.9,81.0,10.0,61.1,17.4,8.8,288.9,121.4,25.3,42.8,24.7,177.3,66.4,335.2,2.5,5.3,1.7,149.8,2.2,84.5,7.6,151.0,198.0,1.4,321.4,149.2,3.2,284.9,32.9,141.3,3164.4,2020,6,5,4,2,6328.799999999999,-0.5390454338294437,6444.857142857143,6731.493333333333,354697,7.504609456497899,888356.581882042,7093.9400000000005,70939.40000000001,283757.6,310.5688241943272,0.3194182227823637
Imphal,2020-06-06,2.4797,22.0,89.61,0.5,273.06653265259115,2792.8550195045905,0.2092881796340456,3.4253800892322954,2334,2020-06-06,186.6,1.7,24.2,85.3,3.9,76.5,5.1,80.2,10.0,62.3,12.4,8.4,279.5,129.4,24.7,35.0,26.5,175.2,64.2,357.0,2.4,4.5,1.7,162.3,2.1,93.9,7.6,143.4,206.1,1.4,299.3,153.9,4.3,324.9,34.2,157.4,3247.5000000000005,2020,6,6,5,2,6495.000000000001,2.626090254076629,6428.142857142857,6743.356666666668,413945,7.254662915535347,723067.0614866298,8278.9,82789.0,331156.0,215.84635684892612,0.4579873149411999
Shillong,2020-05-15,5.1461,20.7,82.94,1.24,281.8991603902216,2879.8562655433675,0.2143210750888085,2.9989196322598706,2312,2020-05-15,181.9,2.0,22.2,100.6,3.4,79.4,4.2,72.0,7.5,49.7,13.9,10.0,306.3,120.4,21.9,43.2,23.2,209.5,71.9,405.5,2.3,5.1,1.6,202.9,2.1,81.2,8.5,121.2,219.7,1.2,303.5,156.8,3.9,339.7,30.1,145.2,3368.9,2020,5,15,4,2,6742.599999999999,1.589549652709743,6476.0,6003.933333333334,431915,11.842264704203501,1218488.4341903087,8638.3,86383.0,345532.0,350.14127032816316,0.28357406334804
Shillong,2020-05-16,4.0966,20.41,88.96,1.53,293.8778807796024,3002.1393577453105,0.2121702088962662,3.175236474799966,2313,2020-05-16,185.5,1.9,22.1,101.9,3.5,76.5,4.3,73.3,7.6,53.0,16.2,8.9,306.5,128.5,22.4,43.8,25.9,204.1,71.2,405.1,2.2,5.1,1.5,205.5,2.4,81.3,8.5,129.8,225.2,0.9,296.5,152.8,3.9,350.6,30.5,151.7,3405.6,2020,5,16,5,2,6816.200000000001,1.09156705128588,6511.099999999999,6033.223333333333,408124,6.406013629036059,687143.783984424,8162.4800000000005,81624.8,326499.2,207.958029907707,0.47515342852024184
Shillong,2020-05-17,5.9947,21.91,72.75,1.05,312.96183204783614,3200.565600194744,0.238868522489879,3.766244306500447,2314,2020-05-17,177.6,1.9,21.5,101.6,3.4,75.7,3.8,75.7,7.3,51.4,16.3,9.1,299.7,128.2,20.6,43.0,26.3,192.5,63.7,404.9,2.4,4.8,1.5,204.5,2.2,81.3,8.5,135.7,220.8,0.9,277.3,144.2,3.9,361.1,28.0,149.0,3344.7,2020,5,17,6,2,6695.0,-1.77811683929463,6590.5142857142855,6057.35,637477,9.852357585758767,1125445.3362107528,12749.54,127495.40000000001,509981.6,218.18351803491595,0.45313719863094387
Shillong,2020-05-18,5.8195,22.0,76.61,0.98,222.99702127311505,2278.668814254924,0.1590258863064431,2.463815608425709,2315,2020-05-18,174.1,1.9,27.6,105.9,3.8,76.3,4.2,78.7,7.4,52.9,14.9,10.3,303.5,135.5,22.4,43.3,26.9,169.2,63.3,418.3,2.6,5.0,1.5,205.3,2.1,83.4,8.5,142.3,225.6,1.3,270.5,149.5,3.9,367.1,30.6,157.7,3391.9,2020,5,18,0,2,6789.2,1.40702016430172,6685.128571428571,6089.726666666667,725830,10.750085096069064,874991.4885224071,14516.6,145166.0,580664.0,148.18808958750796,0.6636216968908644
Shillong,2020-05-19,3.4922,20.38,78.93,0.91,267.4625583268417,2732.640628746392,0.1974073712280035,3.1133584237305145,2316,2020-05-19,164.7,1.9,30.9,102.2,3.9,76.2,4.4,81.3,7.9,52.7,14.8,10.5,307.0,134.0,23.6,44.2,26.5,174.0,65.6,420.9,2.6,5.2,1.7,208.3,2.1,74.2,8.5,143.6,231.8,1.2,274.7,151.3,3.9,370.6,31.7,148.2,3401.3,2020,5,19,1,2,6808.099999999999,0.2783833146762227,6730.228571428571,6125.856666666668,483821,5.288284466954901,516262.60383252753,9676.42,96764.20000000001,387056.8,130.88161319799255,0.749727071842079
Shillong,2020-05-20,2.543,20.56,85.68,1.87,314.0457938884043,3215.0632596869136,0.2400729240189435,4.604665450162271,2317,2020-05-20,175.5,2.0,28.4,93.3,4.0,74.8,4.4,82.3,8.1,47.3,15.0,10.6,308.6,139.8,23.8,45.3,19.3,188.0,70.1,426.2,2.4,5.0,1.6,203.8,2.2,57.4,8.5,145.4,230.0,1.2,296.7,159.8,3.9,383.2,32.9,75.1,3371.2000000000003,2020,5,20,2,2,6747.1,-0.8959915394897044,6747.9,6159.816666666667,377804,9.692698208480886,1111042.1528881295,7556.08,75560.8,302243.2,365.0987260881732,0.2720355183453732
Shillong,2020-05-21,1.3682,20.24,95.35,3.48,484.4608548279167,4956.921158773319,0.3787740493182112,6.39677026960725,2318,2020-05-21,186.9,2.1,20.2,81.6,4.2,78.0,4.5,84.8,8.2,47.3,16.6,10.6,316.6,142.4,24.3,43.4,17.4,196.5,71.2,434.5,2.8,4.4,1.5,207.2,2.3,70.0,8.5,160.4,233.5,1.1,302.2,166.9,3.9,382.7,33.7,51.5,3419.3,2020,5,21,3,2,6843.2,1.4243156319011074,6777.342857142857,6201.990000000001,239081,11.66084982048729,2061967.2242994292,4781.62,47816.200000000004,191264.8,1075.5693699517262,0.09275836443356628
Shillong,2020-05-22,1.6322,20.48,94.63,2.92,309.5809210920232,3166.017998627707,0.2399508697316888,3.8626216955439454,2319,2020-05-22,192.3,2.0,21.7,92.5,4.5,79.2,4.5,91.7,8.6,52.5,16.3,10.3,317.1,154.5,24.8,44.9,23.5,201.3,72.4,442.1,2.4,4.7,1.7,209.3,2.3,77.2,8.5,168.2,237.2,1.3,306.5,173.3,3.9,402.6,35.2,78.3,3565.1,2020,5,22,4,2,7134.4,4.255319148936176,6833.314285714286,6246.483333333334,555249,5.869539767096415,663240.5975316481,11104.98,111049.8,444199.2,146.81152454386412,0.6697396569412309
Shillong,2020-05-23,4.3042,21.27,91.69,2.24,380.9419243993407,3896.9444239727577,0.2933331639016568,4.962811838029397,2320,2020-05-23,195.9,1.5,23.6,98.6,4.6,79.4,4.6,95.2,8.1,54.7,16.5,10.7,315.2,158.0,24.1,41.2,27.3,201.2,74.0,443.5,2.5,5.1,1.4,216.6,2.1,84.5,8.5,171.0,244.1,1.3,311.9,168.1,3.9,417.5,36.1,102.9,3651.1,2020,5,23,5,2,7306.5,2.4122561112357,6903.357142857143,6295.37,419930,11.273549118795268,1567517.1360853915,8398.6,83986.0,335944.0,464.1007239555972,0.21431586165820238
Shillong,2020-05-24,2.5241,21.88,93.52,3.57,331.3531300728466,3390.319078053461,0.2597622941068829,4.231194467057071,2321,2020-05-24,194.0,1.6,22.9,109.2,4.5,83.8,4.1,98.0,8.7,55.0,17.3,10.0,312.2,154.3,22.4,46.2,27.7,192.6,69.7,447.4,2.4,4.6,1.6,216.2,2.1,85.0,7.6,168.3,245.8,0.9,302.2,172.3,4.3,426.9,34.6,118.4,3674.8,2020,5,24,6,2,7349.6,0.589885718196137,6996.871428571429,6345.823333333334,717313,9.163436461638552,1108261.6741324684,14346.26,143462.6,573850.4,190.6272809311396,0.5177927700661773
Shillong,2020-05-25,2.6666,21.75,94.18,4.41,374.5515346174102,3834.449084009233,0.29073825950854,5.110555584043095,2322,2020-05-25,191.6,1.5,20.0,105.8,5.0,85.8,4.4,101.5,9.0,55.3,17.3,10.6,319.8,162.7,24.5,47.4,28.3,200.9,75.9,457.9,2.4,4.3,1.7,220.3,2.1,85.8,7.6,175.9,249.6,1.1,306.3,177.1,4.3,426.5,36.1,113.4,3735.8,2020,5,25,0,2,7475.500000000001,1.7130183955589515,7094.914285714285,6401.906666666667,414532,9.316232073037318,1273634.2922299434,8290.64,82906.40000000001,331625.6,381.5578930667426,0.26037720689992305
Shillong,2020-05-26,2.9374,21.21,94.38,4.4,332.7624370853408,3403.815119968726,0.257447463283904,4.12586275347288,2323,2020-05-26,193.5,1.3,15.7,108.9,5.4,87.1,4.7,106.9,9.3,56.7,17.5,10.9,323.1,167.8,25.4,44.4,27.9,187.3,77.4,462.7,1.8,3.7,1.3,218.0,1.6,86.7,7.6,184.3,253.8,1.2,318.9,176.3,4.3,425.3,36.3,120.2,3771.6,2020,5,26,1,2,7546.800000000001,0.9537823556952764,7200.442857142857,6470.550000000001,719332,9.290609224059242,1128421.5051030077,14386.64,143866.4,575465.6,193.58843779767335,0.509973522681089
Shillong,2020-05-27,3.9221,20.82,92.38,2.61,285.4326782238401,2916.9235397521443,0.2201191109291045,3.1892448036591685,2324,2020-05-27,194.8,1.4,17.8,79.3,5.5,86.7,4.8,110.4,9.2,53.8,17.3,10.8,321.1,168.2,25.6,41.3,24.4,187.0,77.7,460.7,1.8,4.2,1.6,218.3,1.8,88.2,8.2,182.7,260.7,1.2,324.6,176.9,1.9,395.3,35.5,104.6,3705.2999999999993,2020,5,27,2,2,7410.5999999999985,-1.804738432183206,7295.228571428571,6534.8966666666665,516837,7.0918512043611965,738849.8202314107,10336.74,103367.40000000001,413469.6,176.19507703381595,0.5596117493251207
Shillong,2020-05-28,5.7739,20.54,89.49,0.98,370.26235136925806,3788.58341870952,0.2892487116306813,4.893855943973852,2325,2020-05-28,195.4,1.6,23.4,79.0,5.0,90.0,4.6,105.6,9.4,51.7,16.8,10.7,321.5,139.3,24.2,43.3,22.2,192.1,74.3,457.3,2.2,4.8,1.3,210.9,2.1,79.3,7.8,150.3,249.4,1.3,307.0,180.5,3.2,350.0,34.1,89.8,3541.4000000000005,2020,5,28,3,2,7082.800000000001,-4.42339351739397,7329.457142857143,6582.003333333333,489106,11.546412707096218,1560448.7003654041,9782.12,97821.20000000001,391284.8,396.30125687616896,0.2507513057988184
Shillong,2020-05-29,5.6978,19.99,88.5,1.06,478.5977366602617,4896.060546520335,0.3660857445467344,5.9730673078322445,2326,2020-05-29,193.3,1.9,24.0,95.5,4.3,82.5,4.8,88.4,8.9,53.7,17.4,10.9,323.9,109.0,24.7,44.1,23.4,192.8,69.8,462.6,2.5,5.2,1.4,203.7,2.1,73.6,7.8,134.0,250.1,1.2,298.8,182.4,3.2,337.1,33.8,113.9,3483.6000000000004,2020,5,29,4,2,6970.300000000001,-1.5883548878974365,7306.014285714286,6623.58,228295,11.631453238417272,2031877.3258013048,4565.900000000001,45659.0,182636.0,1110.0283765529823,0.0898853035050583
Shillong,2020-05-30,4.213,19.91,86.72,1.08,301.15681564388825,3078.7466348776184,0.2278651475883544,3.790631005788724,2327,2020-05-30,186.4,1.9,25.6,91.0,3.4,74.6,4.8,73.3,9.3,53.2,17.6,10.6,326.5,96.1,19.6,41.8,24.9,183.5,70.5,461.2,2.5,5.4,1.7,206.0,2.0,75.1,8.0,127.5,186.9,1.2,306.6,164.0,3.6,282.0,28.2,129.5,3306.0,2020,5,30,5,2,6612.0,-5.140381332223876,7206.800000000001,6646.9766666666665,213807,9.377132621497635,1030755.4010586386,4276.14,42761.4,171045.6,600.1202375615851,0.16594182662783136
Shillong,2020-05-31,4.0889,20.39,87.38,1.03,249.73370133051708,2553.9185660072176,0.1841215946829328,2.860683421839729,2328,2020-05-31,184.1,2.0,25.1,78.0,3.4,74.0,4.4,73.3,9.1,48.3,16.0,9.1,319.2,96.1,19.6,41.8,21.2,168.5,63.5,443.5,2.2,5.5,1.7,204.8,2.2,84.9,7.2,127.5,186.9,0.9,288.5,145.9,4.1,282.0,28.2,120.4,3193.1000000000004,2020,5,31,6,2,6386.200000000001,-3.415003024803376,7069.171428571429,6664.65,635564,10.483959081591303,955642.235705872,12711.28,127112.8,508451.2,185.45161378434585,0.5320512729046211
Shillong,2020-06-01,3.9214,20.47,91.67,2.11,241.33120264978788,2466.919523359967,0.1838462953921675,2.8114872508835966,2329,2020-06-01,178.2,1.6,24.2,94.1,3.9,72.7,4.5,74.6,9.2,54.9,15.9,9.1,325.4,109.4,22.7,41.3,20.3,164.5,68.3,388.3,2.5,5.2,1.5,200.7,2.2,80.3,7.7,134.9,197.4,1.2,303.3,138.5,4.4,331.0,29.4,123.1,3246.4,2020,6,1,0,2,6492.8,1.669224264821012,6928.785714285716,6681.33,357504,9.285805901168107,817948.4675810097,7150.08,71500.8,286003.2,283.49276776658786,0.349658764184811
Shillong,2020-06-02,6.4716,20.65,93.46,2.42,310.66454541812976,3176.1546364767623,0.2262529446429115,4.039883290228578,2330,2020-06-02,172.0,2.0,24.8,99.6,4.0,73.7,4.6,81.1,9.2,57.9,17.8,8.2,314.4,119.1,24.3,42.7,23.6,155.9,65.6,374.1,2.4,5.0,1.6,184.4,2.2,75.6,7.7,141.5,201.2,1.3,305.1,140.2,4.4,348.7,33.2,130.9,3255.8,2020,6,2,1,2,6515.799999999999,0.3542385411532622,6781.5,6701.130000000001,438067,8.390789133018284,951453.0524736056,8761.34,87613.40000000001,350453.6,268.99187580712703,0.3683347599275919
Shillong,2020-06-03,4.4599,20.04,94.32,2.63,313.6845465959038,3207.1259654874643,0.2308179878029488,4.137346270936916,2331,2020-06-03,175.3,2.0,23.2,106.7,4.1,76.8,2.8,85.7,7.1,59.6,17.4,7.7,301.9,127.1,24.6,43.3,26.6,144.6,65.6,288.2,2.6,5.2,1.4,182.9,2.3,77.0,7.7,140.0,203.8,1.3,311.9,139.7,4.4,365.4,35.3,138.6,3205.5,2020,6,3,2,2,6415.300000000001,-1.542404616470705,6639.314285714287,6714.986666666667,685008,9.625740828094756,1102097.8437683627,13700.16,137001.6,548006.4,198.61039647864746,0.4972388847866164
Shillong,2020-06-04,4.7191,20.19,94.24,2.17,348.81831807760136,3567.7541219780264,0.2645036245518558,4.582115335423527,2332,2020-06-04,174.3,2.0,23.9,100.7,4.1,76.4,4.1,85.1,8.9,59.5,17.7,8.4,298.3,126.0,24.9,44.4,25.0,166.4,66.3,283.6,2.4,5.1,1.7,143.2,2.3,79.6,7.7,146.5,201.2,1.4,319.5,142.8,4.4,342.0,35.1,148.8,3179.4,2020,6,4,3,2,6363.1,-0.8136797967359444,6536.5,6723.79,594540,8.871010168143709,1129445.3589729336,11890.800000000001,118908.0,475632.0,234.96202084235995,0.42111960096318146
Shillong,2020-06-05,4.4122,21.19,92.86,1.95,324.3144980561957,3316.573958372721,0.2453064743159736,4.187136047529455,2333,2020-06-05,181.6,1.9,26.0,74.0,3.9,74.9,4.9,81.0,10.0,61.1,17.4,8.8,288.9,121.4,25.3,42.8,24.7,177.3,66.4,335.2,2.5,5.3,1.7,149.8,2.2,84.5,7.6,151.0,198.0,1.4,321.4,149.2,3.2,284.9,32.9,141.3,3164.4,2020,6,5,4,2,6328.799999999999,-0.5390454338294437,6444.857142857143,6731.493333333333,717923,9.182331038423511,1086956.5248249338,14358.460000000001,143584.6,574338.4,186.75367428417354,0.5283908403803574
Shillong,2020-06-06,4.7578,20.98,97.01,2.75,273.06653265259115,2792.8550195045905,0.2092881796340456,3.4253800892322954,2334,2020-06-06,186.6,1.7,24.2,85.3,3.9,76.5,5.1,80.2,10.0,62.3,12.4,8.4,279.5,129.4,24.7,35.0,26.5,175.2,64.2,357.0,2.4,4.5,1.7,162.3,2.1,93.9,7.6,143.4,206.1,1.4,299.3,153.9,4.3,324.9,34.2,157.4,3247.5000000000005,2020,6,6,5,2,6495.000000000001,2.626090254076629,6428.142857142857,6743.356666666668,366981,10.486827873932032,1045214.630011595,7339.62,73396.2,293584.8,353.5179648304664,0.2808844333840885
Aizawl,2020-05-15,4.8749,25.85,84.78,0.1,281.8991603902216,2879.8562655433675,0.2143210750888085,2.9989196322598706,2312,2020-05-15,181.9,2.0,22.2,100.6,3.4,79.4,4.2,72.0,7.5,49.7,13.9,10.0,306.3,120.4,21.9,43.2,23.2,209.5,71.9,405.5,2.3,5.1,1.6,202.9,2.1,81.2,8.5,121.2,219.7,1.2,303.5,156.8,3.9,339.7,30.1,145.2,3368.9,2020,5,15,4,2,6742.599999999999,1.589549652709743,6476.0,6003.933333333334,219870,8.366326820142895,860838.0847441931,4397.400000000001,43974.0,175896.0,486.9017400874341,0.20433087102715514
Aizawl,2020-05-16,5.903,26.4,82.56,0.13,293.8778807796024,3002.1393577453105,0.2121702088962662,3.175236474799966,2313,2020-05-16,185.5,1.9,22.1,101.9,3.5,76.5,4.3,73.3,7.6,53.0,16.2,8.9,306.5,128.5,22.4,43.8,25.9,204.1,71.2,405.1,2.2,5.1,1.5,205.5,2.4,81.3,8.5,129.8,225.2,0.9,296.5,152.8,3.9,350.6,30.5,151.7,3405.6,2020,5,16,5,2,6816.200000000001,1.09156705128588,6511.099999999999,6033.223333333333,403196,5.285278742647309,566927.6784198155,8063.92,80639.20000000001,322556.8,173.26057253166434,0.5689548126213223
Aizawl,2020-05-17,6.6542,27.18,79.29,0.18,312.96183204783614,3200.565600194744,0.238868522489879,3.766244306500447,2314,2020-05-17,177.6,1.9,21.5,101.6,3.4,75.7,3.8,75.7,7.3,51.4,16.3,9.1,299.7,128.2,20.6,43.0,26.3,192.5,63.7,404.9,2.4,4.8,1.5,204.5,2.2,81.3,8.5,135.7,220.8,0.9,277.3,144.2,3.9,361.1,28.0,149.0,3344.7,2020,5,17,6,2,6695.0,-1.77811683929463,6590.5142857142855,6057.35,448683,6.147996366926481,702292.1953421145,8973.66,89736.6,358946.4,193.15377876532943,0.5111061909479888
Aizawl,2020-05-18,6.7298,27.52,79.53,0.11,222.99702127311505,2278.668814254924,0.1590258863064431,2.463815608425709,2315,2020-05-18,174.1,1.9,27.6,105.9,3.8,76.3,4.2,78.7,7.4,52.9,14.9,10.3,303.5,135.5,22.4,43.3,26.9,169.2,63.3,418.3,2.6,5.0,1.5,205.3,2.1,83.4,8.5,142.3,225.6,1.3,270.5,149.5,3.9,367.1,30.6,157.7,3391.9,2020,5,18,0,2,6789.2,1.40702016430172,6685.128571428571,6089.726666666667,434677,8.070250515426768,656869.2664418166,8693.54,86935.40000000001,347741.6,186.39579689108712,0.5293915979538432
Aizawl,2020-05-19,4.6368,25.93,86.61,0.05,267.4625583268417,2732.640628746392,0.1974073712280035,3.1133584237305145,2316,2020-05-19,164.7,1.9,30.9,102.2,3.9,76.2,4.4,81.3,7.9,52.7,14.8,10.5,307.0,134.0,23.6,44.2,26.5,174.0,65.6,420.9,2.6,5.2,1.7,208.3,2.1,74.2,8.5,143.6,231.8,1.2,274.7,151.3,3.9,370.6,31.7,148.2,3401.3,2020,5,19,1,2,6808.099999999999,0.2783833146762227,6730.228571428571,6125.856666666668,226790,10.073785919118407,983441.602196978,4535.8,45358.0,181432.0,539.5441830531428,0.18448661832900765
Aizawl,2020-05-20,3.1142,26.72,85.42,0.05,314.0457938884043,3215.0632596869136,0.2400729240189435,4.604665450162271,2317,2020-05-20,175.5,2.0,28.4,93.3,4.0,74.8,4.4,82.3,8.1,47.3,15.0,10.6,308.6,139.8,23.8,45.3,19.3,188.0,70.1,426.2,2.4,5.0,1.6,203.8,2.2,57.4,8.5,145.4,230.0,1.2,296.7,159.8,3.9,383.2,32.9,75.1,3371.2000000000003,2020,5,20,2,2,6747.1,-0.8959915394897044,6747.9,6159.816666666667,648345,9.15295053817125,1049172.65063617,12966.9,129669.0,518676.0,199.77900474210685,0.4943662087639153
Aizawl,2020-05-21,2.6278,25.16,83.61,0.0,484.4608548279167,4956.921158773319,0.3787740493182112,6.39677026960725,2318,2020-05-21,186.9,2.1,20.2,81.6,4.2,78.0,4.5,84.8,8.2,47.3,16.6,10.6,316.6,142.4,24.3,43.4,17.4,196.5,71.2,434.5,2.8,4.4,1.5,207.2,2.3,70.0,8.5,160.4,233.5,1.1,302.2,166.9,3.9,382.7,33.7,51.5,3419.3,2020,5,21,3,2,6843.2,1.4243156319011074,6777.342857142857,6201.990000000001,687462,9.552059301114177,1689073.5672504252,13749.24,137492.4,549969.6,304.62126038428767,0.32560409745276836
Aizawl,2020-05-22,2.9983,25.41,90.34,0.0,309.5809210920232,3166.017998627707,0.2399508697316888,3.8626216955439454,2319,2020-05-22,192.3,2.0,21.7,92.5,4.5,79.2,4.5,91.7,8.6,52.5,16.3,10.3,317.1,154.5,24.8,44.9,23.5,201.3,72.4,442.1,2.4,4.7,1.7,209.3,2.3,77.2,8.5,168.2,237.2,1.3,306.5,173.3,3.9,402.6,35.2,78.3,3565.1,2020,5,22,4,2,7134.4,4.255319148936176,6833.314285714286,6246.483333333334,739773,8.354952500034011,944084.8700838303,14795.460000000001,147954.6,591818.4,157.02273029764373,0.6268692486070673
Aizawl,2020-05-23,5.634,26.24,84.1,0.03,380.9419243993407,3896.9444239727577,0.2933331639016568,4.962811838029397,2320,2020-05-23,195.9,1.5,23.6,98.6,4.6,79.4,4.6,95.2,8.1,54.7,16.5,10.7,315.2,158.0,24.1,41.2,27.3,201.2,74.0,443.5,2.5,5.1,1.4,216.6,2.1,84.5,8.5,171.0,244.1,1.3,311.9,168.1,3.9,417.5,36.1,102.9,3651.1,2020,5,23,5,2,7306.5,2.4122561112357,6903.357142857143,6295.37,286188,9.310194153595699,1294524.7962518162,5723.76,57237.600000000006,228950.4,562.9171367474423,0.17686043851957636
Aizawl,2020-05-24,5.6856,26.41,85.82,0.0,331.3531300728466,3390.319078053461,0.2597622941068829,4.231194467057071,2321,2020-05-24,194.0,1.6,22.9,109.2,4.5,83.8,4.1,98.0,8.7,55.0,17.3,10.0,312.2,154.3,22.4,46.2,27.7,192.6,69.7,447.4,2.4,4.6,1.6,216.2,2.1,85.0,7.6,168.3,245.8,0.9,302.2,172.3,4.3,426.9,34.6,118.4,3674.8,2020,5,24,6,2,7349.6,0.589885718196137,6996.871428571429,6345.823333333334,729036,7.303122064702635,883268.0097368002,14580.720000000001,145807.2,583228.8,148.9445119542794,0.6603071018803125
Aizawl,2020-05-25,4.1508,26.39,82.83,0.0,374.5515346174102,3834.449084009233,0.29073825950854,5.110555584043095,2322,2020-05-25,191.6,1.5,20.0,105.8,5.0,85.8,4.4,101.5,9.0,55.3,17.3,10.6,319.8,162.7,24.5,47.4,28.3,200.9,75.9,457.9,2.4,4.3,1.7,220.3,2.1,85.8,7.6,175.9,249.6,1.1,306.3,177.1,4.3,426.5,36.1,113.4,3735.8,2020,5,25,0,2,7475.500000000001,1.7130183955589515,7094.914285714285,6401.906666666667,230355,8.291278148876655,1133511.4984295662,4607.1,46071.0,184284.0,612.5894806003593,0.16257782799511936
Aizawl,2020-05-26,4.633,25.42,83.25,0.0,332.7624370853408,3403.815119968726,0.257447463283904,4.12586275347288,2323,2020-05-26,193.5,1.3,15.7,108.9,5.4,87.1,4.7,106.9,9.3,56.7,17.5,10.9,323.1,167.8,25.4,44.4,27.9,187.3,77.4,462.7,1.8,3.7,1.3,218.0,1.6,86.7,7.6,184.3,253.8,1.2,318.9,176.3,4.3,425.3,36.3,120.2,3771.6,2020,5,26,1,2,7546.800000000001,0.9537823556952764,7200.442857142857,6470.550000000001,651015,10.209953459164689,1240083.483393835,13020.300000000001,130203.0,520812.0,235.60578162443164,0.41998106336646807
Aizawl,2020-05-27,0.9583,24.88,90.68,0.0,285.4326782238401,2916.9235397521443,0.2201191109291045,3.1892448036591685,2324,2020-05-27,194.8,1.4,17.8,79.3,5.5,86.7,4.8,110.4,9.2,53.8,17.3,10.8,321.1,168.2,25.6,41.3,24.4,187.0,77.7,460.7,1.8,4.2,1.6,218.3,1.8,88.2,8.2,182.7,260.7,1.2,324.6,176.9,1.9,395.3,35.5,104.6,3705.2999999999993,2020,5,27,2,2,7410.5999999999985,-1.804738432183206,7295.228571428571,6534.8966666666665,606332,11.102829452811848,1156725.276501196,12126.64,121266.40000000001,485065.6,235.96780239645855,0.41934346081183577
Aizawl,2020-05-28,5.8279,24.83,90.58,0.01,370.26235136925806,3788.58341870952,0.2892487116306813,4.893855943973852,2325,2020-05-28,195.4,1.6,23.4,79.0,5.0,90.0,4.6,105.6,9.4,51.7,16.8,10.7,321.5,139.3,24.2,43.3,22.2,192.1,74.3,457.3,2.2,4.8,1.3,210.9,2.1,79.3,7.8,150.3,249.4,1.3,307.0,180.5,3.2,350.0,34.1,89.8,3541.4000000000005,2020,5,28,3,2,7082.800000000001,-4.42339351739397,7329.457142857143,6582.003333333333,356542,8.035587337694722,1085975.5437350776,7130.84,71308.40000000001,285233.6,378.2319837968169,0.26265171346977295
Aizawl,2020-05-29,2.1974,24.91,88.15,0.11,478.5977366602617,4896.060546520335,0.3660857445467344,5.9730673078322445,2326,2020-05-29,193.3,1.9,24.0,95.5,4.3,82.5,4.8,88.4,8.9,53.7,17.4,10.9,323.9,109.0,24.7,44.1,23.4,192.8,69.8,462.6,2.5,5.2,1.4,203.7,2.1,73.6,7.8,134.0,250.1,1.2,298.8,182.4,3.2,337.1,33.8,113.9,3483.6000000000004,2020,5,29,4,2,6970.300000000001,-1.5883548878974365,7306.014285714286,6623.58,373416,5.305631603951529,926831.0961795897,7468.32,74683.2,298732.8,307.75421252021533,0.32231598498949193
Aizawl,2020-05-30,2.7977,24.81,88.78,0.12,301.15681564388825,3078.7466348776184,0.2278651475883544,3.790631005788724,2327,2020-05-30,186.4,1.9,25.6,91.0,3.4,74.6,4.8,73.3,9.3,53.2,17.6,10.6,326.5,96.1,19.6,41.8,24.9,183.5,70.5,461.2,2.5,5.4,1.7,206.0,2.0,75.1,8.0,127.5,186.9,1.2,306.6,164.0,3.6,282.0,28.2,129.5,3306.0,2020,5,30,5,2,6612.0,-5.140381332223876,7206.800000000001,6646.9766666666665,505062,6.131707809027619,674011.043352315,10101.24,101012.40000000001,404049.6,164.3139365445022,0.5994694070901014
Aizawl,2020-05-31,3.8275,25.05,91.23,0.02,249.73370133051708,2553.9185660072176,0.1841215946829328,2.860683421839729,2328,2020-05-31,184.1,2.0,25.1,78.0,3.4,74.0,4.4,73.3,9.1,48.3,16.0,9.1,319.2,96.1,19.6,41.8,21.2,168.5,63.5,443.5,2.2,5.5,1.7,204.8,2.2,84.9,7.2,127.5,186.9,0.9,288.5,145.9,4.1,282.0,28.2,120.4,3193.1000000000004,2020,5,31,6,2,6386.200000000001,-3.415003024803376,7069.171428571429,6664.65,763586,5.1460279750407665,469074.8638754205,15271.720000000001,152717.2,610868.8,74.28815219821678,1.3022814581699256
Aizawl,2020-06-01,3.5842,24.89,90.6,0.03,241.33120264978788,2466.919523359967,0.1838462953921675,2.8114872508835966,2329,2020-06-01,178.2,1.6,24.2,94.1,3.9,72.7,4.5,74.6,9.2,54.9,15.9,9.1,325.4,109.4,22.7,41.3,20.3,164.5,68.3,388.3,2.5,5.2,1.5,200.7,2.2,80.3,7.7,134.9,197.4,1.2,303.3,138.5,4.4,331.0,29.4,123.1,3246.4,2020,6,1,0,2,6492.8,1.669224264821012,6928.785714285716,6681.33,701708,9.57284113466131,843232.2212881586,14034.16,140341.6,561366.4,147.71066834213065,0.6657308865777763
Aizawl,2020-06-02,3.4663,24.48,93.79,0.01,310.66454541812976,3176.1546364767623,0.2262529446429115,4.039883290228578,2330,2020-06-02,172.0,2.0,24.8,99.6,4.0,73.7,4.6,81.1,9.2,57.9,17.8,8.2,314.4,119.1,24.3,42.7,23.6,155.9,65.6,374.1,2.4,5.0,1.6,184.4,2.2,75.6,7.7,141.5,201.2,1.3,305.1,140.2,4.4,348.7,33.2,130.9,3255.8,2020,6,2,1,2,6515.799999999999,0.3542385411532622,6781.5,6701.130000000001,261629,7.326202377485762,830736.835903635,5232.58,52325.8,209303.2,394.4059411913602,0.25194855820227624
Aizawl,2020-06-03,3.3955,24.26,89.86,0.0,313.6845465959038,3207.1259654874643,0.2308179878029488,4.137346270936916,2331,2020-06-03,175.3,2.0,23.2,106.7,4.1,76.8,2.8,85.7,7.1,59.6,17.4,7.7,301.9,127.1,24.6,43.3,26.6,144.6,65.6,288.2,2.6,5.2,1.4,182.9,2.3,77.0,7.7,140.0,203.8,1.3,311.9,139.7,4.4,365.4,35.3,138.6,3205.5,2020,6,3,2,2,6415.300000000001,-1.542404616470705,6639.314285714287,6714.986666666667,528184,8.797350450035573,1007251.4038151078,10563.68,105636.8,422547.2,235.87606871258586,0.4195047819191536
Aizawl,2020-06-04,1.7407,23.6,92.53,0.0,348.81831807760136,3567.7541219780264,0.2645036245518558,4.582115335423527,2332,2020-06-04,174.3,2.0,23.9,100.7,4.1,76.4,4.1,85.1,8.9,59.5,17.7,8.4,298.3,126.0,24.9,44.4,25.0,166.4,66.3,283.6,2.4,5.1,1.7,143.2,2.3,79.6,7.7,146.5,201.2,1.4,319.5,142.8,4.4,342.0,35.1,148.8,3179.4,2020,6,4,3,2,6363.1,-0.8136797967359444,6536.5,6723.79,692734,8.452937927486598,1076216.9505982879,13854.68,138546.80000000002,554187.2,191.69736699048408,0.5149395619092935
Aizawl,2020-06-05,5.6712,24.88,92.13,0.05,324.3144980561957,3316.573958372721,0.2453064743159736,4.187136047529455,2333,2020-06-05,181.6,1.9,26.0,74.0,3.9,74.9,4.9,81.0,10.0,61.1,17.4,8.8,288.9,121.4,25.3,42.8,24.7,177.3,66.4,335.2,2.5,5.3,1.7,149.8,2.2,84.5,7.6,151.0,198.0,1.4,321.4,149.2,3.2,284.9,32.9,141.3,3164.4,2020,6,5,4,2,6328.799999999999,-0.5390454338294437,6444.857142857143,6731.493333333333,490160,5.570685426866987,659428.7275358159,9803.2,98032.0,392128.0,165.66670259094377,0.5946471377099118
Aizawl,2020-06-06,3.793,25.44,92.99,0.0,273.06653265259115,2792.8550195045905,0.2092881796340456,3.4253800892322954,2334,2020-06-06,186.6,1.7,24.2,85.3,3.9,76.5,5.1,80.2,10.0,62.3,12.4,8.4,279.5,129.4,24.7,35.0,26.5,175.2,64.2,357.0,2.4,4.5,1.7,162.3,2.1,93.9,7.6,143.4,206.1,1.4,299.3,153.9,4.3,324.9,34.2,157.4,3247.5000000000005,2020,6,6,5,2,6495.000000000001,2.626090254076629,6428.142857142857,6743.356666666668,748248,7.822829527866823,779695.8211680184,14964.960000000001,149649.6,598598.4,127.75357588126168,0.7677322566267163
Kohima,2020-05-15,4.5106,21.27,72.54,0.23,281.8991603902216,2879.8562655433675,0.2143210750888085,2.9989196322598706,2312,2020-05-15,181.9,2.0,22.2,100.6,3.4,79.4,4.2,72.0,7.5,49.7,13.9,10.0,306.3,120.4,21.9,43.2,23.2,209.5,71.9,405.5,2.3,5.1,1.6,202.9,2.1,81.2,8.5,121.2,219.7,1.2,303.5,156.8,3.9,339.7,30.1,145.2,3368.9,2020,5,15,4,2,6742.599999999999,1.589549652709743,6476.0,6003.933333333334,413920,6.543927874456263,673325.6373141366,8278.4,82784.0,331136.0,200.8380959225625,0.4917910292705536
Kohima,2020-05-16,3.4646,21.57,74.27,0.25,293.8778807796024,3002.1393577453105,0.2121702088962662,3.175236474799966,2313,2020-05-16,185.5,1.9,22.1,101.9,3.5,76.5,4.3,73.3,7.6,53.0,16.2,8.9,306.5,128.5,22.4,43.8,25.9,204.1,71.2,405.1,2.2,5.1,1.5,205.5,2.4,81.3,8.5,129.8,225.2,0.9,296.5,152.8,3.9,350.6,30.5,151.7,3405.6,2020,5,16,5,2,6816.200000000001,1.09156705128588,6511.099999999999,6033.223333333333,442804,7.928798520673569,850485.9548301582,8856.08,88560.8,354243.2,237.58532974808216,0.4165180876533752
Kohima,2020-05-17,4.2917,21.35,71.14,0.21,312.96183204783614,3200.565600194744,0.238868522489879,3.766244306500447,2314,2020-05-17,177.6,1.9,21.5,101.6,3.4,75.7,3.8,75.7,7.3,51.4,16.3,9.1,299.7,128.2,20.6,43.0,26.3,192.5,63.7,404.9,2.4,4.8,1.5,204.5,2.2,81.3,8.5,135.7,220.8,0.9,277.3,144.2,3.9,361.1,28.0,149.0,3344.7,2020,5,17,6,2,6695.0,-1.77811683929463,6590.5142857142855,6057.35,576965,6.425047962395698,733940.0951768996,11539.300000000001,115393.0,461572.0,156.50879931557796,0.6288951566184595
Kohima,2020-05-18,7.2845,23.21,63.44,0.21,222.99702127311505,2278.668814254924,0.1590258863064431,2.463815608425709,2315,2020-05-18,174.1,1.9,27.6,105.9,3.8,76.3,4.2,78.7,7.4,52.9,14.9,10.3,303.5,135.5,22.4,43.3,26.9,169.2,63.3,418.3,2.6,5.0,1.5,205.3,2.1,83.4,8.5,142.3,225.6,1.3,270.5,149.5,3.9,367.1,30.6,157.7,3391.9,2020,5,18,0,2,6789.2,1.40702016430172,6685.128571428571,6089.726666666667,660857,10.883166843938534,885823.5326990669,13217.14,132171.4,528685.6,165.05204467439003,0.5968288080587688
Kohima,2020-05-19,4.4016,22.42,72.74,0.2,267.4625583268417,2732.640628746392,0.1974073712280035,3.1133584237305145,2316,2020-05-19,164.7,1.9,30.9,102.2,3.9,76.2,4.4,81.3,7.9,52.7,14.8,10.5,307.0,134.0,23.6,44.2,26.5,174.0,65.6,420.9,2.6,5.2,1.7,208.3,2.1,74.2,8.5,143.6,231.8,1.2,274.7,151.3,3.9,370.6,31.7,148.2,3401.3,2020,5,19,1,2,6808.099999999999,0.2783833146762227,6730.228571428571,6125.856666666668,704492,6.219353356047776,607157.118307716,14089.84,140898.4,563593.6,105.22959776472196,0.9282484792772928
Kohima,2020-05-20,3.217,21.69,83.09,0.16,314.0457938884043,3215.0632596869136,0.2400729240189435,4.604665450162271,2317,2020-05-20,175.5,2.0,28.4,93.3,4.0,74.8,4.4,82.3,8.1,47.3,15.0,10.6,308.6,139.8,23.8,45.3,19.3,188.0,70.1,426.2,2.4,5.0,1.6,203.8,2.2,57.4,8.5,145.4,230.0,1.2,296.7,159.8,3.9,383.2,32.9,75.1,3371.2000000000003,2020,5,20,2,2,6747.1,-0.8959915394897044,6747.9,6159.816666666667,615916,11.725463860408839,1344051.401464439,12318.32,123183.20000000001,492732.8,270.2748997964899,0.36660237313897376
Kohima,2020-05-21,2.0047,21.99,83.05,0.12,484.4608548279167,4956.921158773319,0.3787740493182112,6.39677026960725,2318,2020-05-21,186.9,2.1,20.2,81.6,4.2,78.0,4.5,84.8,8.2,47.3,16.6,10.6,316.6,142.4,24.3,43.4,17.4,196.5,71.2,434.5,2.8,4.4,1.5,207.2,2.3,70.0,8.5,160.4,233.5,1.1,302.2,166.9,3.9,382.7,33.7,51.5,3419.3,2020,5,21,3,2,6843.2,1.4243156319011074,6777.342857142857,6201.990000000001,328148,7.911351563028585,1398950.151490186,6562.96,65629.6,262518.4,530.396037569247,0.18765372880987377
Kohima,2020-05-22,4.1563,23.84,69.59,0.17,309.5809210920232,3166.017998627707,0.2399508697316888,3.8626216955439454,2319,2020-05-22,192.3,2.0,21.7,92.5,4.5,79.2,4.5,91.7,8.6,52.5,16.3,10.3,317.1,154.5,24.8,44.9,23.5,201.3,72.4,442.1,2.4,4.7,1.7,209.3,2.3,77.2,8.5,168.2,237.2,1.3,306.5,173.3,3.9,402.6,35.2,78.3,3565.1,2020,5,22,4,2,7134.4,4.255319148936176,6833.314285714286,6246.483333333334,686261,10.923717044133344,1234347.6502590731,13725.220000000001,137252.2,549008.8,222.33203370493752,0.44477611725404365
Kohima,2020-05-23,4.781,22.22,78.18,0.2,380.9419243993407,3896.9444239727577,0.2933331639016568,4.962811838029397,2320,2020-05-23,195.9,1.5,23.6,98.6,4.6,79.4,4.6,95.2,8.1,54.7,16.5,10.7,315.2,158.0,24.1,41.2,27.3,201.2,74.0,443.5,2.5,5.1,1.4,216.6,2.1,84.5,8.5,171.0,244.1,1.3,311.9,168.1,3.9,417.5,36.1,102.9,3651.1,2020,5,23,5,2,7306.5,2.4122561112357,6903.357142857143,6295.37,555540,9.401353727441617,1307199.9700250411,11110.800000000001,111108.0,444432.0,291.62822884604196,0.3399875078056944
Kohima,2020-05-24,3.4829,22.19,74.05,0.25,331.3531300728466,3390.319078053461,0.2597622941068829,4.231194467057071,2321,2020-05-24,194.0,1.6,22.9,109.2,4.5,83.8,4.1,98.0,8.7,55.0,17.3,10.0,312.2,154.3,22.4,46.2,27.7,192.6,69.7,447.4,2.4,4.6,1.6,216.2,2.1,85.0,7.6,168.3,245.8,0.9,302.2,172.3,4.3,426.9,34.6,118.4,3674.8,2020,5,24,6,2,7349.6,0.589885718196137,6996.871428571429,6345.823333333334,392714,10.147452090660268,1227272.3545641538,7854.28,78542.8,314171.2,388.1380834921068,0.25599121730429225
Kohima,2020-05-25,2.011,21.35,79.05,0.23,374.5515346174102,3834.449084009233,0.29073825950854,5.110555584043095,2322,2020-05-25,191.6,1.5,20.0,105.8,5.0,85.8,4.4,101.5,9.0,55.3,17.3,10.6,319.8,162.7,24.5,47.4,28.3,200.9,75.9,457.9,2.4,4.3,1.7,220.3,2.1,85.8,7.6,175.9,249.6,1.1,306.3,177.1,4.3,426.5,36.1,113.4,3735.8,2020,5,25,0,2,7475.500000000001,1.7130183955589515,7094.914285714285,6401.906666666667,483876,10.374067216467463,1418252.3205954994,9677.52,96775.20000000001,387100.8,363.87803915556344,0.2729419310208019
Kohima,2020-05-26,1.9697,20.54,81.88,0.22,332.7624370853408,3403.815119968726,0.257447463283904,4.12586275347288,2323,2020-05-26,193.5,1.3,15.7,108.9,5.4,87.1,4.7,106.9,9.3,56.7,17.5,10.9,323.1,167.8,25.4,44.4,27.9,187.3,77.4,462.7,1.8,3.7,1.3,218.0,1.6,86.7,7.6,184.3,253.8,1.2,318.9,176.3,4.3,425.3,36.3,120.2,3771.6,2020,5,26,1,2,7546.800000000001,0.9537823556952764,7200.442857142857,6470.550000000001,459747,8.533914173251125,1036514.6185313842,9194.94,91949.40000000001,367797.6,279.31658024179177,0.354840383901908
Kohima,2020-05-27,1.89,20.15,77.53,0.19,285.4326782238401,2916.9235397521443,0.2201191109291045,3.1892448036591685,2324,2020-05-27,194.8,1.4,17.8,79.3,5.5,86.7,4.8,110.4,9.2,53.8,17.3,10.8,321.1,168.2,25.6,41.3,24.4,187.0,77.7,460.7,1.8,4.2,1.6,218.3,1.8,88.2,8.2,182.7,260.7,1.2,324.6,176.9,1.9,395.3,35.5,104.6,3705.2999999999993,2020,5,27,2,2,7410.5999999999985,-1.804738432183206,7295.228571428571,6534.8966666666665,623570,8.80310366354302,917133.1112090218,12471.4,124714.0,498856.0,181.3472647836293,0.5439291744828657
Kohima,2020-05-28,4.4662,18.78,84.22,0.19,370.26235136925806,3788.58341870952,0.2892487116306813,4.893855943973852,2325,2020-05-28,195.4,1.6,23.4,79.0,5.0,90.0,4.6,105.6,9.4,51.7,16.8,10.7,321.5,139.3,24.2,43.3,22.2,192.1,74.3,457.3,2.2,4.8,1.3,210.9,2.1,79.3,7.8,150.3,249.4,1.3,307.0,180.5,3.2,350.0,34.1,89.8,3541.4000000000005,2020,5,28,3,2,7082.800000000001,-4.42339351739397,7329.457142857143,6582.003333333333,475987,8.597971074661075,1161979.32029474,9519.74,95197.40000000001,380789.6,302.64996215619857,0.32770744336135704
Kohima,2020-05-29,3.6847,20.1,77.56,0.21,478.5977366602617,4896.060546520335,0.3660857445467344,5.9730673078322445,2326,2020-05-29,193.3,1.9,24.0,95.5,4.3,82.5,4.8,88.4,8.9,53.7,17.4,10.9,323.9,109.0,24.7,44.1,23.4,192.8,69.8,462.6,2.5,5.2,1.4,203.7,2.1,73.6,7.8,134.0,250.1,1.2,298.8,182.4,3.2,337.1,33.8,113.9,3483.6000000000004,2020,5,29,4,2,6970.300000000001,-1.5883548878974365,7306.014285714286,6623.58,217640,9.116408646630553,1592528.778832809,4352.8,43528.0,174112.0,912.1576794435817,0.10933045165887542
Kohima,2020-05-30,4.0027,21.51,67.84,0.21,301.15681564388825,3078.7466348776184,0.2278651475883544,3.790631005788724,2327,2020-05-30,186.4,1.9,25.6,91.0,3.4,74.6,4.8,73.3,9.3,53.2,17.6,10.6,326.5,96.1,19.6,41.8,24.9,183.5,70.5,461.2,2.5,5.4,1.7,206.0,2.0,75.1,8.0,127.5,186.9,1.2,306.6,164.0,3.6,282.0,28.2,129.5,3306.0,2020,5,30,5,2,6612.0,-5.140381332223876,7206.800000000001,6646.9766666666665,252528,5.205761120295551,572228.9113267035,5050.56,50505.600000000006,202022.4,280.75022934422293,0.35304411041990996
Kohima,2020-05-31,4.9843,21.28,72.87,0.18,249.73370133051708,2553.9185660072176,0.1841215946829328,2.860683421839729,2328,2020-05-31,184.1,2.0,25.1,78.0,3.4,74.0,4.4,73.3,9.1,48.3,16.0,9.1,319.2,96.1,19.6,41.8,21.2,168.5,63.5,443.5,2.2,5.5,1.7,204.8,2.2,84.9,7.2,127.5,186.9,0.9,288.5,145.9,4.1,282.0,28.2,120.4,3193.1000000000004,2020,5,31,6,2,6386.200000000001,-3.415003024803376,7069.171428571429,6664.65,459214,7.768606188943107,708130.2138765324,9184.28,91842.8,367371.2,190.25604997793303,0.5187897282325613
Kohima,2020-06-01,3.7022,21.4,74.25,0.23,241.33120264978788,2466.919523359967,0.1838462953921675,2.8114872508835966,2329,2020-06-01,178.2,1.6,24.2,94.1,3.9,72.7,4.5,74.6,9.2,54.9,15.9,9.1,325.4,109.4,22.7,41.3,20.3,164.5,68.3,388.3,2.5,5.2,1.5,200.7,2.2,80.3,7.7,134.9,197.4,1.2,303.3,138.5,4.4,331.0,29.4,123.1,3246.4,2020,6,1,0,2,6492.8,1.669224264821012,6928.785714285716,6681.33,701108,9.243320994928201,814206.1468471807,14022.16,140221.6,560886.4,142.66418063393596,0.6888743266033667
Kohima,2020-06-02,4.4534,20.39,80.1,0.22,310.66454541812976,3176.1546364767623,0.2262529446429115,4.039883290228578,2330,2020-06-02,172.0,2.0,24.8,99.6,4.0,73.7,4.6,81.1,9.2,57.9,17.8,8.2,314.4,119.1,24.3,42.7,23.6,155.9,65.6,374.1,2.4,5.0,1.6,184.4,2.2,75.6,7.7,141.5,201.2,1.3,305.1,140.2,4.4,348.7,33.2,130.9,3255.8,2020,6,2,1,2,6515.799999999999,0.3542385411532622,6781.5,6701.130000000001,568501,9.184064956791051,1041404.6281856046,11370.02,113700.20000000001,454800.8,226.48038617909302,0.43671820824742374
Kohima,2020-06-03,2.9527,19.3,80.29,0.16,313.6845465959038,3207.1259654874643,0.2308179878029488,4.137346270936916,2331,2020-06-03,175.3,2.0,23.2,106.7,4.1,76.8,2.8,85.7,7.1,59.6,17.4,7.7,301.9,127.1,24.6,43.3,26.6,144.6,65.6,288.2,2.6,5.2,1.4,182.9,2.3,77.0,7.7,140.0,203.8,1.3,311.9,139.7,4.4,365.4,35.3,138.6,3205.5,2020,6,3,2,2,6415.300000000001,-1.542404616470705,6639.314285714287,6714.986666666667,350159,10.55069266223942,1208000.0740699652,7003.18,70031.8,280127.2,428.73269502924575,0.2318931713000907
Kohima,2020-06-04,3.0346,20.26,78.43,0.13,348.81831807760136,3567.7541219780264,0.2645036245518558,4.582115335423527,2332,2020-06-04,174.3,2.0,23.9,100.7,4.1,76.4,4.1,85.1,8.9,59.5,17.7,8.4,298.3,126.0,24.9,44.4,25.0,166.4,66.3,283.6,2.4,5.1,1.7,143.2,2.3,79.6,7.7,146.5,201.2,1.4,319.5,142.8,4.4,342.0,35.1,148.8,3179.4,2020,6,4,3,2,6363.1,-0.8136797967359444,6536.5,6723.79,372502,9.58506537182476,1220357.9293072766,7450.04,74500.40000000001,298001.6,407.0138849278919,0.24419176427803688
Kohima,2020-06-05,3.9166,21.63,77.49,0.14,324.3144980561957,3316.573958372721,0.2453064743159736,4.187136047529455,2333,2020-06-05,181.6,1.9,26.0,74.0,3.9,74.9,4.9,81.0,10.0,61.1,17.4,8.8,288.9,121.4,25.3,42.8,24.7,177.3,66.4,335.2,2.5,5.3,1.7,149.8,2.2,84.5,7.6,151.0,198.0,1.4,321.4,149.2,3.2,284.9,32.9,141.3,3164.4,2020,6,5,4,2,6328.799999999999,-0.5390454338294437,6444.857142857143,6731.493333333333,355576,11.944933214384706,1413978.9822043541,7111.52,71115.2,284460.8,494.57340421047616,0.20117738835067084
Kohima,2020-06-06,2.2166,20.42,82.44,0.15,273.06653265259115,2792.8550195045905,0.2092881796340456,3.4253800892322954,2334,2020-06-06,186.6,1.7,24.2,85.3,3.9,76.5,5.1,80.2,10.0,62.3,12.4,8.4,279.5,129.4,24.7,35.0,26.5,175.2,64.2,357.0,2.4,4.5,1.7,162.3,2.1,93.9,7.6,143.4,206.1,1.4,299.3,153.9,4.3,324.9,34.2,157.4,3247.5000000000005,2020,6,6,5,2,6495.000000000001,2.626090254076629,6428.142857142857,6743.356666666668,211023,6.986981700260515,696387.4663079942,4220.46,42204.600000000006,168818.4,410.00685133136807,0.24241986788640477
Bhubaneswar,2020-05-15,7.3608,32.89,55.8,2.72,281.8991603902216,2879.8562655433675,0.2143210750888085,2.9989196322598706,2312,2020-05-15,181.9,2.0,22.2,100.6,3.4,79.4,4.2,72.0,7.5,49.7,13.9,10.0,306.3,120.4,21.9,43.2,23.2,209.5,71.9,405.5,2.3,5.1,1.6,202.9,2.1,81.2,8.5,121.2,219.7,1.2,303.5,156.8,3.9,339.7,30.1,145.2,3368.9,2020,5,15,4,2,6742.599999999999,1.589549652709743,6476.0,6003.933333333334,745735,7.514057207663621,773145.3425570306,14914.7,149147.0,596588.0,127.09451791806585,0.7716365805041535
Bhubaneswar,2020-05-16,7.0486,33.03,56.66,2.2,293.8778807796024,3002.1393577453105,0.2121702088962662,3.175236474799966,2313,2020-05-16,185.5,1.9,22.1,101.9,3.5,76.5,4.3,73.3,7.6,53.0,16.2,8.9,306.5,128.5,22.4,43.8,25.9,204.1,71.2,405.1,2.2,5.1,1.5,205.5,2.4,81.3,8.5,129.8,225.2,0.9,296.5,152.8,3.9,350.6,30.5,151.7,3405.6,2020,5,16,5,2,6816.200000000001,1.09156705128588,6511.099999999999,6033.223333333333,588043,7.686930063074573,824541.8315726405,11760.86,117608.6,470434.4,172.77243576843878,0.5705396760320458
Bhubaneswar,2020-05-17,6.3384,32.16,60.61,2.04,312.96183204783614,3200.565600194744,0.238868522489879,3.766244306500447,2314,2020-05-17,177.6,1.9,21.5,101.6,3.4,75.7,3.8,75.7,7.3,51.4,16.3,9.1,299.7,128.2,20.6,43.0,26.3,192.5,63.7,404.9,2.4,4.8,1.5,204.5,2.2,81.3,8.5,135.7,220.8,0.9,277.3,144.2,3.9,361.1,28.0,149.0,3344.7,2020,5,17,6,2,6695.0,-1.77811683929463,6590.5142857142855,6057.35,486103,8.260689649141739,943627.4067995083,9722.06,97220.6,388882.4,240.15109626959412,0.4121139181459863
Bhubaneswar,2020-05-18,6.3396,31.33,62.05,2.31,222.99702127311505,2278.668814254924,0.1590258863064431,2.463815608425709,2315,2020-05-18,174.1,1.9,27.6,105.9,3.8,76.3,4.2,78.7,7.4,52.9,14.9,10.3,303.5,135.5,22.4,43.3,26.9,169.2,63.3,418.3,2.6,5.0,1.5,205.3,2.1,83.4,8.5,142.3,225.6,1.3,270.5,149.5,3.9,367.1,30.6,157.7,3391.9,2020,5,18,0,2,6789.2,1.40702016430172,6685.128571428571,6089.726666666667,266203,10.851986446468466,883285.6381474199,5324.06,53240.600000000006,212962.4,412.26130910781427,0.2411022546957817
Bhubaneswar,2020-05-19,2.3218,27.84,70.62,4.63,267.4625583268417,2732.640628746392,0.1974073712280035,3.1133584237305145,2316,2020-05-19,164.7,1.9,30.9,102.2,3.9,76.2,4.4,81.3,7.9,52.7,14.8,10.5,307.0,134.0,23.6,44.2,26.5,174.0,65.6,420.9,2.6,5.2,1.7,208.3,2.1,74.2,8.5,143.6,231.8,1.2,274.7,151.3,3.9,370.6,31.7,148.2,3401.3,2020,5,19,1,2,6808.099999999999,0.2783833146762227,6730.228571428571,6125.856666666668,360775,6.65054465771447,649251.6662730159,7215.5,72155.0,288620.0,222.45033825549717,0.44454187867537076
Bhubaneswar,2020-05-20,1.6877,25.99,76.9,6.81,314.0457938884043,3215.0632596869136,0.2400729240189435,4.604665450162271,2317,2020-05-20,175.5,2.0,28.4,93.3,4.0,74.8,4.4,82.3,8.1,47.3,15.0,10.6,308.6,139.8,23.8,45.3,19.3,188.0,70.1,426.2,2.4,5.0,1.6,203.8,2.2,57.4,8.5,145.4,230.0,1.2,296.7,159.8,3.9,383.2,32.9,75.1,3371.2000000000003,2020,5,20,2,2,6747.1,-0.8959915394897044,6747.9,6159.816666666667,209337,10.432001449248006,1195786.0545955373,4186.74,41867.4,167469.6,711.5317135740081,0.14004968472973214
Bhubaneswar,2020-05-21,6.0665,29.61,62.23,2.14,484.4608548279167,4956.921158773319,0.3787740493182112,6.39677026960725,2318,2020-05-21,186.9,2.1,20.2,81.6,4.2,78.0,4.5,84.8,8.2,47.3,16.6,10.6,316.6,142.4,24.3,43.4,17.4,196.5,71.2,434.5,2.8,4.4,1.5,207.2,2.3,70.0,8.5,160.4,233.5,1.1,302.2,166.9,3.9,382.7,33.7,51.5,3419.3,2020,5,21,3,2,6843.2,1.4243156319011074,6777.342857142857,6201.990000000001,770715,7.837171281600204,1385832.9849586445,15414.300000000001,154143.0,616572.0,222.26417757514847,0.4449104342165483
Bhubaneswar,2020-05-22,6.5359,30.78,66.79,2.17,309.5809210920232,3166.017998627707,0.2399508697316888,3.8626216955439454,2319,2020-05-22,192.3,2.0,21.7,92.5,4.5,79.2,4.5,91.7,8.6,52.5,16.3,10.3,317.1,154.5,24.8,44.9,23.5,201.3,72.4,442.1,2.4,4.7,1.7,209.3,2.3,77.2,8.5,168.2,237.2,1.3,306.5,173.3,3.9,402.6,35.2,78.3,3565.1,2020,5,22,4,2,7134.4,4.255319148936176,6833.314285714286,6246.483333333334,714723,9.21298768563406,1041040.3030107415,14294.460000000001,142944.6,571778.4,179.57058941204173,0.5492369979427227
Bhubaneswar,2020-05-23,6.8422,31.41,73.43,3.22,380.9419243993407,3896.9444239727577,0.2933331639016568,4.962811838029397,2320,2020-05-23,195.9,1.5,23.6,98.6,4.6,79.4,4.6,95.2,8.1,54.7,16.5,10.7,315.2,158.0,24.1,41.2,27.3,201.2,74.0,443.5,2.5,5.1,1.4,216.6,2.1,84.5,8.5,171.0,244.1,1.3,311.9,168.1,3.9,417.5,36.1,102.9,3651.1,2020,5,23,5,2,7306.5,2.4122561112357,6903.357142857143,6295.37,523673,9.427783732584142,1310874.8984376618,10473.460000000001,104734.6,418938.4,310.403973099067,0.3195866218146984
Bhubaneswar,2020-05-24,6.307,31.79,72.05,4.22,331.3531300728466,3390.319078053461,0.2597622941068829,4.231194467057071,2321,2020-05-24,194.0,1.6,22.9,109.2,4.5,83.8,4.1,98.0,8.7,55.0,17.3,10.0,312.2,154.3,22.4,46.2,27.7,192.6,69.7,447.4,2.4,4.6,1.6,216.2,2.1,85.0,7.6,168.3,245.8,0.9,302.2,172.3,4.3,426.9,34.6,118.4,3674.8,2020,5,24,6,2,7349.6,0.589885718196137,6996.871428571429,6345.823333333334,564167,7.609940460322541,920375.8207864937,11283.34,112833.40000000001,451333.6,201.42362119427708,0.49037914667855265
Bhubaneswar,2020-05-25,6.2263,31.74,69.73,5.08,374.5515346174102,3834.449084009233,0.29073825950854,5.110555584043095,2322,2020-05-25,191.6,1.5,20.0,105.8,5.0,85.8,4.4,101.5,9.0,55.3,17.3,10.6,319.8,162.7,24.5,47.4,28.3,200.9,75.9,457.9,2.4,4.3,1.7,220.3,2.1,85.8,7.6,175.9,249.6,1.1,306.3,177.1,4.3,426.5,36.1,113.4,3735.8,2020,5,25,0,2,7475.500000000001,1.7130183955589515,7094.914285714285,6401.906666666667,546809,8.588306436440636,1174118.6247696988,10936.18,109361.8,437447.2,265.9023637069111,0.3725746429677507
Bhubaneswar,2020-05-26,5.6815,32.11,67.39,5.25,332.7624370853408,3403.815119968726,0.257447463283904,4.12586275347288,2323,2020-05-26,193.5,1.3,15.7,108.9,5.4,87.1,4.7,106.9,9.3,56.7,17.5,10.9,323.1,167.8,25.4,44.4,27.9,187.3,77.4,462.7,1.8,3.7,1.3,218.0,1.6,86.7,7.6,184.3,253.8,1.2,318.9,176.3,4.3,425.3,36.3,120.2,3771.6,2020,5,26,1,2,7546.800000000001,0.9537823556952764,7200.442857142857,6470.550000000001,495451,7.89121822253388,958453.8676654582,9909.02,99090.20000000001,396360.8,239.31348601210266,0.41354143358406614
Bhubaneswar,2020-05-27,6.6662,32.26,67.0,5.02,285.4326782238401,2916.9235397521443,0.2201191109291045,3.1892448036591685,2324,2020-05-27,194.8,1.4,17.8,79.3,5.5,86.7,4.8,110.4,9.2,53.8,17.3,10.8,321.1,168.2,25.6,41.3,24.4,187.0,77.7,460.7,1.8,4.2,1.6,218.3,1.8,88.2,8.2,182.7,260.7,1.2,324.6,176.9,1.9,395.3,35.5,104.6,3705.2999999999993,2020,5,27,2,2,7410.5999999999985,-1.804738432183206,7295.228571428571,6534.8966666666665,620571,5.483929503306336,571331.8301416032,12411.42,124114.20000000001,496456.8,112.58188227890184,0.8689449893452728
Bhubaneswar,2020-05-28,4.9068,31.42,73.1,3.89,370.26235136925806,3788.58341870952,0.2892487116306813,4.893855943973852,2325,2020-05-28,195.4,1.6,23.4,79.0,5.0,90.0,4.6,105.6,9.4,51.7,16.8,10.7,321.5,139.3,24.2,43.3,22.2,192.1,74.3,457.3,2.2,4.8,1.3,210.9,2.1,79.3,7.8,150.3,249.4,1.3,307.0,180.5,3.2,350.0,34.1,89.8,3541.4000000000005,2020,5,28,3,2,7082.800000000001,-4.42339351739397,7329.457142857143,6582.003333333333,327016,8.060157721717786,1089296.1269143631,6540.32,65403.200000000004,261612.8,413.87722883374323,0.2401666116030866
Bhubaneswar,2020-05-29,5.7595,29.97,81.44,2.4,478.5977366602617,4896.060546520335,0.3660857445467344,5.9730673078322445,2326,2020-05-29,193.3,1.9,24.0,95.5,4.3,82.5,4.8,88.4,8.9,53.7,17.4,10.9,323.9,109.0,24.7,44.1,23.4,192.8,69.8,462.6,2.5,5.2,1.4,203.7,2.1,73.6,7.8,134.0,250.1,1.2,298.8,182.4,3.2,337.1,33.8,113.9,3483.6000000000004,2020,5,29,4,2,6970.300000000001,-1.5883548878974365,7306.014285714286,6623.58,744447,5.681753747874865,992535.1866577623,14888.94,148889.4,595557.6,164.15645550619493,0.6000361578810174
Bhubaneswar,2020-05-30,6.3722,30.64,74.12,2.23,301.15681564388825,3078.7466348776184,0.2278651475883544,3.790631005788724,2327,2020-05-30,186.4,1.9,25.6,91.0,3.4,74.6,4.8,73.3,9.3,53.2,17.6,10.6,326.5,96.1,19.6,41.8,24.9,183.5,70.5,461.2,2.5,5.4,1.7,206.0,2.0,75.1,8.0,127.5,186.9,1.2,306.6,164.0,3.6,282.0,28.2,129.5,3306.0,2020,5,30,5,2,6612.0,-5.140381332223876,7206.800000000001,6646.9766666666665,697562,7.835145593562251,861256.7364281593,13951.24,139512.4,558049.6,151.8333668598919,0.6479472710623935
Bhubaneswar,2020-05-31,6.9307,30.67,74.4,2.57,249.73370133051708,2553.9185660072176,0.1841215946829328,2.860683421839729,2328,2020-05-31,184.1,2.0,25.1,78.0,3.4,74.0,4.4,73.3,9.1,48.3,16.0,9.1,319.2,96.1,19.6,41.8,21.2,168.5,63.5,443.5,2.2,5.5,1.7,204.8,2.2,84.9,7.2,127.5,186.9,0.9,288.5,145.9,4.1,282.0,28.2,120.4,3193.1000000000004,2020,5,31,6,2,6386.200000000001,-3.415003024803376,7069.171428571429,6664.65,583934,9.150428798822473,834087.2152323222,11678.68,116786.8,467147.2,176.04912011295843,0.5600692965909888
Bhubaneswar,2020-06-01,3.5306,30.59,73.94,1.41,241.33120264978788,2466.919523359967,0.1838462953921675,2.8114872508835966,2329,2020-06-01,178.2,1.6,24.2,94.1,3.9,72.7,4.5,74.6,9.2,54.9,15.9,9.1,325.4,109.4,22.7,41.3,20.3,164.5,68.3,388.3,2.5,5.2,1.5,200.7,2.2,80.3,7.7,134.9,197.4,1.2,303.3,138.5,4.4,331.0,29.4,123.1,3246.4,2020,6,1,0,2,6492.8,1.669224264821012,6928.785714285716,6681.33,517428,9.055904295404506,797697.3802623425,10348.56,103485.6,413942.4,190.20733808915017,0.5189209483713192
Bhubaneswar,2020-06-02,5.2361,30.96,68.98,2.12,310.66454541812976,3176.1546364767623,0.2262529446429115,4.039883290228578,2330,2020-06-02,172.0,2.0,24.8,99.6,4.0,73.7,4.6,81.1,9.2,57.9,17.8,8.2,314.4,119.1,24.3,42.7,23.6,155.9,65.6,374.1,2.4,5.0,1.6,184.4,2.2,75.6,7.7,141.5,201.2,1.3,305.1,140.2,4.4,348.7,33.2,130.9,3255.8,2020,6,2,1,2,6515.799999999999,0.3542385411532622,6781.5,6701.130000000001,519187,9.638348953058243,1092917.0530703482,10383.74,103837.40000000001,415349.6,260.6318419640583,0.3800372762012241
Bhubaneswar,2020-06-03,5.7881,29.83,75.45,1.94,313.6845465959038,3207.1259654874643,0.2308179878029488,4.137346270936916,2331,2020-06-03,175.3,2.0,23.2,106.7,4.1,76.8,2.8,85.7,7.1,59.6,17.4,7.7,301.9,127.1,24.6,43.3,26.6,144.6,65.6,288.2,2.6,5.2,1.4,182.9,2.3,77.0,7.7,140.0,203.8,1.3,311.9,139.7,4.4,365.4,35.3,138.6,3205.5,2020,6,3,2,2,6415.300000000001,-1.542404616470705,6639.314285714287,6714.986666666667,282844,5.666830555682384,648822.9683256904,5656.88,56568.8,226275.2,284.2406451638051,0.34874667251259217
Bhubaneswar,2020-06-04,5.8579,29.01,81.09,2.33,348.81831807760136,3567.7541219780264,0.2645036245518558,4.582115335423527,2332,2020-06-04,174.3,2.0,23.9,100.7,4.1,76.4,4.1,85.1,8.9,59.5,17.7,8.4,298.3,126.0,24.9,44.4,25.0,166.4,66.3,283.6,2.4,5.1,1.7,143.2,2.3,79.6,7.7,146.5,201.2,1.4,319.5,142.8,4.4,342.0,35.1,148.8,3179.4,2020,6,4,3,2,6363.1,-0.8136797967359444,6536.5,6723.79,751820,9.564862718713066,1217785.7540573955,15036.4,150364.0,601456.0,199.97295796490445,0.49389270986573136
Bhubaneswar,2020-06-05,6.1742,29.48,80.26,2.77,324.3144980561957,3316.573958372721,0.2453064743159736,4.187136047529455,2333,2020-06-05,181.6,1.9,26.0,74.0,3.9,74.9,4.9,81.0,10.0,61.1,17.4,8.8,288.9,121.4,25.3,42.8,24.7,177.3,66.4,335.2,2.5,5.3,1.7,149.8,2.2,84.5,7.6,151.0,198.0,1.4,321.4,149.2,3.2,284.9,32.9,141.3,3164.4,2020,6,5,4,2,6328.799999999999,-0.5390454338294437,6444.857142857143,6731.493333333333,365421,7.185036396875129,850527.18748734,7308.42,73084.2,292336.8,288.440855714142,0.3437120653974227
Bhubaneswar,2020-06-06,5.8829,30.87,70.82,1.71,273.06653265259115,2792.8550195045905,0.2092881796340456,3.4253800892322954,2334,2020-06-06,186.6,1.7,24.2,85.3,3.9,76.5,5.1,80.2,10.0,62.3,12.4,8.4,279.5,129.4,24.7,35.0,26.5,175.2,64.2,357.0,2.4,4.5,1.7,162.3,2.1,93.9,7.6,143.4,206.1,1.4,299.3,153.9,4.3,324.9,34.2,157.4,3247.5000000000005,2020,6,6,5,2,6495.000000000001,2.626090254076629,6428.142857142857,6743.356666666668,322402,7.793321622959778,776754.7894012531,6448.04,64480.4,257921.6,298.65926289277553,0.33204979418153263
Gangtok,2020-05-15,4.3445,10.27,88.72,1.9,281.8991603902216,2879.8562655433675,0.2143210750888085,2.9989196322598706,2312,2020-05-15,181.9,2.0,22.2,100.6,3.4,79.4,4.2,72.0,7.5,49.7,13.9,10.0,306.3,120.4,21.9,43.2,23.2,209.5,71.9,405.5,2.3,5.1,1.6,202.9,2.1,81.2,8.5,121.2,219.7,1.2,303.5,156.8,3.9,339.7,30.1,145.2,3368.9,2020,5,15,4,2,6742.599999999999,1.589549652709743,6476.0,6003.933333333334,318012,11.00590377745894,1132432.5874834538,6360.24,63602.4,254409.6,442.6217986598988,0.22465741286017554
Gangtok,2020-05-16,3.6576,10.07,88.66,1.98,293.8778807796024,3002.1393577453105,0.2121702088962662,3.175236474799966,2313,2020-05-16,185.5,1.9,22.1,101.9,3.5,76.5,4.3,73.3,7.6,53.0,16.2,8.9,306.5,128.5,22.4,43.8,25.9,204.1,71.2,405.1,2.2,5.1,1.5,205.5,2.4,81.3,8.5,129.8,225.2,0.9,296.5,152.8,3.9,350.6,30.5,151.7,3405.6,2020,5,16,5,2,6816.200000000001,1.09156705128588,6511.099999999999,6033.223333333333,638661,5.063212828906852,543107.6834747631,12773.220000000001,127732.20000000001,510928.8,103.79811501617506,0.9407487222099288
Gangtok,2020-05-17,5.2589,10.54,81.4,1.62,312.96183204783614,3200.565600194744,0.238868522489879,3.766244306500447,2314,2020-05-17,177.6,1.9,21.5,101.6,3.4,75.7,3.8,75.7,7.3,51.4,16.3,9.1,299.7,128.2,20.6,43.0,26.3,192.5,63.7,404.9,2.4,4.8,1.5,204.5,2.2,81.3,8.5,135.7,220.8,0.9,277.3,144.2,3.9,361.1,28.0,149.0,3344.7,2020,5,17,6,2,6695.0,-1.77811683929463,6590.5142857142855,6057.35,598929,9.118888433384239,1041660.37107839,11978.58,119785.8,479143.2,214.90063744583873,0.45997981042914393
Gangtok,2020-05-18,4.1741,10.64,83.3,1.73,222.99702127311505,2278.668814254924,0.1590258863064431,2.463815608425709,2315,2020-05-18,174.1,1.9,27.6,105.9,3.8,76.3,4.2,78.7,7.4,52.9,14.9,10.3,303.5,135.5,22.4,43.3,26.9,169.2,63.3,418.3,2.6,5.0,1.5,205.3,2.1,83.4,8.5,142.3,225.6,1.3,270.5,149.5,3.9,367.1,30.6,157.7,3391.9,2020,5,18,0,2,6789.2,1.40702016430172,6685.128571428571,6089.726666666667,780466,9.190997860700753,748091.2780943018,15609.32,156093.2,624372.8,117.31484108441333,0.8346200305536289
Gangtok,2020-05-19,4.6699,10.26,83.44,1.67,267.4625583268417,2732.640628746392,0.1974073712280035,3.1133584237305145,2316,2020-05-19,164.7,1.9,30.9,102.2,3.9,76.2,4.4,81.3,7.9,52.7,14.8,10.5,307.0,134.0,23.6,44.2,26.5,174.0,65.6,420.9,2.6,5.2,1.7,208.3,2.1,74.2,8.5,143.6,231.8,1.2,274.7,151.3,3.9,370.6,31.7,148.2,3401.3,2020,5,19,1,2,6808.099999999999,0.2783833146762227,6730.228571428571,6125.856666666668,773695,7.776618434404934,759183.305483132,15473.9,154739.0,618956.0,120.15545620094676,0.8152908266538873
Gangtok,2020-05-20,2.016,10.28,82.07,1.57,314.0457938884043,3215.0632596869136,0.2400729240189435,4.604665450162271,2317,2020-05-20,175.5,2.0,28.4,93.3,4.0,74.8,4.4,82.3,8.1,47.3,15.0,10.6,308.6,139.8,23.8,45.3,19.3,188.0,70.1,426.2,2.4,5.0,1.6,203.8,2.2,57.4,8.5,145.4,230.0,1.2,296.7,159.8,3.9,383.2,32.9,75.1,3371.2000000000003,2020,5,20,2,2,6747.1,-0.8959915394897044,6747.9,6159.816666666667,663556,6.659194999758354,763321.6458302337,13271.12,132711.2,530844.8,141.29375023175015,0.6954396059121535
Gangtok,2020-05-21,2.784,10.29,81.24,1.3,484.4608548279167,4956.921158773319,0.3787740493182112,6.39677026960725,2318,2020-05-21,186.9,2.1,20.2,81.6,4.2,78.0,4.5,84.8,8.2,47.3,16.6,10.6,316.6,142.4,24.3,43.4,17.4,196.5,71.2,434.5,2.8,4.4,1.5,207.2,2.3,70.0,8.5,160.4,233.5,1.1,302.2,166.9,3.9,382.7,33.7,51.5,3419.3,2020,5,21,3,2,6843.2,1.4243156319011074,6777.342857142857,6201.990000000001,775278,6.642718267830857,1174619.9942012397,15505.56,155055.6,620222.4,186.88690285956127,0.528019167937451
Gangtok,2020-05-22,3.0626,11.33,81.91,1.42,309.5809210920232,3166.017998627707,0.2399508697316888,3.8626216955439454,2319,2020-05-22,192.3,2.0,21.7,92.5,4.5,79.2,4.5,91.7,8.6,52.5,16.3,10.3,317.1,154.5,24.8,44.9,23.5,201.3,72.4,442.1,2.4,4.7,1.7,209.3,2.3,77.2,8.5,168.2,237.2,1.3,306.5,173.3,3.9,402.6,35.2,78.3,3565.1,2020,5,22,4,2,7134.4,4.255319148936176,6833.314285714286,6246.483333333334,329473,11.185967687625268,1263981.1957148332,6589.46,65894.6,263578.4,477.0465773048296,0.20853015247650364
Gangtok,2020-05-23,3.2971,11.42,87.19,1.88,380.9419243993407,3896.9444239727577,0.2933331639016568,4.962811838029397,2320,2020-05-23,195.9,1.5,23.6,98.6,4.6,79.4,4.6,95.2,8.1,54.7,16.5,10.7,315.2,158.0,24.1,41.2,27.3,201.2,74.0,443.5,2.5,5.1,1.4,216.6,2.1,84.5,8.5,171.0,244.1,1.3,311.9,168.1,3.9,417.5,36.1,102.9,3651.1,2020,5,23,5,2,7306.5,2.4122561112357,6903.357142857143,6295.37,678007,8.094170616480003,1125444.259836349,13560.14,135601.4,542405.6,204.99126849655482,0.4819475627618452
Gangtok,2020-05-24,3.1598,11.24,88.92,2.05,331.3531300728466,3390.319078053461,0.2597622941068829,4.231194467057071,2321,2020-05-24,194.0,1.6,22.9,109.2,4.5,83.8,4.1,98.0,8.7,55.0,17.3,10.0,312.2,154.3,22.4,46.2,27.7,192.6,69.7,447.4,2.4,4.6,1.6,216.2,2.1,85.0,7.6,168.3,245.8,0.9,302.2,172.3,4.3,426.9,34.6,118.4,3674.8,2020,5,24,6,2,7349.6,0.589885718196137,6996.871428571429,6345.823333333334,617009,7.316225540924203,884852.7951560111,12340.18,123401.8,493607.2,176.76253813883002,0.5578404056152245
Gangtok,2020-05-25,3.6751,10.76,80.09,2.05,374.5515346174102,3834.449084009233,0.29073825950854,5.110555584043095,2322,2020-05-25,191.6,1.5,20.0,105.8,5.0,85.8,4.4,101.5,9.0,55.3,17.3,10.6,319.8,162.7,24.5,47.4,28.3,200.9,75.9,457.9,2.4,4.3,1.7,220.3,2.1,85.8,7.6,175.9,249.6,1.1,306.3,177.1,4.3,426.5,36.1,113.4,3735.8,2020,5,25,0,2,7475.500000000001,1.7130183955589515,7094.914285714285,6401.906666666667,518714,8.14144301681982,1113027.3412217726,10374.28,103742.8,414971.2,265.71797301156624,0.37283075788033
Gangtok,2020-05-26,3.5443,10.29,77.81,1.81,332.7624370853408,3403.815119968726,0.257447463283904,4.12586275347288,2323,2020-05-26,193.5,1.3,15.7,108.9,5.4,87.1,4.7,106.9,9.3,56.7,17.5,10.9,323.1,167.8,25.4,44.4,27.9,187.3,77.4,462.7,1.8,3.7,1.3,218.0,1.6,86.7,7.6,184.3,253.8,1.2,318.9,176.3,4.3,425.3,36.3,120.2,3771.6,2020,5,26,1,2,7546.800000000001,0.9537823556952764,7200.442857142857,6470.550000000001,426156,9.68573281021553,1176412.5400329398,8523.12,85231.20000000001,340924.8,342.5651111426742,0.2898001326901202
Gangtok,2020-05-27,3.7478,9.65,80.77,1.32,285.4326782238401,2916.9235397521443,0.2201191109291045,3.1892448036591685,2324,2020-05-27,194.8,1.4,17.8,79.3,5.5,86.7,4.8,110.4,9.2,53.8,17.3,10.8,321.1,168.2,25.6,41.3,24.4,187.0,77.7,460.7,1.8,4.2,1.6,218.3,1.8,88.2,8.2,182.7,260.7,1.2,324.6,176.9,1.9,395.3,35.5,104.6,3705.2999999999993,2020,5,27,2,2,7410.5999999999985,-1.804738432183206,7295.228571428571,6534.8966666666665,368964,6.020295977713262,627212.0596859016,7379.28,73792.8,295171.2,209.9909407441856,0.4706075478527457
Gangtok,2020-05-28,3.9994,8.72,77.66,1.16,370.26235136925806,3788.58341870952,0.2892487116306813,4.893855943973852,2325,2020-05-28,195.4,1.6,23.4,79.0,5.0,90.0,4.6,105.6,9.4,51.7,16.8,10.7,321.5,139.3,24.2,43.3,22.2,192.1,74.3,457.3,2.2,4.8,1.3,210.9,2.1,79.3,7.8,150.3,249.4,1.3,307.0,180.5,3.2,350.0,34.1,89.8,3541.4000000000005,2020,5,28,3,2,7082.800000000001,-4.42339351739397,7329.457142857143,6582.003333333333,725303,8.146036846496164,1100902.3263503644,14506.06,145060.6,580242.4,187.23145126077728,0.5270602659759217
Gangtok,2020-05-29,4.3517,8.64,83.48,1.73,478.5977366602617,4896.060546520335,0.3660857445467344,5.9730673078322445,2326,2020-05-29,193.3,1.9,24.0,95.5,4.3,82.5,4.8,88.4,8.9,53.7,17.4,10.9,323.9,109.0,24.7,44.1,23.4,192.8,69.8,462.6,2.5,5.2,1.4,203.7,2.1,73.6,7.8,134.0,250.1,1.2,298.8,182.4,3.2,337.1,33.8,113.9,3483.6000000000004,2020,5,29,4,2,6970.300000000001,-1.5883548878974365,7306.014285714286,6623.58,261813,9.11519059777271,1592316.0001021347,5236.26,52362.600000000006,209450.4,757.7353588735732,0.1315381296479064
Gangtok,2020-05-30,4.0346,9.2,79.68,1.74,301.15681564388825,3078.7466348776184,0.2278651475883544,3.790631005788724,2327,2020-05-30,186.4,1.9,25.6,91.0,3.4,74.6,4.8,73.3,9.3,53.2,17.6,10.6,326.5,96.1,19.6,41.8,24.9,183.5,70.5,461.2,2.5,5.4,1.7,206.0,2.0,75.1,8.0,127.5,186.9,1.2,306.6,164.0,3.6,282.0,28.2,129.5,3306.0,2020,5,30,5,2,6612.0,-5.140381332223876,7206.800000000001,6646.9766666666665,227712,11.640083483960037,1279504.0236883238,4554.24,45542.4,182169.6,699.8696729247491,0.14237505646900447
Gangtok,2020-05-31,3.2568,10.01,86.85,1.86,249.73370133051708,2553.9185660072176,0.1841215946829328,2.860683421839729,2328,2020-05-31,184.1,2.0,25.1,78.0,3.4,74.0,4.4,73.3,9.1,48.3,16.0,9.1,319.2,96.1,19.6,41.8,21.2,168.5,63.5,443.5,2.2,5.5,1.7,204.8,2.2,84.9,7.2,127.5,186.9,0.9,288.5,145.9,4.1,282.0,28.2,120.4,3193.1000000000004,2020,5,31,6,2,6386.200000000001,-3.415003024803376,7069.171428571429,6664.65,312816,6.767694474527935,616894.3075682517,6256.32,62563.200000000004,250252.8,244.00845367894058,0.4056649433539623
Gangtok,2020-06-01,3.9559,10.2,87.95,2.3,241.33120264978788,2466.919523359967,0.1838462953921675,2.8114872508835966,2329,2020-06-01,178.2,1.6,24.2,94.1,3.9,72.7,4.5,74.6,9.2,54.9,15.9,9.1,325.4,109.4,22.7,41.3,20.3,164.5,68.3,388.3,2.5,5.2,1.5,200.7,2.2,80.3,7.7,134.9,197.4,1.2,303.3,138.5,4.4,331.0,29.4,123.1,3246.4,2020,6,1,0,2,6492.8,1.669224264821012,6928.785714285716,6681.33,328778,7.514755235413719,661943.8952821316,6575.56,65755.6,263022.4,249.1682591604865,0.39734787876549094
Gangtok,2020-06-02,4.9819,9.5,83.96,2.04,310.66454541812976,3176.1546364767623,0.2262529446429115,4.039883290228578,2330,2020-06-02,172.0,2.0,24.8,99.6,4.0,73.7,4.6,81.1,9.2,57.9,17.8,8.2,314.4,119.1,24.3,42.7,23.6,155.9,65.6,374.1,2.4,5.0,1.6,184.4,2.2,75.6,7.7,141.5,201.2,1.3,305.1,140.2,4.4,348.7,33.2,130.9,3255.8,2020,6,2,1,2,6515.799999999999,0.3542385411532622,6781.5,6701.130000000001,786580,7.6555101294569665,868077.8846237472,15731.6,157316.0,629264.0,135.45130257312468,0.7248926464473824
Gangtok,2020-06-03,3.7894,9.99,84.04,1.95,313.6845465959038,3207.1259654874643,0.2308179878029488,4.137346270936916,2331,2020-06-03,175.3,2.0,23.2,106.7,4.1,76.8,2.8,85.7,7.1,59.6,17.4,7.7,301.9,127.1,24.6,43.3,26.6,144.6,65.6,288.2,2.6,5.2,1.4,182.9,2.3,77.0,7.7,140.0,203.8,1.3,311.9,139.7,4.4,365.4,35.3,138.6,3205.5,2020,6,3,2,2,6415.300000000001,-1.542404616470705,6639.314285714287,6714.986666666667,485977,9.23876710351418,1057791.341539414,9719.54,97195.40000000001,388781.6,269.57855040964233,0.36754056985722067
Gangtok,2020-06-04,3.5902,10.44,87.86,2.0,348.81831807760136,3567.7541219780264,0.2645036245518558,4.582115335423527,2332,2020-06-04,174.3,2.0,23.9,100.7,4.1,76.4,4.1,85.1,8.9,59.5,17.7,8.4,298.3,126.0,24.9,44.4,25.0,166.4,66.3,283.6,2.4,5.1,1.7,143.2,2.3,79.6,7.7,146.5,201.2,1.4,319.5,142.8,4.4,342.0,35.1,148.8,3179.4,2020,6,4,3,2,6363.1,-0.8136797967359444,6536.5,6723.79,335230,7.4971243712800115,954524.0244670982,6704.6,67046.0,268184.0,353.4213168821027,0.280960680051028
Gangtok,2020-06-05,2.2481,10.91,87.58,2.03,324.3144980561957,3316.573958372721,0.2453064743159736,4.187136047529455,2333,2020-06-05,181.6,1.9,26.0,74.0,3.9,74.9,4.9,81.0,10.0,61.1,17.4,8.8,288.9,121.4,25.3,42.8,24.7,177.3,66.4,335.2,2.5,5.3,1.7,149.8,2.2,84.5,7.6,151.0,198.0,1.4,321.4,149.2,3.2,284.9,32.9,141.3,3164.4,2020,6,5,4,2,6328.799999999999,-0.5390454338294437,6444.857142857143,6731.493333333333,469114,8.73458347709787,1033954.5004783017,9382.28,93822.8,375291.2,273.0072595569258,0.3629664911366036
Gangtok,2020-06-06,2.6239,11.91,86.09,1.84,273.06653265259115,2792.8550195045905,0.2092881796340456,3.4253800892322954,2334,2020-06-06,186.6,1.7,24.2,85.3,3.9,76.5,5.1,80.2,10.0,62.3,12.4,8.4,279.5,129.4,24.7,35.0,26.5,175.2,64.2,357.0,2.4,4.5,1.7,162.3,2.1,93.9,7.6,143.4,206.1,1.4,299.3,153.9,4.3,324.9,34.2,157.4,3247.5000000000005,2020,6,6,5,2,6495.000000000001,2.626090254076629,6428.142857142857,6743.356666666668,534618,10.472532308915206,1043789.801276014,10692.36,106923.6,427694.4,241.55037832527478,0.4097510722236218
Agartala,2020-05-15,5.033,28.44,83.6,1.58,281.8991603902216,2879.8562655433675,0.2143210750888085,2.9989196322598706,2312,2020-05-15,181.9,2.0,22.2,100.6,3.4,79.4,4.2,72.0,7.5,49.7,13.9,10.0,306.3,120.4,21.9,43.2,23.2,209.5,71.9,405.5,2.3,5.1,1.6,202.9,2.1,81.2,8.5,121.2,219.7,1.2,303.5,156.8,3.9,339.7,30.1,145.2,3368.9,2020,5,15,4,2,6742.599999999999,1.589549652709743,6476.0,6003.933333333334,351456,9.937699158785424,1022521.6029113611,7029.12,70291.2,281164.8,361.17340538764495,0.27497172111350693
Agartala,2020-05-16,6.0953,28.82,83.77,1.95,293.8778807796024,3002.1393577453105,0.2121702088962662,3.175236474799966,2313,2020-05-16,185.5,1.9,22.1,101.9,3.5,76.5,4.3,73.3,7.6,53.0,16.2,8.9,306.5,128.5,22.4,43.8,25.9,204.1,71.2,405.1,2.2,5.1,1.5,205.5,2.4,81.3,8.5,129.8,225.2,0.9,296.5,152.8,3.9,350.6,30.5,151.7,3405.6,2020,5,16,5,2,6816.200000000001,1.09156705128588,6511.099999999999,6033.223333333333,305570,8.1245805255881,871486.5950853165,6111.400000000001,61114.0,244456.0,354.000390698251,0.28050427955439616
Agartala,2020-05-17,6.3458,29.47,80.56,1.19,312.96183204783614,3200.565600194744,0.238868522489879,3.766244306500447,2314,2020-05-17,177.6,1.9,21.5,101.6,3.4,75.7,3.8,75.7,7.3,51.4,16.3,9.1,299.7,128.2,20.6,43.0,26.3,192.5,63.7,404.9,2.4,4.8,1.5,204.5,2.2,81.3,8.5,135.7,220.8,0.9,277.3,144.2,3.9,361.1,28.0,149.0,3344.7,2020,5,17,6,2,6695.0,-1.77811683929463,6590.5142857142855,6057.35,470846,11.049513243719183,1262197.706416782,9416.92,94169.20000000001,376676.8,332.5877214675239,0.2984290810036848
Agartala,2020-05-18,6.4274,29.73,80.97,1.17,222.99702127311505,2278.668814254924,0.1590258863064431,2.463815608425709,2315,2020-05-18,174.1,1.9,27.6,105.9,3.8,76.3,4.2,78.7,7.4,52.9,14.9,10.3,303.5,135.5,22.4,43.3,26.9,169.2,63.3,418.3,2.6,5.0,1.5,205.3,2.1,83.4,8.5,142.3,225.6,1.3,270.5,149.5,3.9,367.1,30.6,157.7,3391.9,2020,5,18,0,2,6789.2,1.40702016430172,6685.128571428571,6089.726666666667,200404,8.90698174715704,724974.0953247595,4008.08,40080.8,160323.2,449.695374920635,0.2211430448216731
Agartala,2020-05-19,4.2394,28.5,81.0,1.32,267.4625583268417,2732.640628746392,0.1974073712280035,3.1133584237305145,2316,2020-05-19,164.7,1.9,30.9,102.2,3.9,76.2,4.4,81.3,7.9,52.7,14.8,10.5,307.0,134.0,23.6,44.2,26.5,174.0,65.6,420.9,2.6,5.2,1.7,208.3,2.1,74.2,8.5,143.6,231.8,1.2,274.7,151.3,3.9,370.6,31.7,148.2,3401.3,2020,5,19,1,2,6808.099999999999,0.2783833146762227,6730.228571428571,6125.856666666668,474907,8.779340876515487,857072.9145085309,9498.14,94981.40000000001,379925.6,223.08967190116456,0.44328218788207957
Agartala,2020-05-20,2.9717,27.77,82.94,3.91,314.0457938884043,3215.0632596869136,0.2400729240189435,4.604665450162271,2317,2020-05-20,175.5,2.0,28.4,93.3,4.0,74.8,4.4,82.3,8.1,47.3,15.0,10.6,308.6,139.8,23.8,45.3,19.3,188.0,70.1,426.2,2.4,5.0,1.6,203.8,2.2,57.4,8.5,145.4,230.0,1.2,296.7,159.8,3.9,383.2,32.9,75.1,3371.2000000000003,2020,5,20,2,2,6747.1,-0.8959915394897044,6747.9,6159.816666666667,435365,5.239314361574107,600565.3929106824,8707.3,87073.0,348292.0,169.93157836260445,0.5799392109038622
Agartala,2020-05-21,3.2894,27.66,87.59,6.06,484.4608548279167,4956.921158773319,0.3787740493182112,6.39677026960725,2318,2020-05-21,186.9,2.1,20.2,81.6,4.2,78.0,4.5,84.8,8.2,47.3,16.6,10.6,316.6,142.4,24.3,43.4,17.4,196.5,71.2,434.5,2.8,4.4,1.5,207.2,2.3,70.0,8.5,160.4,233.5,1.1,302.2,166.9,3.9,382.7,33.7,51.5,3419.3,2020,5,21,3,2,6843.2,1.4243156319011074,6777.342857142857,6201.990000000001,542786,11.906850862500132,2105467.148711696,10855.72,108557.20000000001,434228.8,482.3750586584068,0.20623859841608055
Agartala,2020-05-22,4.0385,28.25,86.27,2.63,309.5809210920232,3166.017998627707,0.2399508697316888,3.8626216955439454,2319,2020-05-22,192.3,2.0,21.7,92.5,4.5,79.2,4.5,91.7,8.6,52.5,16.3,10.3,317.1,154.5,24.8,44.9,23.5,201.3,72.4,442.1,2.4,4.7,1.7,209.3,2.3,77.2,8.5,168.2,237.2,1.3,306.5,173.3,3.9,402.6,35.2,78.3,3565.1,2020,5,22,4,2,7134.4,4.255319148936176,6833.314285714286,6246.483333333334,250612,5.860795659707387,662252.5393124857,5012.24,50122.4,200489.6,327.81765204403905,0.3027384349023442
Agartala,2020-05-23,5.6174,28.99,84.8,2.54,380.9419243993407,3896.9444239727577,0.2933331639016568,4.962811838029397,2320,2020-05-23,195.9,1.5,23.6,98.6,4.6,79.4,4.6,95.2,8.1,54.7,16.5,10.7,315.2,158.0,24.1,41.2,27.3,201.2,74.0,443.5,2.5,5.1,1.4,216.6,2.1,84.5,8.5,171.0,244.1,1.3,311.9,168.1,3.9,417.5,36.1,102.9,3651.1,2020,5,23,5,2,7306.5,2.4122561112357,6903.357142857143,6295.37,400244,6.617916386993526,920180.2584509647,8004.88,80048.8,320195.2,284.8810283386399,0.3479697038592346
Agartala,2020-05-24,5.2502,28.73,86.94,3.59,331.3531300728466,3390.319078053461,0.2597622941068829,4.231194467057071,2321,2020-05-24,194.0,1.6,22.9,109.2,4.5,83.8,4.1,98.0,8.7,55.0,17.3,10.0,312.2,154.3,22.4,46.2,27.7,192.6,69.7,447.4,2.4,4.6,1.6,216.2,2.1,85.0,7.6,168.3,245.8,0.9,302.2,172.3,4.3,426.9,34.6,118.4,3674.8,2020,5,24,6,2,7349.6,0.589885718196137,6996.871428571429,6345.823333333334,204809,5.361877860690688,648486.3794559777,4096.18,40961.8,163847.2,393.28728196513435,0.2526605839846151
Agartala,2020-05-25,4.2089,28.52,85.53,4.52,374.5515346174102,3834.449084009233,0.29073825950854,5.110555584043095,2322,2020-05-25,191.6,1.5,20.0,105.8,5.0,85.8,4.4,101.5,9.0,55.3,17.3,10.6,319.8,162.7,24.5,47.4,28.3,200.9,75.9,457.9,2.4,4.3,1.7,220.3,2.1,85.8,7.6,175.9,249.6,1.1,306.3,177.1,4.3,426.5,36.1,113.4,3735.8,2020,5,25,0,2,7475.500000000001,1.7130183955589515,7094.914285714285,6401.906666666667,363273,9.480020767858395,1296026.0592842926,7265.46,72654.6,290618.4,443.4545779910331,0.2242379107119019
Agartala,2020-05-26,4.7237,28.18,85.09,4.46,332.7624370853408,3403.815119968726,0.257447463283904,4.12586275347288,2323,2020-05-26,193.5,1.3,15.7,108.9,5.4,87.1,4.7,106.9,9.3,56.7,17.5,10.9,323.1,167.8,25.4,44.4,27.9,187.3,77.4,462.7,1.8,3.7,1.3,218.0,1.6,86.7,7.6,184.3,253.8,1.2,318.9,176.3,4.3,425.3,36.3,120.2,3771.6,2020,5,26,1,2,7546.800000000001,0.9537823556952764,7200.442857142857,6470.550000000001,344528,6.572908238808759,798334.1919637761,6890.56,68905.6,275622.4,287.1477905873311,0.34524646135417536
Agartala,2020-05-27,1.4225,27.66,89.73,3.5,285.4326782238401,2916.9235397521443,0.2201191109291045,3.1892448036591685,2324,2020-05-27,194.8,1.4,17.8,79.3,5.5,86.7,4.8,110.4,9.2,53.8,17.3,10.8,321.1,168.2,25.6,41.3,24.4,187.0,77.7,460.7,1.8,4.2,1.6,218.3,1.8,88.2,8.2,182.7,260.7,1.2,324.6,176.9,1.9,395.3,35.5,104.6,3705.2999999999993,2020,5,27,2,2,7410.5999999999985,-1.804738432183206,7295.228571428571,6534.8966666666665,706964,6.260073062309065,652192.7383189044,14139.28,141392.80000000002,565571.2,112.81576189150091,0.8671828120549228
Agartala,2020-05-28,5.2668,27.58,86.83,1.62,370.26235136925806,3788.58341870952,0.2892487116306813,4.893855943973852,2325,2020-05-28,195.4,1.6,23.4,79.0,5.0,90.0,4.6,105.6,9.4,51.7,16.8,10.7,321.5,139.3,24.2,43.3,22.2,192.1,74.3,457.3,2.2,4.8,1.3,210.9,2.1,79.3,7.8,150.3,249.4,1.3,307.0,180.5,3.2,350.0,34.1,89.8,3541.4000000000005,2020,5,28,3,2,7082.800000000001,-4.42339351739397,7329.457142857143,6582.003333333333,649613,5.619889089562689,759504.172288611,12992.26,129922.6,519690.4,143.64550745763455,0.6842486647378859
Agartala,2020-05-29,4.3572,27.69,85.5,1.27,478.5977366602617,4896.060546520335,0.3660857445467344,5.9730673078322445,2326,2020-05-29,193.3,1.9,24.0,95.5,4.3,82.5,4.8,88.4,8.9,53.7,17.4,10.9,323.9,109.0,24.7,44.1,23.4,192.8,69.8,462.6,2.5,5.2,1.4,203.7,2.1,73.6,7.8,134.0,250.1,1.2,298.8,182.4,3.2,337.1,33.8,113.9,3483.6000000000004,2020,5,29,4,2,6970.300000000001,-1.5883548878974365,7306.014285714286,6623.58,238765,5.7231626998681095,999768.840863788,4775.3,47753.0,191012.0,520.9062995329026,0.19105597327777776
Agartala,2020-05-30,3.929,27.54,87.32,1.79,301.15681564388825,3078.7466348776184,0.2278651475883544,3.790631005788724,2327,2020-05-30,186.4,1.9,25.6,91.0,3.4,74.6,4.8,73.3,9.3,53.2,17.6,10.6,326.5,96.1,19.6,41.8,24.9,183.5,70.5,461.2,2.5,5.4,1.7,206.0,2.0,75.1,8.0,127.5,186.9,1.2,306.6,164.0,3.6,282.0,28.2,129.5,3306.0,2020,5,30,5,2,6612.0,-5.140381332223876,7206.800000000001,6646.9766666666665,516076,9.09269490309812,999489.3705630316,10321.52,103215.20000000001,412860.8,239.58870654783203,0.41307131330082525
Agartala,2020-05-31,4.6248,27.89,85.92,1.31,249.73370133051708,2553.9185660072176,0.1841215946829328,2.860683421839729,2328,2020-05-31,184.1,2.0,25.1,78.0,3.4,74.0,4.4,73.3,9.1,48.3,16.0,9.1,319.2,96.1,19.6,41.8,21.2,168.5,63.5,443.5,2.2,5.5,1.7,204.8,2.2,84.9,7.2,127.5,186.9,0.9,288.5,145.9,4.1,282.0,28.2,120.4,3193.1000000000004,2020,5,31,6,2,6386.200000000001,-3.415003024803376,7069.171428571429,6664.65,746237,9.817455061066168,894888.5273668162,14924.74,149247.4,596989.6,147.4001870998785,0.6671098294742847
Agartala,2020-06-01,5.2831,27.51,89.81,2.26,241.33120264978788,2466.919523359967,0.1838462953921675,2.8114872508835966,2329,2020-06-01,178.2,1.6,24.2,94.1,3.9,72.7,4.5,74.6,9.2,54.9,15.9,9.1,325.4,109.4,22.7,41.3,20.3,164.5,68.3,388.3,2.5,5.2,1.5,200.7,2.2,80.3,7.7,134.9,197.4,1.2,303.3,138.5,4.4,331.0,29.4,123.1,3246.4,2020,6,1,0,2,6492.8,1.669224264821012,6928.785714285716,6681.33,401152,7.781652919250807,685453.815026201,8023.04,80230.40000000001,320921.6,211.08918035626178,0.4681878264838405
Agartala,2020-06-02,5.179,27.49,91.21,2.43,310.66454541812976,3176.1546364767623,0.2262529446429115,4.039883290228578,2330,2020-06-02,172.0,2.0,24.8,99.6,4.0,73.7,4.6,81.1,9.2,57.9,17.8,8.2,314.4,119.1,24.3,42.7,23.6,155.9,65.6,374.1,2.4,5.0,1.6,184.4,2.2,75.6,7.7,141.5,201.2,1.3,305.1,140.2,4.4,348.7,33.2,130.9,3255.8,2020,6,2,1,2,6515.799999999999,0.3542385411532622,6781.5,6701.130000000001,499888,8.359279571144512,947880.102617324,9997.76,99977.6,399910.4,234.52311883294956,0.4218993277698572
Agartala,2020-06-03,4.6428,27.29,87.45,2.66,313.6845465959038,3207.1259654874643,0.2308179878029488,4.137346270936916,2331,2020-06-03,175.3,2.0,23.2,106.7,4.1,76.8,2.8,85.7,7.1,59.6,17.4,7.7,301.9,127.1,24.6,43.3,26.6,144.6,65.6,288.2,2.6,5.2,1.4,182.9,2.3,77.0,7.7,140.0,203.8,1.3,311.9,139.7,4.4,365.4,35.3,138.6,3205.5,2020,6,3,2,2,6415.300000000001,-1.542404616470705,6639.314285714287,6714.986666666667,292193,9.801774151880888,1122252.754443895,5843.86,58438.600000000006,233754.4,477.59909308397835,0.2082901474594141
Agartala,2020-06-04,2.0878,27.1,90.73,2.15,348.81831807760136,3567.7541219780264,0.2645036245518558,4.582115335423527,2332,2020-06-04,174.3,2.0,23.9,100.7,4.1,76.4,4.1,85.1,8.9,59.5,17.7,8.4,298.3,126.0,24.9,44.4,25.0,166.4,66.3,283.6,2.4,5.1,1.7,143.2,2.3,79.6,7.7,146.5,201.2,1.4,319.5,142.8,4.4,342.0,35.1,148.8,3179.4,2020,6,4,3,2,6363.1,-0.8136797967359444,6536.5,6723.79,236187,5.121658531298357,652082.8348491812,4723.74,47237.4,188949.6,342.60940210997074,0.28976274200034674
Agartala,2020-06-05,6.1116,27.35,91.74,1.83,324.3144980561957,3316.573958372721,0.2453064743159736,4.187136047529455,2333,2020-06-05,181.6,1.9,26.0,74.0,3.9,74.9,4.9,81.0,10.0,61.1,17.4,8.8,288.9,121.4,25.3,42.8,24.7,177.3,66.4,335.2,2.5,5.3,1.7,149.8,2.2,84.5,7.6,151.0,198.0,1.4,321.4,149.2,3.2,284.9,32.9,141.3,3164.4,2020,6,5,4,2,6328.799999999999,-0.5390454338294437,6444.857142857143,6731.493333333333,705950,7.26191459949195,859627.6287153348,14119.0,141190.0,564760.0,149.71113901751804,0.6569813767649887
Agartala,2020-06-06,2.9198,27.64,93.6,2.34,273.06653265259115,2792.8550195045905,0.2092881796340456,3.4253800892322954,2334,2020-06-06,186.6,1.7,24.2,85.3,3.9,76.5,5.1,80.2,10.0,62.3,12.4,8.4,279.5,129.4,24.7,35.0,26.5,175.2,64.2,357.0,2.4,4.5,1.7,162.3,2.1,93.9,7.6,143.4,206.1,1.4,299.3,153.9,4.3,324.9,34.2,157.4,3247.5000000000005,2020,6,6,5,2,6495.000000000001,2.626090254076629,6428.142857142857,6743.356666666668,338311,11.811684236492425,1177262.115624883,6766.22,67662.2,270648.8,432.477770315214,0.22989661054346505
Dehradun,2020-05-15,7.5545,22.87,41.67,2.0,281.8991603902216,2879.8562655433675,0.2143210750888085,2.9989196322598706,2312,2020-05-15,181.9,2.0,22.2,100.6,3.4,79.4,4.2,72.0,7.5,49.7,13.9,10.0,306.3,120.4,21.9,43.2,23.2,209.5,71.9,405.5,2.3,5.1,1.6,202.9,2.1,81.2,8.5,121.2,219.7,1.2,303.5,156.8,3.9,339.7,30.1,145.2,3368.9,2020,5,15,4,2,6742.599999999999,1.589549652709743,6476.0,6003.933333333334,708153,9.060785607868276,932293.1671968627,14163.06,141630.6,566522.4,162.06421973727123,0.6076648550782722
Dehradun,2020-05-16,8.3083,23.64,41.78,1.86,293.8778807796024,3002.1393577453105,0.2121702088962662,3.175236474799966,2313,2020-05-16,185.5,1.9,22.1,101.9,3.5,76.5,4.3,73.3,7.6,53.0,16.2,8.9,306.5,128.5,22.4,43.8,25.9,204.1,71.2,405.1,2.2,5.1,1.5,205.5,2.4,81.3,8.5,129.8,225.2,0.9,296.5,152.8,3.9,350.6,30.5,151.7,3405.6,2020,5,16,5,2,6816.200000000001,1.09156705128588,6511.099999999999,6033.223333333333,389089,6.779572059282453,727213.6883217043,7781.78,77817.8,311271.2,231.12703916125366,0.4280320584810579
Dehradun,2020-05-17,8.0294,23.23,40.56,1.7,312.96183204783614,3200.565600194744,0.238868522489879,3.766244306500447,2314,2020-05-17,177.6,1.9,21.5,101.6,3.4,75.7,3.8,75.7,7.3,51.4,16.3,9.1,299.7,128.2,20.6,43.0,26.3,192.5,63.7,404.9,2.4,4.8,1.5,204.5,2.2,81.3,8.5,135.7,220.8,0.9,277.3,144.2,3.9,361.1,28.0,149.0,3344.7,2020,5,17,6,2,6695.0,-1.77811683929463,6590.5142857142855,6057.35,786165,8.652110326453492,988339.8090791135,15723.300000000001,157233.0,628932.0,154.64573420959874,0.6363513417866529
Dehradun,2020-05-18,7.7686,22.77,38.87,2.01,222.99702127311505,2278.668814254924,0.1590258863064431,2.463815608425709,2315,2020-05-18,174.1,1.9,27.6,105.9,3.8,76.3,4.2,78.7,7.4,52.9,14.9,10.3,303.5,135.5,22.4,43.3,26.9,169.2,63.3,418.3,2.6,5.0,1.5,205.3,2.1,83.4,8.5,142.3,225.6,1.3,270.5,149.5,3.9,367.1,30.6,157.7,3391.9,2020,5,18,0,2,6789.2,1.40702016430172,6685.128571428571,6089.726666666667,636341,7.398574416846407,602198.9206678413,12726.82,127268.20000000001,509072.8,115.79328156362732,0.8453551429157229
Dehradun,2020-05-19,8.3021,22.24,34.96,2.26,267.4625583268417,2732.640628746392,0.1974073712280035,3.1133584237305145,2316,2020-05-19,164.7,1.9,30.9,102.2,3.9,76.2,4.4,81.3,7.9,52.7,14.8,10.5,307.0,134.0,23.6,44.2,26.5,174.0,65.6,420.9,2.6,5.2,1.7,208.3,2.1,74.2,8.5,143.6,231.8,1.2,274.7,151.3,3.9,370.6,31.7,148.2,3401.3,2020,5,19,1,2,6808.099999999999,0.2783833146762227,6730.228571428571,6125.856666666668,512066,8.725714921784094,851837.743217041,10241.32,102413.20000000001,409652.8,205.44139408226704,0.4809041655617958
Dehradun,2020-05-20,8.7329,23.29,34.29,1.93,314.0457938884043,3215.0632596869136,0.2400729240189435,4.604665450162271,2317,2020-05-20,175.5,2.0,28.4,93.3,4.0,74.8,4.4,82.3,8.1,47.3,15.0,10.6,308.6,139.8,23.8,45.3,19.3,188.0,70.1,426.2,2.4,5.0,1.6,203.8,2.2,57.4,8.5,145.4,230.0,1.2,296.7,159.8,3.9,383.2,32.9,75.1,3371.2000000000003,2020,5,20,2,2,6747.1,-0.8959915394897044,6747.9,6159.816666666667,761419,5.8801905826465415,674026.9287059584,15228.380000000001,152283.80000000002,609135.2,108.15309125231288,0.9037239764967252
Dehradun,2020-05-21,8.8142,25.33,33.0,2.18,484.4608548279167,4956.921158773319,0.3787740493182112,6.39677026960725,2318,2020-05-21,186.9,2.1,20.2,81.6,4.2,78.0,4.5,84.8,8.2,47.3,16.6,10.6,316.6,142.4,24.3,43.4,17.4,196.5,71.2,434.5,2.8,4.4,1.5,207.2,2.3,70.0,8.5,160.4,233.5,1.1,302.2,166.9,3.9,382.7,33.7,51.5,3419.3,2020,5,21,3,2,6843.2,1.4243156319011074,6777.342857142857,6201.990000000001,325917,5.929002576734941,1048414.9246597046,6518.34,65183.4,260733.6,399.60196332950744,0.24869290313825504
Dehradun,2020-05-22,8.4206,26.52,32.32,1.95,309.5809210920232,3166.017998627707,0.2399508697316888,3.8626216955439454,2319,2020-05-22,192.3,2.0,21.7,92.5,4.5,79.2,4.5,91.7,8.6,52.5,16.3,10.3,317.1,154.5,24.8,44.9,23.5,201.3,72.4,442.1,2.4,4.7,1.7,209.3,2.3,77.2,8.5,168.2,237.2,1.3,306.5,173.3,3.9,402.6,35.2,78.3,3565.1,2020,5,22,4,2,7134.4,4.255319148936176,6833.314285714286,6246.483333333334,499770,6.00479653427575,678524.2113487154,9995.4,99954.0,399816.0,167.2091190319335,0.5892426593925366
Dehradun,2020-05-23,7.4177,26.69,36.0,2.24,380.9419243993407,3896.9444239727577,0.2933331639016568,4.962811838029397,2320,2020-05-23,195.9,1.5,23.6,98.6,4.6,79.4,4.6,95.2,8.1,54.7,16.5,10.7,315.2,158.0,24.1,41.2,27.3,201.2,74.0,443.5,2.5,5.1,1.4,216.6,2.1,84.5,8.5,171.0,244.1,1.3,311.9,168.1,3.9,417.5,36.1,102.9,3651.1,2020,5,23,5,2,7306.5,2.4122561112357,6903.357142857143,6295.37,681680,11.578738543487892,1609951.8341486803,13633.6,136336.0,545344.0,292.7176670411117,0.33873290473653533
Dehradun,2020-05-24,7.8326,26.36,36.18,2.41,331.3531300728466,3390.319078053461,0.2597622941068829,4.231194467057071,2321,2020-05-24,194.0,1.6,22.9,109.2,4.5,83.8,4.1,98.0,8.7,55.0,17.3,10.0,312.2,154.3,22.4,46.2,27.7,192.6,69.7,447.4,2.4,4.6,1.6,216.2,2.1,85.0,7.6,168.3,245.8,0.9,302.2,172.3,4.3,426.9,34.6,118.4,3674.8,2020,5,24,6,2,7349.6,0.589885718196137,6996.871428571429,6345.823333333334,481342,10.130292428389392,1225196.9982155305,9626.84,96268.40000000001,385073.6,315.67216194917813,0.3142949960421498
Dehradun,2020-05-25,8.2954,26.4,34.75,2.36,374.5515346174102,3834.449084009233,0.29073825950854,5.110555584043095,2322,2020-05-25,191.6,1.5,20.0,105.8,5.0,85.8,4.4,101.5,9.0,55.3,17.3,10.6,319.8,162.7,24.5,47.4,28.3,200.9,75.9,457.9,2.4,4.3,1.7,220.3,2.1,85.8,7.6,175.9,249.6,1.1,306.3,177.1,4.3,426.5,36.1,113.4,3735.8,2020,5,25,0,2,7475.500000000001,1.7130183955589515,7094.914285714285,6401.906666666667,739542,6.136673262636246,838952.641607603,14790.84,147908.4,591633.6,139.30273764160845,0.7052041622542
Dehradun,2020-05-26,7.6466,26.94,34.91,2.39,332.7624370853408,3403.815119968726,0.257447463283904,4.12586275347288,2323,2020-05-26,193.5,1.3,15.7,108.9,5.4,87.1,4.7,106.9,9.3,56.7,17.5,10.9,323.1,167.8,25.4,44.4,27.9,187.3,77.4,462.7,1.8,3.7,1.3,218.0,1.6,86.7,7.6,184.3,253.8,1.2,318.9,176.3,4.3,425.3,36.3,120.2,3771.6,2020,5,26,1,2,7546.800000000001,0.9537823556952764,7200.442857142857,6470.550000000001,244238,6.31844358635921,767427.3505298431,4884.76,48847.600000000006,195390.4,390.26614947809264,0.25460409413478113
Dehradun,2020-05-27,7.0423,26.91,38.01,2.57,285.4326782238401,2916.9235397521443,0.2201191109291045,3.1892448036591685,2324,2020-05-27,194.8,1.4,17.8,79.3,5.5,86.7,4.8,110.4,9.2,53.8,17.3,10.8,321.1,168.2,25.6,41.3,24.4,187.0,77.7,460.7,1.8,4.2,1.6,218.3,1.8,88.2,8.2,182.7,260.7,1.2,324.6,176.9,1.9,395.3,35.5,104.6,3705.2999999999993,2020,5,27,2,2,7410.5999999999985,-1.804738432183206,7295.228571428571,6534.8966666666665,201252,10.115806324096134,1053894.317390353,4025.04,40250.4,161001.6,652.0862385158613,0.15276811400839208
Dehradun,2020-05-28,5.5596,23.11,51.2,2.7,370.26235136925806,3788.58341870952,0.2892487116306813,4.893855943973852,2325,2020-05-28,195.4,1.6,23.4,79.0,5.0,90.0,4.6,105.6,9.4,51.7,16.8,10.7,321.5,139.3,24.2,43.3,22.2,192.1,74.3,457.3,2.2,4.8,1.3,210.9,2.1,79.3,7.8,150.3,249.4,1.3,307.0,180.5,3.2,350.0,34.1,89.8,3541.4000000000005,2020,5,28,3,2,7082.800000000001,-4.42339351739397,7329.457142857143,6582.003333333333,685450,6.093146913545217,823462.9597583702,13709.0,137090.0,548360.0,147.66831274315598,0.6659186397919659
Dehradun,2020-05-29,4.5689,22.83,55.54,1.39,478.5977366602617,4896.060546520335,0.3660857445467344,5.9730673078322445,2326,2020-05-29,193.3,1.9,24.0,95.5,4.3,82.5,4.8,88.4,8.9,53.7,17.4,10.9,323.9,109.0,24.7,44.1,23.4,192.8,69.8,462.6,2.5,5.2,1.4,203.7,2.1,73.6,7.8,134.0,250.1,1.2,298.8,182.4,3.2,337.1,33.8,113.9,3483.6000000000004,2020,5,29,4,2,6970.300000000001,-1.5883548878974365,7306.014285714286,6623.58,515826,6.641929053343801,1160266.4573757579,10316.52,103165.20000000001,412660.8,278.6671128868451,0.35566006559671864
Dehradun,2020-05-30,2.8006,20.08,69.63,1.52,301.15681564388825,3078.7466348776184,0.2278651475883544,3.790631005788724,2327,2020-05-30,186.4,1.9,25.6,91.0,3.4,74.6,4.8,73.3,9.3,53.2,17.6,10.6,326.5,96.1,19.6,41.8,24.9,183.5,70.5,461.2,2.5,5.4,1.7,206.0,2.0,75.1,8.0,127.5,186.9,1.2,306.6,164.0,3.6,282.0,28.2,129.5,3306.0,2020,5,30,5,2,6612.0,-5.140381332223876,7206.800000000001,6646.9766666666665,521638,11.743427829742792,1290863.8654314422,10432.76,104327.6,417310.4,306.82942611337796,0.32327969501325265
Dehradun,2020-05-31,1.5389,19.97,76.24,1.82,249.73370133051708,2553.9185660072176,0.1841215946829328,2.860683421839729,2328,2020-05-31,184.1,2.0,25.1,78.0,3.4,74.0,4.4,73.3,9.1,48.3,16.0,9.1,319.2,96.1,19.6,41.8,21.2,168.5,63.5,443.5,2.2,5.5,1.7,204.8,2.2,84.9,7.2,127.5,186.9,0.9,288.5,145.9,4.1,282.0,28.2,120.4,3193.1000000000004,2020,5,31,6,2,6386.200000000001,-3.415003024803376,7069.171428571429,6664.65,527359,6.7871456730990225,618667.3388005343,10547.18,105471.8,421887.2,144.14283220740856,0.6819278982628223
Dehradun,2020-06-01,4.6267,20.52,69.79,1.13,241.33120264978788,2466.919523359967,0.1838462953921675,2.8114872508835966,2329,2020-06-01,178.2,1.6,24.2,94.1,3.9,72.7,4.5,74.6,9.2,54.9,15.9,9.1,325.4,109.4,22.7,41.3,20.3,164.5,68.3,388.3,2.5,5.2,1.5,200.7,2.2,80.3,7.7,134.9,197.4,1.2,303.3,138.5,4.4,331.0,29.4,123.1,3246.4,2020,6,1,0,2,6492.8,1.669224264821012,6928.785714285716,6681.33,206949,9.631426452598028,848392.7610990388,4138.9800000000005,41389.8,165559.2,509.94072277411266,0.19514429218047158
Dehradun,2020-06-02,7.0342,21.89,57.5,1.63,310.66454541812976,3176.1546364767623,0.2262529446429115,4.039883290228578,2330,2020-06-02,172.0,2.0,24.8,99.6,4.0,73.7,4.6,81.1,9.2,57.9,17.8,8.2,314.4,119.1,24.3,42.7,23.6,155.9,65.6,374.1,2.4,5.0,1.6,184.4,2.2,75.6,7.7,141.5,201.2,1.3,305.1,140.2,4.4,348.7,33.2,130.9,3255.8,2020,6,2,1,2,6515.799999999999,0.3542385411532622,6781.5,6701.130000000001,517537,11.850419011803712,1343749.3378904725,10350.74,103507.40000000001,414029.6,322.0539299341092,0.3081149736862407
Dehradun,2020-06-03,6.1145,21.62,59.4,1.34,313.6845465959038,3207.1259654874643,0.2308179878029488,4.137346270936916,2331,2020-06-03,175.3,2.0,23.2,106.7,4.1,76.8,2.8,85.7,7.1,59.6,17.4,7.7,301.9,127.1,24.6,43.3,26.6,144.6,65.6,288.2,2.6,5.2,1.4,182.9,2.3,77.0,7.7,140.0,203.8,1.3,311.9,139.7,4.4,365.4,35.3,138.6,3205.5,2020,6,3,2,2,6415.300000000001,-1.542404616470705,6639.314285714287,6714.986666666667,750222,7.6200773699785485,872459.6879120112,15004.44,150044.4,600177.6,142.86691937719957,0.6879136313136996
Dehradun,2020-06-04,5.8394,21.75,60.69,1.24,348.81831807760136,3567.7541219780264,0.2645036245518558,4.582115335423527,2332,2020-06-04,174.3,2.0,23.9,100.7,4.1,76.4,4.1,85.1,8.9,59.5,17.7,8.4,298.3,126.0,24.9,44.4,25.0,166.4,66.3,283.6,2.4,5.1,1.7,143.2,2.3,79.6,7.7,146.5,201.2,1.4,319.5,142.8,4.4,342.0,35.1,148.8,3179.4,2020,6,4,3,2,6363.1,-0.8136797967359444,6536.5,6723.79,655102,5.122611936034436,652204.2210874987,13102.04,131020.40000000001,524081.6,121.94707486152896,0.8035532115583756
Dehradun,2020-06-05,4.3205,19.78,77.84,1.17,324.3144980561957,3316.573958372721,0.2453064743159736,4.187136047529455,2333,2020-06-05,181.6,1.9,26.0,74.0,3.9,74.9,4.9,81.0,10.0,61.1,17.4,8.8,288.9,121.4,25.3,42.8,24.7,177.3,66.4,335.2,2.5,5.3,1.7,149.8,2.2,84.5,7.6,151.0,198.0,1.4,321.4,149.2,3.2,284.9,32.9,141.3,3164.4,2020,6,5,4,2,6328.799999999999,-0.5390454338294437,6444.857142857143,6731.493333333333,537889,6.70903103295662,794180.1516423197,10757.78,107577.8,430311.2,182.0594889564389,0.5418300335007219
Dehradun,2020-06-06,6.558,20.84,68.93,1.57,273.06653265259115,2792.8550195045905,0.2092881796340456,3.4253800892322954,2334,2020-06-06,186.6,1.7,24.2,85.3,3.9,76.5,5.1,80.2,10.0,62.3,12.4,8.4,279.5,129.4,24.7,35.0,26.5,175.2,64.2,357.0,2.4,4.5,1.7,162.3,2.1,93.9,7.6,143.4,206.1,1.4,299.3,153.9,4.3,324.9,34.2,157.4,3247.5000000000005,2020,6,6,5,2,6495.000000000001,2.626090254076629,6428.142857142857,6743.356666666668,676467,10.81614033939194,1078036.9677939757,13529.34,135293.4,541173.6,196.70353982418501,0.5019986458430784
Bhararisain,2020-05-15,6.697,19.43,48.43,2.09,281.8991603902216,2879.8562655433675,0.2143210750888085,2.9989196322598706,2312,2020-05-15,181.9,2.0,22.2,100.6,3.4,79.4,4.2,72.0,7.5,49.7,13.9,10.0,306.3,120.4,21.9,43.2,23.2,209.5,71.9,405.5,2.3,5.1,1.6,202.9,2.1,81.2,8.5,121.2,219.7,1.2,303.5,156.8,3.9,339.7,30.1,145.2,3368.9,2020,5,15,4,2,6742.599999999999,1.589549652709743,6476.0,6003.933333333334,556600,11.052261851685257,1137202.5177870765,11132.0,111320.0,445280.0,252.89043248901288,0.39155700192212356
Bhararisain,2020-05-16,7.8494,19.51,51.75,1.64,293.8778807796024,3002.1393577453105,0.2121702088962662,3.175236474799966,2313,2020-05-16,185.5,1.9,22.1,101.9,3.5,76.5,4.3,73.3,7.6,53.0,16.2,8.9,306.5,128.5,22.4,43.8,25.9,204.1,71.2,405.1,2.2,5.1,1.5,205.5,2.4,81.3,8.5,129.8,225.2,0.9,296.5,152.8,3.9,350.6,30.5,151.7,3405.6,2020,5,16,5,2,6816.200000000001,1.09156705128588,6511.099999999999,6033.223333333333,515557,10.379635551666539,1113376.0342037594,10311.14,103111.40000000001,412445.6,267.4449416368509,0.37044557892732516
Bhararisain,2020-05-17,6.3062,19.82,49.22,1.59,312.96183204783614,3200.565600194744,0.238868522489879,3.766244306500447,2314,2020-05-17,177.6,1.9,21.5,101.6,3.4,75.7,3.8,75.7,7.3,51.4,16.3,9.1,299.7,128.2,20.6,43.0,26.3,192.5,63.7,404.9,2.4,4.8,1.5,204.5,2.2,81.3,8.5,135.7,220.8,0.9,277.3,144.2,3.9,361.1,28.0,149.0,3344.7,2020,5,17,6,2,6695.0,-1.77811683929463,6590.5142857142855,6057.35,504462,5.791768733536011,661599.9320803541,10089.24,100892.40000000001,403569.6,161.4370091504301,0.6099894671112477
Bhararisain,2020-05-18,6.0346,19.25,47.6,1.84,222.99702127311505,2278.668814254924,0.1590258863064431,2.463815608425709,2315,2020-05-18,174.1,1.9,27.6,105.9,3.8,76.3,4.2,78.7,7.4,52.9,14.9,10.3,303.5,135.5,22.4,43.3,26.9,169.2,63.3,418.3,2.6,5.0,1.5,205.3,2.1,83.4,8.5,142.3,225.6,1.3,270.5,149.5,3.9,367.1,30.6,157.7,3391.9,2020,5,18,0,2,6789.2,1.40702016430172,6685.128571428571,6089.726666666667,450875,10.568572601874822,860217.4764042603,9017.5,90175.0,360700.0,235.98557704581654,0.41931208163272327
Bhararisain,2020-05-19,7.2967,18.84,41.22,1.63,267.4625583268417,2732.640628746392,0.1974073712280035,3.1133584237305145,2316,2020-05-19,164.7,1.9,30.9,102.2,3.9,76.2,4.4,81.3,7.9,52.7,14.8,10.5,307.0,134.0,23.6,44.2,26.5,174.0,65.6,420.9,2.6,5.2,1.7,208.3,2.1,74.2,8.5,143.6,231.8,1.2,274.7,151.3,3.9,370.6,31.7,148.2,3401.3,2020,5,19,1,2,6808.099999999999,0.2783833146762227,6730.228571428571,6125.856666666668,663389,11.43074457895453,1115913.1088637672,13267.78,132677.80000000002,530711.2,207.76748801679094,0.47558427282577725
Bhararisain,2020-05-20,8.1701,19.44,39.89,1.78,314.0457938884043,3215.0632596869136,0.2400729240189435,4.604665450162271,2317,2020-05-20,175.5,2.0,28.4,93.3,4.0,74.8,4.4,82.3,8.1,47.3,15.0,10.6,308.6,139.8,23.8,45.3,19.3,188.0,70.1,426.2,2.4,5.0,1.6,203.8,2.2,57.4,8.5,145.4,230.0,1.2,296.7,159.8,3.9,383.2,32.9,75.1,3371.2000000000003,2020,5,20,2,2,6747.1,-0.8959915394897044,6747.9,6159.816666666667,270390,9.204266797823653,1055054.8648943717,5407.8,54078.0,216312.0,485.24680317983825,0.20502421454399133
Bhararisain,2020-05-21,8.5786,21.2,40.37,1.94,484.4608548279167,4956.921158773319,0.3787740493182112,6.39677026960725,2318,2020-05-21,186.9,2.1,20.2,81.6,4.2,78.0,4.5,84.8,8.2,47.3,16.6,10.6,316.6,142.4,24.3,43.4,17.4,196.5,71.2,434.5,2.8,4.4,1.5,207.2,2.3,70.0,8.5,160.4,233.5,1.1,302.2,166.9,3.9,382.7,33.7,51.5,3419.3,2020,5,21,3,2,6843.2,1.4243156319011074,6777.342857142857,6201.990000000001,453490,11.586127494366455,2048754.2089740904,9069.800000000001,90698.0,362792.0,562.2186842527096,0.17707923250707305
Bhararisain,2020-05-22,7.985,22.16,41.52,1.78,309.5809210920232,3166.017998627707,0.2399508697316888,3.8626216955439454,2319,2020-05-22,192.3,2.0,21.7,92.5,4.5,79.2,4.5,91.7,8.6,52.5,16.3,10.3,317.1,154.5,24.8,44.9,23.5,201.3,72.4,442.1,2.4,4.7,1.7,209.3,2.3,77.2,8.5,168.2,237.2,1.3,306.5,173.3,3.9,402.6,35.2,78.3,3565.1,2020,5,22,4,2,7134.4,4.255319148936176,6833.314285714286,6246.483333333334,767376,10.787872185983142,1218997.5839052827,15347.52,153475.2,613900.8,196.06588945726776,0.5036107573097072
Bhararisain,2020-05-23,6.6139,22.3,45.01,2.3,380.9419243993407,3896.9444239727577,0.2933331639016568,4.962811838029397,2320,2020-05-23,195.9,1.5,23.6,98.6,4.6,79.4,4.6,95.2,8.1,54.7,16.5,10.7,315.2,158.0,24.1,41.2,27.3,201.2,74.0,443.5,2.5,5.1,1.4,216.6,2.1,84.5,8.5,171.0,244.1,1.3,311.9,168.1,3.9,417.5,36.1,102.9,3651.1,2020,5,23,5,2,7306.5,2.4122561112357,6903.357142857143,6295.37,447940,9.668800618936352,1344386.8027600697,8958.800000000001,89588.0,358352.0,372.65816927492233,0.2665540398866252
Bhararisain,2020-05-24,7.3862,22.55,40.77,2.15,331.3531300728466,3390.319078053461,0.2597622941068829,4.231194467057071,2321,2020-05-24,194.0,1.6,22.9,109.2,4.5,83.8,4.1,98.0,8.7,55.0,17.3,10.0,312.2,154.3,22.4,46.2,27.7,192.6,69.7,447.4,2.4,4.6,1.6,216.2,2.1,85.0,7.6,168.3,245.8,0.9,302.2,172.3,4.3,426.9,34.6,118.4,3674.8,2020,5,24,6,2,7349.6,0.589885718196137,6996.871428571429,6345.823333333334,565340,9.040296656982237,1093368.6668385267,11306.800000000001,113068.0,452272.0,239.25024472850998,0.4136496682844169
Bhararisain,2020-05-25,7.5926,22.24,42.86,1.92,374.5515346174102,3834.449084009233,0.29073825950854,5.110555584043095,2322,2020-05-25,191.6,1.5,20.0,105.8,5.0,85.8,4.4,101.5,9.0,55.3,17.3,10.6,319.8,162.7,24.5,47.4,28.3,200.9,75.9,457.9,2.4,4.3,1.7,220.3,2.1,85.8,7.6,175.9,249.6,1.1,306.3,177.1,4.3,426.5,36.1,113.4,3735.8,2020,5,25,0,2,7475.500000000001,1.7130183955589515,7094.914285714285,6401.906666666667,633027,7.440015670693793,1017134.2897681183,12660.54,126605.40000000001,506421.6,198.34733545490917,0.4978901087144971
Bhararisain,2020-05-26,6.2203,21.77,45.91,2.11,332.7624370853408,3403.815119968726,0.257447463283904,4.12586275347288,2323,2020-05-26,193.5,1.3,15.7,108.9,5.4,87.1,4.7,106.9,9.3,56.7,17.5,10.9,323.1,167.8,25.4,44.4,27.9,187.3,77.4,462.7,1.8,3.7,1.3,218.0,1.6,86.7,7.6,184.3,253.8,1.2,318.9,176.3,4.3,425.3,36.3,120.2,3771.6,2020,5,26,1,2,7546.800000000001,0.9537823556952764,7200.442857142857,6470.550000000001,708041,6.115012116699636,742718.9121871662,14160.82,141608.2,566432.8,128.62215821314834,0.7626465787512889
Bhararisain,2020-05-27,6.1459,22.13,46.38,2.2,285.4326782238401,2916.9235397521443,0.2201191109291045,3.1892448036591685,2324,2020-05-27,194.8,1.4,17.8,79.3,5.5,86.7,4.8,110.4,9.2,53.8,17.3,10.8,321.1,168.2,25.6,41.3,24.4,187.0,77.7,460.7,1.8,4.2,1.6,218.3,1.8,88.2,8.2,182.7,260.7,1.2,324.6,176.9,1.9,395.3,35.5,104.6,3705.2999999999993,2020,5,27,2,2,7410.5999999999985,-1.804738432183206,7295.228571428571,6534.8966666666665,517623,9.234677458833787,962095.7326570126,10352.460000000001,103524.6,414098.4,229.8350519241351,0.4304124376936493
Bhararisain,2020-05-28,4.6284,17.21,68.12,1.63,370.26235136925806,3788.58341870952,0.2892487116306813,4.893855943973852,2325,2020-05-28,195.4,1.6,23.4,79.0,5.0,90.0,4.6,105.6,9.4,51.7,16.8,10.7,321.5,139.3,24.2,43.3,22.2,192.1,74.3,457.3,2.2,4.8,1.3,210.9,2.1,79.3,7.8,150.3,249.4,1.3,307.0,180.5,3.2,350.0,34.1,89.8,3541.4000000000005,2020,5,28,3,2,7082.800000000001,-4.42339351739397,7329.457142857143,6582.003333333333,416464,7.2267808753268366,976668.7811010483,8329.28,83292.8,333171.2,290.64321919212955,0.3411298336930212
Bhararisain,2020-05-29,4.296,17.36,73.18,1.5,478.5977366602617,4896.060546520335,0.3660857445467344,5.9730673078322445,2326,2020-05-29,193.3,1.9,24.0,95.5,4.3,82.5,4.8,88.4,8.9,53.7,17.4,10.9,323.9,109.0,24.7,44.1,23.4,192.8,69.8,462.6,2.5,5.2,1.4,203.7,2.1,73.6,7.8,134.0,250.1,1.2,298.8,182.4,3.2,337.1,33.8,113.9,3483.6000000000004,2020,5,29,4,2,6970.300000000001,-1.5883548878974365,7306.014285714286,6623.58,710736,11.065070672693519,1932936.9896769894,14214.720000000001,142147.2,568588.8,337.4534056381324,0.29415780694289945
Bhararisain,2020-05-30,3.1918,16.77,74.55,1.49,301.15681564388825,3078.7466348776184,0.2278651475883544,3.790631005788724,2327,2020-05-30,186.4,1.9,25.6,91.0,3.4,74.6,4.8,73.3,9.3,53.2,17.6,10.6,326.5,96.1,19.6,41.8,24.9,183.5,70.5,461.2,2.5,5.4,1.7,206.0,2.0,75.1,8.0,127.5,186.9,1.2,306.6,164.0,3.6,282.0,28.2,129.5,3306.0,2020,5,30,5,2,6612.0,-5.140381332223876,7206.800000000001,6646.9766666666665,517267,11.953358561510399,1313939.9212314393,10345.34,103453.40000000001,413813.6,315.0197531524917,0.31494079628189786
Bhararisain,2020-05-31,2.6441,16.64,76.84,1.71,249.73370133051708,2553.9185660072176,0.1841215946829328,2.860683421839729,2328,2020-05-31,184.1,2.0,25.1,78.0,3.4,74.0,4.4,73.3,9.1,48.3,16.0,9.1,319.2,96.1,19.6,41.8,21.2,168.5,63.5,443.5,2.2,5.5,1.7,204.8,2.2,84.9,7.2,127.5,186.9,0.9,288.5,145.9,4.1,282.0,28.2,120.4,3193.1000000000004,2020,5,31,6,2,6386.200000000001,-3.415003024803376,7069.171428571429,6664.65,423777,10.266994338309008,935865.2916405606,8475.54,84755.40000000001,339021.6,273.5488687566104,0.36225431242501516
Bhararisain,2020-06-01,3.4622,16.41,77.37,1.22,241.33120264978788,2466.919523359967,0.1838462953921675,2.8114872508835966,2329,2020-06-01,178.2,1.6,24.2,94.1,3.9,72.7,4.5,74.6,9.2,54.9,15.9,9.1,325.4,109.4,22.7,41.3,20.3,164.5,68.3,388.3,2.5,5.2,1.5,200.7,2.2,80.3,7.7,134.9,197.4,1.2,303.3,138.5,4.4,331.0,29.4,123.1,3246.4,2020,6,1,0,2,6492.8,1.669224264821012,6928.785714285716,6681.33,205569,5.633371867009355,496220.5687881798,4111.38,41113.8,164455.2,299.23601612364934,0.3314148564755362
Bhararisain,2020-06-02,6.0521,17.55,66.99,1.66,310.66454541812976,3176.1546364767623,0.2262529446429115,4.039883290228578,2330,2020-06-02,172.0,2.0,24.8,99.6,4.0,73.7,4.6,81.1,9.2,57.9,17.8,8.2,314.4,119.1,24.3,42.7,23.6,155.9,65.6,374.1,2.4,5.0,1.6,184.4,2.2,75.6,7.7,141.5,201.2,1.3,305.1,140.2,4.4,348.7,33.2,130.9,3255.8,2020,6,2,1,2,6515.799999999999,0.3542385411532622,6781.5,6701.130000000001,794124,7.020799168714467,796106.384510542,15882.48,158824.80000000002,635299.2,122.81203950997295,0.7980069176102301
Bhararisain,2020-06-03,5.5546,17.91,66.92,1.29,313.6845465959038,3207.1259654874643,0.2308179878029488,4.137346270936916,2331,2020-06-03,175.3,2.0,23.2,106.7,4.1,76.8,2.8,85.7,7.1,59.6,17.4,7.7,301.9,127.1,24.6,43.3,26.6,144.6,65.6,288.2,2.6,5.2,1.4,182.9,2.3,77.0,7.7,140.0,203.8,1.3,311.9,139.7,4.4,365.4,35.3,138.6,3205.5,2020,6,3,2,2,6415.300000000001,-1.542404616470705,6639.314285714287,6714.986666666667,629802,5.763767422360248,659921.7412570701,12596.04,125960.40000000001,503841.6,128.4780179439471,0.7634857362851974
Bhararisain,2020-06-04,4.9646,17.54,70.07,1.42,348.81831807760136,3567.7541219780264,0.2645036245518558,4.582115335423527,2332,2020-06-04,174.3,2.0,23.9,100.7,4.1,76.4,4.1,85.1,8.9,59.5,17.7,8.4,298.3,126.0,24.9,44.4,25.0,166.4,66.3,283.6,2.4,5.1,1.7,143.2,2.3,79.6,7.7,146.5,201.2,1.4,319.5,142.8,4.4,342.0,35.1,148.8,3179.4,2020,6,4,3,2,6363.1,-0.8136797967359444,6536.5,6723.79,458090,9.55358153454201,1216349.4485111034,9161.800000000001,91618.0,366472.0,329.4078806869565,0.30128816941580194
Bhararisain,2020-06-05,3.2021,16.96,83.7,1.63,324.3144980561957,3316.573958372721,0.2453064743159736,4.187136047529455,2333,2020-06-05,181.6,1.9,26.0,74.0,3.9,74.9,4.9,81.0,10.0,61.1,17.4,8.8,288.9,121.4,25.3,42.8,24.7,177.3,66.4,335.2,2.5,5.3,1.7,149.8,2.2,84.5,7.6,151.0,198.0,1.4,321.4,149.2,3.2,284.9,32.9,141.3,3164.4,2020,6,5,4,2,6328.799999999999,-0.5390454338294437,6444.857142857143,6731.493333333333,245002,10.356336051890493,1225929.1238551042,4900.04,49000.4,196001.6,622.9689369143437,0.15987991173888955
Bhararisain,2020-06-06,5.3254,17.7,74.67,1.61,273.06653265259115,2792.8550195045905,0.2092881796340456,3.4253800892322954,2334,2020-06-06,186.6,1.7,24.2,85.3,3.9,76.5,5.1,80.2,10.0,62.3,12.4,8.4,279.5,129.4,24.7,35.0,26.5,175.2,64.2,357.0,2.4,4.5,1.7,162.3,2.1,93.9,7.6,143.4,206.1,1.4,299.3,153.9,4.3,324.9,34.2,157.4,3247.5000000000005,2020,6,6,5,2,6495.000000000001,2.626090254076629,6428.142857142857,6743.356666666668,698870,11.479723816164983,1144175.8580756832,13977.4,139774.0,559096.0,202.14747701212013,0.4886447370910012
Port Blair,2020-05-15,5.6153,28.95,82.81,4.95,281.8991603902216,2879.8562655433675,0.2143210750888085,2.9989196322598706,2312,2020-05-15,181.9,2.0,22.2,100.6,3.4,79.4,4.2,72.0,7.5,49.7,13.9,10.0,306.3,120.4,21.9,43.2,23.2,209.5,71.9,405.5,2.3,5.1,1.6,202.9,2.1,81.2,8.5,121.2,219.7,1.2,303.5,156.8,3.9,339.7,30.1,145.2,3368.9,2020,5,15,4,2,6742.599999999999,1.589549652709743,6476.0,6003.933333333334,411791,8.067206424883913,830060.6320223224,8235.82,82358.20000000001,329432.8,249.4666019966204,0.39687751763370355
Port Blair,2020-05-16,4.7882,28.94,82.84,5.34,293.8778807796024,3002.1393577453105,0.2121702088962662,3.175236474799966,2313,2020-05-16,185.5,1.9,22.1,101.9,3.5,76.5,4.3,73.3,7.6,53.0,16.2,8.9,306.5,128.5,22.4,43.8,25.9,204.1,71.2,405.1,2.2,5.1,1.5,205.5,2.4,81.3,8.5,129.8,225.2,0.9,296.5,152.8,3.9,350.6,30.5,151.7,3405.6,2020,5,16,5,2,6816.200000000001,1.09156705128588,6511.099999999999,6033.223333333333,402846,11.30962954711911,1213132.2367540547,8056.92,80569.20000000001,322276.8,373.9255561536092,0.2656565579410772
Port Blair,2020-05-17,4.0051,29.19,83.27,6.0,312.96183204783614,3200.565600194744,0.238868522489879,3.766244306500447,2314,2020-05-17,177.6,1.9,21.5,101.6,3.4,75.7,3.8,75.7,7.3,51.4,16.3,9.1,299.7,128.2,20.6,43.0,26.3,192.5,63.7,404.9,2.4,4.8,1.5,204.5,2.2,81.3,8.5,135.7,220.8,0.9,277.3,144.2,3.9,361.1,28.0,149.0,3344.7,2020,5,17,6,2,6695.0,-1.77811683929463,6590.5142857142855,6057.35,224071,11.145238113289292,1273132.4605687007,4481.42,44814.200000000004,179256.8,707.7282650190681,0.14079969268887735
Port Blair,2020-05-18,3.7058,29.47,83.86,8.15,222.99702127311505,2278.668814254924,0.1590258863064431,2.463815608425709,2315,2020-05-18,174.1,1.9,27.6,105.9,3.8,76.3,4.2,78.7,7.4,52.9,14.9,10.3,303.5,135.5,22.4,43.3,26.9,169.2,63.3,418.3,2.6,5.0,1.5,205.3,2.1,83.4,8.5,142.3,225.6,1.3,270.5,149.5,3.9,367.1,30.6,157.7,3391.9,2020,5,18,0,2,6789.2,1.40702016430172,6685.128571428571,6089.726666666667,782531,7.220370017357791,587694.1673215815,15650.62,156506.2,626024.8,91.37713830531658,1.0652202618120985
Port Blair,2020-05-19,5.3729,29.57,83.8,8.25,267.4625583268417,2732.640628746392,0.1974073712280035,3.1133584237305145,2316,2020-05-19,164.7,1.9,30.9,102.2,3.9,76.2,4.4,81.3,7.9,52.7,14.8,10.5,307.0,134.0,23.6,44.2,26.5,174.0,65.6,420.9,2.6,5.2,1.7,208.3,2.1,74.2,8.5,143.6,231.8,1.2,274.7,151.3,3.9,370.6,31.7,148.2,3401.3,2020,5,19,1,2,6808.099999999999,0.2783833146762227,6730.228571428571,6125.856666666668,372312,11.082304378783997,1081897.0406768096,7446.24,74462.40000000001,297849.6,360.736022703005,0.27530283705262315
Port Blair,2020-05-20,5.5181,29.55,83.51,6.95,314.0457938884043,3215.0632596869136,0.2400729240189435,4.604665450162271,2317,2020-05-20,175.5,2.0,28.4,93.3,4.0,74.8,4.4,82.3,8.1,47.3,15.0,10.6,308.6,139.8,23.8,45.3,19.3,188.0,70.1,426.2,2.4,5.0,1.6,203.8,2.2,57.4,8.5,145.4,230.0,1.2,296.7,159.8,3.9,383.2,32.9,75.1,3371.2000000000003,2020,5,20,2,2,6747.1,-0.8959915394897044,6747.9,6159.816666666667,457218,7.629705763172085,874568.1062885636,9144.36,91443.6,365774.4,236.60041443265675,0.4182338449528001
Port Blair,2020-05-21,5.6693,29.49,84.55,4.81,484.4608548279167,4956.921158773319,0.3787740493182112,6.39677026960725,2318,2020-05-21,186.9,2.1,20.2,81.6,4.2,78.0,4.5,84.8,8.2,47.3,16.6,10.6,316.6,142.4,24.3,43.4,17.4,196.5,71.2,434.5,2.8,4.4,1.5,207.2,2.3,70.0,8.5,160.4,233.5,1.1,302.2,166.9,3.9,382.7,33.7,51.5,3419.3,2020,5,21,3,2,6843.2,1.4243156319011074,6777.342857142857,6201.990000000001,414879,7.078084921921965,1251605.1012138997,8297.58,82975.8,331903.2,374.599437792073,0.2651818329090086
Port Blair,2020-05-22,6.0449,29.26,80.53,3.99,309.5809210920232,3166.017998627707,0.2399508697316888,3.8626216955439454,2319,2020-05-22,192.3,2.0,21.7,92.5,4.5,79.2,4.5,91.7,8.6,52.5,16.3,10.3,317.1,154.5,24.8,44.9,23.5,201.3,72.4,442.1,2.4,4.7,1.7,209.3,2.3,77.2,8.5,168.2,237.2,1.3,306.5,173.3,3.9,402.6,35.2,78.3,3565.1,2020,5,22,4,2,7134.4,4.255319148936176,6833.314285714286,6246.483333333334,563714,9.543522611560752,1078389.7700005777,11274.28,112742.8,450971.2,236.62608388309,0.41818903921048806
Port Blair,2020-05-23,5.6378,29.41,73.57,3.02,380.9419243993407,3896.9444239727577,0.2933331639016568,4.962811838029397,2320,2020-05-23,195.9,1.5,23.6,98.6,4.6,79.4,4.6,95.2,8.1,54.7,16.5,10.7,315.2,158.0,24.1,41.2,27.3,201.2,74.0,443.5,2.5,5.1,1.4,216.6,2.1,84.5,8.5,171.0,244.1,1.3,311.9,168.1,3.9,417.5,36.1,102.9,3651.1,2020,5,23,5,2,7306.5,2.4122561112357,6903.357142857143,6295.37,626650,7.298668595195568,1014834.6339754936,12533.0,125330.0,501320.0,199.93250498194638,0.49399132550769886
Port Blair,2020-05-24,6.1078,29.46,78.64,2.6,331.3531300728466,3390.319078053461,0.2597622941068829,4.231194467057071,2321,2020-05-24,194.0,1.6,22.9,109.2,4.5,83.8,4.1,98.0,8.7,55.0,17.3,10.0,312.2,154.3,22.4,46.2,27.7,192.6,69.7,447.4,2.4,4.6,1.6,216.2,2.1,85.0,7.6,168.3,245.8,0.9,302.2,172.3,4.3,426.9,34.6,118.4,3674.8,2020,5,24,6,2,7349.6,0.589885718196137,6996.871428571429,6345.823333333334,531868,9.41146123830401,1138258.7560530256,10637.36,106373.6,425494.4,265.01439174123686,0.3738113358899939
Port Blair,2020-05-25,6.6062,29.61,80.19,4.95,374.5515346174102,3834.449084009233,0.29073825950854,5.110555584043095,2322,2020-05-25,191.6,1.5,20.0,105.8,5.0,85.8,4.4,101.5,9.0,55.3,17.3,10.6,319.8,162.7,24.5,47.4,28.3,200.9,75.9,457.9,2.4,4.3,1.7,220.3,2.1,85.8,7.6,175.9,249.6,1.1,306.3,177.1,4.3,426.5,36.1,113.4,3735.8,2020,5,25,0,2,7475.500000000001,1.7130183955589515,7094.914285714285,6401.906666666667,753020,9.268822638490862,1267152.8863203211,15060.4,150604.0,602416.0,207.84515788430605,0.47540871436645427
Port Blair,2020-05-26,6.0012,29.3,81.55,4.63,332.7624370853408,3403.815119968726,0.257447463283904,4.12586275347288,2323,2020-05-26,193.5,1.3,15.7,108.9,5.4,87.1,4.7,106.9,9.3,56.7,17.5,10.9,323.1,167.8,25.4,44.4,27.9,187.3,77.4,462.7,1.8,3.7,1.3,218.0,1.6,86.7,7.6,184.3,253.8,1.2,318.9,176.3,4.3,425.3,36.3,120.2,3771.6,2020,5,26,1,2,7546.800000000001,0.9537823556952764,7200.442857142857,6470.550000000001,617170,8.944072491439211,1086331.746297533,12343.4,123434.0,493736.0,217.52279483317665,0.4544979442834285
Port Blair,2020-05-27,4.8866,29.48,81.77,5.15,285.4326782238401,2916.9235397521443,0.2201191109291045,3.1892448036591685,2324,2020-05-27,194.8,1.4,17.8,79.3,5.5,86.7,4.8,110.4,9.2,53.8,17.3,10.8,321.1,168.2,25.6,41.3,24.4,187.0,77.7,460.7,1.8,4.2,1.6,218.3,1.8,88.2,8.2,182.7,260.7,1.2,324.6,176.9,1.9,395.3,35.5,104.6,3705.2999999999993,2020,5,27,2,2,7410.5999999999985,-1.804738432183206,7295.228571428571,6534.8966666666665,257108,7.662937929629583,798347.3071557855,5142.16,51421.600000000006,205686.4,385.6381108113057,0.2576399275308583
Port Blair,2020-05-28,6.4423,29.4,80.9,4.21,370.26235136925806,3788.58341870952,0.2892487116306813,4.893855943973852,2325,2020-05-28,195.4,1.6,23.4,79.0,5.0,90.0,4.6,105.6,9.4,51.7,16.8,10.7,321.5,139.3,24.2,43.3,22.2,192.1,74.3,457.3,2.2,4.8,1.3,210.9,2.1,79.3,7.8,150.3,249.4,1.3,307.0,180.5,3.2,350.0,34.1,89.8,3541.4000000000005,2020,5,28,3,2,7082.800000000001,-4.42339351739397,7329.457142857143,6582.003333333333,680721,8.839498051560337,1194620.6667255675,13614.42,136144.2,544576.8,216.86679394450286,0.45585712629227076
Port Blair,2020-05-29,1.0562,28.89,85.18,4.91,478.5977366602617,4896.060546520335,0.3660857445467344,5.9730673078322445,2326,2020-05-29,193.3,1.9,24.0,95.5,4.3,82.5,4.8,88.4,8.9,53.7,17.4,10.9,323.9,109.0,24.7,44.1,23.4,192.8,69.8,462.6,2.5,5.2,1.4,203.7,2.1,73.6,7.8,134.0,250.1,1.2,298.8,182.4,3.2,337.1,33.8,113.9,3483.6000000000004,2020,5,29,4,2,6970.300000000001,-1.5883548878974365,7306.014285714286,6623.58,311195,9.175398324897952,1602833.5780071684,6223.900000000001,62239.0,248956.0,641.322032008535,0.1553223292134933
Port Blair,2020-05-30,2.737,28.89,82.62,4.26,301.15681564388825,3078.7466348776184,0.2278651475883544,3.790631005788724,2327,2020-05-30,186.4,1.9,25.6,91.0,3.4,74.6,4.8,73.3,9.3,53.2,17.6,10.6,326.5,96.1,19.6,41.8,24.9,183.5,70.5,461.2,2.5,5.4,1.7,206.0,2.0,75.1,8.0,127.5,186.9,1.2,306.6,164.0,3.6,282.0,28.2,129.5,3306.0,2020,5,30,5,2,6612.0,-5.140381332223876,7206.800000000001,6646.9766666666665,236668,8.819808219468314,969493.0556571772,4733.36,47333.600000000006,189334.4,509.5533065608666,0.1952919658405317
Port Blair,2020-05-31,5.6357,28.86,77.97,4.13,249.73370133051708,2553.9185660072176,0.1841215946829328,2.860683421839729,2328,2020-05-31,184.1,2.0,25.1,78.0,3.4,74.0,4.4,73.3,9.1,48.3,16.0,9.1,319.2,96.1,19.6,41.8,21.2,168.5,63.5,443.5,2.2,5.5,1.7,204.8,2.2,84.9,7.2,127.5,186.9,0.9,288.5,145.9,4.1,282.0,28.2,120.4,3193.1000000000004,2020,5,31,6,2,6386.200000000001,-3.415003024803376,7069.171428571429,6664.65,485205,8.11093616925841,739334.5504436309,9704.1,97041.0,388164.0,187.9696340834366,0.5250173615580721
Port Blair,2020-06-01,6.737,28.69,78.92,3.6,241.33120264978788,2466.919523359967,0.1838462953921675,2.8114872508835966,2329,2020-06-01,178.2,1.6,24.2,94.1,3.9,72.7,4.5,74.6,9.2,54.9,15.9,9.1,325.4,109.4,22.7,41.3,20.3,164.5,68.3,388.3,2.5,5.2,1.5,200.7,2.2,80.3,7.7,134.9,197.4,1.2,303.3,138.5,4.4,331.0,29.4,123.1,3246.4,2020,6,1,0,2,6492.8,1.669224264821012,6928.785714285716,6681.33,541396,5.1026693993238466,449473.17014502955,10827.92,108279.20000000001,433116.8,101.27643401157138,0.9636077638460256
Port Blair,2020-06-02,5.97,28.37,83.07,3.45,310.66454541812976,3176.1546364767623,0.2262529446429115,4.039883290228578,2330,2020-06-02,172.0,2.0,24.8,99.6,4.0,73.7,4.6,81.1,9.2,57.9,17.8,8.2,314.4,119.1,24.3,42.7,23.6,155.9,65.6,374.1,2.4,5.0,1.6,184.4,2.2,75.6,7.7,141.5,201.2,1.3,305.1,140.2,4.4,348.7,33.2,130.9,3255.8,2020,6,2,1,2,6515.799999999999,0.3542385411532622,6781.5,6701.130000000001,764037,9.109431953908057,1032941.8009970548,15280.74,152807.4,611229.6,166.49407374856435,0.5917361536476237
Port Blair,2020-06-03,3.4958,28.88,81.28,3.63,313.6845465959038,3207.1259654874643,0.2308179878029488,4.137346270936916,2331,2020-06-03,175.3,2.0,23.2,106.7,4.1,76.8,2.8,85.7,7.1,59.6,17.4,7.7,301.9,127.1,24.6,43.3,26.6,144.6,65.6,288.2,2.6,5.2,1.4,182.9,2.3,77.0,7.7,140.0,203.8,1.3,311.9,139.7,4.4,365.4,35.3,138.6,3205.5,2020,6,3,2,2,6415.300000000001,-1.542404616470705,6639.314285714287,6714.986666666667,330560,6.179110695999038,707476.4110197305,6611.2,66112.0,264448.0,265.0294995688115,0.37379002619862434
Port Blair,2020-06-04,2.4166,28.79,79.85,4.19,348.81831807760136,3567.7541219780264,0.2645036245518558,4.582115335423527,2332,2020-06-04,174.3,2.0,23.9,100.7,4.1,76.4,4.1,85.1,8.9,59.5,17.7,8.4,298.3,126.0,24.9,44.4,25.0,166.4,66.3,283.6,2.4,5.1,1.7,143.2,2.3,79.6,7.7,146.5,201.2,1.4,319.5,142.8,4.4,342.0,35.1,148.8,3179.4,2020,6,4,3,2,6363.1,-0.8136797967359444,6536.5,6723.79,566824,9.498031782630328,1209276.92708462,11336.48,113364.8,453459.2,264.1782209038035,0.3749834424690271
Port Blair,2020-06-05,2.7134,28.3,80.93,4.47,324.3144980561957,3316.573958372721,0.2453064743159736,4.187136047529455,2333,2020-06-05,181.6,1.9,26.0,74.0,3.9,74.9,4.9,81.0,10.0,61.1,17.4,8.8,288.9,121.4,25.3,42.8,24.7,177.3,66.4,335.2,2.5,5.3,1.7,149.8,2.2,84.5,7.6,151.0,198.0,1.4,321.4,149.2,3.2,284.9,32.9,141.3,3164.4,2020,6,5,4,2,6328.799999999999,-0.5390454338294437,6444.857142857143,6731.493333333333,347979,10.315410295460062,1221084.5459587828,6959.58,69595.8,278383.2,436.13442404526666,0.22798009600663696
Port Blair,2020-06-06,3.672,28.09,81.61,4.51,273.06653265259115,2792.8550195045905,0.2092881796340456,3.4253800892322954,2334,2020-06-06,186.6,1.7,24.2,85.3,3.9,76.5,5.1,80.2,10.0,62.3,12.4,8.4,279.5,129.4,24.7,35.0,26.5,175.2,64.2,357.0,2.4,4.5,1.7,162.3,2.1,93.9,7.6,143.4,206.1,1.4,299.3,153.9,4.3,324.9,34.2,157.4,3247.5000000000005,2020,6,6,5,2,6495.000000000001,2.626090254076629,6428.142857142857,6743.356666666668,349849,8.50311716391519,847499.6030515052,6996.9800000000005,69969.8,279879.2,300.30907014580043,0.33024070896500696
Chandigarh,2020-05-15,6.9067,30.02,37.6,2.97,281.8991603902216,2879.8562655433675,0.2143210750888085,2.9989196322598706,2312,2020-05-15,181.9,2.0,22.2,100.6,3.4,79.4,4.2,72.0,7.5,49.7,13.9,10.0,306.3,120.4,21.9,43.2,23.2,209.5,71.9,405.5,2.3,5.1,1.6,202.9,2.1,81.2,8.5,121.2,219.7,1.2,303.5,156.8,3.9,339.7,30.1,145.2,3368.9,2020,5,15,4,2,6742.599999999999,1.589549652709743,6476.0,6003.933333333334,251745,8.796545654858168,905104.6745701508,5034.900000000001,50349.0,201396.0,446.9154176697406,0.22251103452162777
Chandigarh,2020-05-16,8.2865,29.29,37.29,3.28,293.8778807796024,3002.1393577453105,0.2121702088962662,3.175236474799966,2313,2020-05-16,185.5,1.9,22.1,101.9,3.5,76.5,4.3,73.3,7.6,53.0,16.2,8.9,306.5,128.5,22.4,43.8,25.9,204.1,71.2,405.1,2.2,5.1,1.5,205.5,2.4,81.3,8.5,129.8,225.2,0.9,296.5,152.8,3.9,350.6,30.5,151.7,3405.6,2020,5,16,5,2,6816.200000000001,1.09156705128588,6511.099999999999,6033.223333333333,570608,11.660349917661938,1250752.4068771522,11412.16,114121.6,456486.4,271.495546609308,0.3649691437896964
Chandigarh,2020-05-17,7.4203,29.66,35.05,2.17,312.96183204783614,3200.565600194744,0.238868522489879,3.766244306500447,2314,2020-05-17,177.6,1.9,21.5,101.6,3.4,75.7,3.8,75.7,7.3,51.4,16.3,9.1,299.7,128.2,20.6,43.0,26.3,192.5,63.7,404.9,2.4,4.8,1.5,204.5,2.2,81.3,8.5,135.7,220.8,0.9,277.3,144.2,3.9,361.1,28.0,149.0,3344.7,2020,5,17,6,2,6695.0,-1.77811683929463,6590.5142857142855,6057.35,291865,10.93017152960802,1248565.174873677,5837.3,58373.0,233492.0,532.2357403567048,0.18700810954102887
Chandigarh,2020-05-18,7.7052,30.21,31.29,2.55,222.99702127311505,2278.668814254924,0.1590258863064431,2.463815608425709,2315,2020-05-18,174.1,1.9,27.6,105.9,3.8,76.3,4.2,78.7,7.4,52.9,14.9,10.3,303.5,135.5,22.4,43.3,26.9,169.2,63.3,418.3,2.6,5.0,1.5,205.3,2.1,83.4,8.5,142.3,225.6,1.3,270.5,149.5,3.9,367.1,30.6,157.7,3391.9,2020,5,18,0,2,6789.2,1.40702016430172,6685.128571428571,6089.726666666667,412890,11.39965561166029,927862.5744029521,8257.8,82578.0,330312.0,278.4048942826637,0.3559919896764395
Chandigarh,2020-05-19,7.5727,29.77,27.46,2.73,267.4625583268417,2732.640628746392,0.1974073712280035,3.1133584237305145,2316,2020-05-19,164.7,1.9,30.9,102.2,3.9,76.2,4.4,81.3,7.9,52.7,14.8,10.5,307.0,134.0,23.6,44.2,26.5,174.0,65.6,420.9,2.6,5.2,1.7,208.3,2.1,74.2,8.5,143.6,231.8,1.2,274.7,151.3,3.9,370.6,31.7,148.2,3401.3,2020,5,19,1,2,6808.099999999999,0.2783833146762227,6730.228571428571,6125.856666666668,223624,10.696364018237105,1044220.0630661985,4472.4800000000005,44724.8,178899.2,581.1918572392713,0.17132310995019517
Chandigarh,2020-05-20,8.651,29.73,27.19,2.81,314.0457938884043,3215.0632596869136,0.2400729240189435,4.604665450162271,2317,2020-05-20,175.5,2.0,28.4,93.3,4.0,74.8,4.4,82.3,8.1,47.3,15.0,10.6,308.6,139.8,23.8,45.3,19.3,188.0,70.1,426.2,2.4,5.0,1.6,203.8,2.2,57.4,8.5,145.4,230.0,1.2,296.7,159.8,3.9,383.2,32.9,75.1,3371.2000000000003,2020,5,20,2,2,6747.1,-0.8959915394897044,6747.9,6159.816666666667,223321,5.76242839292712,660528.235774386,4466.42,44664.200000000004,178656.8,367.2190567470065,0.27047523459055944
Chandigarh,2020-05-21,8.5951,31.26,27.32,3.84,484.4608548279167,4956.921158773319,0.3787740493182112,6.39677026960725,2318,2020-05-21,186.9,2.1,20.2,81.6,4.2,78.0,4.5,84.8,8.2,47.3,16.6,10.6,316.6,142.4,24.3,43.4,17.4,196.5,71.2,434.5,2.8,4.4,1.5,207.2,2.3,70.0,8.5,160.4,233.5,1.1,302.2,166.9,3.9,382.7,33.7,51.5,3419.3,2020,5,21,3,2,6843.2,1.4243156319011074,6777.342857142857,6201.990000000001,603704,6.042942991791363,1068562.8045300583,12074.08,120740.8,482963.2,218.75139234833173,0.4519741338350886
Chandigarh,2020-05-22,8.1672,33.68,26.58,2.14,309.5809210920232,3166.017998627707,0.2399508697316888,3.8626216955439454,2319,2020-05-22,192.3,2.0,21.7,92.5,4.5,79.2,4.5,91.7,8.6,52.5,16.3,10.3,317.1,154.5,24.8,44.9,23.5,201.3,72.4,442.1,2.4,4.7,1.7,209.3,2.3,77.2,8.5,168.2,237.2,1.3,306.5,173.3,3.9,402.6,35.2,78.3,3565.1,2020,5,22,4,2,7134.4,4.255319148936176,6833.314285714286,6246.483333333334,374293,8.686366580882718,981533.6789742134,7485.860000000001,74858.6,299434.4,325.29589752353553,0.30506757062616907
Chandigarh,2020-05-23,7.0337,34.72,26.81,2.35,380.9419243993407,3896.9444239727577,0.2933331639016568,4.962811838029397,2320,2020-05-23,195.9,1.5,23.6,98.6,4.6,79.4,4.6,95.2,8.1,54.7,16.5,10.7,315.2,158.0,24.1,41.2,27.3,201.2,74.0,443.5,2.5,5.1,1.4,216.6,2.1,84.5,8.5,171.0,244.1,1.3,311.9,168.1,3.9,417.5,36.1,102.9,3651.1,2020,5,23,5,2,7306.5,2.4122561112357,6903.357142857143,6295.37,386717,6.722487611585988,934720.2391405272,7734.34,77343.40000000001,309373.6,299.63316169851834,0.33097953383884576
Chandigarh,2020-05-24,8.0556,34.53,27.79,2.81,331.3531300728466,3390.319078053461,0.2597622941068829,4.231194467057071,2321,2020-05-24,194.0,1.6,22.9,109.2,4.5,83.8,4.1,98.0,8.7,55.0,17.3,10.0,312.2,154.3,22.4,46.2,27.7,192.6,69.7,447.4,2.4,4.6,1.6,216.2,2.1,85.0,7.6,168.3,245.8,0.9,302.2,172.3,4.3,426.9,34.6,118.4,3674.8,2020,5,24,6,2,7349.6,0.589885718196137,6996.871428571429,6345.823333333334,580975,8.336868325288114,1008293.3063251263,11619.5,116195.0,464780.0,214.43990841368526,0.4609566840597936
Chandigarh,2020-05-25,8.3083,34.42,28.09,3.18,374.5515346174102,3834.449084009233,0.29073825950854,5.110555584043095,2322,2020-05-25,191.6,1.5,20.0,105.8,5.0,85.8,4.4,101.5,9.0,55.3,17.3,10.6,319.8,162.7,24.5,47.4,28.3,200.9,75.9,457.9,2.4,4.3,1.7,220.3,2.1,85.8,7.6,175.9,249.6,1.1,306.3,177.1,4.3,426.5,36.1,113.4,3735.8,2020,5,25,0,2,7475.500000000001,1.7130183955589515,7094.914285714285,6401.906666666667,383868,7.760557266728451,1060955.951314894,7677.360000000001,76773.6,307094.4,342.98202484802516,0.28945038686009217
Chandigarh,2020-05-26,8.0585,35.5,26.69,2.1,332.7624370853408,3403.815119968726,0.257447463283904,4.12586275347288,2323,2020-05-26,193.5,1.3,15.7,108.9,5.4,87.1,4.7,106.9,9.3,56.7,17.5,10.9,323.1,167.8,25.4,44.4,27.9,187.3,77.4,462.7,1.8,3.7,1.3,218.0,1.6,86.7,7.6,184.3,253.8,1.2,318.9,176.3,4.3,425.3,36.3,120.2,3771.6,2020,5,26,1,2,7546.800000000001,0.9537823556952764,7200.442857142857,6470.550000000001,295257,8.845899669013173,1074407.8432067302,5905.14,59051.4,236205.6,452.36129169110734,0.21984703634326935
Chandigarh,2020-05-27,7.7839,35.72,26.55,1.9,285.4326782238401,2916.9235397521443,0.2201191109291045,3.1892448036591685,2324,2020-05-27,194.8,1.4,17.8,79.3,5.5,86.7,4.8,110.4,9.2,53.8,17.3,10.8,321.1,168.2,25.6,41.3,24.4,187.0,77.7,460.7,1.8,4.2,1.6,218.3,1.8,88.2,8.2,182.7,260.7,1.2,324.6,176.9,1.9,395.3,35.5,104.6,3705.2999999999993,2020,5,27,2,2,7410.5999999999985,-1.804738432183206,7295.228571428571,6534.8966666666665,788579,10.228130012950759,1065596.5281286342,15771.58,157715.80000000002,630863.2,166.41087134716912,0.5920276496022848
Chandigarh,2020-05-28,7.1981,32.05,35.9,4.67,370.26235136925806,3788.58341870952,0.2892487116306813,4.893855943973852,2325,2020-05-28,195.4,1.6,23.4,79.0,5.0,90.0,4.6,105.6,9.4,51.7,16.8,10.7,321.5,139.3,24.2,43.3,22.2,192.1,74.3,457.3,2.2,4.8,1.3,210.9,2.1,79.3,7.8,150.3,249.4,1.3,307.0,180.5,3.2,350.0,34.1,89.8,3541.4000000000005,2020,5,28,3,2,7082.800000000001,-4.42339351739397,7329.457142857143,6582.003333333333,410176,10.008436349694922,1352597.7193741724,8203.52,82035.20000000001,328140.8,409.70040890196293,0.24260025926375706
Chandigarh,2020-05-29,5.2649,30.76,44.1,3.12,478.5977366602617,4896.060546520335,0.3660857445467344,5.9730673078322445,2326,2020-05-29,193.3,1.9,24.0,95.5,4.3,82.5,4.8,88.4,8.9,53.7,17.4,10.9,323.9,109.0,24.7,44.1,23.4,192.8,69.8,462.6,2.5,5.2,1.4,203.7,2.1,73.6,7.8,134.0,250.1,1.2,298.8,182.4,3.2,337.1,33.8,113.9,3483.6000000000004,2020,5,29,4,2,6970.300000000001,-1.5883548878974365,7306.014285714286,6623.58,390471,8.64863892739734,1510814.940783133,7809.42,78094.2,312376.8,481.1514558005374,0.20676032835480881
Chandigarh,2020-05-30,5.7115,26.69,60.45,2.4,301.15681564388825,3078.7466348776184,0.2278651475883544,3.790631005788724,2327,2020-05-30,186.4,1.9,25.6,91.0,3.4,74.6,4.8,73.3,9.3,53.2,17.6,10.6,326.5,96.1,19.6,41.8,24.9,183.5,70.5,461.2,2.5,5.4,1.7,206.0,2.0,75.1,8.0,127.5,186.9,1.2,306.6,164.0,3.6,282.0,28.2,129.5,3306.0,2020,5,30,5,2,6612.0,-5.140381332223876,7206.800000000001,6646.9766666666665,672930,10.756753931719405,1182406.4626706443,13458.6,134586.0,538344.0,217.13771541442725,0.45529482601883237
Chandigarh,2020-05-31,4.3776,26.91,64.0,2.27,249.73370133051708,2553.9185660072176,0.1841215946829328,2.860683421839729,2328,2020-05-31,184.1,2.0,25.1,78.0,3.4,74.0,4.4,73.3,9.1,48.3,16.0,9.1,319.2,96.1,19.6,41.8,21.2,168.5,63.5,443.5,2.2,5.5,1.7,204.8,2.2,84.9,7.2,127.5,186.9,0.9,288.5,145.9,4.1,282.0,28.2,120.4,3193.1000000000004,2020,5,31,6,2,6386.200000000001,-3.415003024803376,7069.171428571429,6664.65,718862,8.016034640766232,730684.0103037505,14377.24,143772.4,575089.6,124.55568146315818,0.7870554231856097
Chandigarh,2020-06-01,7.3795,27.64,57.48,1.26,241.33120264978788,2466.919523359967,0.1838462953921675,2.8114872508835966,2329,2020-06-01,178.2,1.6,24.2,94.1,3.9,72.7,4.5,74.6,9.2,54.9,15.9,9.1,325.4,109.4,22.7,41.3,20.3,164.5,68.3,388.3,2.5,5.2,1.5,200.7,2.2,80.3,7.7,134.9,197.4,1.2,303.3,138.5,4.4,331.0,29.4,123.1,3246.4,2020,6,1,0,2,6492.8,1.669224264821012,6928.785714285716,6681.33,675774,11.277000028880856,993344.5724268011,13515.48,135154.80000000002,540619.2,181.2420077619887,0.5442408110595749
Chandigarh,2020-06-02,5.3074,29.38,44.82,1.62,310.66454541812976,3176.1546364767623,0.2262529446429115,4.039883290228578,2330,2020-06-02,172.0,2.0,24.8,99.6,4.0,73.7,4.6,81.1,9.2,57.9,17.8,8.2,314.4,119.1,24.3,42.7,23.6,155.9,65.6,374.1,2.4,5.0,1.6,184.4,2.2,75.6,7.7,141.5,201.2,1.3,305.1,140.2,4.4,348.7,33.2,130.9,3255.8,2020,6,2,1,2,6515.799999999999,0.3542385411532622,6781.5,6701.130000000001,339789,5.4989618903861475,623541.3610211777,6795.78,67957.8,271831.2,226.88550137775854,0.43594664451477044
Chandigarh,2020-06-03,6.3622,29.3,49.67,1.21,313.6845465959038,3207.1259654874643,0.2308179878029488,4.137346270936916,2331,2020-06-03,175.3,2.0,23.2,106.7,4.1,76.8,2.8,85.7,7.1,59.6,17.4,7.7,301.9,127.1,24.6,43.3,26.6,144.6,65.6,288.2,2.6,5.2,1.4,182.9,2.3,77.0,7.7,140.0,203.8,1.3,311.9,139.7,4.4,365.4,35.3,138.6,3205.5,2020,6,3,2,2,6415.300000000001,-1.542404616470705,6639.314285714287,6714.986666666667,589593,11.682620210233152,1337599.959650182,11791.86,117918.6,471674.4,281.085447853473,0.3526271393550401
Chandigarh,2020-06-04,6.7056,30.23,46.38,1.79,348.81831807760136,3567.7541219780264,0.2645036245518558,4.582115335423527,2332,2020-06-04,174.3,2.0,23.9,100.7,4.1,76.4,4.1,85.1,8.9,59.5,17.7,8.4,298.3,126.0,24.9,44.4,25.0,166.4,66.3,283.6,2.4,5.1,1.7,143.2,2.3,79.6,7.7,146.5,201.2,1.4,319.5,142.8,4.4,342.0,35.1,148.8,3179.4,2020,6,4,3,2,6363.1,-0.8136797967359444,6536.5,6723.79,273686,9.582851570019438,1220076.0709701409,5473.72,54737.200000000004,218948.8,554.742638904685,0.1794548928174705
Chandigarh,2020-06-05,6.2167,27.55,64.55,1.31,324.3144980561957,3316.573958372721,0.2453064743159736,4.187136047529455,2333,2020-06-05,181.6,1.9,26.0,74.0,3.9,74.9,4.9,81.0,10.0,61.1,17.4,8.8,288.9,121.4,25.3,42.8,24.7,177.3,66.4,335.2,2.5,5.3,1.7,149.8,2.2,84.5,7.6,151.0,198.0,1.4,321.4,149.2,3.2,284.9,32.9,141.3,3164.4,2020,6,5,4,2,6328.799999999999,-0.5390454338294437,6444.857142857143,6731.493333333333,267661,7.660521562560437,906812.644974815,5353.22,53532.200000000004,214128.8,420.98934145001283,0.23613319140775282
Chandigarh,2020-06-06,5.6566,27.69,57.91,1.23,273.06653265259115,2792.8550195045905,0.2092881796340456,3.4253800892322954,2334,2020-06-06,186.6,1.7,24.2,85.3,3.9,76.5,5.1,80.2,10.0,62.3,12.4,8.4,279.5,129.4,24.7,35.0,26.5,175.2,64.2,357.0,2.4,4.5,1.7,162.3,2.1,93.9,7.6,143.4,206.1,1.4,299.3,153.9,4.3,324.9,34.2,157.4,3247.5000000000005,2020,6,6,5,2,6495.000000000001,2.626090254076629,6428.142857142857,6743.356666666668,768535,6.380078886010141,635897.8971002704,15370.7,153707.0,614828.0,100.92695796227082,0.9668643911848964
Daman,2020-05-15,7.1002,33.34,48.93,2.57,281.8991603902216,2879.8562655433675,0.2143210750888085,2.9989196322598706,2312,2020-05-15,181.9,2.0,22.2,100.6,3.4,79.4,4.2,72.0,7.5,49.7,13.9,10.0,306.3,120.4,21.9,43.2,23.2,209.5,71.9,405.5,2.3,5.1,1.6,202.9,2.1,81.2,8.5,121.2,219.7,1.2,303.5,156.8,3.9,339.7,30.1,145.2,3368.9,2020,5,15,4,2,6742.599999999999,1.589549652709743,6476.0,6003.933333333334,445121,8.3542826061052,859598.8170981461,8902.42,89024.20000000001,356096.8,238.89470422035416,0.41425881313250923
Daman,2020-05-16,6.8342,33.2,51.97,3.26,293.8778807796024,3002.1393577453105,0.2121702088962662,3.175236474799966,2313,2020-05-16,185.5,1.9,22.1,101.9,3.5,76.5,4.3,73.3,7.6,53.0,16.2,8.9,306.5,128.5,22.4,43.8,25.9,204.1,71.2,405.1,2.2,5.1,1.5,205.5,2.4,81.3,8.5,129.8,225.2,0.9,296.5,152.8,3.9,350.6,30.5,151.7,3405.6,2020,5,16,5,2,6816.200000000001,1.09156705128588,6511.099999999999,6033.223333333333,567257,6.361908262297106,682412.8030109125,11345.14,113451.40000000001,453805.6,147.87557998643308,0.6650006169244252
Daman,2020-05-17,5.7382,32.41,52.83,3.39,312.96183204783614,3200.565600194744,0.238868522489879,3.766244306500447,2314,2020-05-17,177.6,1.9,21.5,101.6,3.4,75.7,3.8,75.7,7.3,51.4,16.3,9.1,299.7,128.2,20.6,43.0,26.3,192.5,63.7,404.9,2.4,4.8,1.5,204.5,2.2,81.3,8.5,135.7,220.8,0.9,277.3,144.2,3.9,361.1,28.0,149.0,3344.7,2020,5,17,6,2,6695.0,-1.77811683929463,6590.5142857142855,6057.35,466765,6.164321254201996,704157.004661962,9335.300000000001,93353.0,373412.0,186.07374820893864,0.5302957539753597
Daman,2020-05-18,6.9746,32.73,50.91,3.82,222.99702127311505,2278.668814254924,0.1590258863064431,2.463815608425709,2315,2020-05-18,174.1,1.9,27.6,105.9,3.8,76.3,4.2,78.7,7.4,52.9,14.9,10.3,303.5,135.5,22.4,43.3,26.9,169.2,63.3,418.3,2.6,5.0,1.5,205.3,2.1,83.4,8.5,142.3,225.6,1.3,270.5,149.5,3.9,367.1,30.6,157.7,3391.9,2020,5,18,0,2,6789.2,1.40702016430172,6685.128571428571,6089.726666666667,346106,9.321462301890818,758710.2894394196,6922.12,69221.2,276884.8,271.5165908130095,0.3649409252952842
Daman,2020-05-19,7.23,32.43,53.56,3.4,267.4625583268417,2732.640628746392,0.1974073712280035,3.1133584237305145,2316,2020-05-19,164.7,1.9,30.9,102.2,3.9,76.2,4.4,81.3,7.9,52.7,14.8,10.5,307.0,134.0,23.6,44.2,26.5,174.0,65.6,420.9,2.6,5.2,1.7,208.3,2.1,74.2,8.5,143.6,231.8,1.2,274.7,151.3,3.9,370.6,31.7,148.2,3401.3,2020,5,19,1,2,6808.099999999999,0.2783833146762227,6730.228571428571,6125.856666666668,458930,8.661593072072492,845577.9224185332,9178.6,91786.0,367144.0,227.81233587326315,0.434192468929915
Daman,2020-05-20,7.3447,32.46,56.51,3.41,314.0457938884043,3215.0632596869136,0.2400729240189435,4.604665450162271,2317,2020-05-20,175.5,2.0,28.4,93.3,4.0,74.8,4.4,82.3,8.1,47.3,15.0,10.6,308.6,139.8,23.8,45.3,19.3,188.0,70.1,426.2,2.4,5.0,1.6,203.8,2.2,57.4,8.5,145.4,230.0,1.2,296.7,159.8,3.9,383.2,32.9,75.1,3371.2000000000003,2020,5,20,2,2,6747.1,-0.8959915394897044,6747.9,6159.816666666667,648874,9.690672242276591,1110809.9230378976,12977.48,129774.8,519099.2,211.4879859259844,0.46731553429484046
Daman,2020-05-21,7.3318,32.63,57.49,3.54,484.4608548279167,4956.921158773319,0.3787740493182112,6.39677026960725,2318,2020-05-21,186.9,2.1,20.2,81.6,4.2,78.0,4.5,84.8,8.2,47.3,16.6,10.6,316.6,142.4,24.3,43.4,17.4,196.5,71.2,434.5,2.8,4.4,1.5,207.2,2.3,70.0,8.5,160.4,233.5,1.1,302.2,166.9,3.9,382.7,33.7,51.5,3419.3,2020,5,21,3,2,6843.2,1.4243156319011074,6777.342857142857,6201.990000000001,762926,11.507241141953925,2034804.8763248192,15258.52,152585.2,610340.8,330.8883096664714,0.2999503820494031
Daman,2020-05-22,7.4962,32.77,55.64,3.24,309.5809210920232,3166.017998627707,0.2399508697316888,3.8626216955439454,2319,2020-05-22,192.3,2.0,21.7,92.5,4.5,79.2,4.5,91.7,8.6,52.5,16.3,10.3,317.1,154.5,24.8,44.9,23.5,201.3,72.4,442.1,2.4,4.7,1.7,209.3,2.3,77.2,8.5,168.2,237.2,1.3,306.5,173.3,3.9,402.6,35.2,78.3,3565.1,2020,5,22,4,2,7134.4,4.255319148936176,6833.314285714286,6246.483333333334,318033,8.725821493373282,985991.9671491218,6360.66,63606.600000000006,254426.4,385.0352428636029,0.25804078576304945
Daman,2020-05-23,7.7347,33.1,54.05,2.57,380.9419243993407,3896.9444239727577,0.2933331639016568,4.962811838029397,2320,2020-05-23,195.9,1.5,23.6,98.6,4.6,79.4,4.6,95.2,8.1,54.7,16.5,10.7,315.2,158.0,24.1,41.2,27.3,201.2,74.0,443.5,2.5,5.1,1.4,216.6,2.1,84.5,8.5,171.0,244.1,1.3,311.9,168.1,3.9,417.5,36.1,102.9,3651.1,2020,5,23,5,2,7306.5,2.4122561112357,6903.357142857143,6295.37,366926,9.066524372839584,1260644.0234041084,7338.52,73385.2,293540.8,426.9612617408239,0.23284968769983672
Daman,2020-05-24,7.5362,33.55,52.79,2.53,331.3531300728466,3390.319078053461,0.2597622941068829,4.231194467057071,2321,2020-05-24,194.0,1.6,22.9,109.2,4.5,83.8,4.1,98.0,8.7,55.0,17.3,10.0,312.2,154.3,22.4,46.2,27.7,192.6,69.7,447.4,2.4,4.6,1.6,216.2,2.1,85.0,7.6,168.3,245.8,0.9,302.2,172.3,4.3,426.9,34.6,118.4,3674.8,2020,5,24,6,2,7349.6,0.589885718196137,6996.871428571429,6345.823333333334,770559,5.627384374084595,680597.7706637244,15411.18,154111.80000000002,616447.2,107.90649883132318,0.9057424529269081
Daman,2020-05-25,7.4441,33.87,52.58,2.8,374.5515346174102,3834.449084009233,0.29073825950854,5.110555584043095,2322,2020-05-25,191.6,1.5,20.0,105.8,5.0,85.8,4.4,101.5,9.0,55.3,17.3,10.6,319.8,162.7,24.5,47.4,28.3,200.9,75.9,457.9,2.4,4.3,1.7,220.3,2.1,85.8,7.6,175.9,249.6,1.1,306.3,177.1,4.3,426.5,36.1,113.4,3735.8,2020,5,25,0,2,7475.500000000001,1.7130183955589515,7094.914285714285,6401.906666666667,631734,10.023450501360408,1370319.0501178596,12634.68,126346.8,505387.2,268.6424132067175,0.3688096076216153
Daman,2020-05-26,7.5854,32.71,57.06,3.53,332.7624370853408,3403.815119968726,0.257447463283904,4.12586275347288,2323,2020-05-26,193.5,1.3,15.7,108.9,5.4,87.1,4.7,106.9,9.3,56.7,17.5,10.9,323.1,167.8,25.4,44.4,27.9,187.3,77.4,462.7,1.8,3.7,1.3,218.0,1.6,86.7,7.6,184.3,253.8,1.2,318.9,176.3,4.3,425.3,36.3,120.2,3771.6,2020,5,26,1,2,7546.800000000001,0.9537823556952764,7200.442857142857,6470.550000000001,573220,7.799336447629093,947294.0644459773,11464.4,114644.0,458576.0,204.07297033555557,0.4840899284830506
Daman,2020-05-27,7.3898,31.72,61.15,4.51,285.4326782238401,2916.9235397521443,0.2201191109291045,3.1892448036591685,2324,2020-05-27,194.8,1.4,17.8,79.3,5.5,86.7,4.8,110.4,9.2,53.8,17.3,10.8,321.1,168.2,25.6,41.3,24.4,187.0,77.7,460.7,1.8,4.2,1.6,218.3,1.8,88.2,8.2,182.7,260.7,1.2,324.6,176.9,1.9,395.3,35.5,104.6,3705.2999999999993,2020,5,27,2,2,7410.5999999999985,-1.804738432183206,7295.228571428571,6534.8966666666665,421897,11.837076670638051,1233221.301201022,8437.94,84379.40000000001,337517.6,362.87985017700476,0.2736875579295762
Daman,2020-05-28,7.1926,31.45,64.38,5.17,370.26235136925806,3788.58341870952,0.2892487116306813,4.893855943973852,2325,2020-05-28,195.4,1.6,23.4,79.0,5.0,90.0,4.6,105.6,9.4,51.7,16.8,10.7,321.5,139.3,24.2,43.3,22.2,192.1,74.3,457.3,2.2,4.8,1.3,210.9,2.1,79.3,7.8,150.3,249.4,1.3,307.0,180.5,3.2,350.0,34.1,89.8,3541.4000000000005,2020,5,28,3,2,7082.800000000001,-4.42339351739397,7329.457142857143,6582.003333333333,201062,10.762218109169622,1454468.1268132336,4021.2400000000002,40212.4,160849.6,901.7410592337399,0.11058990324010809
Daman,2020-05-29,7.1299,31.21,66.02,4.48,478.5977366602617,4896.060546520335,0.3660857445467344,5.9730673078322445,2326,2020-05-29,193.3,1.9,24.0,95.5,4.3,82.5,4.8,88.4,8.9,53.7,17.4,10.9,323.9,109.0,24.7,44.1,23.4,192.8,69.8,462.6,2.5,5.2,1.4,203.7,2.1,73.6,7.8,134.0,250.1,1.2,298.8,182.4,3.2,337.1,33.8,113.9,3483.6000000000004,2020,5,29,4,2,6970.300000000001,-1.5883548878974365,7306.014285714286,6623.58,447736,8.657367283612828,1512339.6813913996,8954.72,89547.20000000001,358188.8,419.71858455412325,0.23684398919326521
Daman,2020-05-30,7.1712,31.02,66.95,3.07,301.15681564388825,3078.7466348776184,0.2278651475883544,3.790631005788724,2327,2020-05-30,186.4,1.9,25.6,91.0,3.4,74.6,4.8,73.3,9.3,53.2,17.6,10.6,326.5,96.1,19.6,41.8,24.9,183.5,70.5,461.2,2.5,5.4,1.7,206.0,2.0,75.1,8.0,127.5,186.9,1.2,306.6,164.0,3.6,282.0,28.2,129.5,3306.0,2020,5,30,5,2,6612.0,-5.140381332223876,7206.800000000001,6646.9766666666665,774736,5.862558579205162,644425.5577323023,15494.720000000001,154947.2,619788.8,101.47502467490577,0.9617679354820492
Daman,2020-05-31,7.4134,32.14,59.92,3.25,249.73370133051708,2553.9185660072176,0.1841215946829328,2.860683421839729,2328,2020-05-31,184.1,2.0,25.1,78.0,3.4,74.0,4.4,73.3,9.1,48.3,16.0,9.1,319.2,96.1,19.6,41.8,21.2,168.5,63.5,443.5,2.2,5.5,1.7,204.8,2.2,84.9,7.2,127.5,186.9,0.9,288.5,145.9,4.1,282.0,28.2,120.4,3193.1000000000004,2020,5,31,6,2,6386.200000000001,-3.415003024803376,7069.171428571429,6664.65,295462,11.015910552964124,1004131.1023099364,5909.24,59092.4,236369.6,422.3139787476631,0.23539691586022207
Daman,2020-06-01,5.6131,30.87,63.56,2.46,241.33120264978788,2466.919523359967,0.1838462953921675,2.8114872508835966,2329,2020-06-01,178.2,1.6,24.2,94.1,3.9,72.7,4.5,74.6,9.2,54.9,15.9,9.1,325.4,109.4,22.7,41.3,20.3,164.5,68.3,388.3,2.5,5.2,1.5,200.7,2.2,80.3,7.7,134.9,197.4,1.2,303.3,138.5,4.4,331.0,29.4,123.1,3246.4,2020,6,1,0,2,6492.8,1.669224264821012,6928.785714285716,6681.33,599445,10.598467667968151,933575.446222811,11988.9,119889.0,479556.0,192.17495896679657,0.513676198601895
Daman,2020-06-02,3.335,30.77,58.0,1.83,310.66454541812976,3176.1546364767623,0.2262529446429115,4.039883290228578,2330,2020-06-02,172.0,2.0,24.8,99.6,4.0,73.7,4.6,81.1,9.2,57.9,17.8,8.2,314.4,119.1,24.3,42.7,23.6,155.9,65.6,374.1,2.4,5.0,1.6,184.4,2.2,75.6,7.7,141.5,201.2,1.3,305.1,140.2,4.4,348.7,33.2,130.9,3255.8,2020,6,2,1,2,6515.799999999999,0.3542385411532622,6781.5,6701.130000000001,650009,6.292095906759231,713476.8568292304,13000.18,130001.8,520007.2,134.7051880876323,0.7288343920173864
Daman,2020-06-03,3.2674,28.18,69.59,5.44,313.6845465959038,3207.1259654874643,0.2308179878029488,4.137346270936916,2331,2020-06-03,175.3,2.0,23.2,106.7,4.1,76.8,2.8,85.7,7.1,59.6,17.4,7.7,301.9,127.1,24.6,43.3,26.6,144.6,65.6,288.2,2.6,5.2,1.4,182.9,2.3,77.0,7.7,140.0,203.8,1.3,311.9,139.7,4.4,365.4,35.3,138.6,3205.5,2020,6,3,2,2,6415.300000000001,-1.542404616470705,6639.314285714287,6714.986666666667,772203,7.066948024542171,809129.221216795,15444.06,154440.6,617762.4,128.47741481462694,0.7634894653557617
Daman,2020-06-04,5.2603,27.7,75.44,3.69,348.81831807760136,3567.7541219780264,0.2645036245518558,4.582115335423527,2332,2020-06-04,174.3,2.0,23.9,100.7,4.1,76.4,4.1,85.1,8.9,59.5,17.7,8.4,298.3,126.0,24.9,44.4,25.0,166.4,66.3,283.6,2.4,5.1,1.7,143.2,2.3,79.6,7.7,146.5,201.2,1.4,319.5,142.8,4.4,342.0,35.1,148.8,3179.4,2020,6,4,3,2,6363.1,-0.8136797967359444,6536.5,6723.79,466776,10.553850807034861,1343702.41802942,9335.52,93355.20000000001,373420.8,357.3359861125626,0.2779041825670373
Daman,2020-06-05,6.2546,28.24,78.09,3.43,324.3144980561957,3316.573958372721,0.2453064743159736,4.187136047529455,2333,2020-06-05,181.6,1.9,26.0,74.0,3.9,74.9,4.9,81.0,10.0,61.1,17.4,8.8,288.9,121.4,25.3,42.8,24.7,177.3,66.4,335.2,2.5,5.3,1.7,149.8,2.2,84.5,7.6,151.0,198.0,1.4,321.4,149.2,3.2,284.9,32.9,141.3,3164.4,2020,6,5,4,2,6328.799999999999,-0.5390454338294437,6444.857142857143,6731.493333333333,571923,6.296599125831868,745358.6105086637,11438.460000000001,114384.6,457538.4,160.40624142337862,0.6138491991640883
Daman,2020-06-06,6.7246,28.2,82.22,3.58,273.06653265259115,2792.8550195045905,0.2092881796340456,3.4253800892322954,2334,2020-06-06,186.6,1.7,24.2,85.3,3.9,76.5,5.1,80.2,10.0,62.3,12.4,8.4,279.5,129.4,24.7,35.0,26.5,175.2,64.2,357.0,2.4,4.5,1.7,162.3,2.1,93.9,7.6,143.4,206.1,1.4,299.3,153.9,4.3,324.9,34.2,157.4,3247.5000000000005,2020,6,6,5,2,6495.000000000001,2.626090254076629,6428.142857142857,6743.356666666668,599384,11.424267424199641,1138648.5591720827,11987.68,119876.8,479507.2,234.96224439843294,0.4211192075186433
New Delhi,2020-05-15,7.0716,33.41,33.82,3.31,281.8991603902216,2879.8562655433675,0.2143210750888085,2.9989196322598706,2312,2020-05-15,181.9,2.0,22.2,100.6,3.4,79.4,4.2,72.0,7.5,49.7,13.9,10.0,306.3,120.4,21.9,43.2,23.2,209.5,71.9,405.5,2.3,5.1,1.6,202.9,2.1,81.2,8.5,121.2,219.7,1.2,303.5,156.8,3.9,339.7,30.1,145.2,3368.9,2020,5,15,4,2,6742.599999999999,1.589549652709743,6476.0,6003.933333333334,731849,7.971691976374533,820232.8453857481,14636.98,146369.80000000002,585479.2,137.5959838343955,0.7137954661266809
New Delhi,2020-05-16,7.6356,33.13,28.31,3.9,293.8778807796024,3002.1393577453105,0.2121702088962662,3.175236474799966,2313,2020-05-16,185.5,1.9,22.1,101.9,3.5,76.5,4.3,73.3,7.6,53.0,16.2,8.9,306.5,128.5,22.4,43.8,25.9,204.1,71.2,405.1,2.2,5.1,1.5,205.5,2.4,81.3,8.5,129.8,225.2,0.9,296.5,152.8,3.9,350.6,30.5,151.7,3405.6,2020,5,16,5,2,6816.200000000001,1.09156705128588,6511.099999999999,6033.223333333333,667010,5.60927273811361,601681.0325219432,13340.2,133402.0,533608.0,110.2571236791696,0.8868604531256955
New Delhi,2020-05-17,6.6514,34.34,25.48,2.17,312.96183204783614,3200.565600194744,0.238868522489879,3.766244306500447,2314,2020-05-17,177.6,1.9,21.5,101.6,3.4,75.7,3.8,75.7,7.3,51.4,16.3,9.1,299.7,128.2,20.6,43.0,26.3,192.5,63.7,404.9,2.4,4.8,1.5,204.5,2.2,81.3,8.5,135.7,220.8,0.9,277.3,144.2,3.9,361.1,28.0,149.0,3344.7,2020,5,17,6,2,6695.0,-1.77811683929463,6590.5142857142855,6057.35,586193,10.710240504529967,1223442.2188392833,11723.86,117238.6,468954.4,258.3872459325007,0.38330704096338114
New Delhi,2020-05-18,7.3142,34.03,22.57,2.49,222.99702127311505,2278.668814254924,0.1590258863064431,2.463815608425709,2315,2020-05-18,174.1,1.9,27.6,105.9,3.8,76.3,4.2,78.7,7.4,52.9,14.9,10.3,303.5,135.5,22.4,43.3,26.9,169.2,63.3,418.3,2.6,5.0,1.5,205.3,2.1,83.4,8.5,142.3,225.6,1.3,270.5,149.5,3.9,367.1,30.6,157.7,3391.9,2020,5,18,0,2,6789.2,1.40702016430172,6685.128571428571,6089.726666666667,226734,7.614567781268713,619779.4657293818,4534.68,45346.8,181387.2,339.1886449150666,0.2926636285423041
New Delhi,2020-05-19,7.5792,33.72,17.27,2.62,267.4625583268417,2732.640628746392,0.1974073712280035,3.1133584237305145,2316,2020-05-19,164.7,1.9,30.9,102.2,3.9,76.2,4.4,81.3,7.9,52.7,14.8,10.5,307.0,134.0,23.6,44.2,26.5,174.0,65.6,420.9,2.6,5.2,1.7,208.3,2.1,74.2,8.5,143.6,231.8,1.2,274.7,151.3,3.9,370.6,31.7,148.2,3401.3,2020,5,19,1,2,6808.099999999999,0.2783833146762227,6730.228571428571,6125.856666666668,226069,8.685494359076467,847911.2576883596,4521.38,45213.8,180855.2,466.33432585204054,0.21329471105071732
New Delhi,2020-05-20,8.1835,33.12,18.47,2.95,314.0457938884043,3215.0632596869136,0.2400729240189435,4.604665450162271,2317,2020-05-20,175.5,2.0,28.4,93.3,4.0,74.8,4.4,82.3,8.1,47.3,15.0,10.6,308.6,139.8,23.8,45.3,19.3,188.0,70.1,426.2,2.4,5.0,1.6,203.8,2.2,57.4,8.5,145.4,230.0,1.2,296.7,159.8,3.9,383.2,32.9,75.1,3371.2000000000003,2020,5,20,2,2,6747.1,-0.8959915394897044,6747.9,6159.816666666667,737198,5.786130410878534,663245.1202255588,14743.960000000001,147439.6,589758.4,109.96047876987573,0.8891999244555447
New Delhi,2020-05-21,7.9397,34.13,17.42,3.89,484.4608548279167,4956.921158773319,0.3787740493182112,6.39677026960725,2318,2020-05-21,186.9,2.1,20.2,81.6,4.2,78.0,4.5,84.8,8.2,47.3,16.6,10.6,316.6,142.4,24.3,43.4,17.4,196.5,71.2,434.5,2.8,4.4,1.5,207.2,2.3,70.0,8.5,160.4,233.5,1.1,302.2,166.9,3.9,382.7,33.7,51.5,3419.3,2020,5,21,3,2,6843.2,1.4243156319011074,6777.342857142857,6201.990000000001,535623,5.018088103914876,887339.5471349062,10712.460000000001,107124.6,428498.4,204.5811809647145,0.48290185925072304
New Delhi,2020-05-22,7.969,36.52,15.93,1.86,309.5809210920232,3166.017998627707,0.2399508697316888,3.8626216955439454,2319,2020-05-22,192.3,2.0,21.7,92.5,4.5,79.2,4.5,91.7,8.6,52.5,16.3,10.3,317.1,154.5,24.8,44.9,23.5,201.3,72.4,442.1,2.4,4.7,1.7,209.3,2.3,77.2,8.5,168.2,237.2,1.3,306.5,173.3,3.9,402.6,35.2,78.3,3565.1,2020,5,22,4,2,7134.4,4.255319148936176,6833.314285714286,6246.483333333334,670951,9.465896440553085,1069618.2427452665,13419.02,134190.2,536760.8,196.77279390470883,0.5018241805582694
New Delhi,2020-05-23,7.0056,38.66,15.66,2.01,380.9419243993407,3896.9444239727577,0.2933331639016568,4.962811838029397,2320,2020-05-23,195.9,1.5,23.6,98.6,4.6,79.4,4.6,95.2,8.1,54.7,16.5,10.7,315.2,158.0,24.1,41.2,27.3,201.2,74.0,443.5,2.5,5.1,1.4,216.6,2.1,84.5,8.5,171.0,244.1,1.3,311.9,168.1,3.9,417.5,36.1,102.9,3651.1,2020,5,23,5,2,7306.5,2.4122561112357,6903.357142857143,6295.37,281264,8.606226192336122,1196642.4141464543,5625.28,56252.8,225011.2,529.3146004049818,0.18803529718207385
New Delhi,2020-05-24,7.579,38.32,15.52,3.19,331.3531300728466,3390.319078053461,0.2597622941068829,4.231194467057071,2321,2020-05-24,194.0,1.6,22.9,109.2,4.5,83.8,4.1,98.0,8.7,55.0,17.3,10.0,312.2,154.3,22.4,46.2,27.7,192.6,69.7,447.4,2.4,4.6,1.6,216.2,2.1,85.0,7.6,168.3,245.8,0.9,302.2,172.3,4.3,426.9,34.6,118.4,3674.8,2020,5,24,6,2,7349.6,0.589885718196137,6996.871428571429,6345.823333333334,223275,9.15476998386203,1107213.5165761139,4465.5,44655.0,178620.0,617.3709643803123,0.16132375192510495
New Delhi,2020-05-25,7.9462,37.83,18.47,3.06,374.5515346174102,3834.449084009233,0.29073825950854,5.110555584043095,2322,2020-05-25,191.6,1.5,20.0,105.8,5.0,85.8,4.4,101.5,9.0,55.3,17.3,10.6,319.8,162.7,24.5,47.4,28.3,200.9,75.9,457.9,2.4,4.3,1.7,220.3,2.1,85.8,7.6,175.9,249.6,1.1,306.3,177.1,4.3,426.5,36.1,113.4,3735.8,2020,5,25,0,2,7475.500000000001,1.7130183955589515,7094.914285714285,6401.906666666667,796562,10.556206952663615,1443152.8825585833,15931.24,159312.40000000002,637249.6,223.96587499758076,0.44156732535702514
New Delhi,2020-05-26,7.5576,38.37,15.49,3.35,332.7624370853408,3403.815119968726,0.257447463283904,4.12586275347288,2323,2020-05-26,193.5,1.3,15.7,108.9,5.4,87.1,4.7,106.9,9.3,56.7,17.5,10.9,323.1,167.8,25.4,44.4,27.9,187.3,77.4,462.7,1.8,3.7,1.3,218.0,1.6,86.7,7.6,184.3,253.8,1.2,318.9,176.3,4.3,425.3,36.3,120.2,3771.6,2020,5,26,1,2,7546.800000000001,0.9537823556952764,7200.442857142857,6470.550000000001,674665,9.52624139396002,1157040.9854188478,13493.300000000001,134933.0,539732.0,211.87324179756763,0.46647572586107816
New Delhi,2020-05-27,7.0279,38.92,14.54,2.09,285.4326782238401,2916.9235397521443,0.2201191109291045,3.1892448036591685,2324,2020-05-27,194.8,1.4,17.8,79.3,5.5,86.7,4.8,110.4,9.2,53.8,17.3,10.8,321.1,168.2,25.6,41.3,24.4,187.0,77.7,460.7,1.8,4.2,1.6,218.3,1.8,88.2,8.2,182.7,260.7,1.2,324.6,176.9,1.9,395.3,35.5,104.6,3705.2999999999993,2020,5,27,2,2,7410.5999999999985,-1.804738432183206,7295.228571428571,6534.8966666666665,562920,6.22341409979164,648373.5002828309,11258.4,112584.0,450336.0,141.4754983574111,0.6945615532436216
New Delhi,2020-05-28,6.2282,36.75,26.53,4.83,370.26235136925806,3788.58341870952,0.2892487116306813,4.893855943973852,2325,2020-05-28,195.4,1.6,23.4,79.0,5.0,90.0,4.6,105.6,9.4,51.7,16.8,10.7,321.5,139.3,24.2,43.3,22.2,192.1,74.3,457.3,2.2,4.8,1.3,210.9,2.1,79.3,7.8,150.3,249.4,1.3,307.0,180.5,3.2,350.0,34.1,89.8,3541.4000000000005,2020,5,28,3,2,7082.800000000001,-4.42339351739397,7329.457142857143,6582.003333333333,391076,7.525407633774199,1017026.9208050908,7821.52,78215.2,312860.8,322.57329803065477,0.30762262628181913
New Delhi,2020-05-29,5.8711,34.91,32.66,4.37,478.5977366602617,4896.060546520335,0.3660857445467344,5.9730673078322445,2326,2020-05-29,193.3,1.9,24.0,95.5,4.3,82.5,4.8,88.4,8.9,53.7,17.4,10.9,323.9,109.0,24.7,44.1,23.4,192.8,69.8,462.6,2.5,5.2,1.4,203.7,2.1,73.6,7.8,134.0,250.1,1.2,298.8,182.4,3.2,337.1,33.8,113.9,3483.6000000000004,2020,5,29,4,2,6970.300000000001,-1.5883548878974365,7306.014285714286,6623.58,394053,11.341237733514323,1981180.1092178575,7881.06,78810.6,315242.4,625.9624496000085,0.15911841604650334
New Delhi,2020-05-30,6.323,31.65,43.82,2.81,301.15681564388825,3078.7466348776184,0.2278651475883544,3.790631005788724,2327,2020-05-30,186.4,1.9,25.6,91.0,3.4,74.6,4.8,73.3,9.3,53.2,17.6,10.6,326.5,96.1,19.6,41.8,24.9,183.5,70.5,461.2,2.5,5.4,1.7,206.0,2.0,75.1,8.0,127.5,186.9,1.2,306.6,164.0,3.6,282.0,28.2,129.5,3306.0,2020,5,30,5,2,6612.0,-5.140381332223876,7206.800000000001,6646.9766666666665,772735,10.389612901761753,1142049.4991025378,15454.7,154547.0,618188.0,182.2414539108714,0.5412965542993005
New Delhi,2020-05-31,5.2262,29.66,55.57,1.3,249.73370133051708,2553.9185660072176,0.1841215946829328,2.860683421839729,2328,2020-05-31,184.1,2.0,25.1,78.0,3.4,74.0,4.4,73.3,9.1,48.3,16.0,9.1,319.2,96.1,19.6,41.8,21.2,168.5,63.5,443.5,2.2,5.5,1.7,204.8,2.2,84.9,7.2,127.5,186.9,0.9,288.5,145.9,4.1,282.0,28.2,120.4,3193.1000000000004,2020,5,31,6,2,6386.200000000001,-3.415003024803376,7069.171428571429,6664.65,799991,8.896459405557021,810937.193671553,15999.82,159998.2,639992.8,124.21036200275269,0.7892004655772947
New Delhi,2020-06-01,6.9643,31.02,50.07,1.83,241.33120264978788,2466.919523359967,0.1838462953921675,2.8114872508835966,2329,2020-06-01,178.2,1.6,24.2,94.1,3.9,72.7,4.5,74.6,9.2,54.9,15.9,9.1,325.4,109.4,22.7,41.3,20.3,164.5,68.3,388.3,2.5,5.2,1.5,200.7,2.2,80.3,7.7,134.9,197.4,1.2,303.3,138.5,4.4,331.0,29.4,123.1,3246.4,2020,6,1,0,2,6492.8,1.669224264821012,6928.785714285716,6681.33,312581,6.7895149846649065,598060.4630801474,6251.62,62516.200000000004,250064.8,236.66219439127275,0.41812558647753617
New Delhi,2020-06-02,6.7135,31.92,45.23,1.4,310.66454541812976,3176.1546364767623,0.2262529446429115,4.039883290228578,2330,2020-06-02,172.0,2.0,24.8,99.6,4.0,73.7,4.6,81.1,9.2,57.9,17.8,8.2,314.4,119.1,24.3,42.7,23.6,155.9,65.6,374.1,2.4,5.0,1.6,184.4,2.2,75.6,7.7,141.5,201.2,1.3,305.1,140.2,4.4,348.7,33.2,130.9,3255.8,2020,6,2,1,2,6515.799999999999,0.3542385411532622,6781.5,6701.130000000001,465956,7.114423512843565,806722.688483304,9319.12,93191.20000000001,372764.8,213.9160050743268,0.46207246089528303
New Delhi,2020-06-03,6.8263,33.32,40.7,1.25,313.6845465959038,3207.1259654874643,0.2308179878029488,4.137346270936916,2331,2020-06-03,175.3,2.0,23.2,106.7,4.1,76.8,2.8,85.7,7.1,59.6,17.4,7.7,301.9,127.1,24.6,43.3,26.6,144.6,65.6,288.2,2.6,5.2,1.4,182.9,2.3,77.0,7.7,140.0,203.8,1.3,311.9,139.7,4.4,365.4,35.3,138.6,3205.5,2020,6,3,2,2,6415.300000000001,-1.542404616470705,6639.314285714287,6714.986666666667,621240,10.123706473099443,1159112.3503327384,12424.800000000001,124248.0,496992.0,230.7255550054605,0.42876911033535425
New Delhi,2020-06-04,3.4286,31.8,47.52,2.31,348.81831807760136,3567.7541219780264,0.2645036245518558,4.582115335423527,2332,2020-06-04,174.3,2.0,23.9,100.7,4.1,76.4,4.1,85.1,8.9,59.5,17.7,8.4,298.3,126.0,24.9,44.4,25.0,166.4,66.3,283.6,2.4,5.1,1.7,143.2,2.3,79.6,7.7,146.5,201.2,1.4,319.5,142.8,4.4,342.0,35.1,148.8,3179.4,2020,6,4,3,2,6363.1,-0.8136797967359444,6536.5,6723.79,316421,10.958219825969396,1395186.1502190337,6328.42,63284.200000000004,253136.8,548.6589584047179,0.181435730654672
New Delhi,2020-06-05,5.9009,31.1,48.71,1.92,324.3144980561957,3316.573958372721,0.2453064743159736,4.187136047529455,2333,2020-06-05,181.6,1.9,26.0,74.0,3.9,74.9,4.9,81.0,10.0,61.1,17.4,8.8,288.9,121.4,25.3,42.8,24.7,177.3,66.4,335.2,2.5,5.3,1.7,149.8,2.2,84.5,7.6,151.0,198.0,1.4,321.4,149.2,3.2,284.9,32.9,141.3,3164.4,2020,6,5,4,2,6328.799999999999,-0.5390454338294437,6444.857142857143,6731.493333333333,725893,9.6999726867143,1148232.2471634531,14517.86,145178.6,580714.4,195.2275313240817,0.5057460245421149
New Delhi,2020-06-06,6.5506,31.45,46.92,1.7,273.06653265259115,2792.8550195045905,0.2092881796340456,3.4253800892322954,2334,2020-06-06,186.6,1.7,24.2,85.3,3.9,76.5,5.1,80.2,10.0,62.3,12.4,8.4,279.5,129.4,24.7,35.0,26.5,175.2,64.2,357.0,2.4,4.5,1.7,162.3,2.1,93.9,7.6,143.4,206.1,1.4,299.3,153.9,4.3,324.9,34.2,157.4,3247.5000000000005,2020,6,6,5,2,6495.000000000001,2.626090254076629,6428.142857142857,6743.356666666668,664374,10.666709830379093,1063143.3358904184,13287.48,132874.80000000002,531499.2,197.52726925843322,0.49993136590889314
Srinagar,2020-05-15,7.1002,11.53,60.7,1.41,281.8991603902216,2879.8562655433675,0.2143210750888085,2.9989196322598706,2312,2020-05-15,181.9,2.0,22.2,100.6,3.4,79.4,4.2,72.0,7.5,49.7,13.9,10.0,306.3,120.4,21.9,43.2,23.2,209.5,71.9,405.5,2.3,5.1,1.6,202.9,2.1,81.2,8.5,121.2,219.7,1.2,303.5,156.8,3.9,339.7,30.1,145.2,3368.9,2020,5,15,4,2,6742.599999999999,1.589549652709743,6476.0,6003.933333333334,272303,10.366592946402843,1066651.8544098265,5446.06,54460.600000000006,217842.4,487.1438225110568,0.20422989457102336
Srinagar,2020-05-16,7.1873,12.03,61.79,1.52,293.8778807796024,3002.1393577453105,0.2121702088962662,3.175236474799966,2313,2020-05-16,185.5,1.9,22.1,101.9,3.5,76.5,4.3,73.3,7.6,53.0,16.2,8.9,306.5,128.5,22.4,43.8,25.9,204.1,71.2,405.1,2.2,5.1,1.5,205.5,2.4,81.3,8.5,129.8,225.2,0.9,296.5,152.8,3.9,350.6,30.5,151.7,3405.6,2020,5,16,5,2,6816.200000000001,1.09156705128588,6511.099999999999,6033.223333333333,358211,6.047927775698704,648733.5522081068,7164.22,71642.2,286568.8,223.87968690524121,0.4417350656360167
Srinagar,2020-05-17,6.7404,11.49,59.14,1.7,312.96183204783614,3200.565600194744,0.238868522489879,3.766244306500447,2314,2020-05-17,177.6,1.9,21.5,101.6,3.4,75.7,3.8,75.7,7.3,51.4,16.3,9.1,299.7,128.2,20.6,43.0,26.3,192.5,63.7,404.9,2.4,4.8,1.5,204.5,2.2,81.3,8.5,135.7,220.8,0.9,277.3,144.2,3.9,361.1,28.0,149.0,3344.7,2020,5,17,6,2,6695.0,-1.77811683929463,6590.5142857142855,6057.35,387210,7.967613690393113,910149.02682212,7744.2,77442.0,309768.0,291.3163486293355,0.3403482842071499
Srinagar,2020-05-18,3.6972,9.86,63.67,1.7,222.99702127311505,2278.668814254924,0.1590258863064431,2.463815608425709,2315,2020-05-18,174.1,1.9,27.6,105.9,3.8,76.3,4.2,78.7,7.4,52.9,14.9,10.3,303.5,135.5,22.4,43.3,26.9,169.2,63.3,418.3,2.6,5.0,1.5,205.3,2.1,83.4,8.5,142.3,225.6,1.3,270.5,149.5,3.9,367.1,30.6,157.7,3391.9,2020,5,18,0,2,6789.2,1.40702016430172,6685.128571428571,6089.726666666667,344990,6.070886605799939,494133.2147967869,6899.8,68998.0,275992.0,176.5389630122565,0.5585365103962735
Srinagar,2020-05-19,7.0102,8.59,62.02,1.29,267.4625583268417,2732.640628746392,0.1974073712280035,3.1133584237305145,2316,2020-05-19,164.7,1.9,30.9,102.2,3.9,76.2,4.4,81.3,7.9,52.7,14.8,10.5,307.0,134.0,23.6,44.2,26.5,174.0,65.6,420.9,2.6,5.2,1.7,208.3,2.1,74.2,8.5,143.6,231.8,1.2,274.7,151.3,3.9,370.6,31.7,148.2,3401.3,2020,5,19,1,2,6808.099999999999,0.2783833146762227,6730.228571428571,6125.856666666668,358518,6.6466490936138936,648871.3663707457,7170.360000000001,71703.6,286814.4,223.73388727021575,0.44201974820441514
Srinagar,2020-05-20,8.8994,12.17,52.01,1.49,314.0457938884043,3215.0632596869136,0.2400729240189435,4.604665450162271,2317,2020-05-20,175.5,2.0,28.4,93.3,4.0,74.8,4.4,82.3,8.1,47.3,15.0,10.6,308.6,139.8,23.8,45.3,19.3,188.0,70.1,426.2,2.4,5.0,1.6,203.8,2.2,57.4,8.5,145.4,230.0,1.2,296.7,159.8,3.9,383.2,32.9,75.1,3371.2000000000003,2020,5,20,2,2,6747.1,-0.8959915394897044,6747.9,6159.816666666667,324040,11.084817372557367,1270616.1992335555,6480.8,64808.0,259232.0,487.64635509256397,0.2040205343957019
Srinagar,2020-05-21,8.0832,14.78,50.71,1.48,484.4608548279167,4956.921158773319,0.3787740493182112,6.39677026960725,2318,2020-05-21,186.9,2.1,20.2,81.6,4.2,78.0,4.5,84.8,8.2,47.3,16.6,10.6,316.6,142.4,24.3,43.4,17.4,196.5,71.2,434.5,2.8,4.4,1.5,207.2,2.3,70.0,8.5,160.4,233.5,1.1,302.2,166.9,3.9,382.7,33.7,51.5,3419.3,2020,5,21,3,2,6843.2,1.4243156319011074,6777.342857142857,6201.990000000001,723138,8.310243759432275,1469485.5453658658,14462.76,144627.6,578510.4,251.51194954591406,0.3936819985350497
Srinagar,2020-05-22,7.4402,15.74,58.98,1.49,309.5809210920232,3166.017998627707,0.2399508697316888,3.8626216955439454,2319,2020-05-22,192.3,2.0,21.7,92.5,4.5,79.2,4.5,91.7,8.6,52.5,16.3,10.3,317.1,154.5,24.8,44.9,23.5,201.3,72.4,442.1,2.4,4.7,1.7,209.3,2.3,77.2,8.5,168.2,237.2,1.3,306.5,173.3,3.9,402.6,35.2,78.3,3565.1,2020,5,22,4,2,7134.4,4.255319148936176,6833.314285714286,6246.483333333334,618034,8.747506712898627,988442.3326848017,12360.68,123606.8,494427.2,197.4166576363116,0.5002079367130141
Srinagar,2020-05-23,4.643,13.25,71.11,1.48,380.9419243993407,3896.9444239727577,0.2933331639016568,4.962811838029397,2320,2020-05-23,195.9,1.5,23.6,98.6,4.6,79.4,4.6,95.2,8.1,54.7,16.5,10.7,315.2,158.0,24.1,41.2,27.3,201.2,74.0,443.5,2.5,5.1,1.4,216.6,2.1,84.5,8.5,171.0,244.1,1.3,311.9,168.1,3.9,417.5,36.1,102.9,3651.1,2020,5,23,5,2,7306.5,2.4122561112357,6903.357142857143,6295.37,740677,6.249121756594405,868901.6507334441,14813.54,148135.4,592541.6,144.13977191364188,0.6819424471772911
Srinagar,2020-05-24,7.7124,13.87,66.19,1.43,331.3531300728466,3390.319078053461,0.2597622941068829,4.231194467057071,2321,2020-05-24,194.0,1.6,22.9,109.2,4.5,83.8,4.1,98.0,8.7,55.0,17.3,10.0,312.2,154.3,22.4,46.2,27.7,192.6,69.7,447.4,2.4,4.6,1.6,216.2,2.1,85.0,7.6,168.3,245.8,0.9,302.2,172.3,4.3,426.9,34.6,118.4,3674.8,2020,5,24,6,2,7349.6,0.589885718196137,6996.871428571429,6345.823333333334,503571,7.185902502341572,869091.019590451,10071.42,100714.20000000001,402856.8,213.23199697521576,0.463537566700752
Srinagar,2020-05-25,8.3657,15.49,62.16,1.04,374.5515346174102,3834.449084009233,0.29073825950854,5.110555584043095,2322,2020-05-25,191.6,1.5,20.0,105.8,5.0,85.8,4.4,101.5,9.0,55.3,17.3,10.6,319.8,162.7,24.5,47.4,28.3,200.9,75.9,457.9,2.4,4.3,1.7,220.3,2.1,85.8,7.6,175.9,249.6,1.1,306.3,177.1,4.3,426.5,36.1,113.4,3735.8,2020,5,25,0,2,7475.500000000001,1.7130183955589515,7094.914285714285,6401.906666666667,322883,6.611723178995089,903897.3380527111,6457.66,64576.600000000006,258306.4,347.4322270190406,0.28576930515933396
Srinagar,2020-05-26,8.3585,16.61,53.23,1.22,332.7624370853408,3403.815119968726,0.257447463283904,4.12586275347288,2323,2020-05-26,193.5,1.3,15.7,108.9,5.4,87.1,4.7,106.9,9.3,56.7,17.5,10.9,323.1,167.8,25.4,44.4,27.9,187.3,77.4,462.7,1.8,3.7,1.3,218.0,1.6,86.7,7.6,184.3,253.8,1.2,318.9,176.3,4.3,425.3,36.3,120.2,3771.6,2020,5,26,1,2,7546.800000000001,0.9537823556952764,7200.442857142857,6470.550000000001,587952,6.443303151628985,782592.5797597372,11759.04,117590.40000000001,470361.6,163.88105231373845,0.6010292087297789
Srinagar,2020-05-27,7.9961,15.97,59.21,1.63,285.4326782238401,2916.9235397521443,0.2201191109291045,3.1892448036591685,2324,2020-05-27,194.8,1.4,17.8,79.3,5.5,86.7,4.8,110.4,9.2,53.8,17.3,10.8,321.1,168.2,25.6,41.3,24.4,187.0,77.7,460.7,1.8,4.2,1.6,218.3,1.8,88.2,8.2,182.7,260.7,1.2,324.6,176.9,1.9,395.3,35.5,104.6,3705.2999999999993,2020,5,27,2,2,7410.5999999999985,-1.804738432183206,7295.228571428571,6534.8966666666665,312221,9.46572555321179,986166.9995345549,6244.42,62444.200000000004,249776.8,392.31929447993366,0.25328017144937576
Srinagar,2020-05-28,5.6251,13.92,65.98,1.11,370.26235136925806,3788.58341870952,0.2892487116306813,4.893855943973852,2325,2020-05-28,195.4,1.6,23.4,79.0,5.0,90.0,4.6,105.6,9.4,51.7,16.8,10.7,321.5,139.3,24.2,43.3,22.2,192.1,74.3,457.3,2.2,4.8,1.3,210.9,2.1,79.3,7.8,150.3,249.4,1.3,307.0,180.5,3.2,350.0,34.1,89.8,3541.4000000000005,2020,5,28,3,2,7082.800000000001,-4.42339351739397,7329.457142857143,6582.003333333333,460669,6.798186933520004,918746.1278543023,9213.380000000001,92133.8,368535.2,246.79670974558258,0.40112800228360923
Srinagar,2020-05-29,3.4147,12.15,74.27,1.62,478.5977366602617,4896.060546520335,0.3660857445467344,5.9730673078322445,2326,2020-05-29,193.3,1.9,24.0,95.5,4.3,82.5,4.8,88.4,8.9,53.7,17.4,10.9,323.9,109.0,24.7,44.1,23.4,192.8,69.8,462.6,2.5,5.2,1.4,203.7,2.1,73.6,7.8,134.0,250.1,1.2,298.8,182.4,3.2,337.1,33.8,113.9,3483.6000000000004,2020,5,29,4,2,6970.300000000001,-1.5883548878974365,7306.014285714286,6623.58,725134,9.424108402142929,1646280.2872268949,14502.68,145026.80000000002,580107.2,281.2889768006491,0.3523742901659114
Srinagar,2020-05-30,3.7438,11.65,78.71,2.08,301.15681564388825,3078.7466348776184,0.2278651475883544,3.790631005788724,2327,2020-05-30,186.4,1.9,25.6,91.0,3.4,74.6,4.8,73.3,9.3,53.2,17.6,10.6,326.5,96.1,19.6,41.8,24.9,183.5,70.5,461.2,2.5,5.4,1.7,206.0,2.0,75.1,8.0,127.5,186.9,1.2,306.6,164.0,3.6,282.0,28.2,129.5,3306.0,2020,5,30,5,2,6612.0,-5.140381332223876,7206.800000000001,6646.9766666666665,735242,5.409182298759878,594589.4224611114,14704.84,147048.4,588193.6,98.58736689095419,0.9892416321900479
Srinagar,2020-05-31,2.0321,10.84,75.33,1.19,249.73370133051708,2553.9185660072176,0.1841215946829328,2.860683421839729,2328,2020-05-31,184.1,2.0,25.1,78.0,3.4,74.0,4.4,73.3,9.1,48.3,16.0,9.1,319.2,96.1,19.6,41.8,21.2,168.5,63.5,443.5,2.2,5.5,1.7,204.8,2.2,84.9,7.2,127.5,186.9,0.9,288.5,145.9,4.1,282.0,28.2,120.4,3193.1000000000004,2020,5,31,6,2,6386.200000000001,-3.415003024803376,7069.171428571429,6664.65,541383,5.992420754689713,546225.9364744425,10827.66,108276.6,433106.4,123.61818631044068,0.7929056058557535
Srinagar,2020-06-01,5.3011,10.89,75.05,1.43,241.33120264978788,2466.919523359967,0.1838462953921675,2.8114872508835966,2329,2020-06-01,178.2,1.6,24.2,94.1,3.9,72.7,4.5,74.6,9.2,54.9,15.9,9.1,325.4,109.4,22.7,41.3,20.3,164.5,68.3,388.3,2.5,5.2,1.5,200.7,2.2,80.3,7.7,134.9,197.4,1.2,303.3,138.5,4.4,331.0,29.4,123.1,3246.4,2020,6,1,0,2,6492.8,1.669224264821012,6928.785714285716,6681.33,444761,6.921781778000877,609711.3011519837,8895.22,88952.20000000001,355808.8,168.85925282117353,0.5835683474447518
Srinagar,2020-06-02,4.8288,11.6,74.81,1.73,310.66454541812976,3176.1546364767623,0.2262529446429115,4.039883290228578,2330,2020-06-02,172.0,2.0,24.8,99.6,4.0,73.7,4.6,81.1,9.2,57.9,17.8,8.2,314.4,119.1,24.3,42.7,23.6,155.9,65.6,374.1,2.4,5.0,1.6,184.4,2.2,75.6,7.7,141.5,201.2,1.3,305.1,140.2,4.4,348.7,33.2,130.9,3255.8,2020,6,2,1,2,6515.799999999999,0.3542385411532622,6781.5,6701.130000000001,337541,9.179328418269842,1040867.539961515,6750.82,67508.2,270032.8,382.95967007027116,0.25943026389286794
Srinagar,2020-06-03,6.3065,12.26,68.56,1.62,313.6845465959038,3207.1259654874643,0.2308179878029488,4.137346270936916,2331,2020-06-03,175.3,2.0,23.2,106.7,4.1,76.8,2.8,85.7,7.1,59.6,17.4,7.7,301.9,127.1,24.6,43.3,26.6,144.6,65.6,288.2,2.6,5.2,1.4,182.9,2.3,77.0,7.7,140.0,203.8,1.3,311.9,139.7,4.4,365.4,35.3,138.6,3205.5,2020,6,3,2,2,6415.300000000001,-1.542404616470705,6639.314285714287,6714.986666666667,264323,9.73088871561163,1114136.7363771182,5286.46,52864.600000000006,211458.4,524.3822313878844,0.18979556395568012
Srinagar,2020-06-04,6.2683,12.27,71.43,1.41,348.81831807760136,3567.7541219780264,0.2645036245518558,4.582115335423527,2332,2020-06-04,174.3,2.0,23.9,100.7,4.1,76.4,4.1,85.1,8.9,59.5,17.7,8.4,298.3,126.0,24.9,44.4,25.0,166.4,66.3,283.6,2.4,5.1,1.7,143.2,2.3,79.6,7.7,146.5,201.2,1.4,319.5,142.8,4.4,342.0,35.1,148.8,3179.4,2020,6,4,3,2,6363.1,-0.8136797967359444,6536.5,6723.79,389139,8.09901876745669,1031156.4281582572,7782.78,77827.8,311311.2,328.7301093434021,0.30190462823511893
Srinagar,2020-06-05,6.6682,13.08,79.18,1.52,324.3144980561957,3316.573958372721,0.2453064743159736,4.187136047529455,2333,2020-06-05,181.6,1.9,26.0,74.0,3.9,74.9,4.9,81.0,10.0,61.1,17.4,8.8,288.9,121.4,25.3,42.8,24.7,177.3,66.4,335.2,2.5,5.3,1.7,149.8,2.2,84.5,7.6,151.0,198.0,1.4,321.4,149.2,3.2,284.9,32.9,141.3,3164.4,2020,6,5,4,2,6328.799999999999,-0.5390454338294437,6444.857142857143,6731.493333333333,380448,8.120536402040603,961266.8058188251,7608.96,76089.6,304358.4,313.33383465638707,0.3166218593378794
Srinagar,2020-06-06,6.6792,13.64,82.29,1.42,273.06653265259115,2792.8550195045905,0.2092881796340456,3.4253800892322954,2334,2020-06-06,186.6,1.7,24.2,85.3,3.9,76.5,5.1,80.2,10.0,62.3,12.4,8.4,279.5,129.4,24.7,35.0,26.5,175.2,64.2,357.0,2.4,4.5,1.7,162.3,2.1,93.9,7.6,143.4,206.1,1.4,299.3,153.9,4.3,324.9,34.2,157.4,3247.5000000000005,2020,6,6,5,2,6495.000000000001,2.626090254076629,6428.142857142857,6743.356666666668,435659,10.071617959790327,1003830.9549857506,8713.18,87131.8,348527.2,285.52083595936,0.34719675765347335
Jammu,2020-05-15,8.1226,26.28,53.07,1.74,281.8991603902216,2879.8562655433675,0.2143210750888085,2.9989196322598706,2312,2020-05-15,181.9,2.0,22.2,100.6,3.4,79.4,4.2,72.0,7.5,49.7,13.9,10.0,306.3,120.4,21.9,43.2,23.2,209.5,71.9,405.5,2.3,5.1,1.6,202.9,2.1,81.2,8.5,121.2,219.7,1.2,303.5,156.8,3.9,339.7,30.1,145.2,3368.9,2020,5,15,4,2,6742.599999999999,1.589549652709743,6476.0,6003.933333333334,589678,5.110747642359077,525861.1463117748,11793.56,117935.6,471742.4,108.9720971258413,0.8970837762494352
Jammu,2020-05-16,8.2634,27.86,45.99,1.58,293.8778807796024,3002.1393577453105,0.2121702088962662,3.175236474799966,2313,2020-05-16,185.5,1.9,22.1,101.9,3.5,76.5,4.3,73.3,7.6,53.0,16.2,8.9,306.5,128.5,22.4,43.8,25.9,204.1,71.2,405.1,2.2,5.1,1.5,205.5,2.4,81.3,8.5,129.8,225.2,0.9,296.5,152.8,3.9,350.6,30.5,151.7,3405.6,2020,5,16,5,2,6816.200000000001,1.09156705128588,6511.099999999999,6033.223333333333,304537,7.387630171319544,792437.3010367561,6090.74,60907.4,243629.6,322.7631457904771,0.30744298916553703
Jammu,2020-05-17,7.8919,28.28,40.91,1.29,312.96183204783614,3200.565600194744,0.238868522489879,3.766244306500447,2314,2020-05-17,177.6,1.9,21.5,101.6,3.4,75.7,3.8,75.7,7.3,51.4,16.3,9.1,299.7,128.2,20.6,43.0,26.3,192.5,63.7,404.9,2.4,4.8,1.5,204.5,2.2,81.3,8.5,135.7,220.8,0.9,277.3,144.2,3.9,361.1,28.0,149.0,3344.7,2020,5,17,6,2,6695.0,-1.77811683929463,6590.5142857142855,6057.35,441983,10.730949399834628,1225807.8180814786,8839.66,88396.6,353586.4,344.17844070967624,0.2884515062906795
Jammu,2020-05-18,7.9812,28.11,38.32,2.0,222.99702127311505,2278.668814254924,0.1590258863064431,2.463815608425709,2315,2020-05-18,174.1,1.9,27.6,105.9,3.8,76.3,4.2,78.7,7.4,52.9,14.9,10.3,303.5,135.5,22.4,43.3,26.9,169.2,63.3,418.3,2.6,5.0,1.5,205.3,2.1,83.4,8.5,142.3,225.6,1.3,270.5,149.5,3.9,367.1,30.6,157.7,3391.9,2020,5,18,0,2,6789.2,1.40702016430172,6685.128571428571,6089.726666666667,766821,9.222535871493605,750658.280193547,15336.42,153364.2,613456.8,119.86530432029556,0.8172240271802526
Jammu,2020-05-19,6.023,27.41,38.17,1.98,267.4625583268417,2732.640628746392,0.1974073712280035,3.1133584237305145,2316,2020-05-19,164.7,1.9,30.9,102.2,3.9,76.2,4.4,81.3,7.9,52.7,14.8,10.5,307.0,134.0,23.6,44.2,26.5,174.0,65.6,420.9,2.6,5.2,1.7,208.3,2.1,74.2,8.5,143.6,231.8,1.2,274.7,151.3,3.9,370.6,31.7,148.2,3401.3,2020,5,19,1,2,6808.099999999999,0.2783833146762227,6730.228571428571,6125.856666666668,201917,7.360589929287943,718569.0078479811,4038.34,40383.4,161533.6,442.3418210502218,0.2247986949577412
Jammu,2020-05-20,8.5759,28.06,39.42,1.94,314.0457938884043,3215.0632596869136,0.2400729240189435,4.604665450162271,2317,2020-05-20,175.5,2.0,28.4,93.3,4.0,74.8,4.4,82.3,8.1,47.3,15.0,10.6,308.6,139.8,23.8,45.3,19.3,188.0,70.1,426.2,2.4,5.0,1.6,203.8,2.2,57.4,8.5,145.4,230.0,1.2,296.7,159.8,3.9,383.2,32.9,75.1,3371.2000000000003,2020,5,20,2,2,6747.1,-0.8959915394897044,6747.9,6159.816666666667,482762,11.338673546307717,1299714.8984544545,9655.24,96552.40000000001,386209.6,334.0309662044793,0.29714924658477876
Jammu,2020-05-21,8.3506,30.36,36.74,2.01,484.4608548279167,4956.921158773319,0.3787740493182112,6.39677026960725,2318,2020-05-21,186.9,2.1,20.2,81.6,4.2,78.0,4.5,84.8,8.2,47.3,16.6,10.6,316.6,142.4,24.3,43.4,17.4,196.5,71.2,434.5,2.8,4.4,1.5,207.2,2.3,70.0,8.5,160.4,233.5,1.1,302.2,166.9,3.9,382.7,33.7,51.5,3419.3,2020,5,21,3,2,6843.2,1.4243156319011074,6777.342857142857,6201.990000000001,756542,10.408359092145677,1840491.5282449368,15130.84,151308.4,605233.6,301.59605947933767,0.3288432801067335
Jammu,2020-05-22,8.0921,32.29,35.3,1.57,309.5809210920232,3166.017998627707,0.2399508697316888,3.8626216955439454,2319,2020-05-22,192.3,2.0,21.7,92.5,4.5,79.2,4.5,91.7,8.6,52.5,16.3,10.3,317.1,154.5,24.8,44.9,23.5,201.3,72.4,442.1,2.4,4.7,1.7,209.3,2.3,77.2,8.5,168.2,237.2,1.3,306.5,173.3,3.9,402.6,35.2,78.3,3565.1,2020,5,22,4,2,7134.4,4.255319148936176,6833.314285714286,6246.483333333334,567436,6.854268130657134,774511.9840746954,11348.72,113487.20000000001,453948.8,168.11659466325176,0.5861087022864169
Jammu,2020-05-23,7.4004,31.78,35.72,2.04,380.9419243993407,3896.9444239727577,0.2933331639016568,4.962811838029397,2320,2020-05-23,195.9,1.5,23.6,98.6,4.6,79.4,4.6,95.2,8.1,54.7,16.5,10.7,315.2,158.0,24.1,41.2,27.3,201.2,74.0,443.5,2.5,5.1,1.4,216.6,2.1,84.5,8.5,171.0,244.1,1.3,311.9,168.1,3.9,417.5,36.1,102.9,3651.1,2020,5,23,5,2,7306.5,2.4122561112357,6903.357142857143,6295.37,709930,9.517028862680018,1323283.880672389,14198.6,141986.0,567944.0,230.49548558878848,0.42919254069570845
Jammu,2020-05-24,8.1086,31.93,39.41,2.23,331.3531300728466,3390.319078053461,0.2597622941068829,4.231194467057071,2321,2020-05-24,194.0,1.6,22.9,109.2,4.5,83.8,4.1,98.0,8.7,55.0,17.3,10.0,312.2,154.3,22.4,46.2,27.7,192.6,69.7,447.4,2.4,4.6,1.6,216.2,2.1,85.0,7.6,168.3,245.8,0.9,302.2,172.3,4.3,426.9,34.6,118.4,3674.8,2020,5,24,6,2,7349.6,0.589885718196137,6996.871428571429,6345.823333333334,771650,9.170255097322697,1109086.3464734885,15433.0,154330.0,617320.0,177.16149589734474,0.5566017879140562
Jammu,2020-05-25,8.3249,32.75,40.58,2.19,374.5515346174102,3834.449084009233,0.29073825950854,5.110555584043095,2322,2020-05-25,191.6,1.5,20.0,105.8,5.0,85.8,4.4,101.5,9.0,55.3,17.3,10.6,319.8,162.7,24.5,47.4,28.3,200.9,75.9,457.9,2.4,4.3,1.7,220.3,2.1,85.8,7.6,175.9,249.6,1.1,306.3,177.1,4.3,426.5,36.1,113.4,3735.8,2020,5,25,0,2,7475.500000000001,1.7130183955589515,7094.914285714285,6401.906666666667,482272,7.808315398272879,1067485.0280479493,9645.44,96454.40000000001,385817.6,274.1812680520405,0.3614263698659575
Jammu,2020-05-26,8.2778,33.47,38.62,1.56,332.7624370853408,3403.815119968726,0.257447463283904,4.12586275347288,2323,2020-05-26,193.5,1.3,15.7,108.9,5.4,87.1,4.7,106.9,9.3,56.7,17.5,10.9,323.1,167.8,25.4,44.4,27.9,187.3,77.4,462.7,1.8,3.7,1.3,218.0,1.6,86.7,7.6,184.3,253.8,1.2,318.9,176.3,4.3,425.3,36.3,120.2,3771.6,2020,5,26,1,2,7546.800000000001,0.9537823556952764,7200.442857142857,6470.550000000001,585925,7.568692554433605,919280.451686495,11718.5,117185.0,468740.0,193.61734686318533,0.5098982462226983
Jammu,2020-05-27,7.8905,33.83,35.04,1.93,285.4326782238401,2916.9235397521443,0.2201191109291045,3.1892448036591685,2324,2020-05-27,194.8,1.4,17.8,79.3,5.5,86.7,4.8,110.4,9.2,53.8,17.3,10.8,321.1,168.2,25.6,41.3,24.4,187.0,77.7,460.7,1.8,4.2,1.6,218.3,1.8,88.2,8.2,182.7,260.7,1.2,324.6,176.9,1.9,395.3,35.5,104.6,3705.2999999999993,2020,5,27,2,2,7410.5999999999985,-1.804738432183206,7295.228571428571,6534.8966666666665,789833,7.404923323429927,771466.590130806,15796.66,157966.6,631866.4,119.59330803644662,0.8190446469603008
Jammu,2020-05-28,4.6594,32.13,36.65,2.86,370.26235136925806,3788.58341870952,0.2892487116306813,4.893855943973852,2325,2020-05-28,195.4,1.6,23.4,79.0,5.0,90.0,4.6,105.6,9.4,51.7,16.8,10.7,321.5,139.3,24.2,43.3,22.2,192.1,74.3,457.3,2.2,4.8,1.3,210.9,2.1,79.3,7.8,150.3,249.4,1.3,307.0,180.5,3.2,350.0,34.1,89.8,3541.4000000000005,2020,5,28,3,2,7082.800000000001,-4.42339351739397,7329.457142857143,6582.003333333333,282180,9.320090483769528,1259570.6953855844,5643.6,56436.0,225744.0,555.464196339918,0.17922282695539174
Jammu,2020-05-29,6.7798,31.15,41.17,2.24,478.5977366602617,4896.060546520335,0.3660857445467344,5.9730673078322445,2326,2020-05-29,193.3,1.9,24.0,95.5,4.3,82.5,4.8,88.4,8.9,53.7,17.4,10.9,323.9,109.0,24.7,44.1,23.4,192.8,69.8,462.6,2.5,5.2,1.4,203.7,2.1,73.6,7.8,134.0,250.1,1.2,298.8,182.4,3.2,337.1,33.8,113.9,3483.6000000000004,2020,5,29,4,2,6970.300000000001,-1.5883548878974365,7306.014285714286,6623.58,603081,8.096869555364687,1414427.3567792852,12061.62,120616.20000000001,482464.8,290.666953688494,0.3411023242623566
Jammu,2020-05-30,2.279,28.51,52.03,2.7,301.15681564388825,3078.7466348776184,0.2278651475883544,3.790631005788724,2327,2020-05-30,186.4,1.9,25.6,91.0,3.4,74.6,4.8,73.3,9.3,53.2,17.6,10.6,326.5,96.1,19.6,41.8,24.9,183.5,70.5,461.2,2.5,5.4,1.7,206.0,2.0,75.1,8.0,127.5,186.9,1.2,306.6,164.0,3.6,282.0,28.2,129.5,3306.0,2020,5,30,5,2,6612.0,-5.140381332223876,7206.800000000001,6646.9766666666665,501953,10.823041792759955,1189692.9726892323,10039.06,100390.6,401562.4,293.7660280666796,0.3375341972123236
Jammu,2020-05-31,6.0667,24.71,70.38,1.58,249.73370133051708,2553.9185660072176,0.1841215946829328,2.860683421839729,2328,2020-05-31,184.1,2.0,25.1,78.0,3.4,74.0,4.4,73.3,9.1,48.3,16.0,9.1,319.2,96.1,19.6,41.8,21.2,168.5,63.5,443.5,2.2,5.5,1.7,204.8,2.2,84.9,7.2,127.5,186.9,0.9,288.5,145.9,4.1,282.0,28.2,120.4,3193.1000000000004,2020,5,31,6,2,6386.200000000001,-3.415003024803376,7069.171428571429,6664.65,578892,9.687218312937734,883017.0829836483,11577.84,115778.40000000001,463113.6,188.16965059623564,0.5244667226238173
Jammu,2020-06-01,4.5029,25.62,59.59,1.06,241.33120264978788,2466.919523359967,0.1838462953921675,2.8114872508835966,2329,2020-06-01,178.2,1.6,24.2,94.1,3.9,72.7,4.5,74.6,9.2,54.9,15.9,9.1,325.4,109.4,22.7,41.3,20.3,164.5,68.3,388.3,2.5,5.2,1.5,200.7,2.2,80.3,7.7,134.9,197.4,1.2,303.3,138.5,4.4,331.0,29.4,123.1,3246.4,2020,6,1,0,2,6492.8,1.669224264821012,6928.785714285716,6681.33,205287,5.489521239966039,483549.35842658405,4105.74,41057.4,164229.6,291.9349608271493,0.33963287822675553
Jammu,2020-06-02,6.858,26.54,56.71,1.66,310.66454541812976,3176.1546364767623,0.2262529446429115,4.039883290228578,2330,2020-06-02,172.0,2.0,24.8,99.6,4.0,73.7,4.6,81.1,9.2,57.9,17.8,8.2,314.4,119.1,24.3,42.7,23.6,155.9,65.6,374.1,2.4,5.0,1.6,184.4,2.2,75.6,7.7,141.5,201.2,1.3,305.1,140.2,4.4,348.7,33.2,130.9,3255.8,2020,6,2,1,2,6515.799999999999,0.3542385411532622,6781.5,6701.130000000001,457665,9.481177566797163,1075094.9873684277,9153.300000000001,91533.0,366132.0,291.1358983559011,0.34055749840179544
Jammu,2020-06-03,6.2734,28.41,51.4,1.45,313.6845465959038,3207.1259654874643,0.2308179878029488,4.137346270936916,2331,2020-06-03,175.3,2.0,23.2,106.7,4.1,76.8,2.8,85.7,7.1,59.6,17.4,7.7,301.9,127.1,24.6,43.3,26.6,144.6,65.6,288.2,2.6,5.2,1.4,182.9,2.3,77.0,7.7,140.0,203.8,1.3,311.9,139.7,4.4,365.4,35.3,138.6,3205.5,2020,6,3,2,2,6415.300000000001,-1.542404616470705,6639.314285714287,6714.986666666667,208512,6.898032055501293,789789.2110728857,4170.24,41702.4,166809.6,470.967480932084,0.21120747973490142
Jammu,2020-06-04,7.2624,29.09,48.47,1.36,348.81831807760136,3567.7541219780264,0.2645036245518558,4.582115335423527,2332,2020-06-04,174.3,2.0,23.9,100.7,4.1,76.4,4.1,85.1,8.9,59.5,17.7,8.4,298.3,126.0,24.9,44.4,25.0,166.4,66.3,283.6,2.4,5.1,1.7,143.2,2.3,79.6,7.7,146.5,201.2,1.4,319.5,142.8,4.4,342.0,35.1,148.8,3179.4,2020,6,4,3,2,6363.1,-0.8136797967359444,6536.5,6723.79,656292,9.149683941573958,1164925.737656135,13125.84,131258.4,525033.6,219.3764166057439,0.45070096086590145
Jammu,2020-06-05,6.8448,28.77,48.95,2.1,324.3144980561957,3316.573958372721,0.2453064743159736,4.187136047529455,2333,2020-06-05,181.6,1.9,26.0,74.0,3.9,74.9,4.9,81.0,10.0,61.1,17.4,8.8,288.9,121.4,25.3,42.8,24.7,177.3,66.4,335.2,2.5,5.3,1.7,149.8,2.2,84.5,7.6,151.0,198.0,1.4,321.4,149.2,3.2,284.9,32.9,141.3,3164.4,2020,6,5,4,2,6328.799999999999,-0.5390454338294437,6444.857142857143,6731.493333333333,308872,9.760923517724159,1155447.2890937037,6177.4400000000005,61774.4,247097.6,465.1076534509861,0.21385431293841403
Jammu,2020-06-06,3.827,25.66,69.34,2.28,273.06653265259115,2792.8550195045905,0.2092881796340456,3.4253800892322954,2334,2020-06-06,186.6,1.7,24.2,85.3,3.9,76.5,5.1,80.2,10.0,62.3,12.4,8.4,279.5,129.4,24.7,35.0,26.5,175.2,64.2,357.0,2.4,4.5,1.7,162.3,2.1,93.9,7.6,143.4,206.1,1.4,299.3,153.9,4.3,324.9,34.2,157.4,3247.5000000000005,2020,6,6,5,2,6495.000000000001,2.626090254076629,6428.142857142857,6743.356666666668,293070,6.615804324078084,659392.482831668,5861.400000000001,58614.0,234456.0,278.7435948884515,0.3555631138378307
Leh,2020-05-15,7.2324,0.48,59.79,2.16,281.8991603902216,2879.8562655433675,0.2143210750888085,2.9989196322598706,2312,2020-05-15,181.9,2.0,22.2,100.6,3.4,79.4,4.2,72.0,7.5,49.7,13.9,10.0,306.3,120.4,21.9,43.2,23.2,209.5,71.9,405.5,2.3,5.1,1.6,202.9,2.1,81.2,8.5,121.2,219.7,1.2,303.5,156.8,3.9,339.7,30.1,145.2,3368.9,2020,5,15,4,2,6742.599999999999,1.589549652709743,6476.0,6003.933333333334,629474,8.198010514162581,843519.4824966138,12589.48,125894.8,503579.2,165.00482992478914,0.5969970029767732
Leh,2020-05-16,7.6078,0.18,53.81,2.67,293.8778807796024,3002.1393577453105,0.2121702088962662,3.175236474799966,2313,2020-05-16,185.5,1.9,22.1,101.9,3.5,76.5,4.3,73.3,7.6,53.0,16.2,8.9,306.5,128.5,22.4,43.8,25.9,204.1,71.2,405.1,2.2,5.1,1.5,205.5,2.4,81.3,8.5,129.8,225.2,0.9,296.5,152.8,3.9,350.6,30.5,151.7,3405.6,2020,5,16,5,2,6816.200000000001,1.09156705128588,6511.099999999999,6033.223333333333,242078,6.332274039733475,679234.0754890864,4841.56,48415.600000000006,193662.4,348.23100172727715,0.2851183735771485
Leh,2020-05-17,7.4798,-0.54,48.93,2.54,312.96183204783614,3200.565600194744,0.238868522489879,3.766244306500447,2314,2020-05-17,177.6,1.9,21.5,101.6,3.4,75.7,3.8,75.7,7.3,51.4,16.3,9.1,299.7,128.2,20.6,43.0,26.3,192.5,63.7,404.9,2.4,4.8,1.5,204.5,2.2,81.3,8.5,135.7,220.8,0.9,277.3,144.2,3.9,361.1,28.0,149.0,3344.7,2020,5,17,6,2,6695.0,-1.77811683929463,6590.5142857142855,6057.35,568432,5.3663721305055585,613006.4234959162,11368.64,113686.40000000001,454745.6,132.30205712730728,0.7418272317268756
Leh,2020-05-18,5.9122,-1.5,52.77,2.41,222.99702127311505,2278.668814254924,0.1590258863064431,2.463815608425709,2315,2020-05-18,174.1,1.9,27.6,105.9,3.8,76.3,4.2,78.7,7.4,52.9,14.9,10.3,303.5,135.5,22.4,43.3,26.9,169.2,63.3,418.3,2.6,5.0,1.5,205.3,2.1,83.4,8.5,142.3,225.6,1.3,270.5,149.5,3.9,367.1,30.6,157.7,3391.9,2020,5,18,0,2,6789.2,1.40702016430172,6685.128571428571,6089.726666666667,427645,7.649334964401083,622609.3028003318,8552.9,85529.0,342116.0,179.4877768944837,0.5494865704297781
Leh,2020-05-19,6.8854,-1.71,58.95,2.09,267.4625583268417,2732.640628746392,0.1974073712280035,3.1133584237305145,2316,2020-05-19,164.7,1.9,30.9,102.2,3.9,76.2,4.4,81.3,7.9,52.7,14.8,10.5,307.0,134.0,23.6,44.2,26.5,174.0,65.6,420.9,2.6,5.2,1.7,208.3,2.1,74.2,8.5,143.6,231.8,1.2,274.7,151.3,3.9,370.6,31.7,148.2,3401.3,2020,5,19,1,2,6808.099999999999,0.2783833146762227,6730.228571428571,6125.856666666668,736507,7.540609902921943,736143.2478327805,14730.14,147301.4,589205.6,122.43826396639483,0.8003942185714688
Leh,2020-05-20,8.754,0.65,53.09,1.71,314.0457938884043,3215.0632596869136,0.2400729240189435,4.604665450162271,2317,2020-05-20,175.5,2.0,28.4,93.3,4.0,74.8,4.4,82.3,8.1,47.3,15.0,10.6,308.6,139.8,23.8,45.3,19.3,188.0,70.1,426.2,2.4,5.0,1.6,203.8,2.2,57.4,8.5,145.4,230.0,1.2,296.7,159.8,3.9,383.2,32.9,75.1,3371.2000000000003,2020,5,20,2,2,6747.1,-0.8959915394897044,6747.9,6159.816666666667,505073,11.968363434929799,1371894.1817106297,10101.460000000001,101014.6,404058.4,337.02868736564557,0.29452570822223867
Leh,2020-05-21,8.2176,2.76,40.72,1.97,484.4608548279167,4956.921158773319,0.3787740493182112,6.39677026960725,2318,2020-05-21,186.9,2.1,20.2,81.6,4.2,78.0,4.5,84.8,8.2,47.3,16.6,10.6,316.6,142.4,24.3,43.4,17.4,196.5,71.2,434.5,2.8,4.4,1.5,207.2,2.3,70.0,8.5,160.4,233.5,1.1,302.2,166.9,3.9,382.7,33.7,51.5,3419.3,2020,5,21,3,2,6843.2,1.4243156319011074,6777.342857142857,6201.990000000001,327309,8.124466458383495,1436634.8773889598,6546.18,65461.8,261847.2,546.1539009731476,0.18226413813074124
Leh,2020-05-22,8.412,3.55,46.91,2.17,309.5809210920232,3166.017998627707,0.2399508697316888,3.8626216955439454,2319,2020-05-22,192.3,2.0,21.7,92.5,4.5,79.2,4.5,91.7,8.6,52.5,16.3,10.3,317.1,154.5,24.8,44.9,23.5,201.3,72.4,442.1,2.4,4.7,1.7,209.3,2.3,77.2,8.5,168.2,237.2,1.3,306.5,173.3,3.9,402.6,35.2,78.3,3565.1,2020,5,22,4,2,7134.4,4.255319148936176,6833.314285714286,6246.483333333334,529588,7.334986846305403,828831.7741881418,10591.76,105917.6,423670.4,193.13126765243496,0.5111651145974453
Leh,2020-05-23,6.935,2.87,61.16,1.82,380.9419243993407,3896.9444239727577,0.2933331639016568,4.962811838029397,2320,2020-05-23,195.9,1.5,23.6,98.6,4.6,79.4,4.6,95.2,8.1,54.7,16.5,10.7,315.2,158.0,24.1,41.2,27.3,201.2,74.0,443.5,2.5,5.1,1.4,216.6,2.1,84.5,8.5,171.0,244.1,1.3,311.9,168.1,3.9,417.5,36.1,102.9,3651.1,2020,5,23,5,2,7306.5,2.4122561112357,6903.357142857143,6295.37,664008,9.063325047016722,1260199.1769765625,13280.16,132801.6,531206.4,234.73343261236357,0.42152541295023127
Leh,2020-05-24,5.1838,1.97,70.71,1.5,331.3531300728466,3390.319078053461,0.2597622941068829,4.231194467057071,2321,2020-05-24,194.0,1.6,22.9,109.2,4.5,83.8,4.1,98.0,8.7,55.0,17.3,10.0,312.2,154.3,22.4,46.2,27.7,192.6,69.7,447.4,2.4,4.6,1.6,216.2,2.1,85.0,7.6,168.3,245.8,0.9,302.2,172.3,4.3,426.9,34.6,118.4,3674.8,2020,5,24,6,2,7349.6,0.589885718196137,6996.871428571429,6345.823333333334,546699,5.621371758754379,679870.5815617237,10933.98,109339.8,437359.2,152.94901800664618,0.6432967811293835
Leh,2020-05-25,7.1669,2.38,60.13,1.77,374.5515346174102,3834.449084009233,0.29073825950854,5.110555584043095,2322,2020-05-25,191.6,1.5,20.0,105.8,5.0,85.8,4.4,101.5,9.0,55.3,17.3,10.6,319.8,162.7,24.5,47.4,28.3,200.9,75.9,457.9,2.4,4.3,1.7,220.3,2.1,85.8,7.6,175.9,249.6,1.1,306.3,177.1,4.3,426.5,36.1,113.4,3735.8,2020,5,25,0,2,7475.500000000001,1.7130183955589515,7094.914285714285,6401.906666666667,535842,11.731660151683691,1603850.6293994118,10716.84,107168.40000000001,428673.6,371.64261792641577,0.2672775911076785
Leh,2020-05-26,7.3951,2.19,50.3,1.54,332.7624370853408,3403.815119968726,0.257447463283904,4.12586275347288,2323,2020-05-26,193.5,1.3,15.7,108.9,5.4,87.1,4.7,106.9,9.3,56.7,17.5,10.9,323.1,167.8,25.4,44.4,27.9,187.3,77.4,462.7,1.8,3.7,1.3,218.0,1.6,86.7,7.6,184.3,253.8,1.2,318.9,176.3,4.3,425.3,36.3,120.2,3771.6,2020,5,26,1,2,7546.800000000001,0.9537823556952764,7200.442857142857,6470.550000000001,586594,9.444720319137232,1147139.5751097233,11731.880000000001,117318.8,469275.2,241.94922192984487,0.4090825572577399
Leh,2020-05-27,8.759,2.96,46.27,1.34,285.4326782238401,2916.9235397521443,0.2201191109291045,3.1892448036591685,2324,2020-05-27,194.8,1.4,17.8,79.3,5.5,86.7,4.8,110.4,9.2,53.8,17.3,10.8,321.1,168.2,25.6,41.3,24.4,187.0,77.7,460.7,1.8,4.2,1.6,218.3,1.8,88.2,8.2,182.7,260.7,1.2,324.6,176.9,1.9,395.3,35.5,104.6,3705.2999999999993,2020,5,27,2,2,7410.5999999999985,-1.804738432183206,7295.228571428571,6534.8966666666665,243925,10.283864739585933,1071403.1351157804,4878.5,48785.0,195140.0,546.5433202397153,0.18213482065655118
Leh,2020-05-28,6.1387,1.48,70.47,1.31,370.26235136925806,3788.58341870952,0.2892487116306813,4.893855943973852,2325,2020-05-28,195.4,1.6,23.4,79.0,5.0,90.0,4.6,105.6,9.4,51.7,16.8,10.7,321.5,139.3,24.2,43.3,22.2,192.1,74.3,457.3,2.2,4.8,1.3,210.9,2.1,79.3,7.8,150.3,249.4,1.3,307.0,180.5,3.2,350.0,34.1,89.8,3541.4000000000005,2020,5,28,3,2,7082.800000000001,-4.42339351739397,7329.457142857143,6582.003333333333,337023,6.193345567217422,837004.3827845074,6740.46,67404.6,269618.4,307.9403789891592,0.322122659597537
Leh,2020-05-29,4.5542,1.26,77.61,1.8,478.5977366602617,4896.060546520335,0.3660857445467344,5.9730673078322445,2326,2020-05-29,193.3,1.9,24.0,95.5,4.3,82.5,4.8,88.4,8.9,53.7,17.4,10.9,323.9,109.0,24.7,44.1,23.4,192.8,69.8,462.6,2.5,5.2,1.4,203.7,2.1,73.6,7.8,134.0,250.1,1.2,298.8,182.4,3.2,337.1,33.8,113.9,3483.6000000000004,2020,5,29,4,2,6970.300000000001,-1.5883548878974365,7306.014285714286,6623.58,287388,7.866344971036427,1374157.438108306,5747.76,57477.600000000006,229910.4,595.192595945336,0.1673099648658413
Leh,2020-05-30,5.5562,2.44,65.56,1.9,301.15681564388825,3078.7466348776184,0.2278651475883544,3.790631005788724,2327,2020-05-30,186.4,1.9,25.6,91.0,3.4,74.6,4.8,73.3,9.3,53.2,17.6,10.6,326.5,96.1,19.6,41.8,24.9,183.5,70.5,461.2,2.5,5.4,1.7,206.0,2.0,75.1,8.0,127.5,186.9,1.2,306.6,164.0,3.6,282.0,28.2,129.5,3306.0,2020,5,30,5,2,6612.0,-5.140381332223876,7206.800000000001,6646.9766666666665,732295,7.958823793773327,874851.7209513085,14645.9,146459.0,585836.0,146.83389565532136,0.6696395701472657
Leh,2020-05-31,5.2742,0.95,78.56,1.68,249.73370133051708,2553.9185660072176,0.1841215946829328,2.860683421839729,2328,2020-05-31,184.1,2.0,25.1,78.0,3.4,74.0,4.4,73.3,9.1,48.3,16.0,9.1,319.2,96.1,19.6,41.8,21.2,168.5,63.5,443.5,2.2,5.5,1.7,204.8,2.2,84.9,7.2,127.5,186.9,0.9,288.5,145.9,4.1,282.0,28.2,120.4,3193.1000000000004,2020,5,31,6,2,6386.200000000001,-3.415003024803376,7069.171428571429,6664.65,457802,10.752645107307607,980133.7195356124,9156.04,91560.40000000001,366241.6,265.1194401552452,0.3736645511073469
Leh,2020-06-01,5.5339,1.35,74.68,1.76,241.33120264978788,2466.919523359967,0.1838462953921675,2.8114872508835966,2329,2020-06-01,178.2,1.6,24.2,94.1,3.9,72.7,4.5,74.6,9.2,54.9,15.9,9.1,325.4,109.4,22.7,41.3,20.3,164.5,68.3,388.3,2.5,5.2,1.5,200.7,2.2,80.3,7.7,134.9,197.4,1.2,303.3,138.5,4.4,331.0,29.4,123.1,3246.4,2020,6,1,0,2,6492.8,1.669224264821012,6928.785714285716,6681.33,635048,5.008656758315866,441191.9830876899,12700.960000000001,127009.6,508038.4,84.34225111481531,1.1515106075452342
Leh,2020-06-02,5.2843,2.16,71.79,1.78,310.66454541812976,3176.1546364767623,0.2262529446429115,4.039883290228578,2330,2020-06-02,172.0,2.0,24.8,99.6,4.0,73.7,4.6,81.1,9.2,57.9,17.8,8.2,314.4,119.1,24.3,42.7,23.6,155.9,65.6,374.1,2.4,5.0,1.6,184.4,2.2,75.6,7.7,141.5,201.2,1.3,305.1,140.2,4.4,348.7,33.2,130.9,3255.8,2020,6,2,1,2,6515.799999999999,0.3542385411532622,6781.5,6701.130000000001,258596,7.105971758472785,805764.3224265059,5171.92,51719.200000000004,206876.8,386.9899391456683,0.2567457226590554
Leh,2020-06-03,5.3606,1.62,70.84,1.88,313.6845465959038,3207.1259654874643,0.2308179878029488,4.137346270936916,2331,2020-06-03,175.3,2.0,23.2,106.7,4.1,76.8,2.8,85.7,7.1,59.6,17.4,7.7,301.9,127.1,24.6,43.3,26.6,144.6,65.6,288.2,2.6,5.2,1.4,182.9,2.3,77.0,7.7,140.0,203.8,1.3,311.9,139.7,4.4,365.4,35.3,138.6,3205.5,2020,6,3,2,2,6415.300000000001,-1.542404616470705,6639.314285714287,6714.986666666667,551005,11.868654620410126,1358899.943306956,11020.1,110201.0,440804.0,305.7775889753623,0.3243827316266928
Leh,2020-06-04,5.7134,2.34,71.05,1.6,348.81831807760136,3567.7541219780264,0.2645036245518558,4.582115335423527,2332,2020-06-04,174.3,2.0,23.9,100.7,4.1,76.4,4.1,85.1,8.9,59.5,17.7,8.4,298.3,126.0,24.9,44.4,25.0,166.4,66.3,283.6,2.4,5.1,1.7,143.2,2.3,79.6,7.7,146.5,201.2,1.4,319.5,142.8,4.4,342.0,35.1,148.8,3179.4,2020,6,4,3,2,6363.1,-0.8136797967359444,6536.5,6723.79,739812,8.324205804543531,1059826.9458465285,14796.24,147962.4,591849.6,176.57031547314193,0.558439322457444
Leh,2020-06-05,5.9314,3.64,64.47,1.45,324.3144980561957,3316.573958372721,0.2453064743159736,4.187136047529455,2333,2020-06-05,181.6,1.9,26.0,74.0,3.9,74.9,4.9,81.0,10.0,61.1,17.4,8.8,288.9,121.4,25.3,42.8,24.7,177.3,66.4,335.2,2.5,5.3,1.7,149.8,2.2,84.5,7.6,151.0,198.0,1.4,321.4,149.2,3.2,284.9,32.9,141.3,3164.4,2020,6,5,4,2,6328.799999999999,-0.5390454338294437,6444.857142857143,6731.493333333333,722244,7.677683961708057,908844.2404005402,14444.880000000001,144448.80000000002,577795.2,154.79522162879516,0.6357465213168283
Leh,2020-06-06,6.0518,3.44,66.6,1.47,273.06653265259115,2792.8550195045905,0.2092881796340456,3.4253800892322954,2334,2020-06-06,186.6,1.7,24.2,85.3,3.9,76.5,5.1,80.2,10.0,62.3,12.4,8.4,279.5,129.4,24.7,35.0,26.5,175.2,64.2,357.0,2.4,4.5,1.7,162.3,2.1,93.9,7.6,143.4,206.1,1.4,299.3,153.9,4.3,324.9,34.2,157.4,3247.5000000000005,2020,6,6,5,2,6495.000000000001,2.626090254076629,6428.142857142857,6743.356666666668,612498,5.838803014123524,581949.3182764963,12249.960000000001,122499.6,489998.4,116.26555480109656,0.8419935252397129
Kargil,2020-05-15,7.8113,2.02,61.3,1.61,281.8991603902216,2879.8562655433675,0.2143210750888085,2.9989196322598706,2312,2020-05-15,181.9,2.0,22.2,100.6,3.4,79.4,4.2,72.0,7.5,49.7,13.9,10.0,306.3,120.4,21.9,43.2,23.2,209.5,71.9,405.5,2.3,5.1,1.6,202.9,2.1,81.2,8.5,121.2,219.7,1.2,303.5,156.8,3.9,339.7,30.1,145.2,3368.9,2020,5,15,4,2,6742.599999999999,1.589549652709743,6476.0,6003.933333333334,699097,11.81915240039611,1216110.3354414434,13981.94,139819.4,559277.6,214.94306144952765,0.4598901298761306
Kargil,2020-05-16,7.751,1.6,60.21,1.9,293.8778807796024,3002.1393577453105,0.2121702088962662,3.175236474799966,2313,2020-05-16,185.5,1.9,22.1,101.9,3.5,76.5,4.3,73.3,7.6,53.0,16.2,8.9,306.5,128.5,22.4,43.8,25.9,204.1,71.2,405.1,2.2,5.1,1.5,205.5,2.4,81.3,8.5,129.8,225.2,0.9,296.5,152.8,3.9,350.6,30.5,151.7,3405.6,2020,5,16,5,2,6816.200000000001,1.09156705128588,6511.099999999999,6033.223333333333,348056,5.140184491480771,551364.0816879797,6961.12,69611.2,278444.8,195.51557855919012,0.5050098550810537
Kargil,2020-05-17,7.2533,1.16,52.63,1.94,312.96183204783614,3200.565600194744,0.238868522489879,3.766244306500447,2314,2020-05-17,177.6,1.9,21.5,101.6,3.4,75.7,3.8,75.7,7.3,51.4,16.3,9.1,299.7,128.2,20.6,43.0,26.3,192.5,63.7,404.9,2.4,4.8,1.5,204.5,2.2,81.3,8.5,135.7,220.8,0.9,277.3,144.2,3.9,361.1,28.0,149.0,3344.7,2020,5,17,6,2,6695.0,-1.77811683929463,6590.5142857142855,6057.35,214060,10.1602615750507,1160617.5379637815,4281.2,42812.0,171248.0,675.2407841047963,0.14754890982565366
Kargil,2020-05-18,5.845,-0.04,58.16,1.82,222.99702127311505,2278.668814254924,0.1590258863064431,2.463815608425709,2315,2020-05-18,174.1,1.9,27.6,105.9,3.8,76.3,4.2,78.7,7.4,52.9,14.9,10.3,303.5,135.5,22.4,43.3,26.9,169.2,63.3,418.3,2.6,5.0,1.5,205.3,2.1,83.4,8.5,142.3,225.6,1.3,270.5,149.5,3.9,367.1,30.6,157.7,3391.9,2020,5,18,0,2,6789.2,1.40702016430172,6685.128571428571,6089.726666666667,677272,10.380198633519559,844884.982056814,13545.44,135454.4,541817.6,153.43531514236787,0.6412907913100702
Kargil,2020-05-19,7.4611,-0.53,61.59,1.41,267.4625583268417,2732.640628746392,0.1974073712280035,3.1133584237305145,2316,2020-05-19,164.7,1.9,30.9,102.2,3.9,76.2,4.4,81.3,7.9,52.7,14.8,10.5,307.0,134.0,23.6,44.2,26.5,174.0,65.6,420.9,2.6,5.2,1.7,208.3,2.1,74.2,8.5,143.6,231.8,1.2,274.7,151.3,3.9,370.6,31.7,148.2,3401.3,2020,5,19,1,2,6808.099999999999,0.2783833146762227,6730.228571428571,6125.856666666668,718545,6.7055970124470665,654626.0882011404,14370.9,143709.0,574836.0,111.38049603732898,0.878112150200812
Kargil,2020-05-20,9.1536,2.4,53.86,1.32,314.0457938884043,3215.0632596869136,0.2400729240189435,4.604665450162271,2317,2020-05-20,175.5,2.0,28.4,93.3,4.0,74.8,4.4,82.3,8.1,47.3,15.0,10.6,308.6,139.8,23.8,45.3,19.3,188.0,70.1,426.2,2.4,5.0,1.6,203.8,2.2,57.4,8.5,145.4,230.0,1.2,296.7,159.8,3.9,383.2,32.9,75.1,3371.2000000000003,2020,5,20,2,2,6747.1,-0.8959915394897044,6747.9,6159.816666666667,390279,9.700909105291261,1111983.3410148122,7805.58,78055.8,312223.2,353.65013266625033,0.28078021288956356
Kargil,2020-05-21,7.5614,4.91,47.68,1.4,484.4608548279167,4956.921158773319,0.3787740493182112,6.39677026960725,2318,2020-05-21,186.9,2.1,20.2,81.6,4.2,78.0,4.5,84.8,8.2,47.3,16.6,10.6,316.6,142.4,24.3,43.4,17.4,196.5,71.2,434.5,2.8,4.4,1.5,207.2,2.3,70.0,8.5,160.4,233.5,1.1,302.2,166.9,3.9,382.7,33.7,51.5,3419.3,2020,5,21,3,2,6843.2,1.4243156319011074,6777.342857142857,6201.990000000001,239711,5.650504010655729,999168.5211719589,4794.22,47942.200000000004,191768.8,518.5276756031006,0.19192819230020952
Kargil,2020-05-22,8.0254,5.14,58.22,1.43,309.5809210920232,3166.017998627707,0.2399508697316888,3.8626216955439454,2319,2020-05-22,192.3,2.0,21.7,92.5,4.5,79.2,4.5,91.7,8.6,52.5,16.3,10.3,317.1,154.5,24.8,44.9,23.5,201.3,72.4,442.1,2.4,4.7,1.7,209.3,2.3,77.2,8.5,168.2,237.2,1.3,306.5,173.3,3.9,402.6,35.2,78.3,3565.1,2020,5,22,4,2,7134.4,4.255319148936176,6833.314285714286,6246.483333333334,343026,6.799330865024559,768304.2358813598,6860.52,68605.2,274420.8,277.47303261318376,0.35717679274331476
Kargil,2020-05-23,6.45,3.58,67.83,1.39,380.9419243993407,3896.9444239727577,0.2933331639016568,4.962811838029397,2320,2020-05-23,195.9,1.5,23.6,98.6,4.6,79.4,4.6,95.2,8.1,54.7,16.5,10.7,315.2,158.0,24.1,41.2,27.3,201.2,74.0,443.5,2.5,5.1,1.4,216.6,2.1,84.5,8.5,171.0,244.1,1.3,311.9,168.1,3.9,417.5,36.1,102.9,3651.1,2020,5,23,5,2,7306.5,2.4122561112357,6903.357142857143,6295.37,535484,10.515313918045855,1462089.230655299,10709.68,107096.8,428387.2,338.8008676858924,0.29299641774365714
Kargil,2020-05-24,5.4432,3.31,76.02,0.93,331.3531300728466,3390.319078053461,0.2597622941068829,4.231194467057071,2321,2020-05-24,194.0,1.6,22.9,109.2,4.5,83.8,4.1,98.0,8.7,55.0,17.3,10.0,312.2,154.3,22.4,46.2,27.7,192.6,69.7,447.4,2.4,4.6,1.6,216.2,2.1,85.0,7.6,168.3,245.8,0.9,302.2,172.3,4.3,426.9,34.6,118.4,3674.8,2020,5,24,6,2,7349.6,0.589885718196137,6996.871428571429,6345.823333333334,665317,11.052803344234782,1336769.059230015,13306.34,133063.4,532253.6,248.6526571600483,0.39816391482210506
Kargil,2020-05-25,6.7846,4.84,57.11,1.55,374.5515346174102,3834.449084009233,0.29073825950854,5.110555584043095,2322,2020-05-25,191.6,1.5,20.0,105.8,5.0,85.8,4.4,101.5,9.0,55.3,17.3,10.6,319.8,162.7,24.5,47.4,28.3,200.9,75.9,457.9,2.4,4.3,1.7,220.3,2.1,85.8,7.6,175.9,249.6,1.1,306.3,177.1,4.3,426.5,36.1,113.4,3735.8,2020,5,25,0,2,7475.500000000001,1.7130183955589515,7094.914285714285,6401.906666666667,418134,9.259404888618539,1265865.3733967487,8362.68,83626.8,334507.2,375.9269436941114,0.2642515885009282
Kargil,2020-05-26,6.5328,5.44,42.99,1.59,332.7624370853408,3403.815119968726,0.257447463283904,4.12586275347288,2323,2020-05-26,193.5,1.3,15.7,108.9,5.4,87.1,4.7,106.9,9.3,56.7,17.5,10.9,323.1,167.8,25.4,44.4,27.9,187.3,77.4,462.7,1.8,3.7,1.3,218.0,1.6,86.7,7.6,184.3,253.8,1.2,318.9,176.3,4.3,425.3,36.3,120.2,3771.6,2020,5,26,1,2,7546.800000000001,0.9537823556952764,7200.442857142857,6470.550000000001,302974,8.547869022743377,1038209.5506814476,6059.4800000000005,60594.8,242379.2,425.8410254186199,0.23345861765795983
Kargil,2020-05-27,7.0313,6.54,39.9,1.15,285.4326782238401,2916.9235397521443,0.2201191109291045,3.1892448036591685,2324,2020-05-27,194.8,1.4,17.8,79.3,5.5,86.7,4.8,110.4,9.2,53.8,17.3,10.8,321.1,168.2,25.6,41.3,24.4,187.0,77.7,460.7,1.8,4.2,1.6,218.3,1.8,88.2,8.2,182.7,260.7,1.2,324.6,176.9,1.9,395.3,35.5,104.6,3705.2999999999993,2020,5,27,2,2,7410.5999999999985,-1.804738432183206,7295.228571428571,6534.8966666666665,349646,6.1151281443328624,637091.9524304024,6992.92,69929.2,279716.8,225.26320636815606,0.43905178817773366
Kargil,2020-05-28,5.4814,3.67,68.73,1.38,370.26235136925806,3788.58341870952,0.2892487116306813,4.893855943973852,2325,2020-05-28,195.4,1.6,23.4,79.0,5.0,90.0,4.6,105.6,9.4,51.7,16.8,10.7,321.5,139.3,24.2,43.3,22.2,192.1,74.3,457.3,2.2,4.8,1.3,210.9,2.1,79.3,7.8,150.3,249.4,1.3,307.0,180.5,3.2,350.0,34.1,89.8,3541.4000000000005,2020,5,28,3,2,7082.800000000001,-4.42339351739397,7329.457142857143,6582.003333333333,602400,5.441763231554051,735431.218144141,12048.0,120480.0,481920.0,150.10441943562023,0.6552881259623387
Kargil,2020-05-29,4.8962,2.89,75.09,1.39,478.5977366602617,4896.060546520335,0.3660857445467344,5.9730673078322445,2326,2020-05-29,193.3,1.9,24.0,95.5,4.3,82.5,4.8,88.4,8.9,53.7,17.4,10.9,323.9,109.0,24.7,44.1,23.4,192.8,69.8,462.6,2.5,5.2,1.4,203.7,2.1,73.6,7.8,134.0,250.1,1.2,298.8,182.4,3.2,337.1,33.8,113.9,3483.6000000000004,2020,5,29,4,2,6970.300000000001,-1.5883548878974365,7306.014285714286,6623.58,350168,5.82354319931491,1017304.127005412,7003.360000000001,70033.6,280134.4,360.6485911781673,0.2753691027043352
Kargil,2020-05-30,5.5699,3.09,72.28,1.47,301.15681564388825,3078.7466348776184,0.2278651475883544,3.790631005788724,2327,2020-05-30,186.4,1.9,25.6,91.0,3.4,74.6,4.8,73.3,9.3,53.2,17.6,10.6,326.5,96.1,19.6,41.8,24.9,183.5,70.5,461.2,2.5,5.4,1.7,206.0,2.0,75.1,8.0,127.5,186.9,1.2,306.6,164.0,3.6,282.0,28.2,129.5,3306.0,2020,5,30,5,2,6612.0,-5.140381332223876,7206.800000000001,6646.9766666666665,792016,6.591501100672692,724552.5508539969,15840.32,158403.2,633612.8,111.85257476711278,0.8744871918068592
Kargil,2020-05-31,5.177,2.39,77.36,1.43,249.73370133051708,2553.9185660072176,0.1841215946829328,2.860683421839729,2328,2020-05-31,184.1,2.0,25.1,78.0,3.4,74.0,4.4,73.3,9.1,48.3,16.0,9.1,319.2,96.1,19.6,41.8,21.2,168.5,63.5,443.5,2.2,5.5,1.7,204.8,2.2,84.9,7.2,127.5,186.9,0.9,288.5,145.9,4.1,282.0,28.2,120.4,3193.1000000000004,2020,5,31,6,2,6386.200000000001,-3.415003024803376,7069.171428571429,6664.65,735534,7.391721513278446,673776.1200411345,14710.68,147106.80000000002,588427.2,112.00458443136799,0.8733261823495522
Kargil,2020-06-01,6.0427,2.45,76.21,1.35,241.33120264978788,2466.919523359967,0.1838462953921675,2.8114872508835966,2329,2020-06-01,178.2,1.6,24.2,94.1,3.9,72.7,4.5,74.6,9.2,54.9,15.9,9.1,325.4,109.4,22.7,41.3,20.3,164.5,68.3,388.3,2.5,5.2,1.5,200.7,2.2,80.3,7.7,134.9,197.4,1.2,303.3,138.5,4.4,331.0,29.4,123.1,3246.4,2020,6,1,0,2,6492.8,1.669224264821012,6928.785714285716,6681.33,638774,7.66636667857691,675298.7240307573,12775.48,127754.8,511019.2,129.64742695201224,0.7567294666578673
Kargil,2020-06-02,5.4876,3.43,74.22,1.57,310.66454541812976,3176.1546364767623,0.2262529446429115,4.039883290228578,2330,2020-06-02,172.0,2.0,24.8,99.6,4.0,73.7,4.6,81.1,9.2,57.9,17.8,8.2,314.4,119.1,24.3,42.7,23.6,155.9,65.6,374.1,2.4,5.0,1.6,184.4,2.2,75.6,7.7,141.5,201.2,1.3,305.1,140.2,4.4,348.7,33.2,130.9,3255.8,2020,6,2,1,2,6515.799999999999,0.3542385411532622,6781.5,6701.130000000001,711937,7.424252380123025,841854.9766202414,14238.74,142387.4,569549.6,145.31065189410043,0.6765404247488309
Kargil,2020-06-03,5.3114,2.78,71.76,1.54,313.6845465959038,3207.1259654874643,0.2308179878029488,4.137346270936916,2331,2020-06-03,175.3,2.0,23.2,106.7,4.1,76.8,2.8,85.7,7.1,59.6,17.4,7.7,301.9,127.1,24.6,43.3,26.6,144.6,65.6,288.2,2.6,5.2,1.4,182.9,2.3,77.0,7.7,140.0,203.8,1.3,311.9,139.7,4.4,365.4,35.3,138.6,3205.5,2020,6,3,2,2,6415.300000000001,-1.542404616470705,6639.314285714287,6714.986666666667,611597,6.673387325380859,764068.5442586453,12231.94,122319.40000000001,489277.6,153.66258423820042,0.640357417301238
Kargil,2020-06-04,5.3369,3.18,73.88,1.31,348.81831807760136,3567.7541219780264,0.2645036245518558,4.582115335423527,2332,2020-06-04,174.3,2.0,23.9,100.7,4.1,76.4,4.1,85.1,8.9,59.5,17.7,8.4,298.3,126.0,24.9,44.4,25.0,166.4,66.3,283.6,2.4,5.1,1.7,143.2,2.3,79.6,7.7,146.5,201.2,1.4,319.5,142.8,4.4,342.0,35.1,148.8,3179.4,2020,6,4,3,2,6363.1,-0.8136797967359444,6536.5,6723.79,292263,8.568069727261888,1090875.380073813,5845.26,58452.600000000006,233810.4,464.06409641051596,0.21433262674931092
Kargil,2020-06-05,5.1204,5.37,68.84,1.33,324.3144980561957,3316.573958372721,0.2453064743159736,4.187136047529455,2333,2020-06-05,181.6,1.9,26.0,74.0,3.9,74.9,4.9,81.0,10.0,61.1,17.4,8.8,288.9,121.4,25.3,42.8,24.7,177.3,66.4,335.2,2.5,5.3,1.7,149.8,2.2,84.5,7.6,151.0,198.0,1.4,321.4,149.2,3.2,284.9,32.9,141.3,3164.4,2020,6,5,4,2,6328.799999999999,-0.5390454338294437,6444.857142857143,6731.493333333333,735590,10.777002757630278,1275725.4575602517,14711.800000000001,147118.0,588472.0,214.28609306139487,0.4612838406796207
Kargil,2020-06-06,6.4181,5.07,68.69,1.32,273.06653265259115,2792.8550195045905,0.2092881796340456,3.4253800892322954,2334,2020-06-06,186.6,1.7,24.2,85.3,3.9,76.5,5.1,80.2,10.0,62.3,12.4,8.4,279.5,129.4,24.7,35.0,26.5,175.2,64.2,357.0,2.4,4.5,1.7,162.3,2.1,93.9,7.6,143.4,206.1,1.4,299.3,153.9,4.3,324.9,34.2,157.4,3247.5000000000005,2020,6,6,5,2,6495.000000000001,2.626090254076629,6428.142857142857,6743.356666666668,765445,6.957924769300354,693491.3827918061,15308.9,153089.0,612356.0,110.74970814229077,0.8830032098331437
Kavaratti,2020-05-15,4.5319,30.54,77.27,5.52,281.8991603902216,2879.8562655433675,0.2143210750888085,2.9989196322598706,2312,2020-05-15,181.9,2.0,22.2,100.6,3.4,79.4,4.2,72.0,7.5,49.7,13.9,10.0,306.3,120.4,21.9,43.2,23.2,209.5,71.9,405.5,2.3,5.1,1.6,202.9,2.1,81.2,8.5,121.2,219.7,1.2,303.5,156.8,3.9,339.7,30.1,145.2,3368.9,2020,5,15,4,2,6742.599999999999,1.589549652709743,6476.0,6003.933333333334,779205,11.596709133715631,1193222.4373506783,15584.1,155841.0,623364.0,188.9166421786754,0.5224201775520426
Kavaratti,2020-05-16,2.4912,30.16,79.06,5.84,293.8778807796024,3002.1393577453105,0.2121702088962662,3.175236474799966,2313,2020-05-16,185.5,1.9,22.1,101.9,3.5,76.5,4.3,73.3,7.6,53.0,16.2,8.9,306.5,128.5,22.4,43.8,25.9,204.1,71.2,405.1,2.2,5.1,1.5,205.5,2.4,81.3,8.5,129.8,225.2,0.9,296.5,152.8,3.9,350.6,30.5,151.7,3405.6,2020,5,16,5,2,6816.200000000001,1.09156705128588,6511.099999999999,6033.223333333333,423810,11.113356632066935,1192078.9388136163,8476.2,84762.0,339048.0,349.0959211715204,0.2844171678095916
Kavaratti,2020-05-17,5.2327,30.32,81.3,5.78,312.96183204783614,3200.565600194744,0.238868522489879,3.766244306500447,2314,2020-05-17,177.6,1.9,21.5,101.6,3.4,75.7,3.8,75.7,7.3,51.4,16.3,9.1,299.7,128.2,20.6,43.0,26.3,192.5,63.7,404.9,2.4,4.8,1.5,204.5,2.2,81.3,8.5,135.7,220.8,0.9,277.3,144.2,3.9,361.1,28.0,149.0,3344.7,2020,5,17,6,2,6695.0,-1.77811683929463,6590.5142857142855,6057.35,296646,6.132349479464767,700504.834665574,5932.92,59329.200000000004,237316.8,292.6770943589219,0.338779191058839
Kavaratti,2020-05-18,4.0289,30.33,79.23,6.98,222.99702127311505,2278.668814254924,0.1590258863064431,2.463815608425709,2315,2020-05-18,174.1,1.9,27.6,105.9,3.8,76.3,4.2,78.7,7.4,52.9,14.9,10.3,303.5,135.5,22.4,43.3,26.9,169.2,63.3,418.3,2.6,5.0,1.5,205.3,2.1,83.4,8.5,142.3,225.6,1.3,270.5,149.5,3.9,367.1,30.6,157.7,3391.9,2020,5,18,0,2,6789.2,1.40702016430172,6685.128571428571,6089.726666666667,545266,10.503931697299661,854956.1002562392,10905.32,109053.20000000001,436212.8,193.49518864559664,0.5102160095158724
Kavaratti,2020-05-19,6.1332,30.21,76.57,6.18,267.4625583268417,2732.640628746392,0.1974073712280035,3.1133584237305145,2316,2020-05-19,164.7,1.9,30.9,102.2,3.9,76.2,4.4,81.3,7.9,52.7,14.8,10.5,307.0,134.0,23.6,44.2,26.5,174.0,65.6,420.9,2.6,5.2,1.7,208.3,2.1,74.2,8.5,143.6,231.8,1.2,274.7,151.3,3.9,370.6,31.7,148.2,3401.3,2020,5,19,1,2,6808.099999999999,0.2783833146762227,6730.228571428571,6125.856666666668,690025,9.022111676224366,880773.1307082053,13800.5,138005.0,552020.0,157.0545688033414,0.6267441115194159
Kavaratti,2020-05-20,3.5585,30.02,82.2,5.34,314.0457938884043,3215.0632596869136,0.2400729240189435,4.604665450162271,2317,2020-05-20,175.5,2.0,28.4,93.3,4.0,74.8,4.4,82.3,8.1,47.3,15.0,10.6,308.6,139.8,23.8,45.3,19.3,188.0,70.1,426.2,2.4,5.0,1.6,203.8,2.2,57.4,8.5,145.4,230.0,1.2,296.7,159.8,3.9,383.2,32.9,75.1,3371.2000000000003,2020,5,20,2,2,6747.1,-0.8959915394897044,6747.9,6159.816666666667,680703,8.966027535199931,1027746.2808907618,13614.06,136140.6,544562.4,186.22883638142508,0.5298602196524624
Kavaratti,2020-05-21,4.4875,29.37,79.57,2.97,484.4608548279167,4956.921158773319,0.3787740493182112,6.39677026960725,2318,2020-05-21,186.9,2.1,20.2,81.6,4.2,78.0,4.5,84.8,8.2,47.3,16.6,10.6,316.6,142.4,24.3,43.4,17.4,196.5,71.2,434.5,2.8,4.4,1.5,207.2,2.3,70.0,8.5,160.4,233.5,1.1,302.2,166.9,3.9,382.7,33.7,51.5,3419.3,2020,5,21,3,2,6843.2,1.4243156319011074,6777.342857142857,6201.990000000001,543054,7.737299341407221,1368172.8083441309,10861.08,108610.8,434443.2,312.4255894312837,0.31753509484719383
Kavaratti,2020-05-22,5.251,29.66,72.68,3.48,309.5809210920232,3166.017998627707,0.2399508697316888,3.8626216955439454,2319,2020-05-22,192.3,2.0,21.7,92.5,4.5,79.2,4.5,91.7,8.6,52.5,16.3,10.3,317.1,154.5,24.8,44.9,23.5,201.3,72.4,442.1,2.4,4.7,1.7,209.3,2.3,77.2,8.5,168.2,237.2,1.3,306.5,173.3,3.9,402.6,35.2,78.3,3565.1,2020,5,22,4,2,7134.4,4.255319148936176,6833.314285714286,6246.483333333334,467552,8.508070994274068,961386.8061201472,9351.04,93510.40000000001,374041.6,254.52670668720998,0.3890642232186321
Kavaratti,2020-05-23,6.1982,29.56,78.63,3.91,380.9419243993407,3896.9444239727577,0.2933331639016568,4.962811838029397,2320,2020-05-23,195.9,1.5,23.6,98.6,4.6,79.4,4.6,95.2,8.1,54.7,16.5,10.7,315.2,158.0,24.1,41.2,27.3,201.2,74.0,443.5,2.5,5.1,1.4,216.6,2.1,84.5,8.5,171.0,244.1,1.3,311.9,168.1,3.9,417.5,36.1,102.9,3651.1,2020,5,23,5,2,7306.5,2.4122561112357,6903.357142857143,6295.37,259379,7.780251442004477,1081795.7441691947,5187.58,51875.8,207503.2,518.8393066560875,0.19181348170848828
Kavaratti,2020-05-24,5.1768,29.83,77.24,3.93,331.3531300728466,3390.319078053461,0.2597622941068829,4.231194467057071,2321,2020-05-24,194.0,1.6,22.9,109.2,4.5,83.8,4.1,98.0,8.7,55.0,17.3,10.0,312.2,154.3,22.4,46.2,27.7,192.6,69.7,447.4,2.4,4.6,1.6,216.2,2.1,85.0,7.6,168.3,245.8,0.9,302.2,172.3,4.3,426.9,34.6,118.4,3674.8,2020,5,24,6,2,7349.6,0.589885718196137,6996.871428571429,6345.823333333334,225053,8.7781283313196,1061661.0090488174,4501.06,45010.600000000006,180042.4,587.1727709966193,0.1695854221639773
Kavaratti,2020-05-25,6.042,29.89,76.11,3.21,374.5515346174102,3834.449084009233,0.29073825950854,5.110555584043095,2322,2020-05-25,191.6,1.5,20.0,105.8,5.0,85.8,4.4,101.5,9.0,55.3,17.3,10.6,319.8,162.7,24.5,47.4,28.3,200.9,75.9,457.9,2.4,4.3,1.7,220.3,2.1,85.8,7.6,175.9,249.6,1.1,306.3,177.1,4.3,426.5,36.1,113.4,3735.8,2020,5,25,0,2,7475.500000000001,1.7130183955589515,7094.914285714285,6401.906666666667,602662,9.39565036940845,1284491.6715755588,12053.24,120532.40000000001,482129.6,263.9204130125093,0.3753463220686341
Kavaratti,2020-05-26,5.6736,29.91,77.93,3.2,332.7624370853408,3403.815119968726,0.257447463283904,4.12586275347288,2323,2020-05-26,193.5,1.3,15.7,108.9,5.4,87.1,4.7,106.9,9.3,56.7,17.5,10.9,323.1,167.8,25.4,44.4,27.9,187.3,77.4,462.7,1.8,3.7,1.3,218.0,1.6,86.7,7.6,184.3,253.8,1.2,318.9,176.3,4.3,425.3,36.3,120.2,3771.6,2020,5,26,1,2,7546.800000000001,0.9537823556952764,7200.442857142857,6470.550000000001,298723,9.720126644863338,1180589.9563598519,5974.46,59744.600000000006,238978.4,491.5153404491167,0.20242269239199373
Kavaratti,2020-05-27,5.7473,29.98,79.67,4.52,285.4326782238401,2916.9235397521443,0.2201191109291045,3.1892448036591685,2324,2020-05-27,194.8,1.4,17.8,79.3,5.5,86.7,4.8,110.4,9.2,53.8,17.3,10.8,321.1,168.2,25.6,41.3,24.4,187.0,77.7,460.7,1.8,4.2,1.6,218.3,1.8,88.2,8.2,182.7,260.7,1.2,324.6,176.9,1.9,395.3,35.5,104.6,3705.2999999999993,2020,5,27,2,2,7410.5999999999985,-1.804738432183206,7295.228571428571,6534.8966666666665,775644,8.727368347915984,909242.784307945,15512.880000000001,155128.80000000002,620515.2,144.0303000326092,0.682451957009851
Kavaratti,2020-05-28,5.5296,30.21,81.73,4.59,370.26235136925806,3788.58341870952,0.2892487116306813,4.893855943973852,2325,2020-05-28,195.4,1.6,23.4,79.0,5.0,90.0,4.6,105.6,9.4,51.7,16.8,10.7,321.5,139.3,24.2,43.3,22.2,192.1,74.3,457.3,2.2,4.8,1.3,210.9,2.1,79.3,7.8,150.3,249.4,1.3,307.0,180.5,3.2,350.0,34.1,89.8,3541.4000000000005,2020,5,28,3,2,7082.800000000001,-4.42339351739397,7329.457142857143,6582.003333333333,472933,10.049954471301122,1358208.717399749,9458.66,94586.6,378346.4,356.48550043022715,0.27856257774707477
Kavaratti,2020-05-29,4.6867,29.98,79.42,4.68,478.5977366602617,4896.060546520335,0.3660857445467344,5.9730673078322445,2326,2020-05-29,193.3,1.9,24.0,95.5,4.3,82.5,4.8,88.4,8.9,53.7,17.4,10.9,323.9,109.0,24.7,44.1,23.4,192.8,69.8,462.6,2.5,5.2,1.4,203.7,2.1,73.6,7.8,134.0,250.1,1.2,298.8,182.4,3.2,337.1,33.8,113.9,3483.6000000000004,2020,5,29,4,2,6970.300000000001,-1.5883548878974365,7306.014285714286,6623.58,232154,5.98894634492854,1046198.1004668294,4643.08,46430.8,185723.2,560.8103998137171,0.17752185020721925
Kavaratti,2020-05-30,1.9075,28.82,81.6,5.55,301.15681564388825,3078.7466348776184,0.2278651475883544,3.790631005788724,2327,2020-05-30,186.4,1.9,25.6,91.0,3.4,74.6,4.8,73.3,9.3,53.2,17.6,10.6,326.5,96.1,19.6,41.8,24.9,183.5,70.5,461.2,2.5,5.4,1.7,206.0,2.0,75.1,8.0,127.5,186.9,1.2,306.6,164.0,3.6,282.0,28.2,129.5,3306.0,2020,5,30,5,2,6612.0,-5.140381332223876,7206.800000000001,6646.9766666666665,413942,6.4838774363156695,712722.3168373209,8278.84,82788.40000000001,331153.6,212.7240884101278,0.46463135437953657
Kavaratti,2020-05-31,3.3218,28.25,83.8,5.79,249.73370133051708,2553.9185660072176,0.1841215946829328,2.860683421839729,2328,2020-05-31,184.1,2.0,25.1,78.0,3.4,74.0,4.4,73.3,9.1,48.3,16.0,9.1,319.2,96.1,19.6,41.8,21.2,168.5,63.5,443.5,2.2,5.5,1.7,204.8,2.2,84.9,7.2,127.5,186.9,0.9,288.5,145.9,4.1,282.0,28.2,120.4,3193.1000000000004,2020,5,31,6,2,6386.200000000001,-3.415003024803376,7069.171428571429,6664.65,464480,10.73114502851989,978173.9271327001,9289.6,92896.0,371584.0,260.7443612030389,0.37987479508314015
Kavaratti,2020-06-01,4.6505,28.72,81.58,5.9,241.33120264978788,2466.919523359967,0.1838462953921675,2.8114872508835966,2329,2020-06-01,178.2,1.6,24.2,94.1,3.9,72.7,4.5,74.6,9.2,54.9,15.9,9.1,325.4,109.4,22.7,41.3,20.3,164.5,68.3,388.3,2.5,5.2,1.5,200.7,2.2,80.3,7.7,134.9,197.4,1.2,303.3,138.5,4.4,331.0,29.4,123.1,3246.4,2020,6,1,0,2,6492.8,1.669224264821012,6928.785714285716,6681.33,565821,7.257695844924906,639300.590353565,11316.42,113164.20000000001,452656.8,138.7329584695436,0.7080489190550248
Kavaratti,2020-06-02,1.471,29.2,81.31,8.17,310.66454541812976,3176.1546364767623,0.2262529446429115,4.039883290228578,2330,2020-06-02,172.0,2.0,24.8,99.6,4.0,73.7,4.6,81.1,9.2,57.9,17.8,8.2,314.4,119.1,24.3,42.7,23.6,155.9,65.6,374.1,2.4,5.0,1.6,184.4,2.2,75.6,7.7,141.5,201.2,1.3,305.1,140.2,4.4,348.7,33.2,130.9,3255.8,2020,6,2,1,2,6515.799999999999,0.3542385411532622,6781.5,6701.130000000001,481173,5.160256774832842,585134.7211959083,9623.460000000001,96234.6,384938.4,149.50736564497288,0.6578617337072803
Kavaratti,2020-06-03,3.935,29.09,79.15,7.27,313.6845465959038,3207.1259654874643,0.2308179878029488,4.137346270936916,2331,2020-06-03,175.3,2.0,23.2,106.7,4.1,76.8,2.8,85.7,7.1,59.6,17.4,7.7,301.9,127.1,24.6,43.3,26.6,144.6,65.6,288.2,2.6,5.2,1.4,182.9,2.3,77.0,7.7,140.0,203.8,1.3,311.9,139.7,4.4,365.4,35.3,138.6,3205.5,2020,6,3,2,2,6415.300000000001,-1.542404616470705,6639.314285714287,6714.986666666667,232265,6.076538047676218,695732.3700606965,4645.3,46453.0,185812.0,371.9281155472717,0.2670735773156742
Kavaratti,2020-06-04,4.3296,29.5,73.89,5.47,348.81831807760136,3567.7541219780264,0.2645036245518558,4.582115335423527,2332,2020-06-04,174.3,2.0,23.9,100.7,4.1,76.4,4.1,85.1,8.9,59.5,17.7,8.4,298.3,126.0,24.9,44.4,25.0,166.4,66.3,283.6,2.4,5.1,1.7,143.2,2.3,79.6,7.7,146.5,201.2,1.4,319.5,142.8,4.4,342.0,35.1,148.8,3179.4,2020,6,4,3,2,6363.1,-0.8136797967359444,6536.5,6723.79,565060,6.565301041474179,835885.5024404539,11301.2,113012.0,452048.0,182.4107843504349,0.5408006932522548
Kavaratti,2020-06-05,6.4075,29.59,76.45,6.42,324.3144980561957,3316.573958372721,0.2453064743159736,4.187136047529455,2333,2020-06-05,181.6,1.9,26.0,74.0,3.9,74.9,4.9,81.0,10.0,61.1,17.4,8.8,288.9,121.4,25.3,42.8,24.7,177.3,66.4,335.2,2.5,5.3,1.7,149.8,2.2,84.5,7.6,151.0,198.0,1.4,321.4,149.2,3.2,284.9,32.9,141.3,3164.4,2020,6,5,4,2,6328.799999999999,-0.5390454338294437,6444.857142857143,6731.493333333333,443322,11.70126021526211,1385134.2416682472,8866.44,88664.40000000001,354657.6,388.0553530132294,0.25604546713637355
Kavaratti,2020-06-06,2.3093,29.38,79.59,5.66,273.06653265259115,2792.8550195045905,0.2092881796340456,3.4253800892322954,2334,2020-06-06,186.6,1.7,24.2,85.3,3.9,76.5,5.1,80.2,10.0,62.3,12.4,8.4,279.5,129.4,24.7,35.0,26.5,175.2,64.2,357.0,2.4,4.5,1.7,162.3,2.1,93.9,7.6,143.4,206.1,1.4,299.3,153.9,4.3,324.9,34.2,157.4,3247.5000000000005,2020,6,6,5,2,6495.000000000001,2.626090254076629,6428.142857142857,6743.356666666668,374944,9.011290002515945,898148.8262356058,7498.88,74988.8,299955.2,296.9276566085888,0.3339701141592324
Puducherry,2020-05-15,6.5498,30.81,74.07,3.51,281.8991603902216,2879.8562655433675,0.2143210750888085,2.9989196322598706,2312,2020-05-15,181.9,2.0,22.2,100.6,3.4,79.4,4.2,72.0,7.5,49.7,13.9,10.0,306.3,120.4,21.9,43.2,23.2,209.5,71.9,405.5,2.3,5.1,1.6,202.9,2.1,81.2,8.5,121.2,219.7,1.2,303.5,156.8,3.9,339.7,30.1,145.2,3368.9,2020,5,15,4,2,6742.599999999999,1.589549652709743,6476.0,6003.933333333334,770485,11.529115183333783,1186267.4799317413,15409.7,154097.0,616388.0,189.95466815248534,0.5196024428091248
Puducherry,2020-05-16,5.9033,30.25,76.28,3.69,293.8778807796024,3002.1393577453105,0.2121702088962662,3.175236474799966,2313,2020-05-16,185.5,1.9,22.1,101.9,3.5,76.5,4.3,73.3,7.6,53.0,16.2,8.9,306.5,128.5,22.4,43.8,25.9,204.1,71.2,405.1,2.2,5.1,1.5,205.5,2.4,81.3,8.5,129.8,225.2,0.9,296.5,152.8,3.9,350.6,30.5,151.7,3405.6,2020,5,16,5,2,6816.200000000001,1.09156705128588,6511.099999999999,6033.223333333333,648396,9.026143453476374,968193.1270479163,12967.92,129679.20000000001,518716.8,184.15158465041353,0.5357570197018232
Puducherry,2020-05-17,4.2545,30.42,71.02,3.07,312.96183204783614,3200.565600194744,0.238868522489879,3.766244306500447,2314,2020-05-17,177.6,1.9,21.5,101.6,3.4,75.7,3.8,75.7,7.3,51.4,16.3,9.1,299.7,128.2,20.6,43.0,26.3,192.5,63.7,404.9,2.4,4.8,1.5,204.5,2.2,81.3,8.5,135.7,220.8,0.9,277.3,144.2,3.9,361.1,28.0,149.0,3344.7,2020,5,17,6,2,6695.0,-1.77811683929463,6590.5142857142855,6057.35,354782,8.355481080964962,954455.5333600375,7095.64,70956.40000000001,283825.6,333.782397838686,0.29736880630994234
Puducherry,2020-05-18,4.7081,31.25,71.49,2.54,222.99702127311505,2278.668814254924,0.1590258863064431,2.463815608425709,2315,2020-05-18,174.1,1.9,27.6,105.9,3.8,76.3,4.2,78.7,7.4,52.9,14.9,10.3,303.5,135.5,22.4,43.3,26.9,169.2,63.3,418.3,2.6,5.0,1.5,205.3,2.1,83.4,8.5,142.3,225.6,1.3,270.5,149.5,3.9,367.1,30.6,157.7,3391.9,2020,5,18,0,2,6789.2,1.40702016430172,6685.128571428571,6089.726666666667,271907,7.196093838358673,585718.2341258674,5438.14,54381.4,217525.6,266.7640471401377,0.3713820331077861
Puducherry,2020-05-19,5.2488,32.49,63.48,2.8,267.4625583268417,2732.640628746392,0.1974073712280035,3.1133584237305145,2316,2020-05-19,164.7,1.9,30.9,102.2,3.9,76.2,4.4,81.3,7.9,52.7,14.8,10.5,307.0,134.0,23.6,44.2,26.5,174.0,65.6,420.9,2.6,5.2,1.7,208.3,2.1,74.2,8.5,143.6,231.8,1.2,274.7,151.3,3.9,370.6,31.7,148.2,3401.3,2020,5,19,1,2,6808.099999999999,0.2783833146762227,6730.228571428571,6125.856666666668,402967,9.244596611033629,902492.9630046473,8059.34,80593.40000000001,322373.6,277.4525032461242,0.3572030542195881
Puducherry,2020-05-20,5.8183,32.76,61.64,3.78,314.0457938884043,3215.0632596869136,0.2400729240189435,4.604665450162271,2317,2020-05-20,175.5,2.0,28.4,93.3,4.0,74.8,4.4,82.3,8.1,47.3,15.0,10.6,308.6,139.8,23.8,45.3,19.3,188.0,70.1,426.2,2.4,5.0,1.6,203.8,2.2,57.4,8.5,145.4,230.0,1.2,296.7,159.8,3.9,383.2,32.9,75.1,3371.2000000000003,2020,5,20,2,2,6747.1,-0.8959915394897044,6747.9,6159.816666666667,502775,5.974386172322709,684824.2596962914,10055.5,100555.0,402220.0,167.76111573176158,0.5873323074829013
Puducherry,2020-05-21,6.5678,32.62,60.03,5.84,484.4608548279167,4956.921158773319,0.3787740493182112,6.39677026960725,2318,2020-05-21,186.9,2.1,20.2,81.6,4.2,78.0,4.5,84.8,8.2,47.3,16.6,10.6,316.6,142.4,24.3,43.4,17.4,196.5,71.2,434.5,2.8,4.4,1.5,207.2,2.3,70.0,8.5,160.4,233.5,1.1,302.2,166.9,3.9,382.7,33.7,51.5,3419.3,2020,5,21,3,2,6843.2,1.4243156319011074,6777.342857142857,6201.990000000001,591182,11.287831391048941,1996007.0423742512,11823.64,118236.40000000001,472945.6,419.53734264030606,0.23694573867419455
Puducherry,2020-05-22,6.3511,32.05,64.21,4.23,309.5809210920232,3166.017998627707,0.2399508697316888,3.8626216955439454,2319,2020-05-22,192.3,2.0,21.7,92.5,4.5,79.2,4.5,91.7,8.6,52.5,16.3,10.3,317.1,154.5,24.8,44.9,23.5,201.3,72.4,442.1,2.4,4.7,1.7,209.3,2.3,77.2,8.5,168.2,237.2,1.3,306.5,173.3,3.9,402.6,35.2,78.3,3565.1,2020,5,22,4,2,7134.4,4.255319148936176,6833.314285714286,6246.483333333334,482247,10.805326835988986,1220969.9076238265,9644.94,96449.40000000001,385797.6,313.9793942792352,0.31597607902944547
Puducherry,2020-05-23,6.8314,31.52,71.9,4.21,380.9419243993407,3896.9444239727577,0.2933331639016568,4.962811838029397,2320,2020-05-23,195.9,1.5,23.6,98.6,4.6,79.4,4.6,95.2,8.1,54.7,16.5,10.7,315.2,158.0,24.1,41.2,27.3,201.2,74.0,443.5,2.5,5.1,1.4,216.6,2.1,84.5,8.5,171.0,244.1,1.3,311.9,168.1,3.9,417.5,36.1,102.9,3651.1,2020,5,23,5,2,7306.5,2.4122561112357,6903.357142857143,6295.37,264772,7.222720135137159,1004274.4713021106,5295.4400000000005,52954.4,211817.6,471.62229734550414,0.21091583539859265
Puducherry,2020-05-24,6.833,31.11,77.93,3.44,331.3531300728466,3390.319078053461,0.2597622941068829,4.231194467057071,2321,2020-05-24,194.0,1.6,22.9,109.2,4.5,83.8,4.1,98.0,8.7,55.0,17.3,10.0,312.2,154.3,22.4,46.2,27.7,192.6,69.7,447.4,2.4,4.6,1.6,216.2,2.1,85.0,7.6,168.3,245.8,0.9,302.2,172.3,4.3,426.9,34.6,118.4,3674.8,2020,5,24,6,2,7349.6,0.589885718196137,6996.871428571429,6345.823333333334,326108,11.66958269320906,1411364.7544941406,6522.16,65221.600000000006,260886.4,538.4882441147338,0.18484676928660954
Puducherry,2020-05-25,6.4913,31.05,78.38,3.69,374.5515346174102,3834.449084009233,0.29073825950854,5.110555584043095,2322,2020-05-25,191.6,1.5,20.0,105.8,5.0,85.8,4.4,101.5,9.0,55.3,17.3,10.6,319.8,162.7,24.5,47.4,28.3,200.9,75.9,457.9,2.4,4.3,1.7,220.3,2.1,85.8,7.6,175.9,249.6,1.1,306.3,177.1,4.3,426.5,36.1,113.4,3735.8,2020,5,25,0,2,7475.500000000001,1.7130183955589515,7094.914285714285,6401.906666666667,214382,10.776405371908977,1473256.4969433509,4287.64,42876.4,171505.6,856.5136397548249,0.11641250789887864
Puducherry,2020-05-26,6.1094,31.14,76.33,3.86,332.7624370853408,3403.815119968726,0.257447463283904,4.12586275347288,2323,2020-05-26,193.5,1.3,15.7,108.9,5.4,87.1,4.7,106.9,9.3,56.7,17.5,10.9,323.1,167.8,25.4,44.4,27.9,187.3,77.4,462.7,1.8,3.7,1.3,218.0,1.6,86.7,7.6,184.3,253.8,1.2,318.9,176.3,4.3,425.3,36.3,120.2,3771.6,2020,5,26,1,2,7546.800000000001,0.9537823556952764,7200.442857142857,6470.550000000001,284291,9.664148200845279,1173790.9102985233,5685.82,56858.200000000004,227432.8,513.6044978114517,0.19375904536789523
Puducherry,2020-05-27,5.5202,31.86,72.83,4.09,285.4326782238401,2916.9235397521443,0.2201191109291045,3.1892448036591685,2324,2020-05-27,194.8,1.4,17.8,79.3,5.5,86.7,4.8,110.4,9.2,53.8,17.3,10.8,321.1,168.2,25.6,41.3,24.4,187.0,77.7,460.7,1.8,4.2,1.6,218.3,1.8,88.2,8.2,182.7,260.7,1.2,324.6,176.9,1.9,395.3,35.5,104.6,3705.2999999999993,2020,5,27,2,2,7410.5999999999985,-1.804738432183206,7295.228571428571,6534.8966666666665,563339,5.852333377876923,609713.2243157569,11266.78,112667.8,450671.2,132.79003502237484,0.739151527103963
Puducherry,2020-05-28,6.325,32.13,70.61,4.89,370.26235136925806,3788.58341870952,0.2892487116306813,4.893855943973852,2325,2020-05-28,195.4,1.6,23.4,79.0,5.0,90.0,4.6,105.6,9.4,51.7,16.8,10.7,321.5,139.3,24.2,43.3,22.2,192.1,74.3,457.3,2.2,4.8,1.3,210.9,2.1,79.3,7.8,150.3,249.4,1.3,307.0,180.5,3.2,350.0,34.1,89.8,3541.4000000000005,2020,5,28,3,2,7082.800000000001,-4.42339351739397,7329.457142857143,6582.003333333333,482753,8.347638161336505,1128147.8889086146,9655.06,96550.6,386202.4,289.61312226661835,0.342332828403188
Puducherry,2020-05-29,5.9354,31.74,69.84,4.64,478.5977366602617,4896.060546520335,0.3660857445467344,5.9730673078322445,2326,2020-05-29,193.3,1.9,24.0,95.5,4.3,82.5,4.8,88.4,8.9,53.7,17.4,10.9,323.9,109.0,24.7,44.1,23.4,192.8,69.8,462.6,2.5,5.2,1.4,203.7,2.1,73.6,7.8,134.0,250.1,1.2,298.8,182.4,3.2,337.1,33.8,113.9,3483.6000000000004,2020,5,29,4,2,6970.300000000001,-1.5883548878974365,7306.014285714286,6623.58,347550,8.542752883927257,1492317.9012098606,6951.0,69510.0,278040.0,534.2277734174437,0.1863140644902279
Puducherry,2020-05-30,5.9208,31.33,70.66,4.71,301.15681564388825,3078.7466348776184,0.2278651475883544,3.790631005788724,2327,2020-05-30,186.4,1.9,25.6,91.0,3.4,74.6,4.8,73.3,9.3,53.2,17.6,10.6,326.5,96.1,19.6,41.8,24.9,183.5,70.5,461.2,2.5,5.4,1.7,206.0,2.0,75.1,8.0,127.5,186.9,1.2,306.6,164.0,3.6,282.0,28.2,129.5,3306.0,2020,5,30,5,2,6612.0,-5.140381332223876,7206.800000000001,6646.9766666666665,432050,6.627859508557661,728549.1484082863,8641.0,86410.0,345640.0,208.2826491170832,0.4744217000780846
Puducherry,2020-05-31,6.6818,30.71,73.56,5.07,249.73370133051708,2553.9185660072176,0.1841215946829328,2.860683421839729,2328,2020-05-31,184.1,2.0,25.1,78.0,3.4,74.0,4.4,73.3,9.1,48.3,16.0,9.1,319.2,96.1,19.6,41.8,21.2,168.5,63.5,443.5,2.2,5.5,1.7,204.8,2.2,84.9,7.2,127.5,186.9,0.9,288.5,145.9,4.1,282.0,28.2,120.4,3193.1000000000004,2020,5,31,6,2,6386.200000000001,-3.415003024803376,7069.171428571429,6664.65,632882,5.559757760515113,506787.4926725946,12657.64,126576.40000000001,506305.6,97.59517822291411,0.9990471514654011
Puducherry,2020-06-01,5.7948,30.85,72.29,4.82,241.33120264978788,2466.919523359967,0.1838462953921675,2.8114872508835966,2329,2020-06-01,178.2,1.6,24.2,94.1,3.9,72.7,4.5,74.6,9.2,54.9,15.9,9.1,325.4,109.4,22.7,41.3,20.3,164.5,68.3,388.3,2.5,5.2,1.5,200.7,2.2,80.3,7.7,134.9,197.4,1.2,303.3,138.5,4.4,331.0,29.4,123.1,3246.4,2020,6,1,0,2,6492.8,1.669224264821012,6928.785714285716,6681.33,537827,10.437065413301848,919358.1851392238,10756.54,107565.40000000001,430261.6,211.17423566017135,0.46800163304491593
Puducherry,2020-06-02,6.0624,30.45,71.42,4.21,310.66454541812976,3176.1546364767623,0.2262529446429115,4.039883290228578,2330,2020-06-02,172.0,2.0,24.8,99.6,4.0,73.7,4.6,81.1,9.2,57.9,17.8,8.2,314.4,119.1,24.3,42.7,23.6,155.9,65.6,374.1,2.4,5.0,1.6,184.4,2.2,75.6,7.7,141.5,201.2,1.3,305.1,140.2,4.4,348.7,33.2,130.9,3255.8,2020,6,2,1,2,6515.799999999999,0.3542385411532622,6781.5,6701.130000000001,692313,5.854245364870765,663827.8633909759,13846.26,138462.6,553850.4,117.35688976499354,0.8343270841988054
Puducherry,2020-06-03,6.3523,30.44,69.71,4.48,313.6845465959038,3207.1259654874643,0.2308179878029488,4.137346270936916,2331,2020-06-03,175.3,2.0,23.2,106.7,4.1,76.8,2.8,85.7,7.1,59.6,17.4,7.7,301.9,127.1,24.6,43.3,26.6,144.6,65.6,288.2,2.6,5.2,1.4,182.9,2.3,77.0,7.7,140.0,203.8,1.3,311.9,139.7,4.4,365.4,35.3,138.6,3205.5,2020,6,3,2,2,6415.300000000001,-1.542404616470705,6639.314285714287,6714.986666666667,586858,9.160035253932424,1048776.9494827846,11737.16,117371.6,469486.4,220.88814276255596,0.44765090668766633
Puducherry,2020-06-04,6.2395,31.07,66.3,4.39,348.81831807760136,3567.7541219780264,0.2645036245518558,4.582115335423527,2332,2020-06-04,174.3,2.0,23.9,100.7,4.1,76.4,4.1,85.1,8.9,59.5,17.7,8.4,298.3,126.0,24.9,44.4,25.0,166.4,66.3,283.6,2.4,5.1,1.7,143.2,2.3,79.6,7.7,146.5,201.2,1.4,319.5,142.8,4.4,342.0,35.1,148.8,3179.4,2020,6,4,3,2,6363.1,-0.8136797967359444,6536.5,6723.79,795603,11.555144217185624,1471185.7794087261,15912.06,159120.6,636482.4,228.64319883923358,0.4326319464723602
Puducherry,2020-06-05,6.1553,31.17,67.04,4.38,324.3144980561957,3316.573958372721,0.2453064743159736,4.187136047529455,2333,2020-06-05,181.6,1.9,26.0,74.0,3.9,74.9,4.9,81.0,10.0,61.1,17.4,8.8,288.9,121.4,25.3,42.8,24.7,177.3,66.4,335.2,2.5,5.3,1.7,149.8,2.2,84.5,7.6,151.0,198.0,1.4,321.4,149.2,3.2,284.9,32.9,141.3,3164.4,2020,6,5,4,2,6328.799999999999,-0.5390454338294437,6444.857142857143,6731.493333333333,588349,11.132736348186299,1317835.3472752117,11766.98,117669.8,470679.2,277.48589002344096,0.3571605844482792
Puducherry,2020-06-06,5.6234,29.57,74.18,4.28,273.06653265259115,2792.8550195045905,0.2092881796340456,3.4253800892322954,2334,2020-06-06,186.6,1.7,24.2,85.3,3.9,76.5,5.1,80.2,10.0,62.3,12.4,8.4,279.5,129.4,24.7,35.0,26.5,175.2,64.2,357.0,2.4,4.5,1.7,162.3,2.1,93.9,7.6,143.4,206.1,1.4,299.3,153.9,4.3,324.9,34.2,157.4,3247.5000000000005,2020,6,6,5,2,6495.000000000001,2.626090254076629,6428.142857142857,6743.356666666668,214153,6.9442683662448275,692130.2588715353,4283.06,42830.600000000006,171322.4,401.4928572513199,0.24752877117459984
